Delivery Person Age,Delivery Person Ratings,Order Type,Vehicle Type,Temperature,Humidity,Precipitation,Weather Description,Traffic Level,Distance,Delivery Time,City,traffic_score,dist_x_traffic,short_trip,weather_grp,city_grp,is_delayed
34.0,4.5,Snack,scooter,19.5,93.0,0.0,mist,Very High,37.17,85.26666667,BANG,5,185.85000000000002,0,mist,BANG,1
23.0,4.4,Drinks,motorcycle,20.45,91.0,0.0,mist,Low,3.34,28.58333333,BANG,2,6.68,0,mist,BANG,0
38.0,4.7,Buffet,motorcycle,23.86,78.0,0.0,mist,Moderate,10.05,35.18333333,COIMB,3,30.150000000000002,0,mist,COIMB,0
32.0,4.6,Snack,scooter,26.55,87.0,0.0,mist,High,9.89,43.45,CHEN,4,39.56,0,mist,CHEN,0
22.0,4.8,Buffet,motorcycle,21.43,65.0,0.0,broken clouds,Moderate,11.3,30.6,HYD,3,33.900000000000006,0,clouds,HYD,0
33.0,4.7,Meal,scooter,17.51,69.0,0.0,clear sky,High,19.11,38.16666667,RANCHI,4,76.44,0,clear sky,RANCHI,0
35.0,4.6,Meal,motorcycle,18.03,82.0,0.0,scattered clouds,Very High,28.41,50.0,MYS,5,142.05,0,clouds,MYS,1
22.0,4.8,Buffet,motorcycle,21.08,65.0,0.0,broken clouds,Very High,31.62,81.78333333,HYD,5,158.1,0,clouds,HYD,1
36.0,4.2,Snack,motorcycle,12.44,77.0,0.0,clear sky,High,11.59,36.36666667,DEH,4,46.36,0,clear sky,Other,0
21.0,4.7,Meal,motorcycle,23.95,88.0,0.0,mist,Moderate,7.57,25.1,KOC,3,22.71,0,mist,Other,0
23.0,4.7,Drinks,scooter,19.37,65.0,0.0,clear sky,High,21.93,49.45,PUNE,4,87.72,0,clear sky,PUNE,1
34.0,4.3,Buffet,motorcycle,19.14,55.0,0.0,clear sky,Low,3.98,17.5,LUDH,2,7.96,0,clear sky,Other,0
24.0,4.7,Snack,scooter,19.99,56.0,0.0,clear sky,Very High,24.5,56.16666667,KNP,5,122.5,0,clear sky,Other,1
29.0,4.5,Buffet,electric scooter,24.74,47.0,0.0,clear sky,Very High,22.0,54.31666667,MUM,5,110.0,0,clear sky,MUM,1
35.0,4.0,Meal,scooter,17.97,77.0,0.0,scattered clouds,Moderate,10.51,29.45,MYS,3,31.53,0,clouds,MYS,0
33.0,4.2,Snack,motorcycle,18.61,65.0,0.0,clear sky,Very High,23.61,55.85,PUNE,5,118.05,0,clear sky,PUNE,1
34.0,4.9,Snack,motorcycle,21.29,64.0,0.0,overcast clouds,High,18.26,52.48333333,HYD,4,73.04,0,clouds,HYD,1
21.0,4.7,Meal,motorcycle,22.99,83.0,0.0,haze,Moderate,8.07,31.73333333,KOL,3,24.21,0,haze,Other,0
25.0,4.1,Snack,motorcycle,19.17,65.0,0.0,clear sky,Very High,23.53,50.45,PUNE,5,117.65,0,clear sky,PUNE,1
31.0,4.7,Meal,electric scooter,17.85,67.0,0.0,clear sky,Very High,22.26,49.26666667,RANCHI,5,111.30000000000001,0,clear sky,RANCHI,1
37.0,5.0,Snack,motorcycle,23.93,78.0,0.0,mist,Very Low,2.07,13.26666667,COIMB,1,2.07,1,mist,COIMB,0
33.0,4.3,Meal,scooter,26.45,87.0,0.0,scattered clouds,Very High,27.52,101.0,CHEN,5,137.6,0,clouds,CHEN,1
25.0,4.0,Buffet,motorcycle,24.51,47.0,0.0,clear sky,High,8.97,34.61666667,MUM,4,35.88,0,clear sky,MUM,0
29.0,4.5,Meal,electric scooter,26.46,87.0,0.0,scattered clouds,Very High,24.31,79.66666667,CHEN,5,121.55,0,clouds,CHEN,1
27.0,5.0,Snack,motorcycle,19.44,64.0,0.0,haze,Low,6.05,19.65,JAP,2,12.1,0,haze,JAP,0
35.0,4.3,Drinks,scooter,22.92,43.0,0.0,clear sky,High,16.08,44.16666667,SUR,4,64.32,0,clear sky,SUR,0
32.0,4.0,Buffet,motorcycle,19.89,93.0,0.0,mist,Very High,17.37,57.93333333,BANG,5,86.85000000000001,0,mist,BANG,1
23.0,4.8,Buffet,electric scooter,19.21,65.0,0.0,clear sky,Very High,19.87,54.76666667,PUNE,5,99.35000000000001,0,clear sky,PUNE,1
31.0,4.8,Drinks,motorcycle,23.86,78.0,0.0,mist,Moderate,6.61,34.21666667,COIMB,3,19.830000000000002,0,mist,COIMB,0
36.0,4.1,Drinks,motorcycle,23.26,43.0,0.0,clear sky,Moderate,10.6,32.08333333,SUR,3,31.799999999999997,0,clear sky,SUR,0
26.0,4.3,Buffet,motorcycle,24.66,59.0,0.0,scattered clouds,Moderate,12.29,34.78333333,GOA,3,36.87,0,clouds,Other,0
38.0,4.9,Drinks,scooter,24.8,58.0,0.0,scattered clouds,Moderate,9.26,34.91666667,GOA,3,27.78,0,clouds,Other,0
32.0,4.6,Drinks,scooter,19.15,64.0,0.0,clear sky,High,26.35,54.38333333,PUNE,4,105.4,0,clear sky,PUNE,1
33.0,4.9,Snack,motorcycle,18.97,65.0,0.0,clear sky,High,17.24,47.46666667,PUNE,4,68.96,0,clear sky,PUNE,1
20.0,4.7,Snack,scooter,18.93,64.0,0.0,clear sky,Low,8.31,23.13333333,PUNE,2,16.62,0,clear sky,PUNE,0
20.0,4.8,Meal,scooter,23.6,44.0,0.0,clear sky,Very Low,2.23,7.516666667,SUR,1,2.23,1,clear sky,SUR,0
35.0,5.0,Snack,scooter,21.28,65.0,0.0,broken clouds,Low,5.75,22.03333333,HYD,2,11.5,0,clouds,HYD,0
26.0,4.9,Buffet,scooter,20.04,91.0,0.0,mist,Low,4.17,24.13333333,BANG,2,8.34,0,mist,BANG,0
22.0,4.8,Snack,motorcycle,19.7,93.0,0.0,mist,High,12.08,47.28333333,BANG,4,48.32,0,mist,BANG,1
35.0,4.3,Snack,motorcycle,26.4,88.0,0.0,scattered clouds,Very High,15.31,73.45,CHEN,5,76.55,0,clouds,CHEN,1
29.0,4.6,Drinks,scooter,24.42,49.0,0.0,clear sky,High,19.19,46.25,MUM,4,76.76,0,clear sky,MUM,1
37.0,4.7,Snack,motorcycle,22.97,43.0,0.0,clear sky,Very High,20.14,51.85,SUR,5,100.7,0,clear sky,SUR,1
28.0,4.6,Snack,scooter,23.99,49.0,0.0,clear sky,Very High,31.21,74.86666667,MUM,5,156.05,0,clear sky,MUM,1
37.0,4.9,Snack,scooter,22.99,83.0,0.0,haze,Low,5.32,24.86666667,KOL,2,10.64,0,haze,Other,0
23.0,4.9,Drinks,electric scooter,24.96,48.0,0.0,clear sky,High,13.2,40.61666667,MUM,4,52.8,0,clear sky,MUM,0
27.0,4.9,Drinks,scooter,19.84,93.0,0.0,mist,High,11.37,44.18333333,BANG,4,45.48,0,mist,BANG,0
37.0,4.8,Drinks,motorcycle,26.14,88.0,0.0,mist,High,8.68,46.45,CHEN,4,34.72,0,mist,CHEN,1
33.0,5.0,Snack,scooter,23.61,44.0,0.0,clear sky,Very Low,1.82,9.85,SUR,1,1.82,1,clear sky,SUR,0
31.0,4.9,Snack,motorcycle,17.72,68.0,0.0,clear sky,Moderate,8.81,32.61666667,RANCHI,3,26.43,0,clear sky,RANCHI,0
31.0,4.8,Drinks,scooter,19.91,93.0,0.0,mist,Very High,26.36,80.75,BANG,5,131.8,0,mist,BANG,1
28.0,4.8,Drinks,motorcycle,23.97,78.0,0.0,mist,High,15.83,50.35,COIMB,4,63.32,0,mist,COIMB,1
31.0,4.7,Snack,motorcycle,23.01,43.0,0.0,clear sky,Moderate,11.3,31.71666667,SUR,3,33.900000000000006,0,clear sky,SUR,0
24.0,4.7,Buffet,motorcycle,24.04,78.0,0.0,mist,High,19.07,49.71666667,COIMB,4,76.28,0,mist,COIMB,1
39.0,4.6,Snack,motorcycle,21.69,52.0,0.0,clear sky,Very High,18.94,52.25,AGR,5,94.7,0,clear sky,Other,1
32.0,4.5,Buffet,scooter,19.63,64.0,0.0,haze,Very Low,1.78,11.86666667,JAP,1,1.78,1,haze,JAP,0
25.0,4.8,Drinks,scooter,18.74,64.0,0.0,haze,Very High,21.14,65.18333333,JAP,5,105.7,0,haze,JAP,1
33.0,4.9,Drinks,scooter,18.17,81.0,0.0,broken clouds,Low,6.08,27.55,MYS,2,12.16,0,clouds,MYS,0
30.0,4.4,Drinks,scooter,22.83,42.0,0.0,clear sky,High,14.97,42.3,SUR,4,59.88,0,clear sky,SUR,0
33.0,5.0,Buffet,motorcycle,22.86,49.0,0.0,clear sky,Very High,35.56,85.83333333,MUM,5,177.8,0,clear sky,MUM,1
36.0,4.9,Drinks,scooter,19.2,65.0,0.0,clear sky,Moderate,8.72,35.33333333,PUNE,3,26.160000000000004,0,clear sky,PUNE,0
21.0,4.8,Meal,electric scooter,22.2,54.0,0.0,clear sky,Low,4.76,15.51666667,ALH,2,9.52,0,clear sky,Other,0
39.0,4.9,Meal,motorcycle,13.45,78.0,0.0,clear sky,Very High,14.69,51.23333333,DEH,5,73.45,0,clear sky,Other,1
22.0,4.7,Buffet,scooter,23.45,43.0,0.0,clear sky,Low,7.88,19.65,SUR,2,15.76,0,clear sky,SUR,0
32.0,4.6,Meal,scooter,23.1,43.0,0.0,clear sky,Low,7.0,17.36666667,SUR,2,14.0,0,clear sky,SUR,0
29.0,4.6,Drinks,scooter,20.21,91.0,0.0,mist,High,11.19,45.48333333,BANG,4,44.76,0,mist,BANG,1
26.0,4.7,Buffet,motorcycle,21.4,64.0,0.0,broken clouds,High,15.46,45.58333333,HYD,4,61.84,0,clouds,HYD,1
35.0,4.1,Buffet,motorcycle,26.39,87.0,0.0,scattered clouds,Very High,23.37,78.68333333,CHEN,5,116.85000000000001,0,clouds,CHEN,1
39.0,4.6,Drinks,scooter,19.9,93.0,0.0,mist,Very High,17.63,69.0,BANG,5,88.14999999999999,0,mist,BANG,1
34.0,4.7,Drinks,electric scooter,19.01,82.0,0.0,haze,Low,8.12,25.51666667,VAD,2,16.24,0,haze,Other,0
27.0,4.7,Snack,scooter,19.74,93.0,0.0,mist,Very High,21.83,68.68333333,BANG,5,109.14999999999999,0,mist,BANG,1
25.0,4.4,Snack,scooter,26.36,87.0,0.0,scattered clouds,Very High,26.35,65.76666667,CHEN,5,131.75,0,clouds,CHEN,1
25.0,4.7,Meal,motorcycle,22.86,49.0,0.0,clear sky,Very High,35.56,83.0,MUM,5,177.8,0,clear sky,MUM,1
30.0,5.0,Buffet,motorcycle,19.7,64.0,0.0,haze,Low,3.98,19.43333333,JAP,2,7.96,0,haze,JAP,0
24.0,4.6,Buffet,motorcycle,21.27,65.0,0.0,broken clouds,High,12.62,36.36666667,HYD,4,50.48,0,clouds,HYD,0
39.0,4.8,Meal,motorcycle,19.23,65.0,0.0,clear sky,Moderate,9.82,26.6,PUNE,3,29.46,0,clear sky,PUNE,0
25.0,4.8,Snack,scooter,24.51,57.0,0.0,broken clouds,Moderate,8.48,31.33333333,GOA,3,25.44,0,clouds,Other,0
37.0,4.6,Buffet,motorcycle,16.17,82.0,0.0,mist,High,15.46,40.21666667,AURG,4,61.84,0,mist,Other,0
24.0,5.0,Drinks,motorcycle,20.3,91.0,0.0,mist,Low,2.41,23.15,BANG,2,4.82,1,mist,BANG,0
25.0,4.2,Meal,motorcycle,21.13,64.0,0.0,overcast clouds,Very High,24.67,64.9,HYD,5,123.35000000000001,0,clouds,HYD,1
32.0,4.6,Drinks,motorcycle,17.67,68.0,0.0,clear sky,Low,3.05,24.33333333,RANCHI,2,6.1,0,clear sky,RANCHI,0
38.0,4.9,Drinks,scooter,17.11,77.0,0.0,haze,Low,4.46,23.38333333,INDO,2,8.92,0,haze,INDO,0
36.0,4.8,Buffet,electric scooter,19.97,68.0,0.0,haze,High,17.59,47.91666667,JAP,4,70.36,0,haze,JAP,1
25.0,5.0,Meal,motorcycle,22.88,43.0,0.0,clear sky,Very High,24.59,47.96666667,SUR,5,122.95,0,clear sky,SUR,1
29.0,5.0,Drinks,motorcycle,18.28,81.0,0.0,scattered clouds,High,13.43,48.2,MYS,4,53.72,0,clouds,MYS,1
36.0,4.7,Drinks,electric scooter,26.84,44.0,0.0,smoke,Very High,22.46,62.16666667,MUM,5,112.30000000000001,0,smoke,MUM,1
33.0,4.7,Snack,motorcycle,25.06,73.0,0.0,mist,Moderate,9.16,30.36666667,COIMB,3,27.48,0,mist,COIMB,0
36.0,4.4,Meal,scooter,18.36,81.0,0.0,broken clouds,Moderate,8.86,25.98333333,MYS,3,26.58,0,clouds,MYS,0
21.0,4.8,Snack,motorcycle,19.22,65.0,0.0,clear sky,Very High,26.41,66.83333333,PUNE,5,132.05,0,clear sky,PUNE,1
25.0,4.8,Snack,scooter,21.29,64.0,0.0,broken clouds,Low,6.78,24.75,HYD,2,13.56,0,clouds,HYD,0
23.0,4.8,Meal,motorcycle,27.05,49.0,0.0,clear sky,Very High,42.54,93.41666667,MUM,5,212.7,0,clear sky,MUM,1
25.0,4.6,Snack,motorcycle,24.86,73.0,0.0,mist,Low,2.57,18.75,COIMB,2,5.14,1,mist,COIMB,0
24.0,4.3,Meal,motorcycle,17.08,77.0,0.0,haze,Low,4.04,16.25,INDO,2,8.08,0,haze,INDO,0
27.0,4.6,Buffet,motorcycle,19.22,93.0,0.0,fog,High,18.4,46.81666667,BANG,4,73.6,0,other,BANG,1
23.0,4.8,Snack,scooter,27.03,44.0,0.0,smoke,High,19.59,52.81666667,MUM,4,78.36,0,smoke,MUM,1
21.0,4.3,Drinks,scooter,18.4,82.0,0.0,broken clouds,Very High,29.59,60.56666667,MYS,5,147.95,0,clouds,MYS,1
27.0,4.7,Snack,scooter,23.39,43.0,0.0,clear sky,Very Low,4.15,14.43333333,SUR,1,4.15,0,clear sky,SUR,0
32.0,4.2,Snack,motorcycle,25.15,73.0,0.0,mist,Very High,26.96,58.5,COIMB,5,134.8,0,mist,COIMB,1
25.0,4.6,Drinks,motorcycle,22.85,43.0,0.0,clear sky,High,21.81,52.31666667,SUR,4,87.24,0,clear sky,SUR,1
39.0,4.7,Meal,scooter,21.81,55.0,0.0,clear sky,High,9.52,33.3,KNP,4,38.08,0,clear sky,Other,0
27.0,4.6,Snack,motorcycle,22.88,43.0,0.0,clear sky,High,16.35,40.8,SUR,4,65.4,0,clear sky,SUR,0
39.0,3.8,Drinks,motorcycle,27.04,48.0,0.0,clear sky,Very High,25.68,70.41666667,MUM,5,128.4,0,clear sky,MUM,1
31.0,4.8,Snack,scooter,19.58,93.0,0.0,mist,High,16.6,45.73333333,BANG,4,66.4,0,mist,BANG,1
31.0,4.8,Buffet,electric scooter,17.84,68.0,0.0,clear sky,High,11.34,41.43333333,RANCHI,4,45.36,0,clear sky,RANCHI,0
20.0,4.8,Drinks,motorcycle,18.05,81.0,0.0,broken clouds,Very Low,3.09,17.66666667,MYS,1,3.09,0,clouds,MYS,0
36.0,4.9,Drinks,motorcycle,17.58,69.0,0.0,clear sky,High,15.03,46.01666667,RANCHI,4,60.12,0,clear sky,RANCHI,1
20.0,4.9,Meal,motorcycle,17.41,69.0,0.0,clear sky,High,18.92,35.45,RANCHI,4,75.68,0,clear sky,RANCHI,0
24.0,4.6,Drinks,motorcycle,19.58,68.0,0.0,haze,Moderate,6.14,35.7,JAP,3,18.419999999999998,0,haze,JAP,0
29.0,4.6,Snack,electric scooter,22.47,44.0,0.0,clear sky,High,20.29,44.28333333,VAD,4,81.16,0,clear sky,Other,0
39.0,4.2,Snack,scooter,17.32,53.0,0.0,clear sky,High,24.35,49.11666667,INDO,4,97.4,0,clear sky,INDO,1
37.0,4.8,Meal,scooter,24.83,73.0,0.0,mist,Moderate,8.81,31.21666667,COIMB,3,26.43,0,mist,COIMB,0
32.0,4.9,Drinks,motorcycle,26.14,88.0,0.0,mist,High,8.68,46.63333333,CHEN,4,34.72,0,mist,CHEN,1
22.0,4.5,Drinks,scooter,21.8,55.0,0.0,clear sky,Moderate,12.15,38.98333333,KNP,3,36.45,0,clear sky,Other,0
23.0,4.9,Meal,scooter,25.15,73.0,0.0,mist,Very High,26.96,54.5,COIMB,5,134.8,0,mist,COIMB,1
33.0,4.7,Snack,scooter,17.88,67.0,0.0,clear sky,High,19.03,45.31666667,RANCHI,4,76.12,0,clear sky,RANCHI,1
23.0,4.6,Drinks,motorcycle,23.03,83.0,0.0,haze,Moderate,8.33,32.65,KOL,3,24.990000000000002,0,haze,Other,0
27.0,4.6,Drinks,motorcycle,19.74,93.0,0.0,mist,Very High,19.35,64.63333333,BANG,5,96.75,0,mist,BANG,1
34.0,4.7,Snack,scooter,27.01,44.0,0.0,smoke,Moderate,11.14,39.16666667,MUM,3,33.42,0,smoke,MUM,0
26.0,5.0,Meal,scooter,23.91,44.0,0.0,clear sky,Very Low,2.41,6.983333333,SUR,1,2.41,1,clear sky,SUR,0
31.0,4.6,Snack,motorcycle,22.74,43.0,0.0,clear sky,Moderate,11.07,25.55,VAD,3,33.21,0,clear sky,Other,0
32.0,4.9,Snack,motorcycle,19.26,64.0,0.0,clear sky,Low,5.3,23.51666667,PUNE,2,10.6,0,clear sky,PUNE,0
27.0,4.7,Buffet,motorcycle,17.11,77.0,0.0,haze,Low,4.38,19.43333333,INDO,2,8.76,0,haze,INDO,0
21.0,4.9,Drinks,motorcycle,19.9,93.0,0.0,mist,Very High,17.63,68.98333333,BANG,5,88.14999999999999,0,mist,BANG,1
28.0,4.8,Drinks,motorcycle,19.64,92.0,0.0,mist,Very High,11.56,61.65,BANG,5,57.800000000000004,0,mist,BANG,1
33.0,4.4,Snack,motorcycle,21.27,65.0,0.0,broken clouds,Very Low,3.09,15.28333333,HYD,1,3.09,0,clouds,HYD,0
20.0,4.6,Buffet,motorcycle,19.89,93.0,0.0,mist,Very High,17.29,60.43333333,BANG,5,86.44999999999999,0,mist,BANG,1
31.0,4.3,Snack,motorcycle,24.96,73.0,0.0,mist,Moderate,11.45,33.38333333,COIMB,3,34.349999999999994,0,mist,COIMB,0
29.0,4.6,Snack,scooter,19.23,65.0,0.0,clear sky,Low,6.28,22.28333333,PUNE,2,12.56,0,clear sky,PUNE,0
36.0,5.0,Snack,motorcycle,22.68,43.0,0.0,clear sky,Moderate,12.93,30.25,VAD,3,38.79,0,clear sky,Other,0
31.0,4.2,Meal,motorcycle,26.47,87.0,0.0,broken clouds,Very High,25.39,97.83333333,CHEN,5,126.95,0,clouds,CHEN,1
39.0,4.1,Meal,scooter,21.32,64.0,0.0,broken clouds,Moderate,11.67,30.7,HYD,3,35.01,0,clouds,HYD,0
29.0,4.6,Meal,electric scooter,22.9,43.0,0.0,clear sky,High,14.52,33.15,SUR,4,58.08,0,clear sky,SUR,0
29.0,4.6,Snack,scooter,23.1,43.0,0.0,clear sky,Low,6.71,20.13333333,SUR,2,13.42,0,clear sky,SUR,0
37.0,4.9,Buffet,motorcycle,24.82,73.0,0.0,mist,Moderate,6.76,28.55,COIMB,3,20.28,0,mist,COIMB,0
31.0,3.9,Buffet,scooter,26.77,44.0,0.0,smoke,Very High,17.15,54.18333333,MUM,5,85.75,0,smoke,MUM,1
26.0,4.4,Buffet,motorcycle,19.5,93.0,0.0,mist,High,13.6,43.21666667,BANG,4,54.4,0,mist,BANG,0
24.0,4.6,Snack,motorcycle,25.15,73.0,0.0,mist,High,21.28,50.13333333,COIMB,4,85.12,0,mist,COIMB,1
39.0,4.8,Snack,motorcycle,17.9,77.0,0.0,scattered clouds,Moderate,8.67,29.88333333,MYS,3,26.009999999999998,0,clouds,MYS,0
20.0,4.7,Drinks,motorcycle,25.02,73.0,0.0,mist,High,15.95,45.43333333,COIMB,4,63.8,0,mist,COIMB,1
20.0,5.0,Meal,motorcycle,18.12,77.0,0.0,scattered clouds,High,26.21,39.33333333,MYS,4,104.84,0,clouds,MYS,0
29.0,4.3,Buffet,motorcycle,22.99,83.0,0.0,haze,Moderate,12.74,30.98333333,KOL,3,38.22,0,haze,Other,0
36.0,4.8,Drinks,motorcycle,25.02,73.0,0.0,mist,Very High,24.44,63.98333333,COIMB,5,122.2,0,mist,COIMB,1
36.0,4.0,Meal,motorcycle,22.48,43.0,0.0,clear sky,High,18.92,31.73333333,VAD,4,75.68,0,clear sky,Other,0
22.0,4.8,Drinks,scooter,17.58,69.0,0.0,clear sky,High,14.99,45.43333333,RANCHI,4,59.96,0,clear sky,RANCHI,1
38.0,4.4,Buffet,motorcycle,19.01,65.0,0.0,clear sky,High,15.81,37.75,PUNE,4,63.24,0,clear sky,PUNE,0
39.0,4.9,Buffet,motorcycle,22.99,43.0,0.0,clear sky,Low,8.39,22.18333333,SUR,2,16.78,0,clear sky,SUR,0
24.0,4.9,Snack,scooter,17.08,72.0,0.0,haze,High,13.69,36.3,INDO,4,54.76,0,haze,INDO,0
35.0,4.8,Meal,motorcycle,21.25,66.0,0.0,broken clouds,Very High,25.62,53.95,HYD,5,128.1,0,clouds,HYD,1
33.0,4.5,Drinks,electric scooter,26.38,87.0,0.0,scattered clouds,Very High,22.01,81.11666667,CHEN,5,110.05000000000001,0,clouds,CHEN,1
39.0,4.7,Snack,motorcycle,23.9,88.0,0.0,mist,High,15.77,44.81666667,KOC,4,63.08,0,mist,Other,0
31.0,4.3,Drinks,motorcycle,22.63,43.0,0.0,clear sky,High,16.42,40.93333333,VAD,4,65.68,0,clear sky,Other,0
37.0,4.5,Drinks,scooter,26.24,88.0,0.0,mist,Very Low,2.08,21.9,CHEN,1,2.08,1,mist,CHEN,0
37.0,4.7,Buffet,scooter,18.17,81.0,0.0,broken clouds,Low,6.08,20.55,MYS,2,12.16,0,clouds,MYS,0
33.0,5.0,Meal,motorcycle,26.95,44.0,0.0,smoke,Low,2.71,18.58333333,MUM,2,5.42,1,smoke,MUM,0
33.0,4.5,Snack,scooter,19.8,68.0,0.0,haze,Very High,16.38,51.86666667,JAP,5,81.89999999999999,0,haze,JAP,1
39.0,4.7,Meal,motorcycle,22.03,55.0,0.0,clear sky,High,16.02,34.88333333,ALH,4,64.08,0,clear sky,Other,0
37.0,4.6,Snack,motorcycle,17.54,69.0,0.0,clear sky,High,18.5,40.68333333,RANCHI,4,74.0,0,clear sky,RANCHI,0
25.0,4.9,Meal,scooter,21.29,64.0,0.0,broken clouds,High,10.7,32.2,HYD,4,42.8,0,clouds,HYD,0
28.0,4.8,Buffet,scooter,18.98,64.0,0.0,clear sky,Moderate,11.91,32.0,PUNE,3,35.730000000000004,0,clear sky,PUNE,0
38.0,4.7,Buffet,motorcycle,18.34,81.0,0.0,broken clouds,Low,8.87,22.9,MYS,2,17.74,0,clouds,MYS,0
29.0,4.6,Drinks,motorcycle,19.83,68.0,0.0,haze,High,12.55,42.81666667,JAP,4,50.2,0,haze,JAP,0
31.0,4.6,Meal,motorcycle,18.08,78.0,0.0,scattered clouds,Moderate,11.18,28.21666667,MYS,3,33.54,0,clouds,MYS,0
25.0,4.8,Snack,motorcycle,26.83,44.0,0.0,smoke,High,11.65,51.58333333,MUM,4,46.6,0,smoke,MUM,1
35.0,4.9,Drinks,motorcycle,18.42,82.0,0.0,scattered clouds,Moderate,14.28,34.13333333,MYS,3,42.839999999999996,0,clouds,MYS,0
39.0,4.7,Buffet,motorcycle,17.84,68.0,0.0,clear sky,High,12.97,47.16666667,RANCHI,4,51.88,0,clear sky,RANCHI,1
38.0,3.9,Meal,motorcycle,17.19,72.0,0.0,haze,High,16.78,34.9,INDO,4,67.12,0,haze,INDO,0
35.0,4.7,Drinks,motorcycle,26.52,87.0,0.0,mist,Low,4.84,29.16666667,CHEN,2,9.68,0,mist,CHEN,0
29.0,4.7,Snack,motorcycle,20.2,68.0,0.0,haze,Very Low,3.82,15.43333333,JAP,1,3.82,0,haze,JAP,0
27.0,4.6,Snack,scooter,23.57,44.0,0.0,clear sky,Low,5.83,18.63333333,SUR,2,11.66,0,clear sky,SUR,0
38.0,4.3,Meal,motorcycle,18.43,82.0,0.0,broken clouds,High,19.64,40.68333333,MYS,4,78.56,0,clouds,MYS,0
36.0,4.9,Buffet,motorcycle,23.05,43.0,0.0,clear sky,High,14.03,33.5,SUR,4,56.12,0,clear sky,SUR,0
26.0,4.0,Buffet,motorcycle,21.05,68.0,0.0,broken clouds,Moderate,7.93,30.11666667,HYD,3,23.79,0,clouds,HYD,0
26.0,4.1,Meal,motorcycle,21.74,56.0,0.0,clear sky,High,18.1,44.13333333,KNP,4,72.4,0,clear sky,Other,0
36.0,4.9,Drinks,motorcycle,18.22,81.0,0.0,broken clouds,High,14.53,42.66666667,MYS,4,58.12,0,clouds,MYS,0
21.0,4.7,Meal,motorcycle,19.61,68.0,0.0,haze,Low,3.02,14.93333333,JAP,2,6.04,0,haze,JAP,0
35.0,4.7,Meal,electric scooter,26.36,88.0,0.0,mist,Very High,15.39,63.33333333,CHEN,5,76.95,0,mist,CHEN,1
20.0,4.5,Meal,motorcycle,18.32,81.0,0.0,broken clouds,Moderate,9.21,25.56666667,MYS,3,27.630000000000003,0,clouds,MYS,0
23.0,4.6,Snack,motorcycle,19.37,65.0,0.0,clear sky,High,21.48,43.23333333,PUNE,4,85.92,0,clear sky,PUNE,0
37.0,5.0,Buffet,motorcycle,22.98,83.0,0.0,haze,High,15.08,40.91666667,KOL,4,60.32,0,haze,Other,0
26.0,4.8,Snack,motorcycle,19.73,93.0,0.0,mist,High,13.71,47.9,BANG,4,54.84,0,mist,BANG,1
29.0,5.0,Snack,scooter,22.88,43.0,0.0,clear sky,High,15.2,38.76666667,SUR,4,60.8,0,clear sky,SUR,0
26.0,4.9,Snack,motorcycle,17.27,53.0,0.0,clear sky,High,22.02,41.1,INDO,4,88.08,0,clear sky,INDO,0
29.0,4.8,Meal,motorcycle,19.08,65.0,0.0,clear sky,High,13.9,39.48333333,PUNE,4,55.6,0,clear sky,PUNE,0
29.0,4.7,Snack,motorcycle,17.69,68.0,0.0,clear sky,Low,4.57,16.83333333,RANCHI,2,9.14,0,clear sky,RANCHI,0
21.0,4.9,Meal,scooter,18.88,57.0,0.0,clear sky,Moderate,6.07,22.08333333,LUDH,3,18.21,0,clear sky,Other,0
22.0,4.3,Meal,motorcycle,17.99,78.0,0.0,scattered clouds,Low,4.56,17.7,MYS,2,9.12,0,clouds,MYS,0
31.0,4.0,Snack,motorcycle,18.74,64.0,0.0,haze,Very High,21.14,60.21666667,JAP,5,105.7,0,haze,JAP,1
20.0,4.5,Snack,motorcycle,24.94,73.0,0.0,mist,Low,5.35,22.66666667,COIMB,2,10.7,0,mist,COIMB,0
30.0,3.9,Drinks,electric scooter,22.55,43.0,0.0,clear sky,Moderate,15.84,39.21666667,VAD,3,47.519999999999996,0,clear sky,Other,0
36.0,4.8,Snack,motorcycle,19.55,92.0,0.0,mist,Very High,18.21,54.18333333,BANG,5,91.05000000000001,0,mist,BANG,1
24.0,4.7,Buffet,scooter,18.17,81.0,0.0,broken clouds,Moderate,9.91,24.46666667,MYS,3,29.73,0,clouds,MYS,0
32.0,4.7,Buffet,electric scooter,18.05,81.0,0.0,scattered clouds,Very Low,2.66,12.68333333,MYS,1,2.66,1,clouds,MYS,0
25.0,5.0,Drinks,motorcycle,26.31,88.0,0.0,scattered clouds,Very High,13.96,63.26666667,CHEN,5,69.80000000000001,0,clouds,CHEN,1
27.0,4.5,Drinks,scooter,21.43,65.0,0.0,broken clouds,High,9.43,41.55,HYD,4,37.72,0,clouds,HYD,0
32.0,4.1,Buffet,motorcycle,19.5,93.0,0.0,mist,High,12.76,42.65,BANG,4,51.04,0,mist,BANG,0
23.0,4.7,Drinks,motorcycle,26.47,88.0,0.0,mist,Moderate,9.27,41.78333333,CHEN,3,27.81,0,mist,CHEN,0
39.0,4.4,Meal,motorcycle,19.03,93.0,0.0,fog,Very High,23.97,52.85,BANG,5,119.85,0,other,BANG,1
20.0,4.8,Drinks,electric scooter,19.98,68.0,0.0,haze,High,18.08,48.98333333,JAP,4,72.32,0,haze,JAP,1
29.0,4.6,Meal,scooter,22.21,54.0,0.0,clear sky,Low,6.78,19.85,ALH,2,13.56,0,clear sky,Other,0
26.0,4.9,Meal,scooter,19.94,47.0,0.0,clear sky,Very High,28.39,55.83333333,JAP,5,141.95,0,clear sky,JAP,1
25.0,5.0,Meal,motorcycle,23.92,88.0,0.0,mist,Very Low,1.98,9.966666667,KOC,1,1.98,1,mist,Other,0
34.0,4.7,Snack,motorcycle,20.21,91.0,0.0,mist,High,11.19,40.48333333,BANG,4,44.76,0,mist,BANG,0
31.0,4.9,Snack,motorcycle,24.77,57.0,0.0,broken clouds,Low,7.86,24.03333333,GOA,2,15.72,0,clouds,Other,0
30.0,4.9,Meal,motorcycle,21.23,66.0,0.0,broken clouds,Very High,22.07,57.28333333,HYD,5,110.35,0,clouds,HYD,1
36.0,4.8,Buffet,motorcycle,20.12,68.0,0.0,haze,High,37.48,48.36666667,JAP,4,149.92,0,haze,JAP,1
36.0,4.4,Snack,motorcycle,20.0,46.0,0.0,clear sky,Very High,24.22,59.3,JAP,5,121.1,0,clear sky,JAP,1
26.0,4.7,Meal,motorcycle,19.72,46.0,0.0,clear sky,Very High,29.0,60.3,JAP,5,145.0,0,clear sky,JAP,1
30.0,4.6,Buffet,scooter,22.47,44.0,0.0,clear sky,High,21.29,42.5,VAD,4,85.16,0,clear sky,Other,0
33.0,4.7,Buffet,electric scooter,19.4,92.0,0.0,mist,Moderate,8.64,35.2,BANG,3,25.92,0,mist,BANG,0
34.0,4.0,Snack,motorcycle,25.73,44.0,0.0,smoke,Very High,30.57,74.86666667,MUM,5,152.85,0,smoke,MUM,1
36.0,4.6,Buffet,motorcycle,21.23,63.0,0.0,overcast clouds,Very High,19.45,51.83333333,HYD,5,97.25,0,clouds,HYD,1
33.0,4.6,Buffet,motorcycle,21.81,55.0,0.0,clear sky,Low,4.24,17.28333333,KNP,2,8.48,0,clear sky,Other,0
22.0,4.8,Drinks,motorcycle,15.93,82.0,0.0,mist,Very High,28.18,73.33333333,AURG,5,140.9,0,mist,Other,1
38.0,4.7,Drinks,scooter,19.22,65.0,0.0,clear sky,Very Low,1.57,14.4,PUNE,1,1.57,1,clear sky,PUNE,0
27.0,4.9,Drinks,scooter,19.64,92.0,0.0,mist,Very High,18.25,65.25,BANG,5,91.25,0,mist,BANG,1
32.0,4.8,Meal,scooter,21.73,56.0,0.0,clear sky,High,15.4,37.45,KNP,4,61.6,0,clear sky,Other,0
26.0,4.8,Snack,motorcycle,20.01,92.0,0.0,mist,Very High,16.28,58.61666667,BANG,5,81.4,0,mist,BANG,1
29.0,4.5,Drinks,motorcycle,17.3,53.0,0.0,clear sky,Very High,26.88,59.56666667,INDO,5,134.4,0,clear sky,INDO,1
31.0,4.5,Buffet,motorcycle,24.95,73.0,0.0,mist,High,17.3,44.9,COIMB,4,69.2,0,mist,COIMB,0
28.0,4.6,Drinks,motorcycle,21.25,65.0,0.0,broken clouds,Moderate,8.95,36.2,HYD,3,26.849999999999998,0,clouds,HYD,0
21.0,4.8,Buffet,motorcycle,21.61,52.0,0.0,clear sky,Moderate,20.32,28.43333333,AGR,3,60.96,0,clear sky,Other,0
21.0,4.0,Buffet,motorcycle,24.81,73.0,0.0,mist,Moderate,9.67,34.76666667,COIMB,3,29.009999999999998,0,mist,COIMB,0
29.0,4.7,Buffet,motorcycle,22.27,54.0,0.0,clear sky,Moderate,6.82,23.43333333,ALH,3,20.46,0,clear sky,Other,0
20.0,4.8,Snack,motorcycle,26.3,51.0,0.0,clear sky,Low,2.15,16.01666667,MUM,2,4.3,1,clear sky,MUM,0
28.0,5.0,Snack,motorcycle,17.15,82.0,0.0,mist,High,16.62,52.43333333,AURG,4,66.48,0,mist,Other,1
25.0,4.7,Meal,motorcycle,25.49,44.0,0.0,smoke,Very High,17.73,52.16666667,MUM,5,88.65,0,smoke,MUM,1
29.0,4.6,Buffet,motorcycle,19.35,65.0,0.0,clear sky,Very High,25.7,61.88333333,PUNE,5,128.5,0,clear sky,PUNE,1
38.0,4.8,Buffet,motorcycle,26.11,88.0,0.0,mist,Moderate,5.21,30.6,CHEN,3,15.629999999999999,0,mist,CHEN,0
39.0,4.9,Drinks,motorcycle,21.27,65.0,0.0,broken clouds,Moderate,9.45,33.35,HYD,3,28.349999999999998,0,clouds,HYD,0
26.0,4.9,Snack,scooter,23.12,43.0,0.0,clear sky,Moderate,12.47,32.83333333,SUR,3,37.410000000000004,0,clear sky,SUR,0
33.0,4.4,Meal,motorcycle,25.0,73.0,0.0,mist,Moderate,13.17,31.8,COIMB,3,39.51,0,mist,COIMB,0
24.0,4.6,Snack,motorcycle,22.74,43.0,0.0,clear sky,Moderate,11.93,26.3,VAD,3,35.79,0,clear sky,Other,0
24.0,4.9,Buffet,motorcycle,24.8,73.0,0.0,mist,Moderate,7.95,31.78333333,COIMB,3,23.85,0,mist,COIMB,0
33.0,4.5,Buffet,scooter,17.25,53.0,0.0,clear sky,High,19.0,36.1,INDO,4,76.0,0,clear sky,INDO,0
35.0,4.2,Drinks,motorcycle,17.25,53.0,0.0,clear sky,High,18.76,43.88333333,INDO,4,75.04,0,clear sky,INDO,0
27.0,4.2,Buffet,motorcycle,26.63,47.0,0.0,clear sky,Very High,22.94,55.65,MUM,5,114.7,0,clear sky,MUM,1
29.0,4.6,Snack,scooter,26.44,88.0,0.0,mist,Very High,16.06,67.73333333,CHEN,5,80.3,0,mist,CHEN,1
29.0,4.5,Snack,motorcycle,19.52,92.0,0.0,mist,Moderate,6.82,34.01666667,BANG,3,20.46,0,mist,BANG,0
34.0,4.7,Buffet,scooter,21.28,54.0,0.0,clear sky,Very High,32.49,51.56666667,AGR,5,162.45000000000002,0,clear sky,Other,1
20.0,4.7,Meal,scooter,21.81,55.0,0.0,clear sky,Moderate,8.52,29.91666667,KNP,3,25.56,0,clear sky,Other,0
29.0,4.8,Drinks,motorcycle,19.01,82.0,0.0,haze,Low,8.57,26.98333333,VAD,2,17.14,0,haze,Other,0
22.0,4.9,Snack,scooter,22.74,43.0,0.0,clear sky,Moderate,13.47,32.33333333,VAD,3,40.410000000000004,0,clear sky,Other,0
35.0,4.9,Buffet,motorcycle,21.71,51.0,0.0,clear sky,High,15.29,39.83333333,AGR,4,61.16,0,clear sky,Other,0
32.0,4.4,Drinks,motorcycle,23.95,88.0,0.0,mist,High,21.08,56.25,KOC,4,84.32,0,mist,Other,1
28.0,4.9,Snack,motorcycle,18.74,56.0,0.0,clear sky,Very High,23.0,68.0,LUDH,5,115.0,0,clear sky,Other,1
30.0,4.7,Meal,scooter,25.15,73.0,0.0,mist,Very High,24.96,55.83333333,COIMB,5,124.80000000000001,0,mist,COIMB,1
22.0,4.7,Snack,scooter,26.47,87.0,0.0,broken clouds,Very High,25.39,100.65,CHEN,5,126.95,0,clouds,CHEN,1
36.0,4.7,Buffet,motorcycle,24.81,73.0,0.0,mist,Moderate,9.67,34.76666667,COIMB,3,29.009999999999998,0,mist,COIMB,0
23.0,4.8,Snack,motorcycle,22.83,43.0,0.0,clear sky,Very High,24.01,52.4,SUR,5,120.05000000000001,0,clear sky,SUR,1
22.0,4.8,Drinks,motorcycle,17.12,72.0,0.0,haze,Low,4.37,22.86666667,INDO,2,8.74,0,haze,INDO,0
29.0,4.5,Meal,motorcycle,17.01,82.0,0.0,mist,Very High,28.55,72.21666667,AURG,5,142.75,0,mist,Other,1
34.0,4.9,Buffet,motorcycle,26.46,87.0,0.0,scattered clouds,Very High,24.31,81.75,CHEN,5,121.55,0,clouds,CHEN,1
38.0,4.1,Buffet,motorcycle,20.26,90.0,0.0,mist,Very Low,2.13,15.61666667,BANG,1,2.13,1,mist,BANG,0
32.0,4.3,Meal,scooter,12.44,77.0,0.0,clear sky,High,15.87,45.23333333,DEH,4,63.48,0,clear sky,Other,1
20.0,4.5,Buffet,motorcycle,19.5,93.0,0.0,mist,High,12.76,42.86666667,BANG,4,51.04,0,mist,BANG,0
25.0,4.9,Buffet,motorcycle,26.42,87.0,0.0,broken clouds,Very High,15.96,63.85,CHEN,5,79.80000000000001,0,clouds,CHEN,1
29.0,4.5,Meal,scooter,19.05,68.0,0.0,haze,Very High,14.92,51.43333333,JAP,5,74.6,0,haze,JAP,1
31.0,4.4,Buffet,motorcycle,22.47,44.0,0.0,clear sky,High,20.94,40.61666667,VAD,4,83.76,0,clear sky,Other,0
37.0,4.5,Buffet,motorcycle,23.05,43.0,0.0,clear sky,Moderate,10.18,23.86666667,SUR,3,30.54,0,clear sky,SUR,0
36.0,4.9,Snack,electric scooter,18.68,58.0,0.0,clear sky,Very High,19.81,61.05,LUDH,5,99.05,0,clear sky,Other,1
37.0,3.8,Snack,motorcycle,20.0,46.0,0.0,clear sky,Very High,24.64,62.43333333,JAP,5,123.2,0,clear sky,JAP,1
38.0,4.9,Snack,scooter,24.84,73.0,0.0,mist,Moderate,7.68,31.93333333,COIMB,3,23.04,0,mist,COIMB,0
37.0,4.4,Drinks,motorcycle,21.53,52.0,0.0,clear sky,Moderate,20.3,39.06666667,AGR,3,60.900000000000006,0,clear sky,Other,0
21.0,4.9,Buffet,scooter,22.92,43.0,0.0,clear sky,High,16.07,36.51666667,SUR,4,64.28,0,clear sky,SUR,0
35.0,4.9,Meal,electric scooter,19.7,64.0,0.0,haze,Moderate,5.86,22.03333333,JAP,3,17.580000000000002,0,haze,JAP,0
22.0,4.8,Snack,scooter,19.95,46.0,0.0,clear sky,Very High,18.99,55.76666667,JAP,5,94.94999999999999,0,clear sky,JAP,1
28.0,4.8,Buffet,motorcycle,21.29,65.0,0.0,broken clouds,Low,5.78,22.68333333,HYD,2,11.56,0,clouds,HYD,0
39.0,4.0,Drinks,motorcycle,18.12,77.0,0.0,scattered clouds,High,26.21,48.78333333,MYS,4,104.84,0,clouds,MYS,1
29.0,4.5,Snack,scooter,19.42,93.0,0.0,mist,Very High,21.49,55.98333333,BANG,5,107.44999999999999,0,mist,BANG,1
39.0,4.6,Drinks,motorcycle,26.53,87.0,0.0,mist,Very Low,3.19,22.03333333,CHEN,1,3.19,0,mist,CHEN,0
25.0,4.9,Snack,electric scooter,18.05,77.0,0.0,scattered clouds,High,25.68,51.66666667,MYS,4,102.72,0,clouds,MYS,1
34.0,5.0,Snack,electric scooter,24.99,73.0,0.0,mist,Low,6.51,23.91666667,COIMB,2,13.02,0,mist,COIMB,0
22.0,4.8,Drinks,motorcycle,20.3,91.0,0.0,mist,Moderate,5.39,34.6,BANG,3,16.169999999999998,0,mist,BANG,0
27.0,5.0,Buffet,motorcycle,21.83,54.0,0.0,clear sky,High,16.06,40.06666667,KNP,4,64.24,0,clear sky,Other,0
28.0,4.5,Drinks,motorcycle,27.03,44.0,0.0,smoke,High,16.04,58.03333333,MUM,4,64.16,0,smoke,MUM,1
32.0,5.0,Drinks,scooter,24.94,73.0,0.0,mist,Low,5.75,28.96666667,COIMB,2,11.5,0,mist,COIMB,0
29.0,4.6,Drinks,scooter,17.88,67.0,0.0,clear sky,High,18.0,48.16666667,RANCHI,4,72.0,0,clear sky,RANCHI,1
27.0,4.6,Snack,motorcycle,21.34,64.0,0.0,broken clouds,High,16.25,48.71666667,HYD,4,65.0,0,clouds,HYD,1
35.0,3.9,Snack,motorcycle,25.76,44.0,0.0,smoke,Very High,19.35,67.16666667,MUM,5,96.75,0,smoke,MUM,1
22.0,4.6,Buffet,motorcycle,18.1,81.0,0.0,broken clouds,Low,7.95,20.71666667,MYS,2,15.9,0,clouds,MYS,0
30.0,4.6,Buffet,motorcycle,22.9,42.0,0.0,clear sky,Low,5.17,14.48333333,VAD,2,10.34,0,clear sky,Other,0
39.0,4.8,Drinks,scooter,18.2,81.0,0.0,broken clouds,Low,5.01,26.2,MYS,2,10.02,0,clouds,MYS,0
33.0,4.8,Meal,motorcycle,21.25,64.0,0.0,broken clouds,High,13.4,38.15,HYD,4,53.6,0,clouds,HYD,0
20.0,4.7,Snack,scooter,19.13,64.0,0.0,clear sky,High,17.74,47.28333333,PUNE,4,70.96,0,clear sky,PUNE,1
34.0,4.2,Snack,motorcycle,18.3,81.0,0.0,broken clouds,High,13.89,45.15,MYS,4,55.56,0,clouds,MYS,1
22.0,4.7,Meal,motorcycle,18.25,81.0,0.0,broken clouds,High,15.77,43.18333333,MYS,4,63.08,0,clouds,MYS,0
37.0,4.3,Meal,scooter,19.62,68.0,0.0,haze,Low,4.79,14.05,JAP,2,9.58,0,haze,JAP,0
20.0,4.8,Snack,motorcycle,27.03,44.0,0.0,smoke,Low,4.15,25.88333333,MUM,2,8.3,0,smoke,MUM,0
33.0,4.9,Drinks,motorcycle,23.26,43.0,0.0,clear sky,Moderate,9.49,30.05,SUR,3,28.47,0,clear sky,SUR,0
21.0,5.0,Drinks,motorcycle,17.31,53.0,0.0,clear sky,Very High,27.88,57.98333333,INDO,5,139.4,0,clear sky,INDO,1
33.0,4.6,Meal,motorcycle,22.66,43.0,0.0,clear sky,Moderate,13.05,30.06666667,VAD,3,39.150000000000006,0,clear sky,Other,0
24.0,4.6,Snack,electric scooter,19.37,93.0,0.0,mist,High,16.67,50.86666667,BANG,4,66.68,0,mist,BANG,1
30.0,4.6,Buffet,motorcycle,26.97,44.0,0.0,smoke,Moderate,7.29,34.95,MUM,3,21.87,0,smoke,MUM,0
32.0,4.9,Buffet,scooter,21.23,66.0,0.0,broken clouds,Very High,21.83,55.93333333,HYD,5,109.14999999999999,0,clouds,HYD,1
28.0,4.6,Drinks,electric scooter,21.05,65.0,0.0,broken clouds,Very High,26.45,70.78333333,HYD,5,132.25,0,clouds,HYD,1
21.0,4.7,Drinks,scooter,20.12,68.0,0.0,haze,High,37.48,55.46666667,JAP,4,149.92,0,haze,JAP,1
39.0,4.9,Drinks,motorcycle,17.95,82.0,0.0,mist,Low,3.9,24.68333333,AURG,2,7.8,0,mist,Other,0
32.0,4.7,Drinks,motorcycle,26.53,87.0,0.0,mist,Very Low,3.19,22.03333333,CHEN,1,3.19,0,mist,CHEN,0
20.0,4.5,Buffet,scooter,26.49,44.0,0.0,smoke,High,16.18,51.43333333,MUM,4,64.72,0,smoke,MUM,1
36.0,5.0,Meal,scooter,19.8,68.0,0.0,haze,Very Low,2.43,7.316666667,JAP,1,2.43,1,haze,JAP,0
28.0,4.8,Buffet,scooter,20.3,91.0,0.0,mist,Low,4.97,25.7,BANG,2,9.94,0,mist,BANG,0
32.0,4.5,Buffet,motorcycle,19.31,65.0,0.0,clear sky,Moderate,10.54,32.16666667,PUNE,3,31.619999999999997,0,clear sky,PUNE,0
39.0,4.4,Drinks,scooter,26.47,87.0,0.0,broken clouds,Very High,25.39,105.95,CHEN,5,126.95,0,clouds,CHEN,1
30.0,4.7,Drinks,motorcycle,22.85,43.0,0.0,clear sky,High,22.18,53.6,SUR,4,88.72,0,clear sky,SUR,1
32.0,4.4,Drinks,motorcycle,19.08,65.0,0.0,clear sky,High,12.92,40.71666667,PUNE,4,51.68,0,clear sky,PUNE,0
23.0,4.6,Snack,motorcycle,17.26,53.0,0.0,clear sky,High,16.74,41.51666667,INDO,4,66.96,0,clear sky,INDO,0
21.0,4.8,Buffet,scooter,26.85,44.0,0.0,smoke,Moderate,8.46,36.95,MUM,3,25.380000000000003,0,smoke,MUM,0
31.0,4.2,Meal,electric scooter,17.14,72.0,0.0,haze,Moderate,11.1,26.98333333,INDO,3,33.3,0,haze,INDO,0
37.0,4.6,Buffet,electric scooter,26.93,44.0,0.0,smoke,Low,4.33,27.3,MUM,2,8.66,0,smoke,MUM,0
20.0,4.5,Drinks,motorcycle,23.29,43.0,0.0,clear sky,Moderate,9.44,36.41666667,SUR,3,28.32,0,clear sky,SUR,0
28.0,4.5,Snack,motorcycle,19.63,64.0,0.0,haze,Very Low,1.78,13.5,JAP,1,1.78,1,haze,JAP,0
22.0,4.9,Snack,motorcycle,18.05,81.0,0.0,broken clouds,Very Low,3.09,12.66666667,MYS,1,3.09,0,clouds,MYS,0
20.0,4.7,Buffet,motorcycle,21.24,64.0,0.0,broken clouds,High,12.95,40.21666667,HYD,4,51.8,0,clouds,HYD,0
34.0,4.8,Buffet,scooter,17.6,69.0,0.0,clear sky,High,20.31,44.81666667,RANCHI,4,81.24,0,clear sky,RANCHI,0
38.0,4.8,Snack,scooter,26.47,88.0,0.0,mist,Moderate,9.27,36.81666667,CHEN,3,27.81,0,mist,CHEN,0
29.0,4.6,Drinks,scooter,19.22,93.0,0.0,fog,Very High,24.91,78.66666667,BANG,5,124.55,0,other,BANG,1
32.0,4.5,Buffet,motorcycle,17.67,68.0,0.0,clear sky,Low,12.24,17.81666667,RANCHI,2,24.48,0,clear sky,RANCHI,0
34.0,4.9,Snack,scooter,18.91,64.0,0.0,clear sky,Very High,20.33,65.16666667,PUNE,5,101.64999999999999,0,clear sky,PUNE,1
33.0,3.9,Meal,electric scooter,17.21,53.0,0.0,clear sky,High,19.02,39.5,INDO,4,76.08,0,clear sky,INDO,0
34.0,4.5,Meal,motorcycle,17.11,77.0,0.0,haze,Low,4.38,17.45,INDO,2,8.76,0,haze,INDO,0
29.0,4.6,Drinks,scooter,19.72,93.0,0.0,mist,High,12.6,57.88333333,BANG,4,50.4,0,mist,BANG,1
34.0,4.7,Drinks,motorcycle,17.97,77.0,0.0,scattered clouds,High,12.84,46.75,MYS,4,51.36,0,clouds,MYS,1
26.0,4.6,Buffet,scooter,22.9,43.0,0.0,clear sky,High,14.85,35.05,SUR,4,59.4,0,clear sky,SUR,0
31.0,4.0,Drinks,motorcycle,19.65,93.0,0.0,mist,Very High,15.48,63.75,BANG,5,77.4,0,mist,BANG,1
39.0,4.8,Drinks,motorcycle,23.23,43.0,0.0,clear sky,Low,7.48,27.4,SUR,2,14.96,0,clear sky,SUR,0
32.0,5.0,Buffet,scooter,21.28,64.0,0.0,broken clouds,Moderate,10.42,29.53333333,HYD,3,31.259999999999998,0,clouds,HYD,0
32.0,4.5,Meal,motorcycle,22.99,83.0,0.0,haze,Moderate,9.77,26.91666667,KOL,3,29.31,0,haze,Other,0
39.0,4.1,Snack,motorcycle,17.77,68.0,0.0,clear sky,High,18.75,38.91666667,RANCHI,4,75.0,0,clear sky,RANCHI,0
36.0,4.8,Meal,electric scooter,19.21,64.0,0.0,clear sky,Low,2.89,11.21666667,PUNE,2,5.78,1,clear sky,PUNE,0
37.0,4.1,Buffet,motorcycle,19.39,92.0,0.0,mist,Moderate,7.03,26.06666667,BANG,3,21.09,0,mist,BANG,0
37.0,4.8,Meal,scooter,17.65,68.0,0.0,clear sky,Moderate,14.22,26.23333333,RANCHI,3,42.660000000000004,0,clear sky,RANCHI,0
38.0,3.7,Meal,motorcycle,18.91,64.0,0.0,clear sky,Very High,20.33,61.16666667,PUNE,5,101.64999999999999,0,clear sky,PUNE,1
28.0,4.7,Drinks,scooter,17.69,68.0,0.0,clear sky,Low,4.57,21.85,RANCHI,2,9.14,0,clear sky,RANCHI,0
34.0,3.8,Meal,scooter,19.42,65.0,0.0,clear sky,High,22.85,42.83333333,PUNE,4,91.4,0,clear sky,PUNE,0
32.0,4.9,Buffet,motorcycle,26.45,87.0,0.0,scattered clouds,Very High,22.56,71.28333333,CHEN,5,112.8,0,clouds,CHEN,1
22.0,4.7,Buffet,motorcycle,19.47,68.0,0.0,haze,High,11.89,39.83333333,JAP,4,47.56,0,haze,JAP,0
31.0,4.0,Drinks,motorcycle,23.01,83.0,0.0,haze,Very High,22.34,58.0,KOL,5,111.7,0,haze,Other,1
27.0,4.0,Meal,motorcycle,18.36,82.0,0.0,scattered clouds,High,19.48,34.43333333,MYS,4,77.92,0,clouds,MYS,0
29.0,4.9,Drinks,scooter,25.15,73.0,0.0,mist,High,21.2,54.8,COIMB,4,84.8,0,mist,COIMB,1
38.0,4.8,Meal,motorcycle,25.01,73.0,0.0,mist,Moderate,11.5,31.2,COIMB,3,34.5,0,mist,COIMB,0
35.0,4.8,Snack,motorcycle,23.39,43.0,0.0,clear sky,Moderate,9.79,29.96666667,SUR,3,29.369999999999997,0,clear sky,SUR,0
31.0,4.9,Meal,motorcycle,19.49,91.0,0.0,mist,Moderate,6.02,27.95,BANG,3,18.06,0,mist,BANG,0
30.0,4.3,Drinks,scooter,26.41,87.0,0.0,broken clouds,Very High,21.13,84.26666667,CHEN,5,105.64999999999999,0,clouds,CHEN,1
33.0,4.8,Drinks,motorcycle,21.16,65.0,0.0,broken clouds,Very High,20.65,63.61666667,HYD,5,103.25,0,clouds,HYD,1
29.0,4.6,Meal,motorcycle,7.86,77.0,0.0,clear sky,Very High,23.51,73.88333333,DEH,5,117.55000000000001,0,clear sky,Other,1
38.0,4.6,Snack,scooter,26.9,44.0,0.0,smoke,Moderate,9.08,38.81666667,MUM,3,27.240000000000002,0,smoke,MUM,0
26.0,4.9,Drinks,motorcycle,17.72,68.0,0.0,clear sky,High,11.34,45.3,RANCHI,4,45.36,0,clear sky,RANCHI,1
34.0,4.2,Meal,motorcycle,18.98,64.0,0.0,clear sky,Moderate,11.91,30.0,PUNE,3,35.730000000000004,0,clear sky,PUNE,0
26.0,4.7,Snack,motorcycle,20.14,68.0,0.0,haze,Moderate,10.76,26.75,JAP,3,32.28,0,haze,JAP,0
35.0,4.7,Meal,motorcycle,17.06,72.0,0.0,haze,Moderate,8.44,25.48333333,INDO,3,25.32,0,haze,INDO,0
36.0,4.2,Drinks,motorcycle,19.52,92.0,0.0,mist,Moderate,6.48,37.46666667,BANG,3,19.44,0,mist,BANG,0
24.0,2.6,Drinks,motorcycle,22.47,44.0,0.0,clear sky,High,20.94,47.51666667,VAD,4,83.76,0,clear sky,Other,1
33.0,4.3,Meal,motorcycle,23.99,49.0,0.0,clear sky,Very High,31.21,69.65,MUM,5,156.05,0,clear sky,MUM,1
26.0,4.6,Buffet,motorcycle,16.78,82.0,0.0,mist,Very High,22.42,62.45,AURG,5,112.10000000000001,0,mist,Other,1
32.0,5.0,Buffet,scooter,26.4,87.0,0.0,scattered clouds,Very High,24.59,86.81666667,CHEN,5,122.95,0,clouds,CHEN,1
37.0,4.9,Meal,motorcycle,19.48,46.0,0.0,clear sky,Very High,25.93,59.68333333,JAP,5,129.65,0,clear sky,JAP,1
26.0,4.9,Drinks,scooter,23.99,88.0,0.0,mist,Very High,28.78,66.3,KOC,5,143.9,0,mist,Other,1
31.0,4.8,Drinks,scooter,25.17,73.0,0.0,mist,Very High,24.97,62.85,COIMB,5,124.85,0,mist,COIMB,1
37.0,4.6,Buffet,motorcycle,26.45,87.0,0.0,scattered clouds,Very High,21.18,78.05,CHEN,5,105.9,0,clouds,CHEN,1
26.0,4.7,Drinks,scooter,26.86,44.0,0.0,smoke,Very High,27.92,73.96666667,MUM,5,139.60000000000002,0,smoke,MUM,1
37.0,4.8,Meal,motorcycle,17.09,72.0,0.0,haze,Low,6.95,17.26666667,INDO,2,13.9,0,haze,INDO,0
21.0,4.4,Drinks,motorcycle,23.29,43.0,0.0,clear sky,Low,7.54,28.36666667,SUR,2,15.08,0,clear sky,SUR,0
22.0,4.0,Snack,motorcycle,19.49,91.0,0.0,mist,Low,3.2,19.9,BANG,2,6.4,0,mist,BANG,0
38.0,4.5,Meal,motorcycle,26.41,88.0,0.0,mist,Low,2.38,17.58333333,CHEN,2,4.76,1,mist,CHEN,0
28.0,4.0,Buffet,motorcycle,26.31,88.0,0.0,mist,High,9.62,41.86666667,CHEN,4,38.48,0,mist,CHEN,0
31.0,4.9,Drinks,motorcycle,22.85,43.0,0.0,clear sky,Low,8.46,27.48333333,VAD,2,16.92,0,clear sky,Other,0
24.0,4.8,Snack,scooter,23.29,43.0,0.0,clear sky,Low,5.71,17.63333333,SUR,2,11.42,0,clear sky,SUR,0
26.0,4.9,Snack,motorcycle,19.13,64.0,0.0,clear sky,Very High,19.2,54.23333333,PUNE,5,96.0,0,clear sky,PUNE,1
29.0,4.6,Meal,scooter,17.79,68.0,0.0,clear sky,High,16.17,39.8,RANCHI,4,64.68,0,clear sky,RANCHI,0
20.0,4.7,Snack,scooter,23.86,78.0,0.0,mist,High,10.04,38.18333333,COIMB,4,40.16,0,mist,COIMB,0
29.0,4.8,Buffet,scooter,22.85,43.0,0.0,clear sky,Very High,25.4,52.26666667,SUR,5,127.0,0,clear sky,SUR,1
32.0,4.0,Buffet,motorcycle,19.45,93.0,0.0,mist,High,17.12,42.73333333,BANG,4,68.48,0,mist,BANG,0
20.0,4.9,Meal,motorcycle,22.49,44.0,0.0,clear sky,High,19.95,34.78333333,VAD,4,79.8,0,clear sky,Other,0
26.0,5.0,Meal,electric scooter,26.52,88.0,0.0,mist,Very High,14.89,53.56666667,CHEN,5,74.45,0,mist,CHEN,1
38.0,4.8,Buffet,motorcycle,22.84,43.0,0.0,clear sky,High,21.59,46.68333333,SUR,4,86.36,0,clear sky,SUR,1
34.0,4.6,Meal,electric scooter,24.83,88.0,0.0,mist,Moderate,9.82,26.28333333,GOA,3,29.46,0,mist,Other,0
27.0,4.5,Snack,motorcycle,19.64,68.0,0.0,haze,Low,4.13,18.1,JAP,2,8.26,0,haze,JAP,0
29.0,5.0,Drinks,motorcycle,23.02,83.0,0.0,haze,Very High,19.16,58.25,KOL,5,95.8,0,haze,Other,1
24.0,4.9,Drinks,motorcycle,22.81,43.0,0.0,clear sky,High,23.68,54.01666667,SUR,4,94.72,0,clear sky,SUR,1
21.0,4.9,Buffet,motorcycle,17.08,72.0,0.0,haze,Very Low,2.06,12.5,INDO,1,2.06,1,haze,INDO,0
33.0,4.4,Drinks,motorcycle,19.01,57.0,0.0,clear sky,Very Low,1.85,14.66666667,LUDH,1,1.85,1,clear sky,Other,0
35.0,4.7,Meal,motorcycle,17.84,68.0,0.0,clear sky,High,11.6,39.28333333,RANCHI,4,46.4,0,clear sky,RANCHI,0
35.0,4.7,Snack,scooter,24.95,73.0,0.0,mist,High,17.3,46.95,COIMB,4,69.2,0,mist,COIMB,1
29.0,4.6,Buffet,motorcycle,18.25,81.0,0.0,broken clouds,Low,7.18,22.46666667,MYS,2,14.36,0,clouds,MYS,0
29.0,4.8,Drinks,motorcycle,27.0,44.0,0.0,smoke,High,14.32,48.76666667,MUM,4,57.28,0,smoke,MUM,1
21.0,4.9,Buffet,motorcycle,19.17,65.0,0.0,clear sky,Very High,23.53,48.51666667,PUNE,5,117.65,0,clear sky,PUNE,1
29.0,4.6,Meal,motorcycle,19.89,93.0,0.0,mist,Very High,21.02,67.53333333,BANG,5,105.1,0,mist,BANG,1
22.0,4.7,Snack,motorcycle,19.9,93.0,0.0,mist,Very High,17.63,63.0,BANG,5,88.14999999999999,0,mist,BANG,1
29.0,4.6,Drinks,scooter,18.29,81.0,0.0,scattered clouds,Low,10.19,31.65,MYS,2,20.38,0,clouds,MYS,0
24.0,4.4,Meal,scooter,21.83,50.0,0.0,clear sky,High,18.98,36.25,AGR,4,75.92,0,clear sky,Other,0
23.0,4.9,Snack,scooter,17.91,77.0,0.0,scattered clouds,Very Low,2.54,13.3,MYS,1,2.54,1,clouds,MYS,0
27.0,4.6,Drinks,scooter,26.41,88.0,0.0,mist,Very Low,2.52,22.48333333,CHEN,1,2.52,1,mist,CHEN,0
33.0,4.1,Drinks,motorcycle,25.01,73.0,0.0,mist,High,15.4,48.71666667,COIMB,4,61.6,0,mist,COIMB,1
35.0,4.6,Meal,scooter,21.06,66.0,0.0,broken clouds,Very High,27.27,64.33333333,HYD,5,136.35,0,clouds,HYD,1
21.0,4.7,Buffet,scooter,24.86,73.0,0.0,mist,Low,5.93,24.41666667,COIMB,2,11.86,0,mist,COIMB,0
39.0,4.4,Meal,motorcycle,26.39,87.0,0.0,scattered clouds,Very High,23.37,75.83333333,CHEN,5,116.85000000000001,0,clouds,CHEN,1
34.0,4.8,Drinks,scooter,26.39,88.0,0.0,broken clouds,High,13.21,55.2,CHEN,4,52.84,0,clouds,CHEN,1
29.0,4.9,Drinks,motorcycle,23.45,43.0,0.0,clear sky,Low,8.82,29.51666667,SUR,2,17.64,0,clear sky,SUR,0
20.0,4.7,Buffet,scooter,26.97,44.0,0.0,smoke,Moderate,5.54,28.75,MUM,3,16.62,0,smoke,MUM,0
30.0,4.7,Drinks,motorcycle,17.65,68.0,0.0,clear sky,Moderate,14.22,35.23333333,RANCHI,3,42.660000000000004,0,clear sky,RANCHI,0
37.0,4.7,Buffet,scooter,12.01,81.0,0.0,clear sky,Very High,54.27,140.9833333,DEH,5,271.35,0,clear sky,Other,1
39.0,4.6,Drinks,motorcycle,17.06,72.0,0.0,haze,Low,6.41,29.26666667,INDO,2,12.82,0,haze,INDO,0
26.0,5.0,Drinks,motorcycle,21.25,64.0,0.0,broken clouds,Very High,22.72,66.73333333,HYD,5,113.6,0,clouds,HYD,1
21.0,4.7,Drinks,scooter,19.37,65.0,0.0,clear sky,High,21.93,49.48333333,PUNE,4,87.72,0,clear sky,PUNE,1
35.0,4.8,Snack,scooter,19.58,91.0,0.0,mist,Moderate,4.31,28.85,BANG,3,12.93,0,mist,BANG,0
39.0,4.6,Buffet,motorcycle,17.79,68.0,0.0,clear sky,Low,12.59,17.8,RANCHI,2,25.18,0,clear sky,RANCHI,0
39.0,5.0,Meal,motorcycle,19.74,93.0,0.0,mist,Very High,25.9,76.11666667,BANG,5,129.5,0,mist,BANG,1
27.0,4.9,Drinks,motorcycle,24.0,88.0,0.0,mist,High,15.83,52.71666667,KOC,4,63.32,0,mist,Other,1
33.0,4.8,Drinks,scooter,26.43,88.0,0.0,mist,Moderate,6.02,36.53333333,CHEN,3,18.06,0,mist,CHEN,0
33.0,4.8,Meal,motorcycle,21.2,67.0,0.0,broken clouds,Very High,53.49,58.71666667,HYD,5,267.45,0,clouds,HYD,1
37.0,4.7,Buffet,motorcycle,19.55,92.0,0.0,mist,Very High,18.21,51.03333333,BANG,5,91.05000000000001,0,mist,BANG,1
20.0,4.6,Drinks,motorcycle,24.95,73.0,0.0,mist,Low,4.82,26.48333333,COIMB,2,9.64,0,mist,COIMB,0
31.0,4.2,Drinks,scooter,18.93,65.0,0.0,clear sky,High,16.2,53.71666667,PUNE,4,64.8,0,clear sky,PUNE,1
27.0,4.6,Buffet,electric scooter,24.84,73.0,0.0,mist,Low,4.2,21.1,COIMB,2,8.4,0,mist,COIMB,0
37.0,4.9,Drinks,scooter,22.78,43.0,0.0,clear sky,Low,10.23,27.86666667,VAD,2,20.46,0,clear sky,Other,0
34.0,4.4,Buffet,scooter,19.73,93.0,0.0,mist,High,14.78,49.35,BANG,4,59.12,0,mist,BANG,1
25.0,4.7,Snack,motorcycle,23.97,78.0,0.0,mist,Moderate,12.1,34.96666667,COIMB,3,36.3,0,mist,COIMB,0
37.0,4.7,Meal,motorcycle,17.77,82.0,0.0,mist,Moderate,10.93,27.08333333,AURG,3,32.79,0,mist,Other,0
23.0,4.7,Meal,scooter,23.86,88.0,0.0,mist,High,15.03,41.5,KOC,4,60.12,0,mist,Other,0
27.0,5.0,Drinks,motorcycle,18.33,81.0,0.0,scattered clouds,Moderate,9.8,34.35,MYS,3,29.400000000000002,0,clouds,MYS,0
36.0,4.7,Snack,electric scooter,21.29,65.0,0.0,broken clouds,Moderate,6.88,27.25,HYD,3,20.64,0,clouds,HYD,0
30.0,4.3,Snack,motorcycle,19.97,47.0,0.0,clear sky,Very High,25.13,67.38333333,JAP,5,125.64999999999999,0,clear sky,JAP,1
28.0,4.7,Snack,scooter,25.06,73.0,0.0,mist,High,14.28,42.01666667,COIMB,4,57.12,0,mist,COIMB,0
20.0,4.7,Drinks,scooter,26.48,87.0,0.0,mist,High,12.4,51.91666667,CHEN,4,49.6,0,mist,CHEN,1
22.0,4.7,Buffet,motorcycle,19.21,65.0,0.0,clear sky,Very High,19.87,53.58333333,PUNE,5,99.35000000000001,0,clear sky,PUNE,1
28.0,4.7,Buffet,motorcycle,18.25,82.0,0.0,scattered clouds,High,23.28,41.6,MYS,4,93.12,0,clouds,MYS,0
34.0,4.8,Buffet,electric scooter,23.46,43.0,0.0,clear sky,Very Low,1.75,8.116666667,SUR,1,1.75,1,clear sky,SUR,0
25.0,4.8,Drinks,scooter,22.47,44.0,0.0,clear sky,High,20.94,47.51666667,VAD,4,83.76,0,clear sky,Other,1
38.0,5.0,Meal,scooter,17.74,82.0,0.0,mist,Moderate,12.01,32.78333333,AURG,3,36.03,0,mist,Other,0
34.0,3.5,Snack,motorcycle,19.99,68.0,0.0,haze,High,14.11,48.95,JAP,4,56.44,0,haze,JAP,1
24.0,4.9,Drinks,motorcycle,22.49,44.0,0.0,clear sky,High,20.49,42.5,VAD,4,81.96,0,clear sky,Other,0
33.0,4.6,Snack,motorcycle,17.54,69.0,0.0,clear sky,High,18.49,40.33333333,RANCHI,4,73.96,0,clear sky,RANCHI,0
21.0,4.6,Snack,scooter,22.97,83.0,0.0,haze,Low,4.22,23.93333333,KOL,2,8.44,0,haze,Other,0
25.0,4.6,Drinks,motorcycle,22.99,83.0,0.0,haze,Moderate,12.74,37.98333333,KOL,3,38.22,0,haze,Other,0
23.0,4.9,Buffet,motorcycle,22.85,43.0,0.0,clear sky,Low,8.42,18.58333333,VAD,2,16.84,0,clear sky,Other,0
34.0,4.9,Snack,motorcycle,19.01,56.0,0.0,clear sky,High,11.67,35.05,LUDH,4,46.68,0,clear sky,Other,0
25.0,4.7,Snack,scooter,21.29,64.0,0.0,overcast clouds,Very High,18.97,54.8,HYD,5,94.85,0,clouds,HYD,1
28.0,4.9,Drinks,electric scooter,21.98,55.0,0.0,clear sky,High,18.13,50.71666667,ALH,4,72.52,0,clear sky,Other,1
34.0,3.7,Buffet,scooter,19.42,65.0,0.0,clear sky,High,23.24,44.78333333,PUNE,4,92.96,0,clear sky,PUNE,0
24.0,4.5,Meal,scooter,19.66,46.0,0.0,clear sky,Very High,27.24,55.7,JAP,5,136.2,0,clear sky,JAP,1
31.0,5.0,Buffet,motorcycle,26.34,88.0,0.0,mist,Very High,13.61,56.36666667,CHEN,5,68.05,0,mist,CHEN,1
38.0,4.6,Buffet,scooter,26.22,44.0,0.0,smoke,High,13.14,42.95,MUM,4,52.56,0,smoke,MUM,0
32.0,4.8,Buffet,motorcycle,10.83,77.0,0.0,clear sky,Very High,27.89,84.85,DEH,5,139.45,0,clear sky,Other,1
28.0,5.0,Buffet,motorcycle,16.17,82.0,0.0,mist,Very High,26.49,67.9,AURG,5,132.45,0,mist,Other,1
29.0,4.5,Drinks,motorcycle,19.95,46.0,0.0,clear sky,High,17.28,54.65,JAP,4,69.12,0,clear sky,JAP,1
28.0,4.8,Drinks,electric scooter,26.4,73.0,0.0,scattered clouds,Very High,27.41,83.21666667,CHEN,5,137.05,0,clouds,CHEN,1
39.0,4.8,Drinks,motorcycle,18.26,81.0,0.0,scattered clouds,Moderate,12.79,32.76666667,MYS,3,38.37,0,clouds,MYS,0
26.0,4.8,Buffet,scooter,17.08,77.0,0.0,haze,Low,4.04,18.3,INDO,2,8.08,0,haze,INDO,0
33.0,4.8,Buffet,electric scooter,16.93,72.0,0.0,haze,Low,9.47,23.7,INDO,2,18.94,0,haze,INDO,0
37.0,4.9,Drinks,scooter,22.21,54.0,0.0,clear sky,Low,7.84,28.95,ALH,2,15.68,0,clear sky,Other,0
29.0,4.6,Drinks,scooter,19.66,91.0,0.0,mist,Very High,12.96,58.63333333,BANG,5,64.80000000000001,0,mist,BANG,1
24.0,4.6,Snack,motorcycle,24.97,73.0,0.0,mist,High,17.5,49.86666667,COIMB,4,70.0,0,mist,COIMB,1
36.0,5.0,Meal,motorcycle,17.02,82.0,0.0,mist,Very High,14.66,50.43333333,AURG,5,73.3,0,mist,Other,1
22.0,4.7,Snack,motorcycle,22.48,43.0,0.0,clear sky,Moderate,18.1,33.75,VAD,3,54.300000000000004,0,clear sky,Other,0
21.0,4.6,Meal,motorcycle,21.13,66.0,0.0,broken clouds,Moderate,6.69,22.31666667,HYD,3,20.07,0,clouds,HYD,0
29.0,5.0,Buffet,scooter,23.05,43.0,0.0,clear sky,Moderate,9.3,24.33333333,SUR,3,27.900000000000002,0,clear sky,SUR,0
33.0,4.7,Drinks,scooter,20.04,91.0,0.0,mist,Low,4.17,31.16666667,BANG,2,8.34,0,mist,BANG,0
27.0,4.1,Drinks,motorcycle,17.67,68.0,0.0,clear sky,Moderate,3.79,30.43333333,RANCHI,3,11.370000000000001,0,clear sky,RANCHI,0
29.0,4.6,Drinks,motorcycle,21.06,65.0,0.0,broken clouds,Very High,25.32,68.08333333,HYD,5,126.6,0,clouds,HYD,1
30.0,4.2,Buffet,motorcycle,22.87,42.0,0.0,clear sky,High,14.05,34.8,SUR,4,56.2,0,clear sky,SUR,0
20.0,4.9,Drinks,scooter,25.06,73.0,0.0,mist,High,14.28,47.01666667,COIMB,4,57.12,0,mist,COIMB,1
31.0,4.4,Buffet,motorcycle,19.72,93.0,0.0,mist,High,12.6,50.96666667,BANG,4,50.4,0,mist,BANG,1
36.0,4.6,Drinks,scooter,23.6,44.0,0.0,clear sky,Low,6.64,24.21666667,SUR,2,13.28,0,clear sky,SUR,0
39.0,4.9,Snack,motorcycle,19.99,68.0,0.0,haze,High,14.11,48.96666667,JAP,4,56.44,0,haze,JAP,1
32.0,4.7,Meal,motorcycle,21.26,65.0,0.0,broken clouds,Very High,23.38,59.81666667,HYD,5,116.89999999999999,0,clouds,HYD,1
30.0,3.8,Buffet,scooter,22.9,43.0,0.0,clear sky,High,15.72,36.26666667,SUR,4,62.88,0,clear sky,SUR,0
26.0,4.7,Meal,scooter,17.15,72.0,0.0,haze,Low,4.19,16.28333333,INDO,2,8.38,0,haze,INDO,0
29.0,4.6,Buffet,motorcycle,18.13,81.0,0.0,broken clouds,Very Low,3.01,12.95,MYS,1,3.01,0,clouds,MYS,0
21.0,4.9,Buffet,motorcycle,23.91,44.0,0.0,clear sky,Very Low,2.41,8.983333333,SUR,1,2.41,1,clear sky,SUR,0
23.0,4.6,Drinks,scooter,24.86,73.0,0.0,mist,Low,6.76,32.93333333,COIMB,2,13.52,0,mist,COIMB,0
22.0,4.9,Meal,motorcycle,23.39,43.0,0.0,clear sky,Very Low,3.09,7.55,SUR,1,3.09,0,clear sky,SUR,0
39.0,4.5,Drinks,motorcycle,23.51,43.0,0.0,clear sky,Low,6.65,24.75,SUR,2,13.3,0,clear sky,SUR,0
32.0,4.1,Drinks,scooter,26.36,88.0,0.0,mist,High,12.24,52.8,CHEN,4,48.96,0,mist,CHEN,1
25.0,4.7,Drinks,motorcycle,20.06,68.0,0.0,haze,High,23.52,55.85,JAP,4,94.08,0,haze,JAP,1
30.0,5.0,Snack,motorcycle,23.45,43.0,0.0,clear sky,Low,7.87,21.6,SUR,2,15.74,0,clear sky,SUR,0
25.0,4.8,Drinks,scooter,19.27,93.0,0.0,fog,Very High,24.47,72.26666667,BANG,5,122.35,0,other,BANG,1
26.0,4.7,Snack,scooter,25.01,73.0,0.0,mist,High,17.11,44.31666667,COIMB,4,68.44,0,mist,COIMB,0
30.0,4.6,Snack,motorcycle,24.96,73.0,0.0,mist,Low,8.08,26.56666667,COIMB,2,16.16,0,mist,COIMB,0
31.0,4.3,Drinks,motorcycle,21.67,52.0,0.0,clear sky,Moderate,7.2,37.33333333,AGR,3,21.6,0,clear sky,Other,0
33.0,4.8,Buffet,motorcycle,17.21,53.0,0.0,clear sky,High,18.15,39.15,INDO,4,72.6,0,clear sky,INDO,0
20.0,5.0,Drinks,scooter,27.84,39.0,0.0,smoke,Very High,16.91,66.88333333,MUM,5,84.55,0,smoke,MUM,1
36.0,4.3,Meal,scooter,18.05,77.0,0.0,scattered clouds,High,25.16,42.73333333,MYS,4,100.64,0,clouds,MYS,0
20.0,4.9,Snack,motorcycle,19.05,65.0,0.0,clear sky,High,16.57,48.4,PUNE,4,66.28,0,clear sky,PUNE,1
37.0,4.7,Meal,motorcycle,22.74,43.0,0.0,clear sky,Moderate,12.51,27.96666667,VAD,3,37.53,0,clear sky,Other,0
28.0,5.0,Buffet,scooter,19.81,46.0,0.0,clear sky,Very High,20.59,56.3,JAP,5,102.95,0,clear sky,JAP,1
39.0,3.5,Meal,motorcycle,19.42,93.0,0.0,mist,Very High,21.49,51.1,BANG,5,107.44999999999999,0,mist,BANG,1
31.0,4.0,Snack,scooter,21.18,65.0,0.0,broken clouds,High,16.52,46.93333333,HYD,4,66.08,0,clouds,HYD,1
30.0,4.9,Snack,motorcycle,21.15,67.0,0.0,broken clouds,High,11.89,36.08333333,HYD,4,47.56,0,clouds,HYD,0
27.0,4.9,Drinks,motorcycle,23.03,83.0,0.0,haze,High,20.49,55.85,KOL,4,81.96,0,haze,Other,1
30.0,4.9,Drinks,motorcycle,19.18,65.0,0.0,clear sky,High,12.57,47.01666667,PUNE,4,50.28,0,clear sky,PUNE,1
29.0,4.5,Snack,scooter,19.74,93.0,0.0,mist,Very High,25.9,80.38333333,BANG,5,129.5,0,mist,BANG,1
35.0,4.5,Meal,motorcycle,21.28,54.0,0.0,clear sky,Very High,32.49,49.53333333,AGR,5,162.45000000000002,0,clear sky,Other,1
34.0,4.9,Snack,motorcycle,17.03,72.0,0.0,haze,Low,3.9,18.83333333,INDO,2,7.8,0,haze,INDO,0
37.0,4.8,Buffet,scooter,24.98,73.0,0.0,mist,High,16.91,43.8,COIMB,4,67.64,0,mist,COIMB,0
34.0,4.9,Meal,motorcycle,19.37,68.0,0.0,haze,Moderate,6.02,27.35,JAP,3,18.06,0,haze,JAP,0
23.0,4.1,Meal,electric scooter,21.37,64.0,0.0,broken clouds,High,14.16,35.4,HYD,4,56.64,0,clouds,HYD,0
29.0,4.7,Snack,motorcycle,17.09,72.0,0.0,haze,Moderate,10.8,29.81666667,INDO,3,32.400000000000006,0,haze,INDO,0
26.0,4.1,Meal,motorcycle,18.93,64.0,0.0,clear sky,High,15.49,37.96666667,PUNE,4,61.96,0,clear sky,PUNE,0
34.0,4.9,Snack,motorcycle,17.74,82.0,0.0,mist,Moderate,12.01,36.78333333,AURG,3,36.03,0,mist,Other,0
21.0,4.7,Buffet,scooter,19.09,65.0,0.0,clear sky,Low,6.67,18.05,PUNE,2,13.34,0,clear sky,PUNE,0
35.0,4.6,Snack,motorcycle,25.06,73.0,0.0,mist,High,14.4,42.51666667,COIMB,4,57.6,0,mist,COIMB,0
20.0,4.7,Snack,electric scooter,18.86,46.0,0.0,clear sky,Very High,19.35,53.91666667,JAP,5,96.75,0,clear sky,JAP,1
24.0,4.1,Buffet,electric scooter,26.86,44.0,0.0,smoke,Very High,33.53,69.76666667,MUM,5,167.65,0,smoke,MUM,1
25.0,4.5,Snack,scooter,19.75,92.0,0.0,mist,High,10.27,39.86666667,BANG,4,41.08,0,mist,BANG,0
22.0,4.8,Drinks,scooter,27.0,44.0,0.0,smoke,Moderate,7.65,35.11666667,MUM,3,22.950000000000003,0,smoke,MUM,0
38.0,4.7,Meal,motorcycle,17.41,69.0,0.0,clear sky,High,18.92,35.5,RANCHI,4,75.68,0,clear sky,RANCHI,0
29.0,4.3,Meal,scooter,19.66,91.0,0.0,mist,High,10.93,36.43333333,BANG,4,43.72,0,mist,BANG,0
24.0,4.8,Snack,scooter,19.89,93.0,0.0,mist,Very High,21.02,71.66666667,BANG,5,105.1,0,mist,BANG,1
36.0,4.8,Buffet,motorcycle,9.18,82.0,0.0,clear sky,Very High,59.67,157.75,DEH,5,298.35,0,clear sky,Other,1
31.0,4.7,Buffet,electric scooter,19.35,45.0,0.0,clear sky,Moderate,10.56,30.86666667,JAP,3,31.68,0,clear sky,JAP,0
20.0,4.8,Snack,scooter,18.17,81.0,0.0,scattered clouds,Moderate,8.24,33.38333333,MYS,3,24.72,0,clouds,MYS,0
25.0,4.6,Snack,scooter,18.29,58.0,0.0,clear sky,High,12.11,35.91666667,BHP,4,48.44,0,clear sky,Other,0
23.0,5.0,Meal,scooter,19.91,93.0,0.0,mist,Very High,26.03,73.21666667,BANG,5,130.15,0,mist,BANG,1
39.0,4.7,Buffet,motorcycle,19.35,45.0,0.0,clear sky,Moderate,10.56,30.86666667,JAP,3,31.68,0,clear sky,JAP,0
21.0,4.7,Snack,motorcycle,18.13,82.0,0.0,broken clouds,High,21.93,38.71666667,MYS,4,87.72,0,clouds,MYS,0
32.0,4.7,Drinks,scooter,17.06,72.0,0.0,haze,Moderate,8.35,32.68333333,INDO,3,25.049999999999997,0,haze,INDO,0
36.0,4.9,Drinks,motorcycle,17.85,67.0,0.0,clear sky,Very High,25.71,63.76666667,RANCHI,5,128.55,0,clear sky,RANCHI,1
38.0,4.8,Snack,motorcycle,24.95,73.0,0.0,mist,High,13.88,44.56666667,COIMB,4,55.52,0,mist,COIMB,0
34.0,4.3,Snack,motorcycle,19.74,93.0,0.0,mist,Very High,21.87,66.51666667,BANG,5,109.35000000000001,0,mist,BANG,1
23.0,2.5,Buffet,motorcycle,22.83,43.0,0.0,clear sky,High,21.72,47.76666667,SUR,4,86.88,0,clear sky,SUR,1
32.0,3.6,Meal,scooter,17.79,82.0,0.0,broken clouds,High,25.55,43.6,MYS,4,102.2,0,clouds,MYS,0
31.0,4.8,Meal,motorcycle,19.49,91.0,0.0,mist,Low,3.2,15.91666667,BANG,2,6.4,0,mist,BANG,0
22.0,4.6,Buffet,motorcycle,18.34,82.0,0.0,scattered clouds,Moderate,16.37,30.58333333,MYS,3,49.11,0,clouds,MYS,0
34.0,3.9,Drinks,electric scooter,18.43,82.0,0.0,broken clouds,High,17.5,43.03333333,MYS,4,70.0,0,clouds,MYS,0
39.0,4.8,Meal,motorcycle,17.73,67.0,0.0,clear sky,Very High,26.18,56.56666667,RANCHI,5,130.9,0,clear sky,RANCHI,1
21.0,5.0,Buffet,motorcycle,20.18,68.0,0.0,haze,High,16.14,34.05,JAP,4,64.56,0,haze,JAP,0
34.0,3.9,Meal,scooter,21.29,64.0,0.0,broken clouds,High,17.82,45.61666667,HYD,4,71.28,0,clouds,HYD,1
28.0,4.9,Meal,motorcycle,26.31,88.0,0.0,scattered clouds,Very High,16.04,58.2,CHEN,5,80.19999999999999,0,clouds,CHEN,1
34.0,4.9,Buffet,motorcycle,23.83,44.0,0.0,clear sky,Very Low,1.95,9.716666667,SUR,1,1.95,1,clear sky,SUR,0
21.0,4.7,Meal,motorcycle,19.07,93.0,0.0,fog,Very High,24.07,55.2,BANG,5,120.35,0,other,BANG,1
30.0,4.6,Snack,electric scooter,17.12,72.0,0.0,haze,Low,4.63,17.0,INDO,2,9.26,0,haze,INDO,0
36.0,5.0,Drinks,scooter,24.96,73.0,0.0,mist,Moderate,11.41,38.43333333,COIMB,3,34.230000000000004,0,mist,COIMB,0
25.0,4.5,Meal,motorcycle,18.94,65.0,0.0,clear sky,Low,5.03,15.98333333,PUNE,2,10.06,0,clear sky,PUNE,0
38.0,4.3,Snack,scooter,19.49,93.0,0.0,mist,Very High,22.27,69.36666667,BANG,5,111.35,0,mist,BANG,1
24.0,5.0,Drinks,scooter,27.01,44.0,0.0,smoke,Moderate,8.2,40.43333333,MUM,3,24.599999999999998,0,smoke,MUM,0
31.0,4.7,Snack,electric scooter,22.63,43.0,0.0,clear sky,Moderate,15.98,34.9,VAD,3,47.94,0,clear sky,Other,0
27.0,4.6,Drinks,motorcycle,21.29,64.0,0.0,overcast clouds,Very High,19.41,57.81666667,HYD,5,97.05,0,clouds,HYD,1
23.0,4.8,Buffet,motorcycle,19.61,92.0,0.0,mist,Low,4.37,20.93333333,BANG,2,8.74,0,mist,BANG,0
29.0,4.6,Snack,scooter,17.23,69.0,0.0,clear sky,High,19.93,40.68333333,RANCHI,4,79.72,0,clear sky,RANCHI,0
25.0,4.7,Meal,scooter,19.18,93.0,0.0,mist,Very High,25.06,68.35,BANG,5,125.3,0,mist,BANG,1
38.0,4.5,Drinks,electric scooter,17.08,72.0,0.0,haze,Very Low,2.21,19.68333333,INDO,1,2.21,1,haze,INDO,0
32.0,4.8,Drinks,motorcycle,25.02,73.0,0.0,mist,High,15.95,45.23333333,COIMB,4,63.8,0,mist,COIMB,1
22.0,4.3,Buffet,motorcycle,19.69,68.0,0.0,haze,High,14.04,36.3,JAP,4,56.16,0,haze,JAP,0
35.0,4.9,Drinks,scooter,22.85,43.0,0.0,clear sky,Low,6.59,24.0,VAD,2,13.18,0,clear sky,Other,0
35.0,4.1,Buffet,motorcycle,18.07,78.0,0.0,scattered clouds,High,26.02,46.98333333,MYS,4,104.08,0,clouds,MYS,1
22.0,3.5,Meal,motorcycle,19.14,65.0,0.0,clear sky,High,13.2,32.46666667,PUNE,4,52.8,0,clear sky,PUNE,0
29.0,4.6,Buffet,scooter,17.08,72.0,0.0,haze,Very Low,1.96,13.78333333,INDO,1,1.96,1,haze,INDO,0
28.0,4.9,Snack,scooter,19.9,93.0,0.0,mist,High,10.9,40.81666667,BANG,4,43.6,0,mist,BANG,0
35.0,3.6,Meal,motorcycle,17.77,68.0,0.0,clear sky,High,18.75,34.95,RANCHI,4,75.0,0,clear sky,RANCHI,0
38.0,4.8,Meal,scooter,18.24,57.0,0.0,clear sky,High,13.62,32.7,BHP,4,54.48,0,clear sky,Other,0
31.0,5.0,Meal,motorcycle,27.84,39.0,0.0,smoke,Very High,16.91,58.33333333,MUM,5,84.55,0,smoke,MUM,1
26.0,5.0,Buffet,scooter,22.27,54.0,0.0,clear sky,Moderate,5.76,23.98333333,ALH,3,17.28,0,clear sky,Other,0
36.0,4.4,Snack,motorcycle,18.76,93.0,0.0,fog,Very High,22.12,55.0,BANG,5,110.60000000000001,0,other,BANG,1
26.0,4.6,Drinks,motorcycle,23.86,78.0,0.0,mist,Moderate,7.51,33.13333333,COIMB,3,22.53,0,mist,COIMB,0
38.0,4.1,Snack,scooter,18.55,59.0,0.0,clear sky,Very High,43.62,57.98333333,LUDH,5,218.1,0,clear sky,Other,1
25.0,4.3,Meal,scooter,19.95,46.0,0.0,clear sky,High,16.52,43.93333333,JAP,4,66.08,0,clear sky,JAP,0
25.0,5.0,Drinks,scooter,19.54,92.0,0.0,mist,Very Low,5.42,21.68333333,BANG,1,5.42,0,mist,BANG,0
29.0,4.6,Snack,motorcycle,26.42,87.0,0.0,mist,Moderate,7.57,29.86666667,CHEN,3,22.71,0,mist,CHEN,0
29.0,4.6,Snack,scooter,26.96,44.0,0.0,smoke,Moderate,11.55,34.36666667,MUM,3,34.650000000000006,0,smoke,MUM,0
33.0,4.2,Meal,scooter,26.5,87.0,0.0,mist,Low,5.02,18.53333333,CHEN,2,10.04,0,mist,CHEN,0
39.0,4.9,Buffet,motorcycle,25.05,73.0,0.0,mist,High,15.17,37.98333333,COIMB,4,60.68,0,mist,COIMB,0
34.0,4.5,Snack,motorcycle,18.25,81.0,0.0,broken clouds,Low,7.21,24.78333333,MYS,2,14.42,0,clouds,MYS,0
37.0,4.2,Buffet,motorcycle,21.58,66.0,0.0,broken clouds,Low,6.99,21.56666667,HYD,2,13.98,0,clouds,HYD,0
36.0,4.8,Meal,motorcycle,19.61,68.0,0.0,haze,Moderate,8.25,22.33333333,JAP,3,24.75,0,haze,JAP,0
29.0,4.9,Meal,motorcycle,18.97,65.0,0.0,clear sky,High,17.24,41.86666667,PUNE,4,68.96,0,clear sky,PUNE,0
30.0,4.4,Buffet,electric scooter,22.79,43.0,0.0,clear sky,High,20.21,42.15,SUR,4,80.84,0,clear sky,SUR,0
32.0,5.0,Buffet,motorcycle,22.66,43.0,0.0,clear sky,Moderate,13.63,30.21666667,VAD,3,40.89,0,clear sky,Other,0
21.0,4.8,Meal,motorcycle,18.93,65.0,0.0,clear sky,High,16.2,43.88333333,PUNE,4,64.8,0,clear sky,PUNE,0
24.0,4.2,Drinks,scooter,19.03,93.0,0.0,fog,Very High,24.12,62.36666667,BANG,5,120.60000000000001,0,other,BANG,1
28.0,4.9,Snack,motorcycle,17.23,53.0,0.0,clear sky,Moderate,17.48,33.85,INDO,3,52.44,0,clear sky,INDO,0
21.0,5.0,Meal,scooter,17.64,69.0,0.0,clear sky,Moderate,12.82,21.6,RANCHI,3,38.46,0,clear sky,RANCHI,0
24.0,4.8,Snack,motorcycle,22.79,43.0,0.0,clear sky,Very High,28.79,63.0,SUR,5,143.95,0,clear sky,SUR,1
35.0,4.8,Buffet,scooter,17.88,82.0,0.0,mist,Low,6.11,20.35,AURG,2,12.22,0,mist,Other,0
25.0,4.5,Buffet,motorcycle,22.99,83.0,0.0,haze,Very High,15.04,49.01666667,KOL,5,75.19999999999999,0,haze,Other,1
20.0,5.0,Snack,motorcycle,19.6,68.0,0.0,haze,Very High,15.24,56.96666667,JAP,5,76.2,0,haze,JAP,1
23.0,4.7,Meal,scooter,18.34,82.0,0.0,broken clouds,High,14.43,38.41666667,MYS,4,57.72,0,clouds,MYS,0
28.0,4.7,Meal,scooter,18.12,77.0,0.0,scattered clouds,Moderate,20.5,29.53333333,MYS,3,61.5,0,clouds,MYS,0
31.0,4.8,Meal,motorcycle,17.85,68.0,0.0,clear sky,High,15.62,40.15,RANCHI,4,62.48,0,clear sky,RANCHI,0
28.0,4.5,Buffet,scooter,19.83,68.0,0.0,haze,High,14.26,41.81666667,JAP,4,57.04,0,haze,JAP,0
20.0,3.9,Buffet,motorcycle,18.95,56.0,0.0,clear sky,High,13.59,37.96666667,LUDH,4,54.36,0,clear sky,Other,0
26.0,4.9,Buffet,scooter,19.96,47.0,0.0,clear sky,Very High,23.51,62.81666667,JAP,5,117.55000000000001,0,clear sky,JAP,1
24.0,4.8,Snack,motorcycle,19.21,64.0,0.0,clear sky,Low,2.89,15.23333333,PUNE,2,5.78,1,clear sky,PUNE,0
35.0,4.8,Buffet,motorcycle,24.97,73.0,0.0,mist,High,17.5,47.88333333,COIMB,4,70.0,0,mist,COIMB,1
31.0,4.7,Snack,electric scooter,17.09,72.0,0.0,haze,Low,6.95,21.26666667,INDO,2,13.9,0,haze,INDO,0
20.0,4.7,Drinks,motorcycle,23.03,83.0,0.0,haze,High,15.68,51.21666667,KOL,4,62.72,0,haze,Other,1
32.0,4.0,Snack,motorcycle,17.03,72.0,0.0,haze,Low,2.18,16.28333333,INDO,2,4.36,1,haze,INDO,0
25.0,4.7,Buffet,scooter,18.32,58.0,0.0,clear sky,Low,7.43,22.16666667,BHP,2,14.86,0,clear sky,Other,0
29.0,5.0,Snack,motorcycle,22.85,43.0,0.0,clear sky,Low,6.68,17.53333333,VAD,2,13.36,0,clear sky,Other,0
20.0,4.8,Drinks,scooter,18.96,68.0,0.0,haze,Moderate,10.08,33.48333333,JAP,3,30.240000000000002,0,haze,JAP,0
23.0,4.7,Snack,motorcycle,19.91,47.0,0.0,clear sky,Very High,28.89,62.56666667,JAP,5,144.45,0,clear sky,JAP,1
33.0,5.0,Meal,scooter,17.23,53.0,0.0,clear sky,High,19.18,34.9,INDO,4,76.72,0,clear sky,INDO,0
24.0,4.8,Drinks,motorcycle,25.12,73.0,0.0,mist,Very High,21.62,58.65,COIMB,5,108.10000000000001,0,mist,COIMB,1
25.0,4.8,Drinks,motorcycle,27.01,44.0,0.0,smoke,High,11.59,48.56666667,MUM,4,46.36,0,smoke,MUM,1
29.0,4.6,Drinks,motorcycle,23.01,43.0,0.0,clear sky,Moderate,11.64,39.0,SUR,3,34.92,0,clear sky,SUR,0
31.0,4.4,Buffet,scooter,19.15,64.0,0.0,clear sky,High,26.35,46.71666667,PUNE,4,105.4,0,clear sky,PUNE,1
38.0,4.8,Meal,electric scooter,18.33,81.0,0.0,scattered clouds,Moderate,9.8,25.31666667,MYS,3,29.400000000000002,0,clouds,MYS,0
22.0,4.6,Snack,motorcycle,8.21,80.0,0.0,clear sky,Very High,32.95,87.36666667,DEH,5,164.75,0,clear sky,Other,1
35.0,4.7,Buffet,electric scooter,23.91,44.0,0.0,clear sky,Very Low,1.88,8.266666667,SUR,1,1.88,1,clear sky,SUR,0
34.0,3.8,Meal,scooter,22.79,43.0,0.0,clear sky,High,20.19,42.15,SUR,4,80.76,0,clear sky,SUR,0
20.0,4.8,Snack,scooter,26.42,87.0,0.0,broken clouds,Very High,17.05,67.26666667,CHEN,5,85.25,0,clouds,CHEN,1
20.0,3.5,Buffet,motorcycle,22.85,43.0,0.0,clear sky,Low,7.37,16.58333333,VAD,2,14.74,0,clear sky,Other,0
30.0,4.2,Meal,scooter,25.02,73.0,0.0,mist,High,15.95,36.31666667,COIMB,4,63.8,0,mist,COIMB,0
29.0,4.6,Snack,motorcycle,23.91,44.0,0.0,clear sky,Very Low,4.05,14.86666667,SUR,1,4.05,0,clear sky,SUR,0
35.0,4.0,Snack,scooter,21.86,55.0,0.0,clear sky,Very High,19.8,54.51666667,ALH,5,99.0,0,clear sky,Other,1
28.0,4.8,Snack,scooter,23.78,78.0,0.0,mist,Low,2.85,18.13333333,COIMB,2,5.7,1,mist,COIMB,0
22.0,5.0,Meal,scooter,17.12,72.0,0.0,haze,Moderate,9.82,31.65,INDO,3,29.46,0,haze,INDO,0
23.0,4.8,Drinks,motorcycle,24.84,73.0,0.0,mist,High,15.4,49.61666667,COIMB,4,61.6,0,mist,COIMB,1
22.0,4.9,Meal,scooter,19.31,64.0,0.0,clear sky,Low,5.05,18.16666667,PUNE,2,10.1,0,clear sky,PUNE,0
34.0,4.6,Buffet,motorcycle,17.79,68.0,0.0,clear sky,High,14.53,41.0,RANCHI,4,58.12,0,clear sky,RANCHI,0
30.0,4.7,Snack,motorcycle,17.16,72.0,0.0,haze,Very Low,2.16,13.3,INDO,1,2.16,1,haze,INDO,0
20.0,4.8,Snack,motorcycle,22.84,43.0,0.0,clear sky,Low,8.57,21.0,VAD,2,17.14,0,clear sky,Other,0
20.0,5.0,Meal,motorcycle,22.9,43.0,0.0,clear sky,High,14.64,33.85,SUR,4,58.56,0,clear sky,SUR,0
39.0,4.6,Drinks,scooter,18.9,57.0,0.0,clear sky,Moderate,7.95,31.85,LUDH,3,23.85,0,clear sky,Other,0
27.0,4.7,Meal,scooter,17.66,68.0,0.0,clear sky,Low,4.98,20.11666667,RANCHI,2,9.96,0,clear sky,RANCHI,0
35.0,4.8,Buffet,electric scooter,19.62,68.0,0.0,haze,Low,4.61,18.83333333,JAP,2,9.22,0,haze,JAP,0
24.0,4.8,Meal,motorcycle,19.24,64.0,0.0,clear sky,Very High,27.63,54.36666667,PUNE,5,138.15,0,clear sky,PUNE,1
25.0,4.9,Snack,motorcycle,18.24,57.0,0.0,clear sky,High,13.6,37.15,BHP,4,54.4,0,clear sky,Other,0
28.0,4.8,Meal,motorcycle,19.0,64.0,0.0,clear sky,Moderate,10.75,30.88333333,PUNE,3,32.25,0,clear sky,PUNE,0
33.0,4.6,Drinks,scooter,26.59,44.0,0.0,smoke,Very High,22.07,77.95,MUM,5,110.35,0,smoke,MUM,1
35.0,4.9,Meal,scooter,19.73,68.0,0.0,haze,High,9.76,33.7,JAP,4,39.04,0,haze,JAP,0
30.0,4.9,Drinks,motorcycle,26.45,87.0,0.0,scattered clouds,Very High,18.75,72.46666667,CHEN,5,93.75,0,clouds,CHEN,1
31.0,4.9,Snack,motorcycle,26.54,88.0,0.0,mist,High,12.35,45.58333333,CHEN,4,49.4,0,mist,CHEN,1
31.0,4.8,Drinks,scooter,19.26,93.0,0.0,mist,Very High,16.5,64.5,BANG,5,82.5,0,mist,BANG,1
33.0,5.0,Drinks,scooter,26.88,44.0,0.0,smoke,Low,4.64,33.6,MUM,2,9.28,0,smoke,MUM,0
39.0,4.6,Buffet,scooter,18.25,58.0,0.0,clear sky,Very High,22.56,48.38333333,BHP,5,112.8,0,clear sky,Other,1
37.0,4.5,Snack,motorcycle,21.75,56.0,0.0,clear sky,Moderate,12.98,34.31666667,KNP,3,38.94,0,clear sky,Other,0
26.0,4.8,Drinks,motorcycle,19.58,68.0,0.0,haze,Moderate,6.14,35.8,JAP,3,18.419999999999998,0,haze,JAP,0
35.0,4.4,Buffet,motorcycle,17.72,68.0,0.0,clear sky,High,9.75,36.68333333,RANCHI,4,39.0,0,clear sky,RANCHI,0
29.0,4.8,Buffet,scooter,22.99,83.0,0.0,haze,Very Low,1.91,12.31666667,KOL,1,1.91,1,haze,Other,0
24.0,4.8,Drinks,motorcycle,19.22,65.0,0.0,clear sky,Very Low,2.51,18.9,PUNE,1,2.51,1,clear sky,PUNE,0
25.0,4.9,Drinks,electric scooter,19.71,47.0,0.0,clear sky,Very High,29.11,68.25,JAP,5,145.55,0,clear sky,JAP,1
20.0,4.5,Drinks,motorcycle,18.99,65.0,0.0,few clouds,Moderate,9.33,34.65,PUNE,3,27.990000000000002,0,clouds,PUNE,0
28.0,5.0,Snack,scooter,23.09,43.0,0.0,clear sky,High,13.76,35.06666667,SUR,4,55.04,0,clear sky,SUR,0
29.0,5.0,Buffet,motorcycle,17.82,68.0,0.0,clear sky,Very Low,1.79,7.383333333,RANCHI,1,1.79,1,clear sky,RANCHI,0
37.0,4.8,Meal,motorcycle,17.67,68.0,0.0,clear sky,Moderate,3.94,21.48333333,RANCHI,3,11.82,0,clear sky,RANCHI,0
30.0,4.8,Drinks,electric scooter,22.97,83.0,0.0,haze,Low,2.59,22.08333333,KOL,2,5.18,1,haze,Other,0
23.0,5.0,Buffet,scooter,25.12,73.0,0.0,mist,High,17.58,43.91666667,COIMB,4,70.32,0,mist,COIMB,0
36.0,4.5,Snack,motorcycle,18.88,56.0,0.0,clear sky,High,14.9,47.86666667,LUDH,4,59.6,0,clear sky,Other,1
39.0,4.5,Drinks,motorcycle,21.19,64.0,0.0,overcast clouds,Very High,22.5,64.68333333,HYD,5,112.5,0,clouds,HYD,1
28.0,4.9,Meal,motorcycle,19.75,92.0,0.0,mist,High,13.06,45.18333333,BANG,4,52.24,0,mist,BANG,1
32.0,4.8,Drinks,scooter,26.99,44.0,0.0,smoke,Low,3.81,32.01666667,MUM,2,7.62,0,smoke,MUM,0
38.0,4.9,Snack,motorcycle,21.4,64.0,0.0,broken clouds,Very High,16.83,53.71666667,HYD,5,84.14999999999999,0,clouds,HYD,1
35.0,4.8,Meal,scooter,17.86,77.0,0.0,scattered clouds,High,24.99,34.51666667,MYS,4,99.96,0,clouds,MYS,0
33.0,4.8,Snack,motorcycle,22.99,83.0,0.0,haze,Moderate,10.98,34.68333333,KOL,3,32.94,0,haze,Other,0
27.0,4.9,Buffet,motorcycle,21.2,67.0,0.0,broken clouds,Very High,53.49,60.63333333,HYD,5,267.45,0,clouds,HYD,1
28.0,4.9,Meal,scooter,17.15,72.0,0.0,haze,High,17.07,37.35,INDO,4,68.28,0,haze,INDO,0
27.0,4.6,Snack,motorcycle,26.53,87.0,0.0,mist,Moderate,9.73,37.7,CHEN,3,29.19,0,mist,CHEN,0
23.0,5.0,Snack,electric scooter,19.62,93.0,0.0,mist,Very High,14.88,54.6,BANG,5,74.4,0,mist,BANG,1
37.0,4.2,Drinks,scooter,25.06,73.0,0.0,mist,Moderate,14.79,42.76666667,COIMB,3,44.37,0,mist,COIMB,0
36.0,4.9,Buffet,motorcycle,26.45,87.0,0.0,scattered clouds,Very High,17.27,63.58333333,CHEN,5,86.35,0,clouds,CHEN,1
38.0,4.8,Buffet,motorcycle,17.83,68.0,0.0,clear sky,High,11.07,38.46666667,RANCHI,4,44.28,0,clear sky,RANCHI,0
38.0,4.8,Drinks,motorcycle,24.96,48.0,0.0,clear sky,Moderate,13.2,38.1,MUM,3,39.599999999999994,0,clear sky,MUM,0
31.0,4.4,Meal,motorcycle,21.25,65.0,0.0,broken clouds,High,15.76,41.7,HYD,4,63.04,0,clouds,HYD,0
21.0,4.2,Snack,motorcycle,21.41,64.0,0.0,broken clouds,Low,3.75,17.91666667,HYD,2,7.5,0,clouds,HYD,0
26.0,4.7,Drinks,scooter,25.15,73.0,0.0,mist,High,21.28,55.18333333,COIMB,4,85.12,0,mist,COIMB,1
23.0,4.9,Snack,motorcycle,19.03,65.0,0.0,few clouds,High,16.48,44.01666667,PUNE,4,65.92,0,clouds,PUNE,0
36.0,4.8,Meal,scooter,17.58,69.0,0.0,clear sky,High,15.03,37.1,RANCHI,4,60.12,0,clear sky,RANCHI,0
29.0,4.6,Meal,motorcycle,24.99,73.0,0.0,mist,High,14.95,44.88333333,COIMB,4,59.8,0,mist,COIMB,0
34.0,4.7,Buffet,motorcycle,19.66,91.0,0.0,mist,High,10.68,38.13333333,BANG,4,42.72,0,mist,BANG,0
20.0,4.9,Buffet,motorcycle,25.03,73.0,0.0,mist,High,18.08,48.83333333,COIMB,4,72.32,0,mist,COIMB,1
25.0,4.1,Buffet,motorcycle,23.97,78.0,0.0,mist,Moderate,12.1,33.18333333,COIMB,3,36.3,0,mist,COIMB,0
36.0,4.6,Drinks,motorcycle,17.19,72.0,0.0,haze,High,19.3,55.0,INDO,4,77.2,0,haze,INDO,1
27.0,4.7,Snack,motorcycle,26.52,87.0,0.0,mist,Very High,18.88,62.9,CHEN,5,94.39999999999999,0,mist,CHEN,1
35.0,4.1,Meal,motorcycle,17.81,82.0,0.0,mist,Low,6.22,20.48333333,AURG,2,12.44,0,mist,Other,0
31.0,4.8,Meal,scooter,18.22,81.0,0.0,broken clouds,Moderate,11.33,29.1,MYS,3,33.99,0,clouds,MYS,0
23.0,5.0,Drinks,scooter,19.95,46.0,0.0,clear sky,Very High,20.5,61.51666667,JAP,5,102.5,0,clear sky,JAP,1
23.0,4.5,Drinks,scooter,19.5,93.0,0.0,mist,Very High,30.56,90.46666667,BANG,5,152.79999999999998,0,mist,BANG,1
29.0,4.8,Snack,motorcycle,24.84,73.0,0.0,mist,Moderate,7.5,31.18333333,COIMB,3,22.5,0,mist,COIMB,0
30.0,5.0,Meal,scooter,17.77,82.0,0.0,mist,High,14.12,36.25,AURG,4,56.48,0,mist,Other,0
39.0,4.9,Meal,motorcycle,21.4,67.0,0.0,broken clouds,Low,4.85,17.15,HYD,2,9.7,0,clouds,HYD,0
34.0,4.3,Meal,motorcycle,17.66,68.0,0.0,clear sky,Moderate,7.34,28.55,RANCHI,3,22.02,0,clear sky,RANCHI,0
36.0,4.8,Buffet,motorcycle,22.93,42.0,0.0,clear sky,Low,5.29,13.51666667,VAD,2,10.58,0,clear sky,Other,0
30.0,4.9,Drinks,motorcycle,21.42,64.0,0.0,broken clouds,Very High,17.81,58.03333333,HYD,5,89.05,0,clouds,HYD,1
29.0,4.8,Drinks,motorcycle,22.85,43.0,0.0,clear sky,Low,6.55,21.71666667,VAD,2,13.1,0,clear sky,Other,0
24.0,4.7,Meal,scooter,23.01,43.0,0.0,clear sky,Moderate,11.3,27.7,SUR,3,33.900000000000006,0,clear sky,SUR,0
37.0,4.8,Drinks,motorcycle,26.31,88.0,0.0,mist,Low,4.61,31.35,CHEN,2,9.22,0,mist,CHEN,0
29.0,4.6,Drinks,motorcycle,26.45,87.0,0.0,scattered clouds,Very High,20.12,80.21666667,CHEN,5,100.60000000000001,0,clouds,CHEN,1
30.0,4.8,Drinks,motorcycle,22.99,43.0,0.0,clear sky,High,14.18,41.0,SUR,4,56.72,0,clear sky,SUR,0
21.0,4.7,Buffet,motorcycle,21.36,67.0,0.0,broken clouds,Moderate,8.47,24.2,HYD,3,25.410000000000004,0,clouds,HYD,0
33.0,4.7,Snack,motorcycle,26.14,88.0,0.0,mist,High,9.39,45.6,CHEN,4,37.56,0,mist,CHEN,1
39.0,4.4,Meal,motorcycle,18.4,82.0,0.0,scattered clouds,Moderate,17.73,28.55,MYS,3,53.19,0,clouds,MYS,0
25.0,4.8,Drinks,motorcycle,19.75,92.0,0.0,mist,High,12.38,51.26666667,BANG,4,49.52,0,mist,BANG,1
26.0,4.7,Meal,motorcycle,18.86,57.0,0.0,clear sky,High,12.96,35.03333333,LUDH,4,51.84,0,clear sky,Other,0
30.0,5.0,Drinks,scooter,22.9,42.0,0.0,clear sky,Low,2.9,20.05,VAD,2,5.8,1,clear sky,Other,0
37.0,4.7,Meal,motorcycle,24.48,58.0,0.0,scattered clouds,Low,6.13,21.4,GOA,2,12.26,0,clouds,Other,0
39.0,4.7,Buffet,motorcycle,16.56,75.0,0.0,clear sky,Low,3.71,15.23333333,DEH,2,7.42,0,clear sky,Other,0
21.0,4.9,Snack,motorcycle,17.21,53.0,0.0,clear sky,High,14.73,39.41666667,INDO,4,58.92,0,clear sky,INDO,0
31.0,4.1,Meal,motorcycle,18.22,81.0,0.0,broken clouds,Moderate,10.31,24.81666667,MYS,3,30.93,0,clouds,MYS,0
38.0,4.9,Snack,scooter,18.62,68.0,0.0,haze,High,15.44,49.98333333,JAP,4,61.76,0,haze,JAP,1
35.0,4.9,Meal,motorcycle,21.37,53.0,0.0,clear sky,Very High,22.5,48.91666667,AGR,5,112.5,0,clear sky,Other,1
31.0,4.8,Meal,scooter,25.01,73.0,0.0,mist,Moderate,12.26,32.78333333,COIMB,3,36.78,0,mist,COIMB,0
39.0,4.2,Snack,scooter,26.14,88.0,0.0,mist,Moderate,6.28,34.15,CHEN,3,18.84,0,mist,CHEN,0
29.0,4.6,Snack,scooter,21.4,64.0,0.0,broken clouds,Moderate,10.22,29.81666667,HYD,3,30.660000000000004,0,clouds,HYD,0
25.0,4.8,Buffet,scooter,23.12,43.0,0.0,clear sky,Moderate,8.78,24.2,SUR,3,26.339999999999996,0,clear sky,SUR,0
38.0,5.0,Meal,motorcycle,26.14,88.0,0.0,mist,Moderate,6.28,30.15,CHEN,3,18.84,0,mist,CHEN,0
39.0,4.9,Buffet,motorcycle,19.84,93.0,0.0,mist,High,12.09,39.46666667,BANG,4,48.36,0,mist,BANG,0
33.0,4.3,Drinks,motorcycle,17.72,68.0,0.0,clear sky,Moderate,7.87,39.56666667,RANCHI,3,23.61,0,clear sky,RANCHI,0
30.0,4.7,Snack,motorcycle,19.46,93.0,0.0,mist,Moderate,7.78,37.0,BANG,3,23.34,0,mist,BANG,0
30.0,4.4,Snack,scooter,22.35,43.0,0.0,clear sky,High,24.27,41.95,VAD,4,97.08,0,clear sky,Other,0
21.0,4.9,Meal,motorcycle,19.63,68.0,0.0,haze,Moderate,6.11,24.0,JAP,3,18.330000000000002,0,haze,JAP,0
20.0,4.5,Drinks,motorcycle,17.67,68.0,0.0,clear sky,Moderate,8.21,33.51666667,RANCHI,3,24.630000000000003,0,clear sky,RANCHI,0
26.0,4.6,Buffet,motorcycle,17.93,82.0,0.0,mist,Low,4.13,18.9,AURG,2,8.26,0,mist,Other,0
31.0,4.3,Buffet,motorcycle,22.23,54.0,0.0,clear sky,Low,4.7,17.71666667,ALH,2,9.4,0,clear sky,Other,0
32.0,5.0,Meal,scooter,27.05,44.0,0.0,smoke,Very High,32.41,75.76666667,MUM,5,162.04999999999998,0,smoke,MUM,1
23.0,4.9,Snack,motorcycle,23.39,43.0,0.0,clear sky,Low,4.21,19.83333333,SUR,2,8.42,0,clear sky,SUR,0
26.0,4.9,Meal,scooter,19.17,65.0,0.0,clear sky,High,12.35,37.13333333,PUNE,4,49.4,0,clear sky,PUNE,0
34.0,5.0,Snack,motorcycle,22.81,43.0,0.0,clear sky,High,22.17,46.45,SUR,4,88.68,0,clear sky,SUR,1
37.0,4.7,Meal,scooter,19.1,65.0,0.0,clear sky,High,11.41,31.56666667,PUNE,4,45.64,0,clear sky,PUNE,0
21.0,4.9,Snack,scooter,24.86,73.0,0.0,mist,Low,5.93,25.83333333,COIMB,2,11.86,0,mist,COIMB,0
28.0,4.6,Drinks,motorcycle,17.97,77.0,0.0,scattered clouds,High,12.84,46.86666667,MYS,4,51.36,0,clouds,MYS,1
33.0,4.7,Meal,motorcycle,17.28,53.0,0.0,clear sky,High,22.12,36.8,INDO,4,88.48,0,clear sky,INDO,0
37.0,4.5,Meal,scooter,18.17,81.0,0.0,scattered clouds,Moderate,8.24,29.36666667,MYS,3,24.72,0,clouds,MYS,0
22.0,4.9,Buffet,motorcycle,25.0,73.0,0.0,mist,High,13.73,37.01666667,COIMB,4,54.92,0,mist,COIMB,0
29.0,5.0,Drinks,motorcycle,21.3,64.0,0.0,broken clouds,High,18.67,54.86666667,HYD,4,74.68,0,clouds,HYD,1
32.0,4.6,Snack,motorcycle,19.7,68.0,0.0,haze,Moderate,6.51,29.41666667,JAP,3,19.53,0,haze,JAP,0
36.0,4.9,Snack,motorcycle,24.99,88.0,0.0,mist,Low,7.76,26.41666667,GOA,2,15.52,0,mist,Other,0
37.0,4.7,Snack,motorcycle,25.02,73.0,0.0,mist,Moderate,8.27,28.76666667,COIMB,3,24.81,0,mist,COIMB,0
31.0,4.8,Buffet,motorcycle,19.53,68.0,0.0,haze,Very Low,2.0,10.91666667,JAP,1,2.0,1,haze,JAP,0
21.0,4.9,Buffet,motorcycle,18.95,65.0,0.0,clear sky,High,13.27,39.03333333,PUNE,4,53.08,0,clear sky,PUNE,0
29.0,4.6,Meal,motorcycle,21.71,51.0,0.0,clear sky,High,15.27,40.55,AGR,4,61.08,0,clear sky,Other,0
35.0,4.5,Meal,scooter,19.48,46.0,0.0,clear sky,Very High,26.82,59.91666667,JAP,5,134.1,0,clear sky,JAP,1
36.0,4.9,Buffet,motorcycle,25.06,73.0,0.0,mist,High,14.47,41.68333333,COIMB,4,57.88,0,mist,COIMB,0
34.0,4.5,Snack,motorcycle,26.44,87.0,0.0,scattered clouds,Very High,14.83,63.83333333,CHEN,5,74.15,0,clouds,CHEN,1
26.0,4.5,Drinks,motorcycle,23.92,88.0,0.0,mist,Very Low,1.98,19.0,KOC,1,1.98,1,mist,Other,0
39.0,4.7,Meal,scooter,19.83,68.0,0.0,haze,High,13.31,35.01666667,JAP,4,53.24,0,haze,JAP,0
33.0,4.7,Buffet,scooter,17.91,77.0,0.0,scattered clouds,Very Low,2.54,11.3,MYS,1,2.54,1,clouds,MYS,0
36.0,4.9,Snack,motorcycle,22.66,43.0,0.0,clear sky,Moderate,13.87,30.23333333,VAD,3,41.61,0,clear sky,Other,0
27.0,4.5,Drinks,motorcycle,16.96,94.0,0.0,mist,Low,2.31,24.4,RANCHI,2,4.62,1,mist,RANCHI,0
37.0,4.8,Buffet,electric scooter,23.03,83.0,0.0,haze,Moderate,10.95,31.45,KOL,3,32.849999999999994,0,haze,Other,0
21.0,4.7,Meal,scooter,17.31,53.0,0.0,clear sky,High,25.66,41.36666667,INDO,4,102.64,0,clear sky,INDO,0
28.0,4.3,Snack,motorcycle,23.78,78.0,0.0,mist,Low,2.85,18.16666667,COIMB,2,5.7,1,mist,COIMB,0
26.0,3.9,Meal,motorcycle,17.16,72.0,0.0,haze,Moderate,7.01,22.85,INDO,3,21.03,0,haze,INDO,0
39.0,4.7,Snack,scooter,21.43,65.0,0.0,broken clouds,Moderate,10.07,34.3,HYD,3,30.21,0,clouds,HYD,0
27.0,4.8,Meal,motorcycle,18.44,57.0,0.0,clear sky,Very Low,3.12,9.116666667,BHP,1,3.12,0,clear sky,Other,0
38.0,4.7,Drinks,motorcycle,24.99,88.0,0.0,mist,Low,7.76,31.41666667,GOA,2,15.52,0,mist,Other,0
32.0,4.1,Buffet,motorcycle,17.84,68.0,0.0,clear sky,Very High,22.24,50.53333333,RANCHI,5,111.19999999999999,0,clear sky,RANCHI,1
25.0,5.0,Buffet,motorcycle,17.85,68.0,0.0,clear sky,Very High,17.05,49.63333333,RANCHI,5,85.25,0,clear sky,RANCHI,1
38.0,4.9,Meal,scooter,24.81,73.0,0.0,mist,Moderate,9.41,33.73333333,COIMB,3,28.23,0,mist,COIMB,0
33.0,4.9,Snack,motorcycle,19.05,65.0,0.0,clear sky,Very High,29.62,71.98333333,PUNE,5,148.1,0,clear sky,PUNE,1
31.0,4.7,Drinks,motorcycle,21.46,64.0,0.0,broken clouds,High,12.22,42.78333333,HYD,4,48.88,0,clouds,HYD,0
22.0,4.6,Drinks,motorcycle,19.21,64.0,0.0,clear sky,Low,2.89,20.26666667,PUNE,2,5.78,1,clear sky,PUNE,0
27.0,4.8,Buffet,motorcycle,22.35,43.0,0.0,clear sky,High,24.05,39.3,VAD,4,96.2,0,clear sky,Other,0
31.0,4.9,Snack,scooter,19.27,65.0,0.0,clear sky,Moderate,6.57,25.25,PUNE,3,19.71,0,clear sky,PUNE,0
29.0,4.5,Buffet,motorcycle,26.48,87.0,0.0,scattered clouds,Very High,30.52,97.8,CHEN,5,152.6,0,clouds,CHEN,1
27.0,4.2,Meal,motorcycle,26.73,44.0,0.0,smoke,High,11.2,41.66666667,MUM,4,44.8,0,smoke,MUM,0
35.0,5.0,Snack,motorcycle,20.1,93.0,0.0,mist,Low,3.81,21.48333333,BANG,2,7.62,0,mist,BANG,0
34.0,4.5,Drinks,electric scooter,21.12,65.0,0.0,broken clouds,Very High,21.45,65.18333333,HYD,5,107.25,0,clouds,HYD,1
36.0,4.2,Buffet,motorcycle,19.08,65.0,0.0,clear sky,High,13.33,40.2,PUNE,4,53.32,0,clear sky,PUNE,0
38.0,5.0,Snack,motorcycle,19.74,93.0,0.0,mist,Low,5.0,26.53333333,BANG,2,10.0,0,mist,BANG,0
25.0,4.6,Meal,scooter,18.93,57.0,0.0,clear sky,Moderate,5.79,23.31666667,LUDH,3,17.37,0,clear sky,Other,0
33.0,4.7,Drinks,scooter,26.42,88.0,0.0,mist,Moderate,6.03,35.93333333,CHEN,3,18.09,0,mist,CHEN,0
32.0,4.8,Drinks,motorcycle,17.79,68.0,0.0,clear sky,High,14.53,50.43333333,RANCHI,4,58.12,0,clear sky,RANCHI,1
28.0,4.9,Buffet,motorcycle,19.7,64.0,0.0,haze,Moderate,5.96,25.65,JAP,3,17.88,0,haze,JAP,0
25.0,4.2,Buffet,motorcycle,17.11,77.0,0.0,haze,Low,4.37,19.73333333,INDO,2,8.74,0,haze,INDO,0
36.0,4.7,Drinks,motorcycle,21.39,65.0,0.0,broken clouds,Low,4.87,29.88333333,HYD,2,9.74,0,clouds,HYD,0
26.0,4.9,Drinks,scooter,19.64,93.0,0.0,mist,Very High,18.46,65.13333333,BANG,5,92.30000000000001,0,mist,BANG,1
22.0,5.0,Snack,motorcycle,19.18,93.0,0.0,mist,Very High,24.75,72.75,BANG,5,123.75,0,mist,BANG,1
39.0,4.9,Buffet,scooter,24.95,73.0,0.0,mist,High,14.52,40.2,COIMB,4,58.08,0,mist,COIMB,0
34.0,4.7,Snack,motorcycle,23.91,88.0,0.0,mist,High,15.23,43.85,KOC,4,60.92,0,mist,Other,0
33.0,4.8,Meal,scooter,22.23,54.0,0.0,clear sky,Very Low,3.55,10.88333333,ALH,1,3.55,0,clear sky,Other,0
31.0,4.6,Snack,motorcycle,17.97,78.0,0.0,broken clouds,Moderate,12.12,33.55,MYS,3,36.36,0,clouds,MYS,0
35.0,5.0,Drinks,scooter,20.3,91.0,0.0,mist,High,8.11,47.18333333,BANG,4,32.44,0,mist,BANG,1
29.0,4.7,Meal,scooter,19.81,47.0,0.0,clear sky,Very High,31.21,69.55,JAP,5,156.05,0,clear sky,JAP,1
32.0,3.8,Drinks,motorcycle,22.79,43.0,0.0,clear sky,High,20.21,48.81666667,SUR,4,80.84,0,clear sky,SUR,1
29.0,4.0,Meal,motorcycle,18.91,65.0,0.0,few clouds,Very High,22.1,52.88333333,PUNE,5,110.5,0,clouds,PUNE,1
23.0,4.9,Buffet,motorcycle,26.47,88.0,0.0,mist,Moderate,9.27,34.86666667,CHEN,3,27.81,0,mist,CHEN,0
24.0,5.0,Buffet,motorcycle,17.74,68.0,0.0,clear sky,Low,4.19,19.6,RANCHI,2,8.38,0,clear sky,RANCHI,0
39.0,4.7,Snack,electric scooter,17.08,72.0,0.0,haze,Very Low,2.14,14.2,INDO,1,2.14,1,haze,INDO,0
20.0,4.9,Snack,motorcycle,21.22,65.0,0.0,broken clouds,Moderate,5.02,26.13333333,HYD,3,15.059999999999999,0,clouds,HYD,0
31.0,4.6,Drinks,motorcycle,19.96,46.0,0.0,clear sky,High,16.79,54.9,JAP,4,67.16,0,clear sky,JAP,1
22.0,4.9,Buffet,motorcycle,26.96,44.0,0.0,smoke,Very High,24.89,54.38333333,MUM,5,124.45,0,smoke,MUM,1
29.0,4.6,Snack,motorcycle,22.99,83.0,0.0,haze,Moderate,6.36,32.15,KOL,3,19.080000000000002,0,haze,Other,0
34.0,4.8,Meal,motorcycle,17.85,68.0,0.0,clear sky,High,16.38,44.1,RANCHI,4,65.52,0,clear sky,RANCHI,0
25.0,4.8,Buffet,motorcycle,18.33,58.0,0.0,clear sky,Moderate,8.65,24.71666667,BHP,3,25.950000000000003,0,clear sky,Other,0
25.0,4.9,Meal,scooter,26.36,88.0,0.0,mist,High,12.24,43.85,CHEN,4,48.96,0,mist,CHEN,0
35.0,4.8,Drinks,motorcycle,22.74,43.0,0.0,clear sky,Low,10.8,29.61666667,VAD,2,21.6,0,clear sky,Other,0
24.0,4.5,Meal,motorcycle,26.14,44.0,0.0,smoke,High,13.16,42.56666667,MUM,4,52.64,0,smoke,MUM,0
28.0,4.6,Meal,motorcycle,23.91,44.0,0.0,clear sky,Very Low,2.41,6.983333333,SUR,1,2.41,1,clear sky,SUR,0
20.0,4.9,Meal,motorcycle,22.86,43.0,0.0,clear sky,High,16.93,35.21666667,SUR,4,67.72,0,clear sky,SUR,0
37.0,5.0,Meal,scooter,26.48,87.0,0.0,broken clouds,Very High,18.22,63.7,CHEN,5,91.1,0,clouds,CHEN,1
34.0,4.8,Snack,scooter,19.7,91.0,0.0,mist,Low,4.51,26.8,BANG,2,9.02,0,mist,BANG,0
29.0,4.7,Snack,motorcycle,17.9,78.0,0.0,scattered clouds,Very Low,1.84,12.7,MYS,1,1.84,1,clouds,MYS,0
27.0,4.4,Buffet,motorcycle,26.56,44.0,0.0,smoke,Very High,18.96,62.05,MUM,5,94.80000000000001,0,smoke,MUM,1
27.0,4.1,Snack,motorcycle,22.87,42.0,0.0,clear sky,High,14.05,36.83333333,SUR,4,56.2,0,clear sky,SUR,0
38.0,4.8,Buffet,electric scooter,19.61,92.0,0.0,mist,Low,4.96,20.63333333,BANG,2,9.92,0,mist,BANG,0
37.0,4.1,Buffet,motorcycle,22.66,43.0,0.0,clear sky,Moderate,13.63,30.2,VAD,3,40.89,0,clear sky,Other,0
35.0,4.6,Drinks,motorcycle,19.77,93.0,0.0,mist,Very High,22.99,75.41666667,BANG,5,114.94999999999999,0,mist,BANG,1
25.0,4.9,Snack,scooter,17.66,68.0,0.0,clear sky,Moderate,7.67,27.91666667,RANCHI,3,23.009999999999998,0,clear sky,RANCHI,0
28.0,4.8,Snack,electric scooter,19.91,47.0,0.0,clear sky,Very High,29.9,65.15,JAP,5,149.5,0,clear sky,JAP,1
33.0,4.6,Buffet,motorcycle,17.66,68.0,0.0,clear sky,Low,4.97,22.16666667,RANCHI,2,9.94,0,clear sky,RANCHI,0
29.0,4.9,Snack,motorcycle,25.05,73.0,0.0,mist,High,15.45,41.68333333,COIMB,4,61.8,0,mist,COIMB,0
21.0,4.7,Snack,scooter,22.79,43.0,0.0,clear sky,High,20.19,46.06666667,SUR,4,80.76,0,clear sky,SUR,1
27.0,4.6,Drinks,scooter,23.46,43.0,0.0,clear sky,Very Low,2.23,15.35,SUR,1,2.23,1,clear sky,SUR,0
32.0,4.9,Meal,scooter,18.9,57.0,0.0,clear sky,Moderate,11.5,29.5,LUDH,3,34.5,0,clear sky,Other,0
29.0,4.6,Drinks,motorcycle,25.08,73.0,0.0,mist,High,19.16,57.08333333,COIMB,4,76.64,0,mist,COIMB,1
35.0,4.5,Buffet,motorcycle,26.42,88.0,0.0,mist,Moderate,6.71,28.2,CHEN,3,20.13,0,mist,CHEN,0
37.0,3.6,Snack,scooter,18.72,58.0,0.0,clear sky,Very High,19.6,51.61666667,LUDH,5,98.0,0,clear sky,Other,1
28.0,5.0,Buffet,motorcycle,23.39,43.0,0.0,clear sky,Low,6.0,17.61666667,SUR,2,12.0,0,clear sky,SUR,0
32.0,4.7,Buffet,motorcycle,21.29,66.0,0.0,broken clouds,High,18.46,48.51666667,HYD,4,73.84,0,clouds,HYD,1
29.0,4.8,Drinks,scooter,19.07,57.0,0.0,clear sky,Low,5.83,23.38333333,LUDH,2,11.66,0,clear sky,Other,0
38.0,4.8,Snack,scooter,21.1,66.0,0.0,broken clouds,Low,5.71,20.43333333,HYD,2,11.42,0,clouds,HYD,0
28.0,4.8,Drinks,scooter,15.26,77.0,0.0,clear sky,Low,4.02,23.65,DEH,2,8.04,0,clear sky,Other,0
20.0,4.9,Buffet,motorcycle,18.25,81.0,0.0,broken clouds,Low,6.73,20.0,MYS,2,13.46,0,clouds,MYS,0
23.0,4.7,Buffet,motorcycle,21.72,56.0,0.0,clear sky,Very High,27.86,50.35,ALH,5,139.3,0,clear sky,Other,1
23.0,5.0,Buffet,scooter,19.19,93.0,0.0,fog,Very High,25.08,60.13333333,BANG,5,125.39999999999999,0,other,BANG,1
25.0,4.7,Meal,motorcycle,25.27,73.0,0.0,mist,Very High,32.94,56.25,COIMB,5,164.7,0,mist,COIMB,1
39.0,4.9,Buffet,motorcycle,22.9,43.0,0.0,clear sky,High,13.86,34.16666667,SUR,4,55.44,0,clear sky,SUR,0
25.0,4.7,Snack,scooter,17.84,82.0,0.0,mist,High,12.29,39.91666667,AURG,4,49.16,0,mist,Other,0
29.0,4.6,Snack,scooter,11.78,78.0,0.0,clear sky,Very High,17.71,56.33333333,DEH,5,88.55000000000001,0,clear sky,Other,1
28.0,4.5,Buffet,scooter,18.12,77.0,0.0,scattered clouds,High,26.21,40.61666667,MYS,4,104.84,0,clouds,MYS,0
25.0,4.6,Drinks,motorcycle,8.21,80.0,0.0,clear sky,Very High,32.95,92.38333333,DEH,5,164.75,0,clear sky,Other,1
38.0,4.8,Snack,motorcycle,19.34,64.0,0.0,clear sky,Low,2.79,16.96666667,PUNE,2,5.58,1,clear sky,PUNE,0
29.0,4.6,Snack,motorcycle,21.72,56.0,0.0,clear sky,Very High,27.86,52.26666667,ALH,5,139.3,0,clear sky,Other,1
38.0,4.7,Meal,scooter,20.14,68.0,0.0,haze,Moderate,10.76,22.75,JAP,3,32.28,0,haze,JAP,0
23.0,4.6,Meal,scooter,19.62,68.0,0.0,haze,Moderate,12.61,30.95,JAP,3,37.83,0,haze,JAP,0
28.0,4.1,Buffet,scooter,26.42,87.0,0.0,broken clouds,Very High,19.7,72.15,CHEN,5,98.5,0,clouds,CHEN,1
20.0,4.7,Meal,scooter,17.18,72.0,0.0,haze,High,16.86,33.73333333,INDO,4,67.44,0,haze,INDO,0
27.0,4.2,Snack,scooter,21.38,64.0,0.0,overcast clouds,Very High,17.8,54.1,HYD,5,89.0,0,clouds,HYD,1
33.0,4.9,Meal,motorcycle,18.13,81.0,0.0,broken clouds,Low,5.03,19.86666667,MYS,2,10.06,0,clouds,MYS,0
38.0,4.1,Buffet,motorcycle,19.19,65.0,0.0,clear sky,High,14.96,43.95,PUNE,4,59.84,0,clear sky,PUNE,0
34.0,4.1,Buffet,scooter,19.22,65.0,0.0,clear sky,Very Low,2.51,11.86666667,PUNE,1,2.51,1,clear sky,PUNE,0
26.0,4.8,Snack,motorcycle,24.92,59.0,0.0,scattered clouds,High,10.47,37.81666667,GOA,4,41.88,0,clouds,Other,0
21.0,4.2,Buffet,motorcycle,19.59,92.0,0.0,mist,Very High,13.11,54.08333333,BANG,5,65.55,0,mist,BANG,1
22.0,4.7,Drinks,electric scooter,21.7,56.0,0.0,clear sky,Very High,32.63,58.85,ALH,5,163.15,0,clear sky,Other,1
26.0,4.6,Snack,motorcycle,17.91,77.0,0.0,scattered clouds,Low,6.79,26.21666667,MYS,2,13.58,0,clouds,MYS,0
25.0,4.9,Snack,scooter,17.23,53.0,0.0,clear sky,High,19.36,37.68333333,INDO,4,77.44,0,clear sky,INDO,0
32.0,5.0,Buffet,motorcycle,18.33,82.0,0.0,scattered clouds,Moderate,13.03,27.93333333,MYS,3,39.089999999999996,0,clouds,MYS,0
23.0,4.6,Drinks,motorcycle,19.54,93.0,0.0,mist,High,9.61,46.18333333,BANG,4,38.44,0,mist,BANG,1
26.0,4.4,Buffet,motorcycle,22.88,42.0,0.0,clear sky,Very Low,5.03,12.6,VAD,1,5.03,0,clear sky,Other,0
37.0,5.0,Snack,motorcycle,17.73,68.0,0.0,clear sky,Low,3.81,15.9,RANCHI,2,7.62,0,clear sky,RANCHI,0
38.0,4.2,Meal,motorcycle,18.29,81.0,0.0,scattered clouds,Low,10.19,22.46666667,MYS,2,20.38,0,clouds,MYS,0
20.0,4.4,Snack,scooter,18.38,81.0,0.0,broken clouds,Moderate,10.65,34.48333333,MYS,3,31.950000000000003,0,clouds,MYS,0
20.0,4.9,Buffet,scooter,17.3,53.0,0.0,clear sky,High,18.44,44.15,INDO,4,73.76,0,clear sky,INDO,0
29.0,5.0,Drinks,motorcycle,27.04,44.0,0.0,smoke,High,17.77,47.4,MUM,4,71.08,0,smoke,MUM,1
27.0,4.8,Meal,scooter,22.88,42.0,0.0,clear sky,Low,5.41,11.96666667,VAD,2,10.82,0,clear sky,Other,0
21.0,4.6,Drinks,scooter,26.4,88.0,0.0,broken clouds,Very High,25.66,99.21666667,CHEN,5,128.3,0,clouds,CHEN,1
37.0,4.8,Meal,motorcycle,22.87,42.0,0.0,clear sky,High,14.05,32.86666667,SUR,4,56.2,0,clear sky,SUR,0
35.0,4.9,Snack,motorcycle,25.0,73.0,0.0,mist,Moderate,13.39,37.58333333,COIMB,3,40.17,0,mist,COIMB,0
26.0,4.7,Meal,motorcycle,23.15,43.0,0.0,clear sky,Moderate,12.44,26.6,SUR,3,37.32,0,clear sky,SUR,0
37.0,4.9,Snack,motorcycle,21.83,55.0,0.0,clear sky,High,11.81,47.0,KNP,4,47.24,0,clear sky,Other,1
23.0,5.0,Drinks,motorcycle,19.24,64.0,0.0,clear sky,Very High,27.63,64.2,PUNE,5,138.15,0,clear sky,PUNE,1
34.0,4.5,Drinks,motorcycle,18.86,65.0,0.0,few clouds,Very High,21.93,63.35,PUNE,5,109.65,0,clouds,PUNE,1
31.0,4.3,Meal,motorcycle,22.47,44.0,0.0,clear sky,High,21.29,40.58333333,VAD,4,85.16,0,clear sky,Other,0
36.0,4.4,Drinks,scooter,23.9,88.0,0.0,mist,Very High,18.67,58.83333333,KOC,5,93.35000000000001,0,mist,Other,1
35.0,4.8,Snack,scooter,17.21,72.0,0.0,haze,High,16.48,36.56666667,INDO,4,65.92,0,haze,INDO,0
20.0,4.9,Meal,motorcycle,22.99,43.0,0.0,clear sky,Low,8.39,20.13333333,SUR,2,16.78,0,clear sky,SUR,0
23.0,4.6,Snack,scooter,19.2,65.0,0.0,clear sky,Moderate,8.72,30.31666667,PUNE,3,26.160000000000004,0,clear sky,PUNE,0
24.0,4.7,Drinks,electric scooter,21.5,65.0,0.0,broken clouds,Low,3.48,21.98333333,HYD,2,6.96,0,clouds,HYD,0
24.0,4.8,Meal,motorcycle,17.67,68.0,0.0,clear sky,Moderate,6.03,21.76666667,RANCHI,3,18.09,0,clear sky,RANCHI,0
37.0,4.6,Drinks,motorcycle,19.03,93.0,0.0,fog,Very High,24.1,63.06666667,BANG,5,120.5,0,other,BANG,1
31.0,4.8,Drinks,motorcycle,26.55,87.0,0.0,mist,High,11.27,47.85,CHEN,4,45.08,0,mist,CHEN,1
28.0,4.7,Drinks,motorcycle,25.08,73.0,0.0,mist,Very High,27.37,66.38333333,COIMB,5,136.85,0,mist,COIMB,1
34.0,4.6,Meal,motorcycle,23.05,43.0,0.0,clear sky,Moderate,9.01,22.68333333,SUR,3,27.03,0,clear sky,SUR,0
36.0,5.0,Meal,motorcycle,18.57,58.0,0.0,clear sky,Very High,27.39,84.76666667,LUDH,5,136.95,0,clear sky,Other,1
30.0,3.7,Snack,motorcycle,16.89,82.0,0.0,mist,Very High,26.62,61.46666667,AURG,5,133.1,0,mist,Other,1
24.0,4.6,Buffet,motorcycle,22.9,43.0,0.0,clear sky,High,14.64,35.78333333,SUR,4,58.56,0,clear sky,SUR,0
24.0,4.7,Buffet,motorcycle,19.32,65.0,0.0,clear sky,Very High,19.4,53.08333333,PUNE,5,97.0,0,clear sky,PUNE,1
24.0,4.9,Buffet,motorcycle,23.23,43.0,0.0,clear sky,Low,5.44,16.95,SUR,2,10.88,0,clear sky,SUR,0
31.0,4.7,Drinks,motorcycle,22.88,43.0,0.0,clear sky,High,18.47,47.1,SUR,4,73.88,0,clear sky,SUR,1
32.0,4.9,Meal,motorcycle,22.48,43.0,0.0,clear sky,Moderate,18.1,30.01666667,VAD,3,54.300000000000004,0,clear sky,Other,0
33.0,4.1,Snack,motorcycle,19.89,93.0,0.0,mist,Very High,21.02,72.96666667,BANG,5,105.1,0,mist,BANG,1
37.0,4.7,Meal,motorcycle,17.58,69.0,0.0,clear sky,High,15.03,37.08333333,RANCHI,4,60.12,0,clear sky,RANCHI,0
31.0,4.9,Buffet,electric scooter,26.46,88.0,0.0,mist,Moderate,6.98,31.03333333,CHEN,3,20.94,0,mist,CHEN,0
23.0,4.8,Meal,motorcycle,17.85,68.0,0.0,clear sky,Very High,16.38,46.5,RANCHI,5,81.89999999999999,0,clear sky,RANCHI,1
38.0,4.3,Buffet,electric scooter,22.35,43.0,0.0,clear sky,High,24.07,39.43333333,VAD,4,96.28,0,clear sky,Other,0
28.0,4.5,Snack,motorcycle,16.61,82.0,0.0,mist,Very High,27.54,73.5,AURG,5,137.7,0,mist,Other,1
27.0,4.8,Drinks,motorcycle,25.12,73.0,0.0,mist,High,18.09,50.93333333,COIMB,4,72.36,0,mist,COIMB,1
20.0,4.6,Meal,motorcycle,19.3,65.0,0.0,clear sky,Moderate,8.57,26.88333333,PUNE,3,25.71,0,clear sky,PUNE,0
37.0,4.9,Meal,electric scooter,17.15,72.0,0.0,haze,Low,4.19,16.31666667,INDO,2,8.38,0,haze,INDO,0
21.0,4.3,Buffet,motorcycle,21.08,67.0,0.0,broken clouds,Very High,26.27,59.86666667,HYD,5,131.35,0,clouds,HYD,1
23.0,4.6,Drinks,scooter,25.15,73.0,0.0,mist,Very High,24.77,63.38333333,COIMB,5,123.85,0,mist,COIMB,1
27.0,4.9,Buffet,motorcycle,19.05,65.0,0.0,clear sky,Moderate,11.01,28.03333333,PUNE,3,33.03,0,clear sky,PUNE,0
38.0,4.2,Buffet,motorcycle,18.96,58.0,0.0,clear sky,Moderate,4.89,26.56666667,LUDH,3,14.669999999999998,0,clear sky,Other,0
35.0,5.0,Meal,scooter,17.15,72.0,0.0,haze,High,17.07,37.36666667,INDO,4,68.28,0,haze,INDO,0
36.0,4.3,Meal,motorcycle,23.01,43.0,0.0,clear sky,Moderate,12.88,30.33333333,SUR,3,38.64,0,clear sky,SUR,0
26.0,4.1,Drinks,motorcycle,22.99,83.0,0.0,haze,Moderate,7.0,38.76666667,KOL,3,21.0,0,haze,Other,0
33.0,4.5,Buffet,motorcycle,21.24,64.0,0.0,broken clouds,High,12.95,40.51666667,HYD,4,51.8,0,clouds,HYD,0
29.0,4.6,Buffet,motorcycle,17.21,72.0,0.0,haze,Moderate,15.88,31.51666667,INDO,3,47.64,0,haze,INDO,0
21.0,4.7,Buffet,scooter,17.06,54.0,0.0,clear sky,Very High,28.41,51.26666667,INDO,5,142.05,0,clear sky,INDO,1
25.0,4.6,Snack,motorcycle,18.2,77.0,0.0,scattered clouds,High,15.88,44.35,MYS,4,63.52,0,clouds,MYS,0
29.0,4.6,Snack,scooter,19.3,93.0,0.0,mist,Very High,16.19,62.81666667,BANG,5,80.95,0,mist,BANG,1
39.0,4.9,Buffet,motorcycle,19.61,68.0,0.0,haze,Low,4.22,19.08333333,JAP,2,8.44,0,haze,JAP,0
32.0,4.8,Meal,scooter,17.12,72.0,0.0,haze,Low,4.63,13.03333333,INDO,2,9.26,0,haze,INDO,0
31.0,4.8,Buffet,motorcycle,19.18,65.0,0.0,clear sky,Moderate,9.72,30.73333333,PUNE,3,29.160000000000004,0,clear sky,PUNE,0
28.0,4.7,Snack,scooter,21.29,65.0,0.0,broken clouds,High,15.79,45.41666667,HYD,4,63.16,0,clouds,HYD,1
24.0,4.7,Drinks,scooter,23.03,83.0,0.0,haze,Very High,22.5,67.63333333,KOL,5,112.5,0,haze,Other,1
27.0,4.4,Meal,motorcycle,19.5,64.0,0.0,haze,Low,5.41,20.2,JAP,2,10.82,0,haze,JAP,0
37.0,4.7,Drinks,motorcycle,19.64,93.0,0.0,mist,Very High,19.08,66.7,BANG,5,95.39999999999999,0,mist,BANG,1
39.0,4.3,Snack,motorcycle,17.6,69.0,0.0,clear sky,Very High,21.4,55.1,RANCHI,5,107.0,0,clear sky,RANCHI,1
34.0,4.8,Meal,motorcycle,17.54,69.0,0.0,clear sky,High,16.45,41.43333333,RANCHI,4,65.8,0,clear sky,RANCHI,0
38.0,5.0,Buffet,scooter,22.88,43.0,0.0,clear sky,High,16.35,38.9,SUR,4,65.4,0,clear sky,SUR,0
29.0,4.7,Meal,motorcycle,26.44,88.0,0.0,mist,Very High,16.06,63.91666667,CHEN,5,80.3,0,mist,CHEN,1
31.0,4.8,Meal,motorcycle,17.67,68.0,0.0,clear sky,Moderate,6.0,21.66666667,RANCHI,3,18.0,0,clear sky,RANCHI,0
33.0,4.9,Snack,motorcycle,22.97,83.0,0.0,haze,Low,4.25,24.26666667,KOL,2,8.5,0,haze,Other,0
29.0,4.6,Snack,electric scooter,27.0,44.0,0.0,smoke,Moderate,6.09,30.61666667,MUM,3,18.27,0,smoke,MUM,0
25.0,5.0,Meal,motorcycle,19.97,68.0,0.0,haze,Very High,17.0,49.48333333,JAP,5,85.0,0,haze,JAP,1
39.0,3.8,Drinks,scooter,26.89,47.0,0.0,clear sky,Very High,33.8,84.86666667,MUM,5,169.0,0,clear sky,MUM,1
26.0,4.6,Snack,motorcycle,21.42,52.0,0.0,clear sky,Very High,34.06,50.85,AGR,5,170.3,0,clear sky,Other,1
30.0,4.8,Snack,scooter,17.03,72.0,0.0,haze,Low,4.17,21.2,INDO,2,8.34,0,haze,INDO,0
20.0,4.7,Snack,motorcycle,19.07,47.0,0.0,clear sky,Very High,35.87,72.33333333,JAP,5,179.35,0,clear sky,JAP,1
23.0,4.6,Snack,motorcycle,26.18,44.0,0.0,smoke,High,20.12,54.35,MUM,4,80.48,0,smoke,MUM,1
24.0,4.9,Buffet,scooter,19.18,65.0,0.0,clear sky,Low,2.29,13.06666667,PUNE,2,4.58,1,clear sky,PUNE,0
34.0,4.4,Buffet,motorcycle,22.98,83.0,0.0,haze,Very High,20.89,52.83333333,KOL,5,104.45,0,haze,Other,1
23.0,4.9,Buffet,motorcycle,18.95,65.0,0.0,clear sky,High,16.12,42.46666667,PUNE,4,64.48,0,clear sky,PUNE,0
21.0,4.9,Meal,motorcycle,23.09,43.0,0.0,clear sky,High,13.63,32.31666667,SUR,4,54.52,0,clear sky,SUR,0
36.0,4.8,Snack,motorcycle,18.16,57.0,0.0,clear sky,High,20.82,45.18333333,BHP,4,83.28,0,clear sky,Other,1
22.0,4.6,Meal,scooter,17.16,72.0,0.0,haze,Moderate,10.95,23.76666667,INDO,3,32.849999999999994,0,haze,INDO,0
28.0,4.8,Buffet,scooter,22.87,43.0,0.0,clear sky,High,18.6,41.75,SUR,4,74.4,0,clear sky,SUR,0
21.0,4.9,Drinks,motorcycle,19.18,65.0,0.0,clear sky,High,11.36,45.58333333,PUNE,4,45.44,0,clear sky,PUNE,1
35.0,4.8,Meal,motorcycle,26.44,87.0,0.0,scattered clouds,Very High,18.15,65.81666667,CHEN,5,90.75,0,clouds,CHEN,1
29.0,4.6,Meal,scooter,20.06,68.0,0.0,haze,High,23.52,46.66666667,JAP,4,94.08,0,haze,JAP,1
21.0,4.6,Drinks,motorcycle,19.01,68.0,0.0,haze,Very High,17.48,62.56666667,JAP,5,87.4,0,haze,JAP,1
22.0,4.9,Meal,motorcycle,19.03,93.0,0.0,fog,Very High,24.1,53.46666667,BANG,5,120.5,0,other,BANG,1
30.0,4.7,Meal,scooter,24.81,73.0,0.0,mist,Moderate,9.41,33.78333333,COIMB,3,28.23,0,mist,COIMB,0
24.0,4.7,Meal,motorcycle,18.34,81.0,0.0,broken clouds,Low,8.87,20.7,MYS,2,17.74,0,clouds,MYS,0
29.0,4.9,Drinks,scooter,17.23,53.0,0.0,clear sky,Moderate,15.81,34.61666667,INDO,3,47.43,0,clear sky,INDO,0
28.0,4.8,Snack,scooter,19.56,68.0,0.0,haze,Moderate,10.19,31.73333333,JAP,3,30.57,0,haze,JAP,0
28.0,4.8,Buffet,motorcycle,26.46,87.0,0.0,scattered clouds,Very High,30.25,100.2833333,CHEN,5,151.25,0,clouds,CHEN,1
28.0,5.0,Buffet,electric scooter,17.22,52.0,0.0,clear sky,High,22.38,39.36666667,INDO,4,89.52,0,clear sky,INDO,0
24.0,4.8,Meal,motorcycle,26.48,87.0,0.0,scattered clouds,Very High,30.52,98.18333333,CHEN,5,152.6,0,clouds,CHEN,1
35.0,4.1,Meal,scooter,18.72,58.0,0.0,clear sky,High,33.52,38.9,LUDH,4,134.08,0,clear sky,Other,0
29.0,4.9,Snack,motorcycle,25.0,73.0,0.0,mist,High,18.48,47.31666667,COIMB,4,73.92,0,mist,COIMB,1
39.0,4.7,Drinks,scooter,26.41,88.0,0.0,mist,Very Low,2.52,22.48333333,CHEN,1,2.52,1,mist,CHEN,0
29.0,4.6,Snack,scooter,25.12,73.0,0.0,mist,High,21.09,52.81666667,COIMB,4,84.36,0,mist,COIMB,1
36.0,4.6,Snack,motorcycle,18.17,81.0,0.0,scattered clouds,Low,7.04,25.38333333,MYS,2,14.08,0,clouds,MYS,0
23.0,4.8,Meal,scooter,17.21,53.0,0.0,clear sky,High,14.61,35.11666667,INDO,4,58.44,0,clear sky,INDO,0
30.0,3.8,Snack,scooter,19.47,65.0,0.0,clear sky,Very High,29.28,61.28333333,PUNE,5,146.4,0,clear sky,PUNE,1
38.0,4.5,Meal,scooter,26.44,88.0,0.0,mist,Very High,16.06,63.9,CHEN,5,80.3,0,mist,CHEN,1
29.0,4.6,Snack,scooter,19.9,46.0,0.0,clear sky,Very High,19.95,55.61666667,JAP,5,99.75,0,clear sky,JAP,1
27.0,4.5,Buffet,scooter,19.96,46.0,0.0,clear sky,High,16.79,47.61666667,JAP,4,67.16,0,clear sky,JAP,1
35.0,4.6,Meal,motorcycle,19.96,47.0,0.0,clear sky,Very High,23.51,61.15,JAP,5,117.55000000000001,0,clear sky,JAP,1
21.0,4.6,Buffet,motorcycle,19.24,65.0,0.0,clear sky,Low,7.73,22.73333333,PUNE,2,15.46,0,clear sky,PUNE,0
25.0,4.6,Meal,scooter,17.67,68.0,0.0,clear sky,Moderate,8.21,24.55,RANCHI,3,24.630000000000003,0,clear sky,RANCHI,0
39.0,5.0,Buffet,electric scooter,17.03,72.0,0.0,haze,Low,4.17,19.2,INDO,2,8.34,0,haze,INDO,0
27.0,4.7,Buffet,scooter,26.83,44.0,0.0,smoke,High,11.65,49.66666667,MUM,4,46.6,0,smoke,MUM,1
35.0,4.8,Drinks,motorcycle,24.88,73.0,0.0,mist,Low,4.59,26.55,COIMB,2,9.18,0,mist,COIMB,0
29.0,4.6,Snack,scooter,18.55,57.0,0.0,clear sky,Low,7.53,23.18333333,BHP,2,15.06,0,clear sky,Other,0
28.0,5.0,Buffet,scooter,19.63,68.0,0.0,haze,High,8.18,34.78333333,JAP,4,32.72,0,haze,JAP,0
37.0,4.8,Snack,motorcycle,26.31,88.0,0.0,mist,Moderate,6.67,36.33333333,CHEN,3,20.009999999999998,0,mist,CHEN,0
36.0,4.8,Snack,motorcycle,19.63,92.0,0.0,mist,High,12.97,46.6,BANG,4,51.88,0,mist,BANG,1
27.0,4.8,Meal,scooter,21.33,53.0,0.0,clear sky,High,31.95,38.4,AGR,4,127.8,0,clear sky,Other,0
32.0,5.0,Drinks,motorcycle,19.64,92.0,0.0,mist,Very High,13.18,61.43333333,BANG,5,65.9,0,mist,BANG,1
22.0,4.8,Drinks,motorcycle,19.22,65.0,0.0,clear sky,Moderate,8.03,37.25,PUNE,3,24.089999999999996,0,clear sky,PUNE,0
29.0,4.3,Drinks,motorcycle,17.12,72.0,0.0,haze,Low,6.37,30.18333333,INDO,2,12.74,0,haze,INDO,0
24.0,4.6,Snack,motorcycle,21.2,65.0,0.0,broken clouds,Very High,18.31,53.53333333,HYD,5,91.55,0,clouds,HYD,1
30.0,5.0,Drinks,motorcycle,22.83,43.0,0.0,clear sky,Very High,24.01,57.51666667,SUR,5,120.05000000000001,0,clear sky,SUR,1
25.0,4.5,Drinks,scooter,19.61,68.0,0.0,haze,Low,3.15,23.0,JAP,2,6.3,0,haze,JAP,0
38.0,4.9,Buffet,motorcycle,19.54,92.0,0.0,mist,Very Low,1.79,13.73333333,BANG,1,1.79,1,mist,BANG,0
35.0,4.2,Drinks,motorcycle,22.87,42.0,0.0,clear sky,Moderate,13.44,38.76666667,SUR,3,40.32,0,clear sky,SUR,0
38.0,4.2,Meal,scooter,18.42,82.0,0.0,scattered clouds,High,20.42,35.36666667,MYS,4,81.68,0,clouds,MYS,0
30.0,5.0,Meal,motorcycle,18.29,57.0,0.0,clear sky,Moderate,11.85,28.65,BHP,3,35.55,0,clear sky,Other,0
25.0,4.6,Drinks,motorcycle,25.17,44.0,0.0,smoke,High,14.96,59.16666667,MUM,4,59.84,0,smoke,MUM,1
36.0,4.9,Meal,motorcycle,17.16,72.0,0.0,haze,Moderate,10.17,27.18333333,INDO,3,30.509999999999998,0,haze,INDO,0
24.0,4.5,Snack,motorcycle,19.44,64.0,0.0,haze,Low,5.69,19.81666667,JAP,2,11.38,0,haze,JAP,0
20.0,4.6,Buffet,motorcycle,22.43,44.0,0.0,clear sky,High,23.95,40.96666667,VAD,4,95.8,0,clear sky,Other,0
26.0,4.8,Snack,motorcycle,19.96,46.0,0.0,clear sky,High,15.2,45.21666667,JAP,4,60.8,0,clear sky,JAP,1
36.0,4.6,Buffet,scooter,27.04,48.0,0.0,clear sky,Very High,33.46,73.36666667,MUM,5,167.3,0,clear sky,MUM,1
26.0,4.9,Buffet,motorcycle,18.17,81.0,0.0,broken clouds,Low,6.08,20.56666667,MYS,2,12.16,0,clouds,MYS,0
36.0,4.7,Drinks,scooter,26.39,87.0,0.0,scattered clouds,Very High,20.59,79.61666667,CHEN,5,102.95,0,clouds,CHEN,1
20.0,4.6,Meal,motorcycle,26.47,88.0,0.0,mist,Very High,18.89,74.98333333,CHEN,5,94.45,0,mist,CHEN,1
34.0,4.9,Buffet,motorcycle,18.22,81.0,0.0,broken clouds,Moderate,11.33,31.18333333,MYS,3,33.99,0,clouds,MYS,0
28.0,4.7,Meal,motorcycle,26.42,87.0,0.0,broken clouds,Very High,15.96,62.81666667,CHEN,5,79.80000000000001,0,clouds,CHEN,1
22.0,4.8,Snack,scooter,17.16,72.0,0.0,haze,Very Low,2.16,13.3,INDO,1,2.16,1,haze,INDO,0
31.0,4.9,Drinks,scooter,21.23,68.0,0.0,broken clouds,Very Low,2.83,18.48333333,HYD,1,2.83,1,clouds,HYD,0
32.0,4.6,Meal,scooter,18.33,82.0,0.0,scattered clouds,Moderate,12.91,25.73333333,MYS,3,38.730000000000004,0,clouds,MYS,0
29.0,4.6,Meal,scooter,21.86,54.0,0.0,clear sky,Very High,24.61,56.31666667,KNP,5,123.05,0,clear sky,Other,1
30.0,4.8,Snack,scooter,26.99,44.0,0.0,smoke,Moderate,8.82,37.63333333,MUM,3,26.46,0,smoke,MUM,0
22.0,5.0,Buffet,scooter,17.91,77.0,0.0,scattered clouds,Very Low,2.54,11.3,MYS,1,2.54,1,clouds,MYS,0
25.0,4.9,Drinks,scooter,19.51,92.0,0.0,mist,Moderate,6.04,36.6,BANG,3,18.12,0,mist,BANG,0
39.0,4.8,Buffet,scooter,19.7,68.0,0.0,haze,High,7.27,34.05,JAP,4,29.08,0,haze,JAP,0
30.0,4.1,Buffet,motorcycle,17.3,53.0,0.0,clear sky,High,22.02,43.65,INDO,4,88.08,0,clear sky,INDO,0
30.0,4.9,Meal,motorcycle,24.88,73.0,0.0,mist,Low,4.35,15.4,COIMB,2,8.7,0,mist,COIMB,0
22.0,5.0,Drinks,scooter,22.76,43.0,0.0,clear sky,High,22.97,51.23333333,SUR,4,91.88,0,clear sky,SUR,1
39.0,4.7,Meal,scooter,23.05,43.0,0.0,clear sky,Low,7.6,17.75,SUR,2,15.2,0,clear sky,SUR,0
20.0,5.0,Buffet,scooter,19.97,56.0,0.0,clear sky,Very High,32.81,63.56666667,KNP,5,164.05,0,clear sky,Other,1
29.0,4.7,Meal,scooter,19.17,65.0,0.0,clear sky,High,13.16,34.1,PUNE,4,52.64,0,clear sky,PUNE,0
24.0,4.6,Meal,scooter,26.97,44.0,0.0,smoke,High,9.24,36.36666667,MUM,4,36.96,0,smoke,MUM,0
33.0,4.9,Buffet,scooter,17.88,67.0,0.0,clear sky,High,19.56,46.76666667,RANCHI,4,78.24,0,clear sky,RANCHI,1
29.0,4.6,Buffet,scooter,19.91,93.0,0.0,mist,Very High,27.25,77.95,BANG,5,136.25,0,mist,BANG,1
35.0,4.0,Buffet,scooter,17.09,72.0,0.0,haze,Moderate,11.77,30.65,INDO,3,35.31,0,haze,INDO,0
26.0,4.7,Meal,scooter,18.43,82.0,0.0,broken clouds,High,17.34,36.06666667,MYS,4,69.36,0,clouds,MYS,0
25.0,4.9,Snack,scooter,19.9,46.0,0.0,clear sky,Very High,19.95,55.78333333,JAP,5,99.75,0,clear sky,JAP,1
37.0,5.0,Drinks,scooter,23.92,88.0,0.0,mist,Moderate,13.34,39.66666667,KOC,3,40.019999999999996,0,mist,Other,0
38.0,4.9,Snack,motorcycle,23.23,43.0,0.0,clear sky,Moderate,12.53,29.88333333,SUR,3,37.589999999999996,0,clear sky,SUR,0
38.0,4.5,Snack,scooter,19.07,47.0,0.0,clear sky,Very High,35.87,72.33333333,JAP,5,179.35,0,clear sky,JAP,1
32.0,4.3,Buffet,motorcycle,26.49,88.0,0.0,mist,High,13.07,48.96666667,CHEN,4,52.28,0,mist,CHEN,1
25.0,4.7,Snack,motorcycle,17.25,53.0,0.0,clear sky,High,19.6,39.48333333,INDO,4,78.4,0,clear sky,INDO,0
38.0,4.6,Meal,motorcycle,21.32,64.0,0.0,broken clouds,High,13.63,35.83333333,HYD,4,54.52,0,clouds,HYD,0
33.0,4.2,Meal,motorcycle,19.81,68.0,0.0,haze,High,9.34,34.05,JAP,4,37.36,0,haze,JAP,0
35.0,4.6,Drinks,scooter,22.35,43.0,0.0,clear sky,High,24.27,47.08333333,VAD,4,97.08,0,clear sky,Other,1
37.0,4.0,Snack,motorcycle,22.79,43.0,0.0,clear sky,High,20.19,46.16666667,SUR,4,80.76,0,clear sky,SUR,1
29.0,4.4,Meal,motorcycle,17.07,72.0,0.0,haze,Low,4.15,16.66666667,INDO,2,8.3,0,haze,INDO,0
30.0,4.8,Meal,scooter,19.56,46.0,0.0,clear sky,Very High,19.62,51.81666667,JAP,5,98.10000000000001,0,clear sky,JAP,1
31.0,4.6,Meal,scooter,19.42,93.0,0.0,mist,Very High,23.56,52.41666667,BANG,5,117.8,0,mist,BANG,1
24.0,4.5,Buffet,scooter,17.25,53.0,0.0,clear sky,High,22.02,44.18333333,INDO,4,88.08,0,clear sky,INDO,0
21.0,4.6,Meal,motorcycle,22.66,43.0,0.0,clear sky,Moderate,13.82,29.8,VAD,3,41.46,0,clear sky,Other,0
35.0,5.0,Snack,scooter,25.08,73.0,0.0,mist,High,19.2,48.25,COIMB,4,76.8,0,mist,COIMB,1
33.0,4.1,Drinks,motorcycle,27.0,44.0,0.0,smoke,High,14.32,49.26666667,MUM,4,57.28,0,smoke,MUM,1
27.0,4.6,Buffet,motorcycle,18.4,82.0,0.0,broken clouds,High,23.19,37.71666667,MYS,4,92.76,0,clouds,MYS,0
39.0,4.0,Snack,motorcycle,18.3,77.0,0.0,scattered clouds,Moderate,16.33,36.51666667,MYS,3,48.989999999999995,0,clouds,MYS,0
25.0,4.9,Buffet,scooter,18.13,82.0,0.0,broken clouds,High,21.93,36.63333333,MYS,4,87.72,0,clouds,MYS,0
24.0,4.6,Snack,motorcycle,21.22,65.0,0.0,broken clouds,Low,4.71,25.21666667,HYD,2,9.42,0,clouds,HYD,0
31.0,4.0,Meal,motorcycle,24.88,73.0,0.0,mist,Moderate,9.03,29.2,COIMB,3,27.089999999999996,0,mist,COIMB,0
29.0,4.6,Drinks,motorcycle,26.97,50.0,0.0,clear sky,Very High,18.37,60.73333333,MUM,5,91.85000000000001,0,clear sky,MUM,1
25.0,4.6,Snack,scooter,17.58,69.0,0.0,clear sky,Very High,17.33,55.5,RANCHI,5,86.64999999999999,0,clear sky,RANCHI,1
21.0,4.6,Buffet,motorcycle,18.28,82.0,0.0,broken clouds,High,16.85,44.75,MYS,4,67.4,0,clouds,MYS,0
38.0,4.9,Buffet,scooter,22.68,43.0,0.0,clear sky,Moderate,13.25,26.73333333,VAD,3,39.75,0,clear sky,Other,0
31.0,4.9,Meal,scooter,19.18,93.0,0.0,mist,High,16.49,43.61666667,BANG,4,65.96,0,mist,BANG,0
23.0,4.2,Buffet,motorcycle,22.66,43.0,0.0,clear sky,Moderate,14.01,32.23333333,VAD,3,42.03,0,clear sky,Other,0
35.0,4.8,Buffet,motorcycle,19.58,93.0,0.0,mist,High,18.67,46.45,BANG,4,74.68,0,mist,BANG,1
39.0,4.4,Snack,motorcycle,22.85,43.0,0.0,clear sky,Low,7.37,18.58333333,VAD,2,14.74,0,clear sky,Other,0
28.0,4.7,Snack,motorcycle,18.22,81.0,0.0,broken clouds,Moderate,11.33,33.18333333,MYS,3,33.99,0,clouds,MYS,0
27.0,4.6,Meal,electric scooter,26.54,44.0,0.0,smoke,High,12.88,42.2,MUM,4,51.52,0,smoke,MUM,0
37.0,4.8,Snack,scooter,18.82,56.0,0.0,clear sky,Very High,17.55,55.3,LUDH,5,87.75,0,clear sky,Other,1
32.0,4.7,Drinks,scooter,19.01,64.0,0.0,clear sky,Low,6.33,29.41666667,PUNE,2,12.66,0,clear sky,PUNE,0
33.0,4.1,Snack,motorcycle,17.75,67.0,0.0,clear sky,High,22.77,41.46666667,RANCHI,4,91.08,0,clear sky,RANCHI,0
36.0,4.7,Snack,electric scooter,27.0,44.0,0.0,smoke,Moderate,8.04,38.66666667,MUM,3,24.119999999999997,0,smoke,MUM,0
36.0,4.3,Drinks,electric scooter,23.15,43.0,0.0,clear sky,Moderate,10.58,32.48333333,SUR,3,31.740000000000002,0,clear sky,SUR,0
22.0,4.7,Meal,motorcycle,21.36,64.0,0.0,broken clouds,Moderate,11.03,28.6,HYD,3,33.089999999999996,0,clouds,HYD,0
21.0,4.6,Buffet,motorcycle,17.14,72.0,0.0,haze,Low,8.16,22.16666667,INDO,2,16.32,0,haze,INDO,0
35.0,4.5,Drinks,motorcycle,19.2,65.0,0.0,clear sky,Low,6.21,28.38333333,PUNE,2,12.42,0,clear sky,PUNE,0
34.0,4.8,Drinks,motorcycle,17.29,53.0,0.0,clear sky,Very High,27.38,55.38333333,INDO,5,136.9,0,clear sky,INDO,1
22.0,4.7,Snack,scooter,19.05,64.0,0.0,clear sky,High,12.74,39.6,PUNE,4,50.96,0,clear sky,PUNE,0
23.0,4.7,Drinks,motorcycle,17.74,82.0,0.0,broken clouds,Very High,26.05,56.63333333,MYS,5,130.25,0,clouds,MYS,1
29.0,4.6,Snack,electric scooter,18.28,82.0,0.0,broken clouds,High,16.85,46.75,MYS,4,67.4,0,clouds,MYS,1
23.0,4.7,Drinks,motorcycle,20.0,46.0,0.0,clear sky,Very High,24.64,67.0,JAP,5,123.2,0,clear sky,JAP,1
22.0,4.4,Snack,motorcycle,17.0,82.0,0.0,mist,Very High,28.36,75.51666667,AURG,5,141.8,0,mist,Other,1
33.0,4.5,Drinks,scooter,21.14,65.0,0.0,broken clouds,Very High,23.14,65.15,HYD,5,115.7,0,clouds,HYD,1
29.0,4.6,Meal,motorcycle,19.31,65.0,0.0,clear sky,High,18.69,44.81666667,PUNE,4,74.76,0,clear sky,PUNE,0
20.0,4.6,Snack,motorcycle,17.29,53.0,0.0,clear sky,Very High,26.95,50.26666667,INDO,5,134.75,0,clear sky,INDO,1
29.0,4.6,Meal,bicycle,18.32,81.0,0.0,broken clouds,Moderate,9.71,28.55,MYS,3,29.130000000000003,0,clouds,MYS,0
20.0,4.7,Buffet,motorcycle,18.3,77.0,0.0,scattered clouds,Moderate,14.52,33.6,MYS,3,43.56,0,clouds,MYS,0
24.0,4.4,Buffet,motorcycle,24.95,73.0,0.0,mist,Very Low,3.75,15.66666667,COIMB,1,3.75,0,mist,COIMB,0
20.0,4.9,Drinks,motorcycle,24.87,73.0,0.0,mist,Very Low,2.29,20.6,COIMB,1,2.29,1,mist,COIMB,0
28.0,4.7,Drinks,scooter,25.12,73.0,0.0,mist,High,17.58,50.3,COIMB,4,70.32,0,mist,COIMB,1
32.0,4.8,Meal,motorcycle,21.74,56.0,0.0,clear sky,Very High,19.1,46.65,KNP,5,95.5,0,clear sky,Other,1
36.0,4.8,Snack,motorcycle,17.08,72.0,0.0,haze,Very Low,2.07,14.2,INDO,1,2.07,1,haze,INDO,0
23.0,4.7,Meal,motorcycle,27.01,44.0,0.0,smoke,High,9.58,43.93333333,MUM,4,38.32,0,smoke,MUM,0
22.0,4.8,Meal,electric scooter,22.83,42.0,0.0,clear sky,High,14.97,33.1,SUR,4,59.88,0,clear sky,SUR,0
29.0,4.8,Drinks,motorcycle,22.97,43.0,0.0,clear sky,Very High,20.14,56.98333333,SUR,5,100.7,0,clear sky,SUR,1
23.0,4.5,Buffet,motorcycle,17.68,68.0,0.0,clear sky,Very Low,2.28,12.38333333,RANCHI,1,2.28,1,clear sky,RANCHI,0
28.0,4.8,Meal,motorcycle,21.4,67.0,0.0,broken clouds,Low,4.85,17.26666667,HYD,2,9.7,0,clouds,HYD,0
22.0,4.7,Drinks,motorcycle,19.4,92.0,0.0,mist,Moderate,8.64,42.45,BANG,3,25.92,0,mist,BANG,0
37.0,4.9,Snack,motorcycle,24.81,73.0,0.0,mist,Moderate,6.87,29.01666667,COIMB,3,20.61,0,mist,COIMB,0
32.0,4.8,Meal,motorcycle,17.79,82.0,0.0,broken clouds,High,21.9,39.76666667,MYS,4,87.6,0,clouds,MYS,0
20.0,4.6,Snack,scooter,19.17,65.0,0.0,clear sky,Moderate,8.68,29.88333333,PUNE,3,26.04,0,clear sky,PUNE,0
30.0,4.1,Meal,motorcycle,22.99,43.0,0.0,clear sky,High,15.7,36.78333333,SUR,4,62.8,0,clear sky,SUR,0
21.0,4.5,Meal,motorcycle,22.97,43.0,0.0,clear sky,Moderate,11.12,26.3,SUR,3,33.36,0,clear sky,SUR,0
20.0,4.5,Drinks,motorcycle,17.3,53.0,0.0,clear sky,High,22.02,50.65,INDO,4,88.08,0,clear sky,INDO,1
34.0,4.8,Drinks,scooter,23.89,88.0,0.0,mist,Very High,24.21,63.76666667,KOC,5,121.05000000000001,0,mist,Other,1
21.0,4.9,Drinks,motorcycle,18.36,82.0,0.0,scattered clouds,High,19.48,43.68333333,MYS,4,77.92,0,clouds,MYS,0
21.0,4.5,Meal,motorcycle,22.63,43.0,0.0,clear sky,Moderate,15.98,30.91666667,VAD,3,47.94,0,clear sky,Other,0
28.0,4.9,Meal,scooter,25.02,73.0,0.0,mist,High,15.95,36.41666667,COIMB,4,63.8,0,mist,COIMB,0
39.0,4.6,Snack,motorcycle,21.19,65.0,0.0,broken clouds,Very High,21.71,54.8,HYD,5,108.55000000000001,0,clouds,HYD,1
33.0,4.4,Buffet,motorcycle,19.38,68.0,0.0,haze,Low,7.51,21.31666667,JAP,2,15.02,0,haze,JAP,0
34.0,4.5,Buffet,motorcycle,25.06,73.0,0.0,mist,High,13.92,36.98333333,COIMB,4,55.68,0,mist,COIMB,0
33.0,5.0,Buffet,motorcycle,17.41,69.0,0.0,clear sky,High,18.92,37.5,RANCHI,4,75.68,0,clear sky,RANCHI,0
23.0,4.5,Meal,electric scooter,26.95,44.0,0.0,smoke,Low,4.32,24.53333333,MUM,2,8.64,0,smoke,MUM,0
37.0,4.9,Drinks,motorcycle,20.01,92.0,0.0,mist,Moderate,7.62,36.11666667,BANG,3,22.86,0,mist,BANG,0
38.0,4.1,Snack,electric scooter,26.26,44.0,0.0,smoke,Very High,18.18,62.21666667,MUM,5,90.9,0,smoke,MUM,1
35.0,4.1,Buffet,motorcycle,27.05,49.0,0.0,clear sky,Very High,23.45,48.0,MUM,5,117.25,0,clear sky,MUM,1
34.0,5.0,Meal,scooter,18.88,57.0,0.0,clear sky,Moderate,5.97,24.48333333,LUDH,3,17.91,0,clear sky,Other,0
27.0,4.3,Meal,motorcycle,21.29,64.0,0.0,overcast clouds,High,18.26,46.73333333,HYD,4,73.04,0,clouds,HYD,1
20.0,4.6,Drinks,scooter,17.58,69.0,0.0,clear sky,Low,4.15,26.86666667,RANCHI,2,8.3,0,clear sky,RANCHI,0
22.0,5.0,Drinks,motorcycle,17.31,53.0,0.0,clear sky,Very High,27.88,57.85,INDO,5,139.4,0,clear sky,INDO,1
38.0,5.0,Buffet,electric scooter,19.81,68.0,0.0,haze,High,9.34,36.06666667,JAP,4,37.36,0,haze,JAP,0
36.0,4.6,Snack,scooter,23.39,43.0,0.0,clear sky,Low,6.06,19.96666667,SUR,2,12.12,0,clear sky,SUR,0
27.0,4.6,Drinks,electric scooter,18.93,65.0,0.0,clear sky,High,12.48,42.66666667,PUNE,4,49.92,0,clear sky,PUNE,0
36.0,4.6,Meal,electric scooter,23.61,44.0,0.0,clear sky,Very Low,5.52,10.86666667,SUR,1,5.52,0,clear sky,SUR,0
32.0,4.6,Snack,motorcycle,17.77,68.0,0.0,clear sky,High,18.75,40.36666667,RANCHI,4,75.0,0,clear sky,RANCHI,0
20.0,4.8,Buffet,scooter,19.77,91.0,0.0,mist,Moderate,7.17,32.81666667,BANG,3,21.509999999999998,0,mist,BANG,0
31.0,4.3,Buffet,motorcycle,17.23,82.0,0.0,mist,Very High,31.41,55.6,AURG,5,157.05,0,mist,Other,1
20.0,4.7,Drinks,motorcycle,26.36,88.0,0.0,mist,High,11.21,53.25,CHEN,4,44.84,0,mist,CHEN,1
32.0,4.9,Meal,motorcycle,17.15,72.0,0.0,haze,Low,4.19,16.33333333,INDO,2,8.38,0,haze,INDO,0
22.0,4.8,Drinks,scooter,19.25,65.0,0.0,clear sky,High,11.72,40.13333333,PUNE,4,46.88,0,clear sky,PUNE,0
25.0,4.9,Drinks,scooter,19.32,64.0,0.0,clear sky,Low,2.53,20.06666667,PUNE,2,5.06,1,clear sky,PUNE,0
29.0,4.6,Drinks,motorcycle,24.74,49.0,0.0,clear sky,Very High,28.63,64.38333333,MUM,5,143.15,0,clear sky,MUM,1
29.0,4.8,Drinks,motorcycle,19.7,68.0,0.0,haze,Moderate,7.27,40.7,JAP,3,21.81,0,haze,JAP,0
20.0,4.8,Buffet,motorcycle,24.92,73.0,0.0,mist,High,15.72,47.63333333,COIMB,4,62.88,0,mist,COIMB,1
32.0,4.6,Buffet,scooter,21.2,65.0,0.0,broken clouds,Very High,18.31,51.33333333,HYD,5,91.55,0,clouds,HYD,1
32.0,4.8,Drinks,motorcycle,26.79,44.0,0.0,smoke,Moderate,9.02,44.18333333,MUM,3,27.06,0,smoke,MUM,0
30.0,4.9,Drinks,motorcycle,18.96,68.0,0.0,haze,Moderate,10.08,33.63333333,JAP,3,30.240000000000002,0,haze,JAP,0
38.0,4.8,Buffet,scooter,22.88,42.0,0.0,clear sky,Low,5.53,14.36666667,VAD,2,11.06,0,clear sky,Other,0
31.0,4.5,Buffet,motorcycle,8.97,81.0,0.0,clear sky,Very High,33.83,87.16666667,DEH,5,169.14999999999998,0,clear sky,Other,1
39.0,4.0,Snack,motorcycle,13.45,78.0,0.0,clear sky,Very High,15.13,51.56666667,DEH,5,75.65,0,clear sky,Other,1
32.0,4.6,Meal,motorcycle,17.17,72.0,0.0,haze,Moderate,12.32,25.2,INDO,3,36.96,0,haze,INDO,0
32.0,4.9,Meal,motorcycle,24.88,73.0,0.0,mist,Low,4.02,16.08333333,COIMB,2,8.04,0,mist,COIMB,0
35.0,4.9,Snack,scooter,22.9,42.0,0.0,clear sky,Low,2.9,15.08333333,VAD,2,5.8,1,clear sky,Other,0
27.0,4.9,Meal,scooter,17.41,69.0,0.0,clear sky,Moderate,9.57,30.35,RANCHI,3,28.71,0,clear sky,RANCHI,0
22.0,4.9,Meal,scooter,17.14,72.0,0.0,haze,Moderate,12.79,28.33333333,INDO,3,38.37,0,haze,INDO,0
29.0,4.5,Drinks,motorcycle,25.12,73.0,0.0,mist,High,17.69,49.5,COIMB,4,70.76,0,mist,COIMB,1
36.0,4.1,Buffet,motorcycle,18.95,65.0,0.0,clear sky,High,13.63,39.4,PUNE,4,54.52,0,clear sky,PUNE,0
29.0,4.7,Snack,motorcycle,19.63,68.0,0.0,haze,High,8.18,36.6,JAP,4,32.72,0,haze,JAP,0
25.0,4.9,Meal,motorcycle,22.87,42.0,0.0,clear sky,High,20.48,44.05,SUR,4,81.92,0,clear sky,SUR,0
32.0,4.0,Snack,motorcycle,19.56,93.0,0.0,mist,Very High,17.99,58.43333333,BANG,5,89.94999999999999,0,mist,BANG,1
31.0,4.0,Drinks,motorcycle,22.98,43.0,0.0,clear sky,Moderate,12.33,37.48333333,SUR,3,36.99,0,clear sky,SUR,0
22.0,4.8,Buffet,motorcycle,21.1,66.0,0.0,broken clouds,Low,5.71,18.43333333,HYD,2,11.42,0,clouds,HYD,0
20.0,4.9,Snack,scooter,25.14,73.0,0.0,mist,Very High,25.78,63.5,COIMB,5,128.9,0,mist,COIMB,1
22.0,4.7,Meal,scooter,26.92,44.0,0.0,smoke,Moderate,7.42,29.58333333,MUM,3,22.259999999999998,0,smoke,MUM,0
20.0,4.9,Meal,scooter,19.63,68.0,0.0,haze,High,8.18,32.6,JAP,4,32.72,0,haze,JAP,0
30.0,4.9,Drinks,electric scooter,18.24,81.0,0.0,broken clouds,Moderate,9.7,39.85,MYS,3,29.099999999999998,0,clouds,MYS,0
23.0,4.8,Meal,scooter,19.51,68.0,0.0,haze,High,11.38,39.71666667,JAP,4,45.52,0,haze,JAP,0
28.0,4.8,Snack,motorcycle,19.36,93.0,0.0,mist,Very High,20.9,60.66666667,BANG,5,104.5,0,mist,BANG,1
30.0,5.0,Snack,motorcycle,26.52,88.0,0.0,mist,Moderate,9.26,37.76666667,CHEN,3,27.78,0,mist,CHEN,0
25.0,4.8,Drinks,scooter,21.75,56.0,0.0,clear sky,Moderate,12.98,39.33333333,KNP,3,38.94,0,clear sky,Other,0
28.0,4.6,Snack,motorcycle,21.79,54.0,0.0,clear sky,High,14.27,37.96666667,KNP,4,57.08,0,clear sky,Other,0
25.0,4.7,Buffet,scooter,22.98,43.0,0.0,clear sky,Moderate,12.33,30.48333333,SUR,3,36.99,0,clear sky,SUR,0
27.0,4.7,Snack,motorcycle,24.88,73.0,0.0,mist,Low,4.35,19.41666667,COIMB,2,8.7,0,mist,COIMB,0
21.0,4.8,Meal,scooter,23.97,78.0,0.0,mist,Moderate,12.1,31.28333333,COIMB,3,36.3,0,mist,COIMB,0
24.0,4.9,Meal,scooter,17.31,53.0,0.0,clear sky,High,25.66,41.0,INDO,4,102.64,0,clear sky,INDO,0
22.0,4.6,Meal,motorcycle,19.95,46.0,0.0,clear sky,Very High,20.5,52.5,JAP,5,102.5,0,clear sky,JAP,1
38.0,4.9,Snack,motorcycle,17.17,72.0,0.0,haze,Moderate,12.14,29.08333333,INDO,3,36.42,0,haze,INDO,0
27.0,4.1,Drinks,motorcycle,21.36,67.0,0.0,broken clouds,Moderate,8.47,31.38333333,HYD,3,25.410000000000004,0,clouds,HYD,0
26.0,4.5,Snack,electric scooter,19.1,55.0,0.0,clear sky,Low,10.43,24.18333333,LUDH,2,20.86,0,clear sky,Other,0
21.0,4.8,Meal,motorcycle,17.89,77.0,0.0,scattered clouds,Low,4.48,14.76666667,MYS,2,8.96,0,clouds,MYS,0
32.0,4.5,Drinks,motorcycle,24.87,73.0,0.0,mist,Low,4.74,28.91666667,COIMB,2,9.48,0,mist,COIMB,0
35.0,4.6,Meal,scooter,22.21,54.0,0.0,clear sky,Low,6.78,20.03333333,ALH,2,13.56,0,clear sky,Other,0
29.0,4.9,Buffet,motorcycle,26.18,44.0,0.0,smoke,High,20.12,52.43333333,MUM,4,80.48,0,smoke,MUM,1
23.0,4.5,Drinks,motorcycle,26.36,88.0,0.0,mist,Moderate,6.28,39.55,CHEN,3,18.84,0,mist,CHEN,0
31.0,4.9,Buffet,motorcycle,17.62,68.0,0.0,clear sky,Moderate,7.54,24.16666667,RANCHI,3,22.62,0,clear sky,RANCHI,0
20.0,4.8,Drinks,electric scooter,26.34,88.0,0.0,mist,High,8.72,46.5,CHEN,4,34.88,0,mist,CHEN,1
39.0,4.8,Buffet,scooter,19.2,65.0,0.0,clear sky,Moderate,9.46,32.73333333,PUNE,3,28.380000000000003,0,clear sky,PUNE,0
33.0,4.9,Snack,motorcycle,21.23,65.0,0.0,broken clouds,Moderate,12.01,32.4,HYD,3,36.03,0,clouds,HYD,0
28.0,4.8,Snack,motorcycle,21.4,64.0,0.0,broken clouds,High,13.99,40.93333333,HYD,4,55.96,0,clouds,HYD,0
22.0,4.9,Meal,motorcycle,22.99,83.0,0.0,haze,High,12.01,44.16666667,KOL,4,48.04,0,haze,Other,0
34.0,4.7,Meal,motorcycle,21.27,65.0,0.0,broken clouds,Low,3.22,14.83333333,HYD,2,6.44,0,clouds,HYD,0
26.0,4.8,Meal,motorcycle,26.42,87.0,0.0,mist,Moderate,7.57,25.93333333,CHEN,3,22.71,0,mist,CHEN,0
21.0,4.9,Meal,motorcycle,25.12,73.0,0.0,mist,Very High,20.21,49.16666667,COIMB,5,101.05000000000001,0,mist,COIMB,1
22.0,4.9,Snack,motorcycle,17.79,68.0,0.0,clear sky,High,17.81,44.36666667,RANCHI,4,71.24,0,clear sky,RANCHI,0
30.0,4.7,Meal,motorcycle,19.81,91.0,0.0,mist,Moderate,6.35,29.91666667,BANG,3,19.049999999999997,0,mist,BANG,0
23.0,4.7,Meal,electric scooter,19.81,47.0,0.0,clear sky,Very High,31.21,69.4,JAP,5,156.05,0,clear sky,JAP,1
33.0,4.2,Buffet,motorcycle,26.41,88.0,0.0,mist,Low,2.38,19.75,CHEN,2,4.76,1,mist,CHEN,0
36.0,4.3,Snack,scooter,17.79,82.0,0.0,broken clouds,High,22.23,40.0,MYS,4,88.92,0,clouds,MYS,0
29.0,5.0,Meal,motorcycle,17.84,68.0,0.0,clear sky,High,11.34,40.7,RANCHI,4,45.36,0,clear sky,RANCHI,0
36.0,4.9,Drinks,motorcycle,19.83,93.0,0.0,mist,Low,3.08,25.8,BANG,2,6.16,0,mist,BANG,0
27.0,5.0,Meal,motorcycle,20.01,92.0,0.0,mist,Moderate,7.62,26.98333333,BANG,3,22.86,0,mist,BANG,0
29.0,4.6,Meal,motorcycle,26.53,87.0,0.0,mist,Moderate,8.99,29.36666667,CHEN,3,26.97,0,mist,CHEN,0
30.0,4.9,Buffet,scooter,23.97,78.0,0.0,mist,Moderate,12.91,35.98333333,COIMB,3,38.730000000000004,0,mist,COIMB,0
39.0,4.1,Snack,motorcycle,18.28,81.0,0.0,scattered clouds,High,13.43,42.96666667,MYS,4,53.72,0,clouds,MYS,0
29.0,4.6,Drinks,motorcycle,16.24,73.0,0.0,clear sky,Moderate,5.24,30.0,DEH,3,15.72,0,clear sky,Other,0
33.0,4.9,Meal,motorcycle,19.26,64.0,0.0,clear sky,Low,5.7,20.3,PUNE,2,11.4,0,clear sky,PUNE,0
31.0,4.8,Buffet,scooter,18.93,64.0,0.0,clear sky,High,15.49,40.05,PUNE,4,61.96,0,clear sky,PUNE,0
24.0,4.5,Buffet,scooter,18.13,82.0,0.0,broken clouds,Moderate,20.78,32.21666667,MYS,3,62.34,0,clouds,MYS,0
21.0,5.0,Snack,motorcycle,21.38,64.0,0.0,overcast clouds,Very High,17.8,54.15,HYD,5,89.0,0,clouds,HYD,1
27.0,4.6,Snack,scooter,18.36,57.0,0.0,clear sky,Low,5.25,18.05,BHP,2,10.5,0,clear sky,Other,0
38.0,4.7,Meal,motorcycle,22.27,54.0,0.0,clear sky,Moderate,7.36,24.8,ALH,3,22.080000000000002,0,clear sky,Other,0
31.0,4.8,Buffet,motorcycle,17.89,77.0,0.0,scattered clouds,Low,4.51,16.46666667,MYS,2,9.02,0,clouds,MYS,0
29.0,5.0,Buffet,scooter,19.15,65.0,0.0,clear sky,Moderate,10.54,32.33333333,PUNE,3,31.619999999999997,0,clear sky,PUNE,0
39.0,4.8,Snack,motorcycle,17.17,72.0,0.0,haze,Low,5.86,24.91666667,INDO,2,11.72,0,haze,INDO,0
29.0,4.9,Drinks,motorcycle,22.74,43.0,0.0,clear sky,Low,9.84,27.85,VAD,2,19.68,0,clear sky,Other,0
30.0,5.0,Snack,scooter,21.29,66.0,0.0,broken clouds,Very Low,2.52,15.06666667,HYD,1,2.52,1,clouds,HYD,0
34.0,4.6,Buffet,scooter,26.45,88.0,0.0,mist,Low,4.69,22.28333333,CHEN,2,9.38,0,mist,CHEN,0
36.0,4.3,Meal,motorcycle,18.78,65.0,0.0,clear sky,Very High,29.35,66.83333333,PUNE,5,146.75,0,clear sky,PUNE,1
29.0,4.7,Drinks,motorcycle,26.75,44.0,0.0,smoke,Very High,16.91,67.41666667,MUM,5,84.55,0,smoke,MUM,1
37.0,4.8,Drinks,scooter,19.53,65.0,0.0,clear sky,Very High,28.93,64.58333333,PUNE,5,144.65,0,clear sky,PUNE,1
22.0,4.4,Buffet,motorcycle,22.68,43.0,0.0,clear sky,Moderate,11.19,23.28333333,VAD,3,33.57,0,clear sky,Other,0
27.0,4.1,Buffet,motorcycle,23.01,43.0,0.0,clear sky,High,16.7,41.9,SUR,4,66.8,0,clear sky,SUR,0
31.0,4.4,Drinks,motorcycle,21.42,64.0,0.0,broken clouds,Very High,17.81,59.5,HYD,5,89.05,0,clouds,HYD,1
26.0,4.5,Drinks,scooter,21.33,66.0,0.0,broken clouds,Moderate,12.79,38.33333333,HYD,3,38.37,0,clouds,HYD,0
35.0,4.7,Meal,scooter,17.14,72.0,0.0,haze,Moderate,9.41,28.96666667,INDO,3,28.23,0,haze,INDO,0
21.0,4.7,Buffet,motorcycle,26.36,88.0,0.0,mist,High,12.24,45.86666667,CHEN,4,48.96,0,mist,CHEN,1
32.0,5.0,Snack,motorcycle,13.42,78.0,0.0,clear sky,Very High,16.21,52.65,DEH,5,81.05000000000001,0,clear sky,Other,1
29.0,4.6,Drinks,motorcycle,22.85,43.0,0.0,clear sky,Very High,25.39,58.55,SUR,5,126.95,0,clear sky,SUR,1
32.0,4.5,Buffet,motorcycle,17.26,53.0,0.0,clear sky,High,16.69,38.78333333,INDO,4,66.76,0,clear sky,INDO,0
20.0,4.5,Drinks,motorcycle,21.32,66.0,0.0,broken clouds,High,14.77,51.96666667,HYD,4,59.08,0,clouds,HYD,1
28.0,4.6,Snack,electric scooter,17.16,72.0,0.0,haze,Moderate,7.01,26.86666667,INDO,3,21.03,0,haze,INDO,0
23.0,4.7,Buffet,motorcycle,22.99,43.0,0.0,clear sky,High,14.17,33.93333333,SUR,4,56.68,0,clear sky,SUR,0
32.0,4.9,Meal,motorcycle,24.77,73.0,0.0,mist,Very Low,2.39,13.48333333,COIMB,1,2.39,1,mist,COIMB,0
33.0,4.0,Buffet,scooter,26.43,87.0,0.0,scattered clouds,Very High,16.3,63.7,CHEN,5,81.5,0,clouds,CHEN,1
36.0,4.3,Meal,scooter,23.94,88.0,0.0,mist,Moderate,8.12,30.98333333,KOC,3,24.36,0,mist,Other,0
35.0,3.7,Snack,scooter,26.89,47.0,0.0,clear sky,Very High,33.8,80.25,MUM,5,169.0,0,clear sky,MUM,1
38.0,4.3,Snack,electric scooter,19.54,92.0,0.0,mist,Low,2.42,19.81666667,BANG,2,4.84,1,mist,BANG,0
38.0,4.9,Snack,motorcycle,26.96,44.0,0.0,smoke,Moderate,10.64,34.6,MUM,3,31.92,0,smoke,MUM,0
37.0,4.4,Snack,motorcycle,17.85,67.0,0.0,clear sky,Very High,22.26,59.21666667,RANCHI,5,111.30000000000001,0,clear sky,RANCHI,1
32.0,4.6,Snack,motorcycle,26.51,87.0,0.0,mist,High,10.0,40.31666667,CHEN,4,40.0,0,mist,CHEN,0
38.0,4.6,Drinks,electric scooter,19.04,68.0,0.0,haze,Moderate,11.63,40.38333333,JAP,3,34.89,0,haze,JAP,0
33.0,4.5,Snack,motorcycle,19.13,64.0,0.0,clear sky,High,17.74,47.1,PUNE,4,70.96,0,clear sky,PUNE,1
20.0,5.0,Snack,electric scooter,25.02,73.0,0.0,mist,Very High,24.44,59.23333333,COIMB,5,122.2,0,mist,COIMB,1
20.0,4.8,Meal,motorcycle,19.81,68.0,0.0,haze,Moderate,8.01,27.78333333,JAP,3,24.03,0,haze,JAP,0
36.0,4.7,Snack,electric scooter,19.96,46.0,0.0,clear sky,High,14.84,44.01666667,JAP,4,59.36,0,clear sky,JAP,0
21.0,5.0,Meal,scooter,24.88,61.0,0.0,few clouds,Very High,21.44,55.65,GOA,5,107.2,0,clouds,Other,1
29.0,4.6,Meal,motorcycle,25.17,44.0,0.0,smoke,High,14.96,50.71666667,MUM,4,59.84,0,smoke,MUM,1
33.0,4.6,Buffet,motorcycle,21.03,65.0,0.0,broken clouds,Very High,31.11,66.38333333,HYD,5,155.55,0,clouds,HYD,1
31.0,4.7,Drinks,scooter,19.22,65.0,0.0,clear sky,Moderate,8.03,37.58333333,PUNE,3,24.089999999999996,0,clear sky,PUNE,0
32.0,4.8,Buffet,motorcycle,17.67,68.0,0.0,clear sky,Moderate,6.03,23.88333333,RANCHI,3,18.09,0,clear sky,RANCHI,0
39.0,4.5,Drinks,motorcycle,19.17,65.0,0.0,clear sky,Low,4.34,23.33333333,PUNE,2,8.68,0,clear sky,PUNE,0
22.0,4.9,Meal,scooter,21.29,65.0,0.0,broken clouds,Very Low,3.48,11.9,HYD,1,3.48,0,clouds,HYD,0
28.0,4.9,Drinks,motorcycle,25.02,73.0,0.0,mist,High,15.95,45.63333333,COIMB,4,63.8,0,mist,COIMB,1
32.0,4.6,Drinks,scooter,21.81,55.0,0.0,clear sky,Moderate,8.19,36.96666667,KNP,3,24.57,0,clear sky,Other,0
39.0,4.8,Meal,motorcycle,19.77,93.0,0.0,mist,Very High,22.26,64.41666667,BANG,5,111.30000000000001,0,mist,BANG,1
38.0,4.7,Snack,electric scooter,17.19,72.0,0.0,haze,Moderate,11.53,34.38333333,INDO,3,34.589999999999996,0,haze,INDO,0
32.0,4.6,Drinks,motorcycle,26.52,44.0,0.0,smoke,Very High,16.71,67.85,MUM,5,83.55000000000001,0,smoke,MUM,1
37.0,4.8,Drinks,motorcycle,19.9,46.0,0.0,clear sky,Very High,25.96,66.3,JAP,5,129.8,0,clear sky,JAP,1
33.0,4.9,Buffet,motorcycle,24.74,59.0,0.0,scattered clouds,High,12.41,38.48333333,GOA,4,49.64,0,clouds,Other,0
29.0,4.7,Meal,motorcycle,26.55,87.0,0.0,mist,High,9.89,37.6,CHEN,4,39.56,0,mist,CHEN,0
29.0,4.5,Drinks,motorcycle,19.99,47.0,0.0,clear sky,Very High,26.03,73.15,JAP,5,130.15,0,clear sky,JAP,1
27.0,4.8,Meal,scooter,17.72,68.0,0.0,clear sky,High,9.94,34.51666667,RANCHI,4,39.76,0,clear sky,RANCHI,0
28.0,4.9,Meal,motorcycle,17.09,72.0,0.0,haze,Moderate,11.77,28.98333333,INDO,3,35.31,0,haze,INDO,0
31.0,4.8,Buffet,scooter,17.82,82.0,0.0,mist,Very Low,2.62,13.21666667,AURG,1,2.62,1,mist,Other,0
20.0,2.5,Snack,scooter,21.08,65.0,0.0,broken clouds,Very High,31.62,83.5,HYD,5,158.1,0,clouds,HYD,1
27.0,4.5,Meal,motorcycle,26.4,92.0,0.0,scattered clouds,Very High,27.57,82.16666667,CHEN,5,137.85,0,clouds,CHEN,1
29.0,4.5,Drinks,motorcycle,23.03,83.0,0.0,haze,Moderate,6.82,31.38333333,KOL,3,20.46,0,haze,Other,0
34.0,5.0,Snack,motorcycle,21.27,65.0,0.0,broken clouds,Very Low,2.53,12.8,HYD,1,2.53,1,clouds,HYD,0
37.0,4.6,Snack,motorcycle,24.87,73.0,0.0,mist,High,14.7,45.91666667,COIMB,4,58.8,0,mist,COIMB,1
24.0,4.6,Snack,scooter,17.6,69.0,0.0,clear sky,Very High,21.4,56.01666667,RANCHI,5,107.0,0,clear sky,RANCHI,1
27.0,4.8,Buffet,scooter,17.64,69.0,0.0,clear sky,Moderate,12.82,23.58333333,RANCHI,3,38.46,0,clear sky,RANCHI,0
32.0,4.6,Drinks,motorcycle,26.49,87.0,0.0,mist,Very High,18.61,75.1,CHEN,5,93.05,0,mist,CHEN,1
28.0,4.6,Drinks,motorcycle,21.72,56.0,0.0,clear sky,High,16.41,45.26666667,KNP,4,65.64,0,clear sky,Other,1
28.0,5.0,Buffet,motorcycle,21.25,64.0,0.0,broken clouds,High,13.4,44.03333333,HYD,4,53.6,0,clouds,HYD,0
35.0,4.8,Meal,motorcycle,24.81,73.0,0.0,mist,Moderate,6.79,26.86666667,COIMB,3,20.37,0,mist,COIMB,0
26.0,4.9,Drinks,motorcycle,17.29,53.0,0.0,clear sky,Very High,27.38,55.7,INDO,5,136.9,0,clear sky,INDO,1
36.0,4.6,Meal,motorcycle,26.42,88.0,0.0,mist,Moderate,6.03,27.38333333,CHEN,3,18.09,0,mist,CHEN,0
37.0,4.6,Meal,electric scooter,17.31,53.0,0.0,clear sky,Very High,29.59,47.9,INDO,5,147.95,0,clear sky,INDO,1
25.0,4.6,Snack,motorcycle,21.15,67.0,0.0,broken clouds,High,11.89,36.53333333,HYD,4,47.56,0,clouds,HYD,0
35.0,4.6,Meal,motorcycle,18.25,58.0,0.0,clear sky,Very High,22.56,46.36666667,BHP,5,112.8,0,clear sky,Other,1
25.0,4.6,Snack,motorcycle,25.76,44.0,0.0,smoke,Very High,19.35,66.06666667,MUM,5,96.75,0,smoke,MUM,1
24.0,4.9,Meal,scooter,21.63,52.0,0.0,clear sky,Moderate,5.85,25.53333333,AGR,3,17.549999999999997,0,clear sky,Other,0
25.0,4.7,Snack,motorcycle,17.53,69.0,0.0,clear sky,Moderate,6.09,28.18333333,RANCHI,3,18.27,0,clear sky,RANCHI,0
23.0,5.0,Buffet,scooter,21.28,65.0,0.0,broken clouds,Low,5.75,18.8,HYD,2,11.5,0,clouds,HYD,0
24.0,4.9,Drinks,electric scooter,24.96,73.0,0.0,mist,Moderate,11.7,40.53333333,COIMB,3,35.099999999999994,0,mist,COIMB,0
35.0,4.7,Snack,electric scooter,27.01,48.0,0.0,clear sky,Moderate,9.65,34.58333333,MUM,3,28.950000000000003,0,clear sky,MUM,0
21.0,4.6,Snack,motorcycle,22.74,43.0,0.0,clear sky,Moderate,13.47,32.35,VAD,3,40.410000000000004,0,clear sky,Other,0
21.0,5.0,Meal,motorcycle,22.87,43.0,0.0,clear sky,High,17.02,35.86666667,SUR,4,68.08,0,clear sky,SUR,0
37.0,4.8,Drinks,scooter,22.23,54.0,0.0,clear sky,Low,5.18,25.06666667,ALH,2,10.36,0,clear sky,Other,0
38.0,4.1,Buffet,motorcycle,21.65,56.0,0.0,clear sky,High,17.41,39.83333333,KNP,4,69.64,0,clear sky,Other,0
33.0,4.9,Buffet,motorcycle,21.29,64.0,0.0,broken clouds,Very High,17.95,50.1,HYD,5,89.75,0,clouds,HYD,1
26.0,4.5,Meal,scooter,26.51,87.0,0.0,mist,Very High,20.0,65.11666667,CHEN,5,100.0,0,mist,CHEN,1
25.0,4.8,Drinks,scooter,26.71,44.0,0.0,smoke,Very High,21.86,67.5,MUM,5,109.3,0,smoke,MUM,1
35.0,4.5,Snack,electric scooter,19.03,65.0,0.0,few clouds,High,16.48,44.06666667,PUNE,4,65.92,0,clouds,PUNE,0
29.0,4.9,Snack,motorcycle,26.4,74.0,0.0,broken clouds,Very High,28.57,81.25,CHEN,5,142.85,0,clouds,CHEN,1
29.0,4.9,Snack,motorcycle,27.01,44.0,0.0,smoke,High,11.59,47.93333333,MUM,4,46.36,0,smoke,MUM,1
25.0,4.5,Drinks,motorcycle,22.74,43.0,0.0,clear sky,Moderate,13.28,36.65,VAD,3,39.839999999999996,0,clear sky,Other,0
31.0,4.9,Meal,electric scooter,24.95,73.0,0.0,mist,Very Low,3.75,13.68333333,COIMB,1,3.75,0,mist,COIMB,0
26.0,4.1,Meal,motorcycle,26.48,87.0,0.0,broken clouds,Very High,16.91,59.01666667,CHEN,5,84.55,0,clouds,CHEN,1
22.0,4.7,Meal,motorcycle,20.3,91.0,0.0,mist,High,8.26,36.65,BANG,4,33.04,0,mist,BANG,0
26.0,4.7,Snack,scooter,17.54,69.0,0.0,clear sky,High,16.45,45.31666667,RANCHI,4,65.8,0,clear sky,RANCHI,1
29.0,4.6,Meal,electric scooter,22.9,43.0,0.0,clear sky,Moderate,12.01,28.45,SUR,3,36.03,0,clear sky,SUR,0
33.0,4.5,Snack,electric scooter,19.4,92.0,0.0,mist,Moderate,8.64,37.46666667,BANG,3,25.92,0,mist,BANG,0
22.0,4.7,Snack,motorcycle,17.06,54.0,0.0,clear sky,Very High,28.87,50.51666667,INDO,5,144.35,0,clear sky,INDO,1
29.0,4.9,Snack,motorcycle,26.42,88.0,0.0,mist,Moderate,6.03,30.95,CHEN,3,18.09,0,mist,CHEN,0
24.0,4.8,Drinks,scooter,26.34,87.0,0.0,scattered clouds,Very High,25.0,65.18333333,CHEN,5,125.0,0,clouds,CHEN,1
37.0,4.7,Buffet,motorcycle,19.39,64.0,0.0,clear sky,Low,2.3,13.0,PUNE,2,4.6,1,clear sky,PUNE,0
27.0,4.8,Snack,scooter,19.99,56.0,0.0,clear sky,Very High,31.32,70.15,KNP,5,156.6,0,clear sky,Other,1
25.0,4.6,Buffet,motorcycle,19.53,47.0,0.0,clear sky,Very High,31.54,68.16666667,JAP,5,157.7,0,clear sky,JAP,1
34.0,4.7,Snack,motorcycle,17.07,72.0,0.0,haze,Moderate,16.29,34.98333333,INDO,3,48.87,0,haze,INDO,0
28.0,4.6,Snack,scooter,20.14,68.0,0.0,haze,Moderate,12.16,26.75,JAP,3,36.480000000000004,0,haze,JAP,0
25.0,4.6,Buffet,motorcycle,25.15,73.0,0.0,mist,High,21.79,50.16666667,COIMB,4,87.16,0,mist,COIMB,1
28.0,4.9,Buffet,scooter,19.4,92.0,0.0,mist,Moderate,8.64,35.46666667,BANG,3,25.92,0,mist,BANG,0
24.0,4.6,Snack,motorcycle,26.63,44.0,0.0,smoke,Very High,20.0,68.13333333,MUM,5,100.0,0,smoke,MUM,1
33.0,5.0,Meal,motorcycle,18.49,56.0,0.0,clear sky,Very Low,2.8,9.516666667,BHP,1,2.8,1,clear sky,Other,0
35.0,4.7,Buffet,scooter,19.7,68.0,0.0,haze,Low,4.25,18.45,JAP,2,8.5,0,haze,JAP,0
32.0,4.7,Meal,motorcycle,21.79,51.0,0.0,clear sky,Moderate,10.06,27.25,AGR,3,30.18,0,clear sky,Other,0
23.0,2.6,Drinks,scooter,18.72,57.0,0.0,clear sky,Very High,26.02,63.88333333,LUDH,5,130.1,0,clear sky,Other,1
26.0,4.0,Buffet,motorcycle,22.85,43.0,0.0,clear sky,Low,6.59,17.03333333,VAD,2,13.18,0,clear sky,Other,0
36.0,4.6,Snack,motorcycle,17.14,72.0,0.0,haze,Moderate,9.49,34.1,INDO,3,28.47,0,haze,INDO,0
20.0,4.3,Drinks,motorcycle,24.86,73.0,0.0,mist,Low,2.77,25.36666667,COIMB,2,5.54,1,mist,COIMB,0
24.0,4.7,Drinks,scooter,17.07,72.0,0.0,haze,Moderate,16.29,39.98333333,INDO,3,48.87,0,haze,INDO,0
32.0,4.9,Buffet,electric scooter,22.74,43.0,0.0,clear sky,Moderate,13.28,29.65,VAD,3,39.839999999999996,0,clear sky,Other,0
35.0,4.5,Meal,motorcycle,18.02,81.0,0.0,broken clouds,Very Low,2.11,9.5,MYS,1,2.11,1,clouds,MYS,0
25.0,4.9,Meal,scooter,17.05,72.0,0.0,haze,High,11.57,34.2,INDO,4,46.28,0,haze,INDO,0
39.0,5.0,Snack,motorcycle,24.94,73.0,0.0,mist,High,17.97,45.15,COIMB,4,71.88,0,mist,COIMB,1
35.0,4.9,Snack,motorcycle,26.99,48.0,0.0,clear sky,Very High,25.98,58.53333333,MUM,5,129.9,0,clear sky,MUM,1
30.0,4.9,Drinks,scooter,18.57,56.0,0.0,clear sky,Low,4.53,22.81666667,BHP,2,9.06,0,clear sky,Other,0
32.0,4.0,Drinks,motorcycle,19.91,47.0,0.0,clear sky,Very High,28.89,66.85,JAP,5,144.45,0,clear sky,JAP,1
35.0,4.2,Drinks,motorcycle,18.25,81.0,0.0,broken clouds,High,15.77,52.28333333,MYS,4,63.08,0,clouds,MYS,1
23.0,4.9,Buffet,scooter,21.45,64.0,0.0,broken clouds,High,12.65,35.4,HYD,4,50.6,0,clouds,HYD,0
29.0,4.6,Drinks,motorcycle,27.03,44.0,0.0,smoke,Low,3.23,25.65,MUM,2,6.46,0,smoke,MUM,0
29.0,4.6,Meal,electric scooter,17.11,77.0,0.0,haze,Low,4.38,17.53333333,INDO,2,8.76,0,haze,INDO,0
23.0,4.9,Buffet,motorcycle,23.97,78.0,0.0,mist,High,15.79,43.53333333,COIMB,4,63.16,0,mist,COIMB,0
26.0,4.0,Drinks,motorcycle,19.91,47.0,0.0,clear sky,Very High,28.89,66.95,JAP,5,144.45,0,clear sky,JAP,1
29.0,4.6,Snack,motorcycle,18.2,77.0,0.0,scattered clouds,High,13.96,38.48333333,MYS,4,55.84,0,clouds,MYS,0
31.0,4.7,Buffet,scooter,21.81,55.0,0.0,clear sky,Low,4.24,17.46666667,KNP,2,8.48,0,clear sky,Other,0
29.0,4.6,Drinks,motorcycle,27.02,44.0,0.0,smoke,Low,3.66,28.68333333,MUM,2,7.32,0,smoke,MUM,0
22.0,4.8,Meal,motorcycle,22.99,83.0,0.0,haze,Moderate,11.85,31.78333333,KOL,3,35.55,0,haze,Other,0
30.0,4.7,Snack,electric scooter,17.08,72.0,0.0,haze,Very Low,2.31,15.18333333,INDO,1,2.31,1,haze,INDO,0
24.0,4.5,Snack,motorcycle,23.97,78.0,0.0,mist,High,16.18,46.3,COIMB,4,64.72,0,mist,COIMB,1
24.0,4.5,Drinks,motorcycle,26.28,88.0,0.0,mist,Low,2.48,24.3,CHEN,2,4.96,1,mist,CHEN,0
27.0,4.8,Buffet,motorcycle,21.66,56.0,0.0,clear sky,Very High,21.31,53.13333333,KNP,5,106.55,0,clear sky,Other,1
20.0,4.8,Drinks,motorcycle,24.94,59.0,0.0,scattered clouds,Moderate,10.49,41.06666667,GOA,3,31.47,0,clouds,Other,0
23.0,4.9,Snack,scooter,26.02,44.0,0.0,smoke,High,13.83,51.4,MUM,4,55.32,0,smoke,MUM,1
38.0,4.0,Meal,scooter,19.98,68.0,0.0,haze,High,18.26,42.06666667,JAP,4,73.04,0,haze,JAP,0
27.0,4.6,Snack,motorcycle,26.4,88.0,0.0,mist,Moderate,6.47,32.21666667,CHEN,3,19.41,0,mist,CHEN,0
39.0,4.8,Snack,motorcycle,22.89,42.0,0.0,clear sky,Low,7.47,19.36666667,VAD,2,14.94,0,clear sky,Other,0
22.0,4.7,Drinks,electric scooter,18.97,57.0,0.0,clear sky,Moderate,10.93,30.88333333,LUDH,3,32.79,0,clear sky,Other,0
20.0,4.6,Drinks,motorcycle,21.18,64.0,0.0,overcast clouds,Very High,21.88,66.73333333,HYD,5,109.39999999999999,0,clouds,HYD,1
36.0,4.0,Drinks,motorcycle,25.0,73.0,0.0,mist,Moderate,13.39,42.63333333,COIMB,3,40.17,0,mist,COIMB,0
30.0,4.9,Buffet,motorcycle,21.37,53.0,0.0,clear sky,Very High,22.5,51.41666667,AGR,5,112.5,0,clear sky,Other,1
23.0,4.1,Drinks,motorcycle,17.11,77.0,0.0,haze,Low,4.37,26.75,INDO,2,8.74,0,haze,INDO,0
29.0,4.6,Snack,motorcycle,23.29,43.0,0.0,clear sky,Low,7.54,23.55,SUR,2,15.08,0,clear sky,SUR,0
38.0,4.2,Meal,motorcycle,21.92,54.0,0.0,clear sky,Moderate,10.09,23.33333333,KNP,3,30.27,0,clear sky,Other,0
30.0,4.7,Meal,scooter,26.26,44.0,0.0,smoke,Very High,18.18,57.98333333,MUM,5,90.9,0,smoke,MUM,1
38.0,4.5,Drinks,motorcycle,18.74,64.0,0.0,haze,Very High,21.01,68.41666667,JAP,5,105.05000000000001,0,haze,JAP,1
37.0,4.7,Meal,motorcycle,24.82,73.0,0.0,mist,High,14.21,38.15,COIMB,4,56.84,0,mist,COIMB,0
25.0,4.9,Meal,scooter,19.22,65.0,0.0,clear sky,Very High,26.52,62.9,PUNE,5,132.6,0,clear sky,PUNE,1
27.0,4.6,Drinks,motorcycle,19.63,68.0,0.0,haze,Moderate,8.18,37.36666667,JAP,3,24.54,0,haze,JAP,0
27.0,4.6,Buffet,motorcycle,22.78,43.0,0.0,clear sky,Low,10.4,21.3,VAD,2,20.8,0,clear sky,Other,0
39.0,4.0,Buffet,motorcycle,19.47,65.0,0.0,clear sky,Very High,25.36,50.41666667,PUNE,5,126.8,0,clear sky,PUNE,1
24.0,4.1,Buffet,motorcycle,17.74,68.0,0.0,clear sky,Low,4.19,19.66666667,RANCHI,2,8.38,0,clear sky,RANCHI,0
27.0,4.6,Drinks,scooter,19.44,64.0,0.0,haze,Low,6.05,24.86666667,JAP,2,12.1,0,haze,JAP,0
37.0,4.8,Drinks,scooter,19.01,68.0,0.0,haze,Very High,17.48,60.53333333,JAP,5,87.4,0,haze,JAP,1
24.0,4.7,Buffet,scooter,26.73,44.0,0.0,smoke,Very High,15.4,54.96666667,MUM,5,77.0,0,smoke,MUM,1
22.0,3.1,Meal,scooter,19.18,93.0,0.0,mist,Very High,25.17,70.28333333,BANG,5,125.85000000000001,0,mist,BANG,1
39.0,4.0,Buffet,scooter,19.4,68.0,0.0,haze,Low,5.11,19.83333333,JAP,2,10.22,0,haze,JAP,0
31.0,4.5,Drinks,motorcycle,27.04,48.0,0.0,clear sky,Very High,33.46,82.96666667,MUM,5,167.3,0,clear sky,MUM,1
26.0,4.3,Drinks,scooter,17.3,53.0,0.0,clear sky,Very High,26.88,58.56666667,INDO,5,134.4,0,clear sky,INDO,1
27.0,4.4,Snack,scooter,19.86,47.0,0.0,clear sky,Very High,28.2,59.15,JAP,5,141.0,0,clear sky,JAP,1
39.0,4.1,Buffet,scooter,26.4,88.0,0.0,scattered clouds,Very High,13.68,64.28333333,CHEN,5,68.4,0,clouds,CHEN,1
25.0,4.6,Meal,motorcycle,21.19,64.0,0.0,overcast clouds,Very High,22.48,57.86666667,HYD,5,112.4,0,clouds,HYD,1
21.0,5.0,Snack,motorcycle,18.26,81.0,0.0,scattered clouds,Moderate,12.79,27.86666667,MYS,3,38.37,0,clouds,MYS,0
34.0,3.5,Buffet,scooter,18.88,65.0,0.0,clear sky,High,15.88,40.03333333,PUNE,4,63.52,0,clear sky,PUNE,0
32.0,4.9,Buffet,motorcycle,19.13,64.0,0.0,clear sky,High,17.74,45.1,PUNE,4,70.96,0,clear sky,PUNE,1
27.0,4.9,Drinks,motorcycle,17.14,72.0,0.0,haze,Moderate,11.1,36.18333333,INDO,3,33.3,0,haze,INDO,0
37.0,4.8,Buffet,motorcycle,19.58,68.0,0.0,haze,Low,4.25,20.48333333,JAP,2,8.5,0,haze,JAP,0
22.0,4.7,Drinks,scooter,18.91,65.0,0.0,few clouds,Very High,23.13,61.81666667,PUNE,5,115.64999999999999,0,clouds,PUNE,1
26.0,4.5,Buffet,scooter,21.32,65.0,0.0,broken clouds,High,14.94,43.08333333,HYD,4,59.76,0,clouds,HYD,0
26.0,5.0,Buffet,motorcycle,19.02,64.0,0.0,clear sky,Very High,25.79,67.66666667,PUNE,5,128.95,0,clear sky,PUNE,1
27.0,4.9,Buffet,motorcycle,17.22,53.0,0.0,clear sky,Very High,26.83,52.78333333,INDO,5,134.14999999999998,0,clear sky,INDO,1
34.0,5.0,Buffet,motorcycle,24.94,59.0,0.0,broken clouds,High,12.54,37.78333333,GOA,4,50.16,0,clouds,Other,0
25.0,4.8,Meal,motorcycle,17.08,72.0,0.0,haze,Low,6.11,21.71666667,INDO,2,12.22,0,haze,INDO,0
22.0,4.5,Meal,scooter,21.51,52.0,0.0,clear sky,Very High,19.89,47.43333333,AGR,5,99.45,0,clear sky,Other,1
30.0,4.7,Meal,scooter,18.35,77.0,0.0,scattered clouds,High,18.11,36.35,MYS,4,72.44,0,clouds,MYS,0
29.0,4.6,Drinks,scooter,26.99,44.0,0.0,smoke,Low,5.87,33.88333333,MUM,2,11.74,0,smoke,MUM,0
35.0,4.9,Snack,electric scooter,24.04,78.0,0.0,mist,Very High,19.61,53.65,COIMB,5,98.05,0,mist,COIMB,1
27.0,5.0,Buffet,motorcycle,23.12,43.0,0.0,clear sky,Moderate,8.78,24.28333333,SUR,3,26.339999999999996,0,clear sky,SUR,0
33.0,5.0,Meal,motorcycle,26.35,88.0,0.0,scattered clouds,Very High,14.2,51.08333333,CHEN,5,71.0,0,clouds,CHEN,1
23.0,4.7,Snack,motorcycle,19.05,68.0,0.0,haze,High,13.38,42.26666667,JAP,4,53.52,0,haze,JAP,0
36.0,4.8,Drinks,scooter,26.35,88.0,0.0,mist,High,10.63,56.1,CHEN,4,42.52,0,mist,CHEN,1
36.0,4.9,Buffet,motorcycle,17.23,53.0,0.0,clear sky,High,19.36,35.9,INDO,4,77.44,0,clear sky,INDO,0
37.0,4.6,Buffet,motorcycle,22.9,43.0,0.0,clear sky,Moderate,13.02,32.21666667,SUR,3,39.06,0,clear sky,SUR,0
27.0,4.5,Meal,motorcycle,19.03,65.0,0.0,clear sky,Moderate,9.99,22.46666667,PUNE,3,29.97,0,clear sky,PUNE,0
31.0,4.1,Drinks,scooter,22.88,43.0,0.0,clear sky,Very High,24.21,55.33333333,SUR,5,121.05000000000001,0,clear sky,SUR,1
23.0,4.6,Buffet,scooter,19.67,68.0,0.0,haze,Very Low,1.97,9.916666667,JAP,1,1.97,1,haze,JAP,0
22.0,4.9,Snack,scooter,17.84,68.0,0.0,clear sky,High,11.46,45.8,RANCHI,4,45.84,0,clear sky,RANCHI,1
32.0,4.6,Buffet,motorcycle,22.78,43.0,0.0,clear sky,Low,10.23,20.9,VAD,2,20.46,0,clear sky,Other,0
35.0,4.5,Snack,motorcycle,23.01,43.0,0.0,clear sky,Moderate,9.62,29.61666667,SUR,3,28.86,0,clear sky,SUR,0
26.0,4.7,Buffet,electric scooter,17.04,72.0,0.0,haze,Moderate,13.48,29.2,INDO,3,40.44,0,haze,INDO,0
24.0,4.9,Snack,scooter,25.18,73.0,0.0,mist,Very High,24.46,59.08333333,COIMB,5,122.30000000000001,0,mist,COIMB,1
27.0,4.9,Drinks,motorcycle,17.54,69.0,0.0,clear sky,High,18.49,46.25,RANCHI,4,73.96,0,clear sky,RANCHI,1
22.0,4.5,Drinks,scooter,17.84,68.0,0.0,clear sky,Very High,23.34,60.95,RANCHI,5,116.7,0,clear sky,RANCHI,1
26.0,4.8,Meal,motorcycle,18.99,65.0,0.0,few clouds,Moderate,9.33,25.65,PUNE,3,27.990000000000002,0,clouds,PUNE,0
38.0,4.9,Buffet,motorcycle,19.03,65.0,0.0,clear sky,Moderate,9.99,24.45,PUNE,3,29.97,0,clear sky,PUNE,0
24.0,4.7,Buffet,motorcycle,17.19,72.0,0.0,haze,Moderate,11.53,32.38333333,INDO,3,34.589999999999996,0,haze,INDO,0
22.0,4.3,Meal,electric scooter,18.38,82.0,0.0,broken clouds,Moderate,12.35,31.63333333,MYS,3,37.05,0,clouds,MYS,0
31.0,4.7,Drinks,motorcycle,24.84,59.0,0.0,scattered clouds,Moderate,10.66,35.23333333,GOA,3,31.98,0,clouds,Other,0
22.0,4.2,Snack,motorcycle,17.18,72.0,0.0,haze,Low,3.93,18.58333333,INDO,2,7.86,0,haze,INDO,0
37.0,4.9,Drinks,scooter,24.99,73.0,0.0,mist,High,14.95,53.93333333,COIMB,4,59.8,0,mist,COIMB,1
33.0,5.0,Meal,motorcycle,16.97,72.0,0.0,haze,Low,11.52,21.33333333,INDO,2,23.04,0,haze,INDO,0
33.0,4.9,Snack,motorcycle,25.0,73.0,0.0,mist,Moderate,11.49,35.9,COIMB,3,34.47,0,mist,COIMB,0
21.0,4.9,Meal,motorcycle,19.64,92.0,0.0,mist,Very High,13.54,53.08333333,BANG,5,67.69999999999999,0,mist,BANG,1
21.0,4.4,Meal,motorcycle,17.84,68.0,0.0,clear sky,High,10.37,41.71666667,RANCHI,4,41.48,0,clear sky,RANCHI,0
20.0,4.3,Drinks,scooter,21.16,65.0,0.0,broken clouds,Very High,20.65,63.88333333,HYD,5,103.25,0,clouds,HYD,1
22.0,4.8,Buffet,scooter,19.52,92.0,0.0,mist,Moderate,8.02,34.16666667,BANG,3,24.06,0,mist,BANG,0
30.0,4.7,Meal,motorcycle,19.05,57.0,0.0,clear sky,Low,4.97,13.35,LUDH,2,9.94,0,clear sky,Other,0
29.0,4.6,Drinks,scooter,19.07,93.0,0.0,fog,Very High,24.07,66.0,BANG,5,120.35,0,other,BANG,1
38.0,4.4,Drinks,electric scooter,22.83,43.0,0.0,clear sky,Very High,24.11,57.33333333,SUR,5,120.55,0,clear sky,SUR,1
37.0,4.7,Drinks,scooter,23.86,78.0,0.0,mist,Moderate,7.02,34.3,COIMB,3,21.06,0,mist,COIMB,0
25.0,4.6,Meal,scooter,18.9,65.0,0.0,clear sky,High,16.83,44.45,PUNE,4,67.32,0,clear sky,PUNE,0
35.0,4.9,Buffet,motorcycle,21.84,55.0,0.0,clear sky,High,20.91,47.18333333,ALH,4,83.64,0,clear sky,Other,1
21.0,4.6,Snack,motorcycle,19.07,93.0,0.0,fog,Very High,20.92,58.25,BANG,5,104.60000000000001,0,other,BANG,1
32.0,4.2,Meal,motorcycle,24.01,88.0,0.0,mist,Low,2.64,15.48333333,KOC,2,5.28,1,mist,Other,0
24.0,4.7,Meal,electric scooter,18.25,81.0,0.0,broken clouds,Low,7.0,18.88333333,MYS,2,14.0,0,clouds,MYS,0
26.0,4.6,Buffet,electric scooter,17.11,77.0,0.0,haze,Low,4.53,19.75,INDO,2,9.06,0,haze,INDO,0
32.0,3.8,Meal,scooter,19.97,46.0,0.0,clear sky,High,14.83,39.73333333,JAP,4,59.32,0,clear sky,JAP,0
36.0,4.6,Meal,motorcycle,19.77,91.0,0.0,mist,Very High,13.98,51.13333333,BANG,5,69.9,0,mist,BANG,1
25.0,4.6,Snack,scooter,18.93,57.0,0.0,clear sky,Moderate,9.15,32.41666667,LUDH,3,27.450000000000003,0,clear sky,Other,0
37.0,4.9,Snack,scooter,27.05,44.0,0.0,smoke,Very High,49.15,61.28333333,MUM,5,245.75,0,smoke,MUM,1
39.0,4.9,Snack,motorcycle,26.78,48.0,0.0,clear sky,High,16.1,46.73333333,MUM,4,64.4,0,clear sky,MUM,1
25.0,4.6,Buffet,motorcycle,17.79,68.0,0.0,clear sky,High,11.5,41.18333333,RANCHI,4,46.0,0,clear sky,RANCHI,0
29.0,4.6,Buffet,electric scooter,23.39,43.0,0.0,clear sky,Low,5.07,17.55,SUR,2,10.14,0,clear sky,SUR,0
28.0,4.5,Meal,scooter,19.13,65.0,0.0,clear sky,Low,2.77,12.26666667,PUNE,2,5.54,1,clear sky,PUNE,0
25.0,5.0,Drinks,scooter,19.18,93.0,0.0,mist,Very High,29.56,78.03333333,BANG,5,147.79999999999998,0,mist,BANG,1
24.0,4.6,Buffet,motorcycle,19.05,57.0,0.0,clear sky,Low,5.65,15.36666667,LUDH,2,11.3,0,clear sky,Other,0
25.0,4.8,Buffet,scooter,21.21,66.0,0.0,broken clouds,High,12.94,40.55,HYD,4,51.76,0,clouds,HYD,0
20.0,4.3,Snack,motorcycle,17.49,69.0,0.0,clear sky,Low,2.31,16.51666667,RANCHI,2,4.62,1,clear sky,RANCHI,0
22.0,4.7,Drinks,motorcycle,21.74,56.0,0.0,clear sky,Very High,19.1,55.65,KNP,5,95.5,0,clear sky,Other,1
36.0,4.8,Snack,motorcycle,19.12,65.0,0.0,clear sky,Very High,17.85,67.91666667,PUNE,5,89.25,0,clear sky,PUNE,1
21.0,4.6,Buffet,motorcycle,21.27,65.0,0.0,broken clouds,High,19.08,47.68333333,HYD,4,76.32,0,clouds,HYD,1
38.0,4.9,Drinks,motorcycle,23.03,83.0,0.0,haze,Low,7.44,28.2,KOL,2,14.88,0,haze,Other,0
35.0,4.6,Buffet,motorcycle,19.49,91.0,0.0,mist,Moderate,6.02,30.98333333,BANG,3,18.06,0,mist,BANG,0
39.0,4.6,Buffet,motorcycle,26.84,44.0,0.0,smoke,Very High,22.46,55.51666667,MUM,5,112.30000000000001,0,smoke,MUM,1
37.0,4.8,Buffet,motorcycle,17.23,53.0,0.0,clear sky,Moderate,16.86,29.88333333,INDO,3,50.58,0,clear sky,INDO,0
25.0,4.7,Meal,motorcycle,26.48,87.0,0.0,scattered clouds,Very High,20.55,72.78333333,CHEN,5,102.75,0,clouds,CHEN,1
30.0,4.2,Buffet,motorcycle,23.51,43.0,0.0,clear sky,Low,6.65,17.83333333,SUR,2,13.3,0,clear sky,SUR,0
39.0,4.6,Meal,motorcycle,18.38,81.0,0.0,broken clouds,High,16.91,41.65,MYS,4,67.64,0,clouds,MYS,0
29.0,4.6,Drinks,scooter,18.08,78.0,0.0,scattered clouds,Moderate,11.18,37.23333333,MYS,3,33.54,0,clouds,MYS,0
30.0,4.9,Buffet,motorcycle,18.38,81.0,0.0,broken clouds,High,16.91,43.65,MYS,4,67.64,0,clouds,MYS,0
38.0,4.0,Drinks,motorcycle,19.91,93.0,0.0,mist,Very High,26.78,81.45,BANG,5,133.9,0,mist,BANG,1
22.0,4.4,Meal,motorcycle,26.99,44.0,0.0,smoke,Low,3.81,23.1,MUM,2,7.62,0,smoke,MUM,0
27.0,4.5,Buffet,motorcycle,26.4,88.0,0.0,broken clouds,Very High,25.66,92.93333333,CHEN,5,128.3,0,clouds,CHEN,1
25.0,4.2,Drinks,motorcycle,24.99,73.0,0.0,mist,Low,7.49,31.31666667,COIMB,2,14.98,0,mist,COIMB,0
36.0,4.9,Buffet,scooter,17.7,68.0,0.0,clear sky,Very Low,2.37,10.18333333,RANCHI,1,2.37,1,clear sky,RANCHI,0
27.0,4.8,Snack,motorcycle,17.73,68.0,0.0,clear sky,Moderate,15.8,33.26666667,RANCHI,3,47.400000000000006,0,clear sky,RANCHI,0
34.0,4.8,Snack,electric scooter,17.79,82.0,0.0,mist,Moderate,11.63,32.28333333,AURG,3,34.89,0,mist,Other,0
34.0,4.7,Drinks,scooter,18.07,78.0,0.0,scattered clouds,High,26.02,54.23333333,MYS,4,104.08,0,clouds,MYS,1
29.0,4.5,Snack,motorcycle,23.51,43.0,0.0,clear sky,Low,6.65,19.85,SUR,2,13.3,0,clear sky,SUR,0
25.0,2.7,Snack,motorcycle,19.95,46.0,0.0,clear sky,Very High,20.0,53.86666667,JAP,5,100.0,0,clear sky,JAP,1
37.0,4.5,Drinks,scooter,25.17,73.0,0.0,mist,Very High,24.97,62.96666667,COIMB,5,124.85,0,mist,COIMB,1
27.0,4.8,Meal,motorcycle,23.6,44.0,0.0,clear sky,Low,6.64,15.25,SUR,2,13.28,0,clear sky,SUR,0
39.0,4.8,Snack,scooter,18.43,81.0,0.0,broken clouds,High,16.35,38.86666667,MYS,4,65.4,0,clouds,MYS,0
34.0,4.3,Meal,motorcycle,21.83,55.0,0.0,clear sky,Low,2.39,13.8,KNP,2,4.78,1,clear sky,Other,0
27.0,4.9,Drinks,motorcycle,21.25,65.0,0.0,broken clouds,Moderate,8.95,36.23333333,HYD,3,26.849999999999998,0,clouds,HYD,0
28.0,5.0,Meal,scooter,26.46,88.0,0.0,mist,Very Low,2.15,12.26666667,CHEN,1,2.15,1,mist,CHEN,0
24.0,4.8,Buffet,motorcycle,17.15,72.0,0.0,haze,Moderate,13.42,33.15,INDO,3,40.26,0,haze,INDO,0
29.0,4.6,Snack,motorcycle,19.34,64.0,0.0,clear sky,Low,2.41,15.25,PUNE,2,4.82,1,clear sky,PUNE,0
38.0,4.6,Meal,motorcycle,19.19,65.0,0.0,clear sky,High,12.02,31.56666667,PUNE,4,48.08,0,clear sky,PUNE,0
36.0,4.1,Buffet,motorcycle,19.17,65.0,0.0,clear sky,High,23.05,47.88333333,PUNE,4,92.2,0,clear sky,PUNE,1
26.0,4.6,Drinks,motorcycle,19.22,65.0,0.0,clear sky,High,15.14,50.7,PUNE,4,60.56,0,clear sky,PUNE,1
36.0,4.8,Snack,motorcycle,18.86,57.0,0.0,clear sky,High,11.84,39.26666667,LUDH,4,47.36,0,clear sky,Other,0
29.0,4.6,Snack,motorcycle,18.9,65.0,0.0,clear sky,High,13.39,41.16666667,PUNE,4,53.56,0,clear sky,PUNE,0
38.0,4.9,Meal,scooter,18.63,56.0,0.0,clear sky,Moderate,11.77,25.23333333,BHP,3,35.31,0,clear sky,Other,0
24.0,4.8,Buffet,scooter,18.72,58.0,0.0,clear sky,High,17.16,45.71666667,LUDH,4,68.64,0,clear sky,Other,1
24.0,4.5,Meal,electric scooter,19.97,46.0,0.0,clear sky,High,14.83,39.58333333,JAP,4,59.32,0,clear sky,JAP,0
23.0,5.0,Buffet,motorcycle,22.9,43.0,0.0,clear sky,Moderate,11.52,30.13333333,SUR,3,34.56,0,clear sky,SUR,0
38.0,4.4,Drinks,scooter,17.77,68.0,0.0,clear sky,High,12.24,44.51666667,RANCHI,4,48.96,0,clear sky,RANCHI,0
33.0,4.9,Drinks,scooter,15.52,76.0,0.0,clear sky,Low,8.41,29.58333333,DEH,2,16.82,0,clear sky,Other,0
20.0,4.7,Meal,motorcycle,17.16,72.0,0.0,haze,Very Low,2.62,10.88333333,INDO,1,2.62,1,haze,INDO,0
35.0,5.0,Buffet,scooter,21.29,65.0,0.0,broken clouds,Low,5.96,17.06666667,HYD,2,11.92,0,clouds,HYD,0
38.0,4.8,Meal,motorcycle,21.69,56.0,0.0,clear sky,High,14.1,35.56666667,KNP,4,56.4,0,clear sky,Other,0
20.0,4.9,Drinks,motorcycle,21.02,65.0,0.0,broken clouds,Very High,33.29,71.46666667,HYD,5,166.45,0,clouds,HYD,1
21.0,5.0,Snack,motorcycle,19.75,92.0,0.0,mist,High,12.34,50.5,BANG,4,49.36,0,mist,BANG,1
36.0,4.8,Meal,scooter,17.16,72.0,0.0,haze,Moderate,7.21,26.96666667,INDO,3,21.63,0,haze,INDO,0
37.0,4.8,Drinks,scooter,18.32,81.0,0.0,broken clouds,Moderate,9.16,34.86666667,MYS,3,27.48,0,clouds,MYS,0
27.0,4.5,Drinks,motorcycle,22.48,43.0,0.0,clear sky,Moderate,16.86,37.38333333,VAD,3,50.58,0,clear sky,Other,0
33.0,4.9,Meal,scooter,26.49,87.0,0.0,mist,Very High,19.09,66.11666667,CHEN,5,95.45,0,mist,CHEN,1
30.0,4.1,Meal,motorcycle,22.88,43.0,0.0,clear sky,High,15.2,34.8,SUR,4,60.8,0,clear sky,SUR,0
21.0,4.8,Buffet,scooter,22.85,43.0,0.0,clear sky,Low,7.41,16.76666667,VAD,2,14.82,0,clear sky,Other,0
25.0,4.6,Snack,motorcycle,23.26,43.0,0.0,clear sky,Moderate,10.36,26.81666667,SUR,3,31.08,0,clear sky,SUR,0
20.0,5.0,Snack,scooter,19.26,64.0,0.0,clear sky,Low,6.82,23.7,PUNE,2,13.64,0,clear sky,PUNE,0
39.0,4.7,Drinks,motorcycle,24.86,73.0,0.0,mist,High,11.62,44.13333333,COIMB,4,46.48,0,mist,COIMB,0
28.0,4.5,Buffet,motorcycle,26.39,88.0,0.0,scattered clouds,High,12.17,46.76666667,CHEN,4,48.68,0,clouds,CHEN,1
39.0,4.9,Meal,motorcycle,26.45,87.0,0.0,scattered clouds,Very High,17.27,61.78333333,CHEN,5,86.35,0,clouds,CHEN,1
29.0,4.5,Meal,electric scooter,26.88,44.0,0.0,smoke,Low,4.64,25.75,MUM,2,9.28,0,smoke,MUM,0
37.0,4.2,Snack,motorcycle,18.28,81.0,0.0,scattered clouds,Moderate,7.25,31.96666667,MYS,3,21.75,0,clouds,MYS,0
25.0,4.6,Meal,scooter,25.15,73.0,0.0,mist,High,24.02,47.15,COIMB,4,96.08,0,mist,COIMB,1
29.0,5.0,Snack,motorcycle,21.53,65.0,0.0,broken clouds,Low,3.85,17.16666667,HYD,2,7.7,0,clouds,HYD,0
29.0,4.8,Meal,motorcycle,18.02,81.0,0.0,broken clouds,Very Low,3.67,11.43333333,MYS,1,3.67,0,clouds,MYS,0
38.0,4.8,Meal,electric scooter,22.78,43.0,0.0,clear sky,Low,10.23,18.9,VAD,2,20.46,0,clear sky,Other,0
32.0,4.6,Snack,motorcycle,17.28,53.0,0.0,clear sky,High,22.12,40.75,INDO,4,88.48,0,clear sky,INDO,0
31.0,4.0,Meal,motorcycle,18.38,81.0,0.0,broken clouds,Moderate,10.65,30.7,MYS,3,31.950000000000003,0,clouds,MYS,0
30.0,4.7,Meal,scooter,19.82,92.0,0.0,mist,Moderate,5.61,26.01666667,BANG,3,16.830000000000002,0,mist,BANG,0
33.0,4.7,Meal,motorcycle,18.37,82.0,0.0,broken clouds,Moderate,15.09,31.73333333,MYS,3,45.269999999999996,0,clouds,MYS,0
38.0,4.4,Buffet,motorcycle,21.32,65.0,0.0,broken clouds,High,14.94,42.68333333,HYD,4,59.76,0,clouds,HYD,0
29.0,4.6,Snack,electric scooter,22.88,43.0,0.0,clear sky,High,16.18,41.41666667,SUR,4,64.72,0,clear sky,SUR,0
35.0,4.5,Meal,scooter,23.57,44.0,0.0,clear sky,Low,6.21,15.45,SUR,2,12.42,0,clear sky,SUR,0
24.0,4.6,Buffet,electric scooter,17.42,69.0,0.0,clear sky,Very High,22.87,52.6,RANCHI,5,114.35000000000001,0,clear sky,RANCHI,1
33.0,4.6,Snack,scooter,18.13,82.0,0.0,broken clouds,High,21.93,38.93333333,MYS,4,87.72,0,clouds,MYS,0
31.0,4.6,Drinks,scooter,24.8,73.0,0.0,mist,Moderate,9.04,39.6,COIMB,3,27.119999999999997,0,mist,COIMB,0
22.0,4.8,Meal,motorcycle,24.81,73.0,0.0,mist,Moderate,8.79,30.46666667,COIMB,3,26.369999999999997,0,mist,COIMB,0
39.0,4.3,Meal,motorcycle,19.03,65.0,0.0,clear sky,High,17.7,39.25,PUNE,4,70.8,0,clear sky,PUNE,0
31.0,4.9,Drinks,motorcycle,22.93,42.0,0.0,clear sky,Low,5.29,20.51666667,VAD,2,10.58,0,clear sky,Other,0
35.0,4.7,Snack,motorcycle,17.84,68.0,0.0,clear sky,High,12.12,44.6,RANCHI,4,48.48,0,clear sky,RANCHI,0
24.0,4.9,Buffet,scooter,22.99,83.0,0.0,haze,High,12.39,44.73333333,KOL,4,49.56,0,haze,Other,0
28.0,4.5,Buffet,motorcycle,20.01,68.0,0.0,haze,Very High,20.19,52.26666667,JAP,5,100.95,0,haze,JAP,1
35.0,5.0,Buffet,motorcycle,19.15,65.0,0.0,clear sky,Moderate,10.52,32.33333333,PUNE,3,31.56,0,clear sky,PUNE,0
22.0,4.6,Meal,scooter,17.83,67.0,0.0,clear sky,High,15.58,31.51666667,RANCHI,4,62.32,0,clear sky,RANCHI,0
24.0,4.6,Snack,motorcycle,17.6,69.0,0.0,clear sky,High,20.31,48.06666667,RANCHI,4,81.24,0,clear sky,RANCHI,1
31.0,3.5,Snack,scooter,18.59,69.0,0.0,broken clouds,Very High,29.02,55.23333333,HYD,5,145.1,0,clouds,HYD,1
33.0,4.7,Snack,scooter,18.32,77.0,0.0,scattered clouds,High,16.25,38.31666667,MYS,4,65.0,0,clouds,MYS,0
34.0,4.5,Meal,scooter,24.86,73.0,0.0,mist,Very Low,2.95,13.73333333,COIMB,1,2.95,1,mist,COIMB,0
35.0,4.7,Buffet,scooter,27.05,44.0,0.0,smoke,High,25.07,52.6,MUM,4,100.28,0,smoke,MUM,1
20.0,4.6,Buffet,motorcycle,18.12,81.0,0.0,broken clouds,Low,4.38,17.55,MYS,2,8.76,0,clouds,MYS,0
21.0,4.3,Meal,motorcycle,21.87,54.0,0.0,clear sky,Moderate,10.42,25.23333333,KNP,3,31.259999999999998,0,clear sky,Other,0
33.0,4.7,Buffet,scooter,19.23,46.0,0.0,clear sky,High,16.17,40.05,JAP,4,64.68,0,clear sky,JAP,0
26.0,4.5,Buffet,motorcycle,21.37,52.0,0.0,clear sky,High,32.52,43.95,AGR,4,130.08,0,clear sky,Other,0
37.0,5.0,Buffet,motorcycle,19.95,93.0,0.0,mist,High,13.37,49.33333333,BANG,4,53.48,0,mist,BANG,1
33.0,4.9,Snack,scooter,25.0,58.0,0.0,broken clouds,Moderate,10.34,33.36666667,GOA,3,31.02,0,clouds,Other,0
29.0,4.9,Snack,motorcycle,21.23,65.0,0.0,broken clouds,Low,4.97,18.36666667,HYD,2,9.94,0,clouds,HYD,0
29.0,4.6,Buffet,bicycle,19.61,68.0,0.0,haze,Low,3.02,16.96666667,JAP,2,6.04,0,haze,JAP,0
24.0,4.8,Snack,scooter,20.16,68.0,0.0,haze,Very Low,2.35,13.2,JAP,1,2.35,1,haze,JAP,0
33.0,4.6,Snack,scooter,19.17,64.0,0.0,clear sky,Low,4.37,19.5,PUNE,2,8.74,0,clear sky,PUNE,0
31.0,4.8,Drinks,motorcycle,23.02,83.0,0.0,haze,High,16.57,50.7,KOL,4,66.28,0,haze,Other,1
21.0,4.6,Buffet,scooter,23.91,44.0,0.0,clear sky,Very Low,4.05,12.86666667,SUR,1,4.05,0,clear sky,SUR,0
30.0,4.8,Drinks,scooter,26.52,87.0,0.0,mist,Low,3.21,23.66666667,CHEN,2,6.42,0,mist,CHEN,0
29.0,4.7,Drinks,scooter,26.37,88.0,0.0,mist,Moderate,8.93,42.18333333,CHEN,3,26.79,0,mist,CHEN,0
34.0,4.7,Meal,scooter,19.54,93.0,0.0,mist,High,11.19,43.33333333,BANG,4,44.76,0,mist,BANG,0
20.0,4.4,Drinks,motorcycle,18.2,77.0,0.0,scattered clouds,High,13.96,43.48333333,MYS,4,55.84,0,clouds,MYS,0
28.0,4.6,Snack,motorcycle,17.14,72.0,0.0,haze,Moderate,9.41,32.96666667,INDO,3,28.23,0,haze,INDO,0
26.0,4.5,Snack,scooter,17.66,82.0,0.0,mist,Moderate,13.0,34.76666667,AURG,3,39.0,0,mist,Other,0
25.0,4.8,Snack,motorcycle,19.22,65.0,0.0,clear sky,Moderate,8.46,27.95,PUNE,3,25.380000000000003,0,clear sky,PUNE,0
39.0,5.0,Buffet,electric scooter,21.32,66.0,0.0,broken clouds,High,13.04,39.26666667,HYD,4,52.16,0,clouds,HYD,0
31.0,4.2,Buffet,motorcycle,19.7,68.0,0.0,haze,Moderate,6.51,26.7,JAP,3,19.53,0,haze,JAP,0
34.0,4.4,Meal,motorcycle,21.67,56.0,0.0,clear sky,High,20.69,42.2,KNP,4,82.76,0,clear sky,Other,0
26.0,4.5,Buffet,motorcycle,23.23,43.0,0.0,clear sky,Low,7.47,20.56666667,SUR,2,14.94,0,clear sky,SUR,0
35.0,4.1,Snack,motorcycle,17.85,68.0,0.0,clear sky,Very High,17.05,51.46666667,RANCHI,5,85.25,0,clear sky,RANCHI,1
29.0,5.0,Buffet,scooter,26.44,87.0,0.0,scattered clouds,Very High,20.49,76.43333333,CHEN,5,102.44999999999999,0,clouds,CHEN,1
22.0,3.5,Buffet,motorcycle,17.53,69.0,0.0,clear sky,Moderate,6.09,26.21666667,RANCHI,3,18.27,0,clear sky,RANCHI,0
34.0,4.1,Meal,motorcycle,19.54,93.0,0.0,mist,Very High,22.33,61.45,BANG,5,111.64999999999999,0,mist,BANG,1
27.0,4.6,Buffet,scooter,25.01,73.0,0.0,mist,High,16.24,44.35,COIMB,4,64.96,0,mist,COIMB,0
35.0,4.9,Meal,scooter,21.32,64.0,0.0,broken clouds,High,13.63,35.85,HYD,4,54.52,0,clouds,HYD,0
27.0,4.8,Buffet,motorcycle,19.89,93.0,0.0,mist,Very High,22.32,64.23333333,BANG,5,111.6,0,mist,BANG,1
38.0,4.5,Snack,motorcycle,17.15,72.0,0.0,haze,High,17.07,41.36666667,INDO,4,68.28,0,haze,INDO,0
31.0,4.9,Buffet,scooter,9.18,82.0,0.0,clear sky,Very High,59.31,157.5333333,DEH,5,296.55,0,clear sky,Other,1
20.0,4.7,Drinks,scooter,19.88,47.0,0.0,clear sky,Very High,24.22,63.83333333,JAP,5,121.1,0,clear sky,JAP,1
33.0,4.6,Drinks,scooter,26.39,88.0,0.0,scattered clouds,High,10.96,51.56666667,CHEN,4,43.84,0,clouds,CHEN,1
23.0,4.8,Drinks,scooter,23.0,83.0,0.0,haze,Moderate,7.29,33.53333333,KOL,3,21.87,0,haze,Other,0
39.0,4.9,Meal,motorcycle,25.27,73.0,0.0,mist,Very High,31.98,52.93333333,COIMB,5,159.9,0,mist,COIMB,1
30.0,4.8,Drinks,electric scooter,19.83,68.0,0.0,haze,High,14.29,45.88333333,JAP,4,57.16,0,haze,JAP,1
36.0,4.5,Snack,scooter,22.2,54.0,0.0,clear sky,Low,7.26,24.73333333,ALH,2,14.52,0,clear sky,Other,0
27.0,4.7,Buffet,motorcycle,23.46,43.0,0.0,clear sky,Very Low,2.22,8.9,SUR,1,2.22,1,clear sky,SUR,0
35.0,4.8,Meal,scooter,17.84,68.0,0.0,clear sky,High,11.46,41.81666667,RANCHI,4,45.84,0,clear sky,RANCHI,0
27.0,4.5,Drinks,motorcycle,22.97,83.0,0.0,haze,Very High,24.84,65.38333333,KOL,5,124.2,0,haze,Other,1
28.0,4.6,Drinks,electric scooter,19.16,65.0,0.0,clear sky,Low,6.0,28.36666667,PUNE,2,12.0,0,clear sky,PUNE,0
24.0,4.8,Snack,electric scooter,19.25,65.0,0.0,clear sky,Low,5.55,17.9,PUNE,2,11.1,0,clear sky,PUNE,0
20.0,4.9,Drinks,electric scooter,24.77,73.0,0.0,mist,Very Low,2.39,22.5,COIMB,1,2.39,1,mist,COIMB,0
30.0,5.0,Meal,motorcycle,22.85,43.0,0.0,clear sky,Low,6.68,13.56666667,VAD,2,13.36,0,clear sky,Other,0
29.0,4.6,Meal,motorcycle,17.66,68.0,0.0,clear sky,High,10.22,31.46666667,RANCHI,4,40.88,0,clear sky,RANCHI,0
38.0,4.7,Meal,scooter,17.7,68.0,0.0,clear sky,Very Low,2.37,8.183333333,RANCHI,1,2.37,1,clear sky,RANCHI,0
31.0,4.7,Buffet,scooter,18.3,82.0,0.0,broken clouds,High,24.9,45.28333333,MYS,4,99.6,0,clouds,MYS,1
28.0,4.8,Snack,motorcycle,26.42,88.0,0.0,mist,Moderate,6.03,30.96666667,CHEN,3,18.09,0,mist,CHEN,0
28.0,4.9,Buffet,motorcycle,23.46,43.0,0.0,clear sky,Very Low,2.23,8.683333333,SUR,1,2.23,1,clear sky,SUR,0
36.0,3.7,Drinks,scooter,17.79,68.0,0.0,clear sky,Very High,22.97,60.53333333,RANCHI,5,114.85,0,clear sky,RANCHI,1
31.0,4.9,Drinks,electric scooter,17.21,72.0,0.0,haze,High,18.3,44.15,INDO,4,73.2,0,haze,INDO,0
34.0,5.0,Snack,motorcycle,24.99,73.0,0.0,mist,Low,7.49,26.3,COIMB,2,14.98,0,mist,COIMB,0
36.0,4.8,Snack,scooter,17.22,53.0,0.0,clear sky,Very High,26.3,54.53333333,INDO,5,131.5,0,clear sky,INDO,1
29.0,4.6,Meal,motorcycle,21.76,52.0,0.0,clear sky,High,8.99,36.41666667,AGR,4,35.96,0,clear sky,Other,0
32.0,4.6,Meal,scooter,19.64,92.0,0.0,mist,Very High,17.98,52.11666667,BANG,5,89.9,0,mist,BANG,1
29.0,4.6,Buffet,bicycle,21.32,65.0,0.0,broken clouds,High,16.93,43.66666667,HYD,4,67.72,0,clouds,HYD,0
28.0,4.8,Snack,motorcycle,15.26,77.0,0.0,clear sky,Low,4.55,16.4,DEH,2,9.1,0,clear sky,Other,0
36.0,5.0,Buffet,motorcycle,19.35,65.0,0.0,clear sky,Moderate,11.01,29.4,PUNE,3,33.03,0,clear sky,PUNE,0
30.0,4.7,Snack,scooter,24.94,73.0,0.0,mist,Moderate,12.76,34.7,COIMB,3,38.28,0,mist,COIMB,0
27.0,4.6,Meal,motorcycle,17.17,72.0,0.0,haze,High,14.82,32.01666667,INDO,4,59.28,0,haze,INDO,0
33.0,4.5,Drinks,scooter,27.05,44.0,0.0,smoke,Moderate,4.93,35.33333333,MUM,3,14.79,0,smoke,MUM,0
25.0,4.3,Buffet,motorcycle,24.98,57.0,0.0,broken clouds,Low,2.61,15.05,GOA,2,5.22,1,clouds,Other,0
20.0,4.8,Drinks,scooter,18.42,82.0,0.0,scattered clouds,Moderate,14.28,34.05,MYS,3,42.839999999999996,0,clouds,MYS,0
38.0,4.7,Meal,electric scooter,18.34,81.0,0.0,scattered clouds,Moderate,13.03,24.5,MYS,3,39.089999999999996,0,clouds,MYS,0
36.0,4.6,Snack,motorcycle,18.29,77.0,0.0,scattered clouds,Moderate,13.53,28.76666667,MYS,3,40.589999999999996,0,clouds,MYS,0
33.0,4.9,Buffet,motorcycle,17.25,53.0,0.0,clear sky,High,19.59,39.26666667,INDO,4,78.36,0,clear sky,INDO,0
21.0,4.9,Buffet,motorcycle,19.82,92.0,0.0,mist,Moderate,5.61,28.05,BANG,3,16.830000000000002,0,mist,BANG,0
34.0,4.6,Drinks,motorcycle,22.99,43.0,0.0,clear sky,Low,8.4,29.11666667,SUR,2,16.8,0,clear sky,SUR,0
33.0,4.8,Drinks,motorcycle,19.23,93.0,0.0,fog,Very High,20.46,61.65,BANG,5,102.30000000000001,0,other,BANG,1
31.0,4.7,Buffet,scooter,26.46,88.0,0.0,mist,Moderate,4.67,27.91666667,CHEN,3,14.01,0,mist,CHEN,0
37.0,4.6,Meal,motorcycle,24.85,60.0,0.0,scattered clouds,High,19.32,42.15,GOA,4,77.28,0,clouds,Other,0
21.0,5.0,Meal,scooter,22.2,54.0,0.0,clear sky,High,15.99,38.26666667,ALH,4,63.96,0,clear sky,Other,0
38.0,4.6,Meal,motorcycle,18.28,82.0,0.0,broken clouds,Very High,22.79,50.66666667,MYS,5,113.94999999999999,0,clouds,MYS,1
29.0,4.7,Snack,scooter,26.93,44.0,0.0,smoke,Moderate,4.33,30.5,MUM,3,12.99,0,smoke,MUM,0
28.0,4.0,Meal,motorcycle,26.47,88.0,0.0,mist,High,10.95,38.15,CHEN,4,43.8,0,mist,CHEN,0
36.0,4.9,Buffet,scooter,26.4,88.0,0.0,mist,Moderate,6.87,30.1,CHEN,3,20.61,0,mist,CHEN,0
29.0,4.6,Meal,motorcycle,25.96,44.0,0.0,smoke,Very High,24.34,72.68333333,MUM,5,121.7,0,smoke,MUM,1
29.0,4.8,Buffet,scooter,26.43,88.0,0.0,mist,Very Low,2.99,15.6,CHEN,1,2.99,1,mist,CHEN,0
30.0,4.7,Snack,motorcycle,19.63,68.0,0.0,haze,Moderate,7.52,32.36666667,JAP,3,22.56,0,haze,JAP,0
23.0,4.2,Drinks,scooter,21.59,52.0,0.0,clear sky,High,21.37,43.15,AGR,4,85.48,0,clear sky,Other,0
29.0,4.8,Buffet,electric scooter,19.14,55.0,0.0,clear sky,Low,6.82,19.86666667,LUDH,2,13.64,0,clear sky,Other,0
34.0,4.6,Meal,motorcycle,19.64,68.0,0.0,haze,Low,4.13,14.11666667,JAP,2,8.26,0,haze,JAP,0
29.0,4.9,Buffet,scooter,19.22,65.0,0.0,clear sky,High,15.14,42.96666667,PUNE,4,60.56,0,clear sky,PUNE,0
39.0,3.6,Snack,motorcycle,25.18,73.0,0.0,mist,Very High,22.23,61.0,COIMB,5,111.15,0,mist,COIMB,1
31.0,4.6,Snack,motorcycle,18.99,64.0,0.0,clear sky,Very High,21.95,60.51666667,PUNE,5,109.75,0,clear sky,PUNE,1
32.0,4.7,Buffet,motorcycle,18.25,81.0,0.0,broken clouds,Low,7.21,22.98333333,MYS,2,14.42,0,clouds,MYS,0
27.0,4.8,Buffet,electric scooter,10.93,79.0,0.0,clear sky,Very High,31.77,86.31666667,DEH,5,158.85,0,clear sky,Other,1
30.0,4.6,Meal,scooter,25.18,73.0,0.0,mist,High,22.51,47.95,COIMB,4,90.04,0,mist,COIMB,1
30.0,4.6,Drinks,scooter,26.4,88.0,0.0,mist,Moderate,4.36,33.75,CHEN,3,13.080000000000002,0,mist,CHEN,0
21.0,4.8,Drinks,motorcycle,26.78,48.0,0.0,clear sky,High,16.1,52.53333333,MUM,4,64.4,0,clear sky,MUM,1
28.0,4.6,Buffet,scooter,19.22,93.0,0.0,fog,High,18.04,48.38333333,BANG,4,72.16,0,other,BANG,1
38.0,4.6,Snack,motorcycle,19.66,91.0,0.0,mist,High,9.9,39.18333333,BANG,4,39.6,0,mist,BANG,0
34.0,4.9,Meal,motorcycle,24.77,73.0,0.0,mist,Very Low,2.31,12.58333333,COIMB,1,2.31,1,mist,COIMB,0
27.0,4.7,Snack,motorcycle,22.99,83.0,0.0,haze,Moderate,9.05,27.08333333,KOL,3,27.150000000000002,0,haze,Other,0
30.0,4.6,Snack,motorcycle,18.19,58.0,0.0,clear sky,High,18.44,41.53333333,BHP,4,73.76,0,clear sky,Other,0
21.0,4.7,Snack,motorcycle,23.01,43.0,0.0,clear sky,High,17.56,44.1,SUR,4,70.24,0,clear sky,SUR,0
23.0,4.5,Drinks,motorcycle,24.95,73.0,0.0,mist,Very Low,3.79,22.7,COIMB,1,3.79,0,mist,COIMB,0
37.0,4.8,Buffet,motorcycle,19.96,46.0,0.0,clear sky,High,14.72,40.83333333,JAP,4,58.88,0,clear sky,JAP,0
28.0,4.8,Buffet,motorcycle,24.94,73.0,0.0,mist,Low,5.35,20.71666667,COIMB,2,10.7,0,mist,COIMB,0
29.0,4.6,Snack,motorcycle,18.74,68.0,0.0,haze,Moderate,6.66,33.33333333,JAP,3,19.98,0,haze,JAP,0
21.0,4.5,Buffet,scooter,24.77,73.0,0.0,mist,Very Low,2.31,14.58333333,COIMB,1,2.31,1,mist,COIMB,0
27.0,4.4,Drinks,scooter,18.97,93.0,0.0,fog,High,15.71,52.05,BANG,4,62.84,0,other,BANG,1
20.0,4.2,Snack,motorcycle,18.06,77.0,0.0,scattered clouds,Low,4.74,19.95,MYS,2,9.48,0,clouds,MYS,0
33.0,4.5,Meal,motorcycle,23.97,78.0,0.0,mist,Moderate,12.91,33.96666667,COIMB,3,38.730000000000004,0,mist,COIMB,0
31.0,4.6,Drinks,scooter,21.27,66.0,0.0,broken clouds,Very High,24.76,61.95,HYD,5,123.80000000000001,0,clouds,HYD,1
22.0,4.1,Meal,motorcycle,21.55,52.0,0.0,clear sky,High,22.3,34.58333333,AGR,4,89.2,0,clear sky,Other,0
23.0,4.9,Meal,scooter,26.37,88.0,0.0,mist,Low,2.57,15.76666667,CHEN,2,5.14,1,mist,CHEN,0
26.0,4.6,Drinks,motorcycle,27.0,44.0,0.0,smoke,Very High,16.16,60.96666667,MUM,5,80.8,0,smoke,MUM,1
23.0,4.6,Snack,motorcycle,17.11,77.0,0.0,haze,Low,4.53,21.75,INDO,2,9.06,0,haze,INDO,0
28.0,4.5,Snack,motorcycle,17.79,68.0,0.0,clear sky,High,9.19,42.96666667,RANCHI,4,36.76,0,clear sky,RANCHI,0
26.0,4.1,Meal,motorcycle,23.86,78.0,0.0,mist,Moderate,11.24,32.9,COIMB,3,33.72,0,mist,COIMB,0
30.0,4.4,Buffet,motorcycle,19.21,64.0,0.0,clear sky,Low,2.89,13.23333333,PUNE,2,5.78,1,clear sky,PUNE,0
39.0,4.8,Snack,motorcycle,25.0,73.0,0.0,mist,High,16.82,45.26666667,COIMB,4,67.28,0,mist,COIMB,1
33.0,4.9,Buffet,scooter,17.08,72.0,0.0,haze,Very Low,2.03,12.23333333,INDO,1,2.03,1,haze,INDO,0
38.0,3.8,Snack,motorcycle,25.1,73.0,0.0,mist,Very High,26.45,62.13333333,COIMB,5,132.25,0,mist,COIMB,1
25.0,4.4,Meal,motorcycle,18.4,82.0,0.0,broken clouds,Moderate,17.75,28.5,MYS,3,53.25,0,clouds,MYS,0
27.0,4.7,Meal,scooter,24.95,58.0,0.0,scattered clouds,Low,4.76,16.51666667,GOA,2,9.52,0,clouds,Other,0
32.0,4.4,Snack,scooter,22.79,43.0,0.0,clear sky,Very High,28.79,63.03333333,SUR,5,143.95,0,clear sky,SUR,1
25.0,4.7,Meal,scooter,17.25,53.0,0.0,clear sky,High,19.6,35.68333333,INDO,4,78.4,0,clear sky,INDO,0
29.0,4.9,Snack,scooter,24.87,73.0,0.0,mist,Low,4.64,25.03333333,COIMB,2,9.28,0,mist,COIMB,0
22.0,4.8,Drinks,motorcycle,18.21,81.0,0.0,broken clouds,Moderate,7.2,31.28333333,MYS,3,21.6,0,clouds,MYS,0
36.0,4.7,Buffet,motorcycle,18.95,65.0,0.0,clear sky,High,13.24,39.03333333,PUNE,4,52.96,0,clear sky,PUNE,0
20.0,4.5,Snack,motorcycle,19.66,91.0,0.0,mist,High,10.12,41.45,BANG,4,40.48,0,mist,BANG,0
31.0,4.6,Buffet,motorcycle,19.62,68.0,0.0,haze,Low,2.42,15.48333333,JAP,2,4.84,1,haze,JAP,0
30.0,4.9,Buffet,scooter,26.31,88.0,0.0,mist,Low,4.61,24.35,CHEN,2,9.22,0,mist,CHEN,0
36.0,4.2,Meal,scooter,17.84,68.0,0.0,clear sky,Very High,22.24,47.83333333,RANCHI,5,111.19999999999999,0,clear sky,RANCHI,1
32.0,4.7,Drinks,motorcycle,17.66,68.0,0.0,clear sky,Moderate,7.88,39.03333333,RANCHI,3,23.64,0,clear sky,RANCHI,0
39.0,4.6,Drinks,scooter,17.51,69.0,0.0,clear sky,High,21.11,51.43333333,RANCHI,4,84.44,0,clear sky,RANCHI,1
31.0,4.3,Snack,motorcycle,22.83,42.0,0.0,clear sky,High,15.56,38.85,SUR,4,62.24,0,clear sky,SUR,0
21.0,4.9,Meal,motorcycle,26.86,48.0,0.0,clear sky,Very High,36.62,80.56666667,MUM,5,183.1,0,clear sky,MUM,1
28.0,4.3,Meal,motorcycle,25.06,73.0,0.0,mist,Moderate,9.87,28.76666667,COIMB,3,29.61,0,mist,COIMB,0
28.0,4.8,Snack,motorcycle,19.66,91.0,0.0,mist,High,9.91,39.83333333,BANG,4,39.64,0,mist,BANG,0
29.0,4.6,Drinks,scooter,24.78,73.0,0.0,mist,High,13.92,46.55,COIMB,4,55.68,0,mist,COIMB,1
22.0,4.4,Meal,motorcycle,19.07,93.0,0.0,fog,Very High,21.82,54.33333333,BANG,5,109.1,0,other,BANG,1
27.0,4.7,Meal,electric scooter,21.23,66.0,0.0,broken clouds,High,22.23,41.48333333,HYD,4,88.92,0,clouds,HYD,0
29.0,4.6,Snack,motorcycle,25.11,73.0,0.0,mist,Very High,23.71,60.38333333,COIMB,5,118.55000000000001,0,mist,COIMB,1
29.0,4.6,Meal,scooter,26.51,87.0,0.0,mist,High,13.03,41.5,CHEN,4,52.12,0,mist,CHEN,0
21.0,4.3,Meal,motorcycle,25.08,73.0,0.0,mist,High,14.03,36.11666667,COIMB,4,56.12,0,mist,COIMB,0
20.0,4.8,Snack,scooter,7.42,79.0,0.0,clear sky,Very High,34.36,95.11666667,DEH,5,171.8,0,clear sky,Other,1
39.0,4.3,Buffet,motorcycle,24.09,44.0,0.0,smoke,Very High,18.92,63.26666667,MUM,5,94.60000000000001,0,smoke,MUM,1
37.0,4.9,Drinks,scooter,23.05,43.0,0.0,clear sky,Moderate,9.01,31.71666667,SUR,3,27.03,0,clear sky,SUR,0
22.0,4.9,Meal,motorcycle,17.74,68.0,0.0,clear sky,Very Low,1.9,9.75,RANCHI,1,1.9,1,clear sky,RANCHI,0
36.0,3.5,Buffet,scooter,17.23,53.0,0.0,clear sky,High,20.09,46.33333333,INDO,4,80.36,0,clear sky,INDO,1
31.0,4.7,Snack,motorcycle,25.05,73.0,0.0,mist,High,14.78,38.53333333,COIMB,4,59.12,0,mist,COIMB,0
25.0,4.7,Meal,scooter,21.1,65.0,0.0,broken clouds,Very High,28.13,68.41666667,HYD,5,140.65,0,clouds,HYD,1
33.0,4.7,Snack,motorcycle,19.7,64.0,0.0,haze,Low,5.86,25.51666667,JAP,2,11.72,0,haze,JAP,0
37.0,4.6,Buffet,motorcycle,21.69,56.0,0.0,clear sky,Moderate,9.41,23.7,KNP,3,28.23,0,clear sky,Other,0
21.0,4.7,Meal,motorcycle,21.36,64.0,0.0,broken clouds,High,16.12,42.5,HYD,4,64.48,0,clouds,HYD,0
27.0,4.8,Snack,electric scooter,24.84,73.0,0.0,mist,Moderate,8.14,32.08333333,COIMB,3,24.42,0,mist,COIMB,0
28.0,4.9,Snack,motorcycle,17.85,67.0,0.0,clear sky,Low,14.22,24.43333333,RANCHI,2,28.44,0,clear sky,RANCHI,0
26.0,4.9,Meal,scooter,23.12,43.0,0.0,clear sky,Low,7.63,19.71666667,SUR,2,15.26,0,clear sky,SUR,0
22.0,4.7,Drinks,motorcycle,21.22,65.0,0.0,broken clouds,Low,2.32,22.5,HYD,2,4.64,1,clouds,HYD,0
26.0,4.6,Buffet,scooter,24.42,49.0,0.0,clear sky,High,18.87,40.03333333,MUM,4,75.48,0,clear sky,MUM,0
31.0,5.0,Drinks,motorcycle,23.39,43.0,0.0,clear sky,Low,6.06,24.91666667,SUR,2,12.12,0,clear sky,SUR,0
25.0,5.0,Snack,scooter,25.15,73.0,0.0,mist,High,21.28,50.23333333,COIMB,4,85.12,0,mist,COIMB,1
22.0,4.9,Snack,motorcycle,19.17,64.0,0.0,clear sky,Low,4.37,19.6,PUNE,2,8.74,0,clear sky,PUNE,0
30.0,4.5,Drinks,scooter,19.04,68.0,0.0,haze,Moderate,11.66,40.56666667,JAP,3,34.980000000000004,0,haze,JAP,0
36.0,4.6,Snack,scooter,19.59,92.0,0.0,mist,Very High,17.9,57.85,BANG,5,89.5,0,mist,BANG,1
21.0,4.9,Drinks,motorcycle,19.5,93.0,0.0,mist,Very High,36.42,91.15,BANG,5,182.10000000000002,0,mist,BANG,1
33.0,4.8,Meal,motorcycle,19.9,46.0,0.0,clear sky,Very High,20.18,50.45,JAP,5,100.9,0,clear sky,JAP,1
34.0,5.0,Meal,scooter,24.86,73.0,0.0,mist,Low,3.13,16.36666667,COIMB,2,6.26,0,mist,COIMB,0
33.0,4.8,Drinks,motorcycle,22.85,43.0,0.0,clear sky,Low,8.47,25.76666667,VAD,2,16.94,0,clear sky,Other,0
36.0,4.8,Meal,motorcycle,19.19,93.0,0.0,fog,Very High,21.79,51.4,BANG,5,108.94999999999999,0,other,BANG,1
29.0,4.6,Snack,motorcycle,22.43,44.0,0.0,clear sky,High,23.95,42.71666667,VAD,4,95.8,0,clear sky,Other,0
27.0,4.8,Meal,scooter,22.99,43.0,0.0,clear sky,Low,8.39,20.13333333,SUR,2,16.78,0,clear sky,SUR,0
22.0,5.0,Meal,scooter,17.23,53.0,0.0,clear sky,Moderate,15.81,25.45,INDO,3,47.43,0,clear sky,INDO,0
34.0,5.0,Buffet,motorcycle,21.53,65.0,0.0,broken clouds,Low,3.85,15.51666667,HYD,2,7.7,0,clouds,HYD,0
27.0,5.0,Meal,motorcycle,17.17,72.0,0.0,haze,High,14.82,32.01666667,INDO,4,59.28,0,haze,INDO,0
29.0,4.9,Drinks,motorcycle,22.83,42.0,0.0,clear sky,High,15.56,43.81666667,SUR,4,62.24,0,clear sky,SUR,0
23.0,4.8,Buffet,motorcycle,19.45,93.0,0.0,mist,High,19.24,46.25,BANG,4,76.96,0,mist,BANG,1
34.0,4.1,Meal,motorcycle,18.38,57.0,0.0,clear sky,Moderate,8.22,21.91666667,BHP,3,24.660000000000004,0,clear sky,Other,0
38.0,4.0,Drinks,motorcycle,26.31,88.0,0.0,mist,Moderate,6.81,41.25,CHEN,3,20.43,0,mist,CHEN,0
25.0,4.9,Drinks,scooter,26.46,88.0,0.0,mist,Moderate,4.67,34.45,CHEN,3,14.01,0,mist,CHEN,0
32.0,4.9,Meal,motorcycle,23.77,44.0,0.0,clear sky,Low,4.5,13.46666667,SUR,2,9.0,0,clear sky,SUR,0
27.0,4.6,Drinks,scooter,19.37,68.0,0.0,haze,Low,3.97,27.25,JAP,2,7.94,0,haze,JAP,0
30.0,4.5,Snack,motorcycle,17.6,69.0,0.0,clear sky,High,20.75,47.5,RANCHI,4,83.0,0,clear sky,RANCHI,1
32.0,4.7,Snack,scooter,19.9,68.0,0.0,haze,High,16.75,47.1,JAP,4,67.0,0,haze,JAP,1
31.0,4.8,Buffet,motorcycle,19.37,68.0,0.0,haze,Moderate,6.03,29.18333333,JAP,3,18.09,0,haze,JAP,0
28.0,4.8,Snack,electric scooter,23.39,43.0,0.0,clear sky,Low,6.06,20.05,SUR,2,12.12,0,clear sky,SUR,0
32.0,4.7,Buffet,scooter,17.18,82.0,0.0,mist,High,15.86,50.63333333,AURG,4,63.44,0,mist,Other,1
36.0,4.8,Buffet,motorcycle,18.46,82.0,0.0,broken clouds,High,19.34,43.16666667,MYS,4,77.36,0,clouds,MYS,0
30.0,4.3,Snack,scooter,17.23,69.0,0.0,clear sky,High,19.93,40.71666667,RANCHI,4,79.72,0,clear sky,RANCHI,0
24.0,4.6,Snack,motorcycle,18.28,77.0,0.0,scattered clouds,High,18.24,37.93333333,MYS,4,72.96,0,clouds,MYS,0
34.0,4.7,Snack,motorcycle,21.56,64.0,0.0,broken clouds,Moderate,8.41,27.23333333,HYD,3,25.23,0,clouds,HYD,0
27.0,4.8,Buffet,motorcycle,26.47,88.0,0.0,mist,Very High,16.28,63.56666667,CHEN,5,81.4,0,mist,CHEN,1
39.0,4.1,Meal,motorcycle,23.1,43.0,0.0,clear sky,Low,6.97,16.83333333,SUR,2,13.94,0,clear sky,SUR,0
25.0,4.8,Meal,motorcycle,18.25,81.0,0.0,broken clouds,Low,6.73,18.45,MYS,2,13.46,0,clouds,MYS,0
25.0,4.6,Meal,scooter,18.33,82.0,0.0,scattered clouds,High,20.69,41.95,MYS,4,82.76,0,clouds,MYS,0
36.0,4.9,Snack,motorcycle,16.97,72.0,0.0,haze,Low,11.52,25.36666667,INDO,2,23.04,0,haze,INDO,0
33.0,4.8,Drinks,motorcycle,17.85,68.0,0.0,clear sky,Very High,17.05,56.48333333,RANCHI,5,85.25,0,clear sky,RANCHI,1
23.0,4.8,Buffet,motorcycle,19.19,65.0,0.0,clear sky,High,12.02,34.25,PUNE,4,48.08,0,clear sky,PUNE,0
24.0,4.8,Snack,motorcycle,18.42,82.0,0.0,scattered clouds,Moderate,14.28,28.98333333,MYS,3,42.839999999999996,0,clouds,MYS,0
39.0,3.5,Drinks,scooter,18.64,57.0,0.0,clear sky,Very High,43.58,62.98333333,LUDH,5,217.89999999999998,0,clear sky,Other,1
21.0,5.0,Buffet,scooter,19.47,65.0,0.0,clear sky,Very High,30.28,58.43333333,PUNE,5,151.4,0,clear sky,PUNE,1
22.0,4.9,Meal,motorcycle,23.61,44.0,0.0,clear sky,Low,3.97,11.55,SUR,2,7.94,0,clear sky,SUR,0
36.0,4.0,Buffet,motorcycle,19.64,92.0,0.0,mist,Very High,17.8,59.41666667,BANG,5,89.0,0,mist,BANG,1
23.0,4.8,Buffet,motorcycle,19.31,64.0,0.0,clear sky,Low,5.08,22.5,PUNE,2,10.16,0,clear sky,PUNE,0
38.0,4.8,Buffet,motorcycle,7.42,79.0,0.0,clear sky,Very High,31.06,80.56666667,DEH,5,155.29999999999998,0,clear sky,Other,1
23.0,4.8,Drinks,motorcycle,19.61,92.0,0.0,mist,Low,8.66,29.1,BANG,2,17.32,0,mist,BANG,0
25.0,4.9,Buffet,scooter,26.51,87.0,0.0,mist,Low,5.87,23.68333333,CHEN,2,11.74,0,mist,CHEN,0
29.0,4.9,Snack,scooter,26.53,87.0,0.0,mist,Moderate,8.36,34.21666667,CHEN,3,25.08,0,mist,CHEN,0
27.0,4.8,Snack,scooter,19.67,68.0,0.0,haze,Very Low,1.97,11.95,JAP,1,1.97,1,haze,JAP,0
28.0,4.6,Snack,scooter,23.46,43.0,0.0,clear sky,Very Low,2.23,10.56666667,SUR,1,2.23,1,clear sky,SUR,0
25.0,4.7,Buffet,motorcycle,17.85,67.0,0.0,clear sky,Low,14.22,22.41666667,RANCHI,2,28.44,0,clear sky,RANCHI,0
29.0,4.7,Buffet,motorcycle,21.71,51.0,0.0,clear sky,High,21.68,36.78333333,AGR,4,86.72,0,clear sky,Other,0
24.0,4.6,Snack,motorcycle,24.82,73.0,0.0,mist,Moderate,9.62,34.08333333,COIMB,3,28.86,0,mist,COIMB,0
29.0,4.6,Drinks,scooter,21.79,54.0,0.0,clear sky,High,14.27,43.08333333,KNP,4,57.08,0,clear sky,Other,0
34.0,4.9,Meal,scooter,21.92,54.0,0.0,clear sky,Moderate,10.26,24.31666667,KNP,3,30.78,0,clear sky,Other,0
30.0,4.5,Snack,scooter,22.47,44.0,0.0,clear sky,High,20.28,40.08333333,VAD,4,81.12,0,clear sky,Other,0
31.0,4.4,Snack,motorcycle,19.91,93.0,0.0,mist,Very High,26.78,75.91666667,BANG,5,133.9,0,mist,BANG,1
32.0,4.9,Snack,motorcycle,25.08,73.0,0.0,mist,High,14.03,40.18333333,COIMB,4,56.12,0,mist,COIMB,0
33.0,3.6,Drinks,motorcycle,27.04,44.0,0.0,smoke,High,19.06,51.98333333,MUM,4,76.24,0,smoke,MUM,1
31.0,3.5,Buffet,motorcycle,19.98,68.0,0.0,haze,High,18.08,44.35,JAP,4,72.32,0,haze,JAP,0
39.0,3.8,Snack,motorcycle,16.83,82.0,0.0,mist,Very High,29.95,80.78333333,AURG,5,149.75,0,mist,Other,1
28.0,4.8,Meal,electric scooter,19.69,92.0,0.0,mist,Low,4.9,20.7,BANG,2,9.8,0,mist,BANG,0
20.0,4.9,Buffet,motorcycle,19.1,65.0,0.0,clear sky,High,11.41,33.61666667,PUNE,4,45.64,0,clear sky,PUNE,0
36.0,4.3,Meal,motorcycle,19.9,68.0,0.0,haze,Moderate,9.24,30.58333333,JAP,3,27.72,0,haze,JAP,0
32.0,4.9,Drinks,scooter,26.36,88.0,0.0,scattered clouds,Very High,30.83,80.53333333,CHEN,5,154.14999999999998,0,clouds,CHEN,1
23.0,4.1,Snack,scooter,23.79,44.0,0.0,clear sky,Low,4.37,15.56666667,SUR,2,8.74,0,clear sky,SUR,0
37.0,5.0,Meal,motorcycle,22.84,43.0,0.0,clear sky,High,21.28,43.23333333,SUR,4,85.12,0,clear sky,SUR,0
29.0,4.8,Snack,motorcycle,19.08,65.0,0.0,clear sky,High,15.21,43.93333333,PUNE,4,60.84,0,clear sky,PUNE,0
29.0,4.6,Meal,motorcycle,22.76,43.0,0.0,clear sky,Very High,26.04,47.33333333,SUR,5,130.2,0,clear sky,SUR,1
38.0,4.8,Meal,motorcycle,19.7,68.0,0.0,haze,Low,3.91,16.58333333,JAP,2,7.82,0,haze,JAP,0
23.0,4.5,Snack,motorcycle,19.05,65.0,0.0,clear sky,Very High,29.83,76.23333333,PUNE,5,149.14999999999998,0,clear sky,PUNE,1
22.0,4.2,Drinks,motorcycle,19.77,91.0,0.0,mist,Moderate,8.99,39.93333333,BANG,3,26.97,0,mist,BANG,0
31.0,4.7,Meal,motorcycle,19.72,46.0,0.0,clear sky,Very High,27.62,59.95,JAP,5,138.1,0,clear sky,JAP,1
29.0,4.6,Snack,motorcycle,19.22,93.0,0.0,fog,High,18.42,53.73333333,BANG,4,73.68,0,other,BANG,1
37.0,4.4,Drinks,electric scooter,19.72,46.0,0.0,clear sky,High,15.56,49.23333333,JAP,4,62.24,0,clear sky,JAP,1
34.0,4.6,Buffet,motorcycle,19.17,65.0,0.0,clear sky,High,13.16,36.05,PUNE,4,52.64,0,clear sky,PUNE,0
32.0,5.0,Snack,motorcycle,21.65,66.0,0.0,broken clouds,Moderate,8.2,29.75,HYD,3,24.599999999999998,0,clouds,HYD,0
26.0,4.9,Drinks,scooter,22.88,42.0,0.0,clear sky,Low,5.41,20.95,VAD,2,10.82,0,clear sky,Other,0
31.0,4.6,Drinks,scooter,18.93,65.0,0.0,clear sky,High,13.24,44.06666667,PUNE,4,52.96,0,clear sky,PUNE,0
31.0,4.7,Buffet,scooter,23.0,83.0,0.0,haze,Moderate,11.3,29.03333333,KOL,3,33.900000000000006,0,haze,Other,0
22.0,4.2,Snack,motorcycle,24.86,73.0,0.0,mist,Low,3.13,20.43333333,COIMB,2,6.26,0,mist,COIMB,0
37.0,4.9,Drinks,scooter,21.58,52.0,0.0,clear sky,Moderate,20.42,38.28333333,AGR,3,61.260000000000005,0,clear sky,Other,0
32.0,4.8,Drinks,motorcycle,17.84,68.0,0.0,clear sky,High,10.34,50.66666667,RANCHI,4,41.36,0,clear sky,RANCHI,1
26.0,4.7,Snack,motorcycle,17.79,68.0,0.0,clear sky,High,11.5,43.21666667,RANCHI,4,46.0,0,clear sky,RANCHI,0
26.0,4.7,Meal,motorcycle,17.88,67.0,0.0,clear sky,High,19.56,41.88333333,RANCHI,4,78.24,0,clear sky,RANCHI,0
21.0,4.8,Snack,motorcycle,25.14,73.0,0.0,mist,Very High,26.2,63.66666667,COIMB,5,131.0,0,mist,COIMB,1
24.0,4.6,Meal,scooter,23.38,43.0,0.0,clear sky,Low,7.87,17.58333333,SUR,2,15.74,0,clear sky,SUR,0
33.0,4.1,Drinks,motorcycle,26.43,88.0,0.0,mist,Moderate,6.02,34.13333333,CHEN,3,18.06,0,mist,CHEN,0
25.0,4.9,Buffet,motorcycle,24.96,73.0,0.0,mist,Moderate,8.86,27.38333333,COIMB,3,26.58,0,mist,COIMB,0
29.0,4.6,Drinks,scooter,18.02,81.0,0.0,broken clouds,Very Low,2.11,18.51666667,MYS,1,2.11,1,clouds,MYS,0
34.0,4.6,Drinks,electric scooter,26.99,44.0,0.0,smoke,Moderate,4.39,37.36666667,MUM,3,13.169999999999998,0,smoke,MUM,0
36.0,5.0,Drinks,motorcycle,22.88,43.0,0.0,clear sky,Very High,22.71,55.16666667,SUR,5,113.55000000000001,0,clear sky,SUR,1
23.0,4.5,Meal,scooter,18.26,81.0,0.0,scattered clouds,Moderate,12.79,24.38333333,MYS,3,38.37,0,clouds,MYS,0
37.0,4.9,Meal,scooter,26.31,88.0,0.0,mist,High,10.88,40.21666667,CHEN,4,43.52,0,mist,CHEN,0
32.0,4.6,Drinks,scooter,23.91,88.0,0.0,mist,High,16.75,56.41666667,KOC,4,67.0,0,mist,Other,1
21.0,4.6,Buffet,motorcycle,17.77,82.0,0.0,mist,Low,6.97,24.11666667,AURG,2,13.94,0,mist,Other,0
25.0,4.7,Snack,scooter,26.97,44.0,0.0,smoke,High,8.8,41.5,MUM,4,35.2,0,smoke,MUM,0
20.0,4.7,Buffet,motorcycle,17.18,72.0,0.0,haze,Moderate,13.4,28.76666667,INDO,3,40.2,0,haze,INDO,0
36.0,4.9,Drinks,scooter,17.74,68.0,0.0,clear sky,Very Low,1.9,18.75,RANCHI,1,1.9,1,clear sky,RANCHI,0
32.0,4.5,Buffet,motorcycle,27.04,48.0,0.0,clear sky,Very High,25.68,63.26666667,MUM,5,128.4,0,clear sky,MUM,1
30.0,4.8,Meal,motorcycle,25.27,73.0,0.0,mist,Very High,32.94,55.55,COIMB,5,164.7,0,mist,COIMB,1
34.0,4.3,Buffet,motorcycle,23.72,44.0,0.0,clear sky,Low,3.84,13.9,SUR,2,7.68,0,clear sky,SUR,0
21.0,4.7,Meal,scooter,19.89,47.0,0.0,clear sky,Very High,25.22,65.96666667,JAP,5,126.1,0,clear sky,JAP,1
30.0,4.7,Snack,motorcycle,19.26,64.0,0.0,clear sky,Low,7.32,24.06666667,PUNE,2,14.64,0,clear sky,PUNE,0
33.0,3.9,Snack,motorcycle,17.15,72.0,0.0,haze,Very High,23.47,52.38333333,INDO,5,117.35,0,haze,INDO,1
31.0,4.7,Meal,scooter,18.05,77.0,0.0,scattered clouds,High,25.16,42.98333333,MYS,4,100.64,0,clouds,MYS,0
23.0,4.9,Snack,motorcycle,19.2,65.0,0.0,clear sky,Low,6.27,22.98333333,PUNE,2,12.54,0,clear sky,PUNE,0
33.0,4.0,Snack,motorcycle,19.12,65.0,0.0,clear sky,High,17.06,48.61666667,PUNE,4,68.24,0,clear sky,PUNE,1
30.0,5.0,Buffet,scooter,18.37,82.0,0.0,broken clouds,Moderate,15.09,33.86666667,MYS,3,45.269999999999996,0,clouds,MYS,0
36.0,4.5,Snack,scooter,17.6,69.0,0.0,clear sky,High,20.31,48.08333333,RANCHI,4,81.24,0,clear sky,RANCHI,1
36.0,4.6,Drinks,scooter,24.12,48.0,0.0,clear sky,Moderate,7.8,35.71666667,MUM,3,23.4,0,clear sky,MUM,0
38.0,4.9,Meal,scooter,21.32,64.0,0.0,broken clouds,Very Low,2.13,9.2,HYD,1,2.13,1,clouds,HYD,0
39.0,4.6,Meal,motorcycle,24.94,73.0,0.0,mist,Moderate,13.88,33.7,COIMB,3,41.64,0,mist,COIMB,0
21.0,4.6,Drinks,scooter,25.0,73.0,0.0,mist,Moderate,13.73,42.98333333,COIMB,3,41.19,0,mist,COIMB,0
32.0,4.8,Drinks,scooter,24.88,73.0,0.0,mist,Low,4.02,25.35,COIMB,2,8.04,0,mist,COIMB,0
26.0,4.7,Snack,motorcycle,17.16,72.0,0.0,haze,Moderate,7.01,26.91666667,INDO,3,21.03,0,haze,INDO,0
31.0,4.8,Buffet,motorcycle,21.3,53.0,0.0,clear sky,Very High,23.11,50.86666667,AGR,5,115.55,0,clear sky,Other,1
25.0,4.6,Snack,motorcycle,24.01,88.0,0.0,mist,Very High,17.48,53.38333333,KOC,5,87.4,0,mist,Other,1
35.0,4.9,Buffet,motorcycle,21.01,66.0,0.0,broken clouds,Very High,32.68,63.73333333,HYD,5,163.4,0,clouds,HYD,1
36.0,4.6,Buffet,scooter,21.22,65.0,0.0,broken clouds,Low,2.32,15.5,HYD,2,4.64,1,clouds,HYD,0
26.0,4.6,Meal,electric scooter,18.29,57.0,0.0,clear sky,High,15.13,44.01666667,BHP,4,60.52,0,clear sky,Other,0
33.0,4.7,Snack,scooter,21.27,64.0,0.0,overcast clouds,Very High,20.07,59.6,HYD,5,100.35,0,clouds,HYD,1
31.0,4.6,Buffet,scooter,26.89,47.0,0.0,clear sky,Very High,33.8,78.31666667,MUM,5,169.0,0,clear sky,MUM,1
33.0,4.8,Buffet,motorcycle,18.97,65.0,0.0,clear sky,Very High,17.97,49.03333333,PUNE,5,89.85,0,clear sky,PUNE,1
30.0,4.8,Drinks,motorcycle,19.64,93.0,0.0,mist,Very High,16.69,66.83333333,BANG,5,83.45,0,mist,BANG,1
20.0,4.9,Meal,scooter,24.81,73.0,0.0,mist,Moderate,8.79,30.51666667,COIMB,3,26.369999999999997,0,mist,COIMB,0
29.0,4.6,Drinks,motorcycle,21.14,65.0,0.0,broken clouds,Very Low,2.62,19.75,HYD,1,2.62,1,clouds,HYD,0
32.0,4.9,Buffet,motorcycle,19.31,64.0,0.0,clear sky,Very Low,2.25,10.06666667,PUNE,1,2.25,1,clear sky,PUNE,0
28.0,4.7,Buffet,scooter,25.15,73.0,0.0,mist,Very High,24.89,57.05,COIMB,5,124.45,0,mist,COIMB,1
20.0,4.5,Meal,motorcycle,25.01,73.0,0.0,mist,High,15.4,39.98333333,COIMB,4,61.6,0,mist,COIMB,0
27.0,4.5,Drinks,electric scooter,18.29,81.0,0.0,scattered clouds,Moderate,14.88,41.05,MYS,3,44.64,0,clouds,MYS,0
30.0,5.0,Meal,motorcycle,24.42,49.0,0.0,clear sky,High,19.11,36.15,MUM,4,76.44,0,clear sky,MUM,0
27.0,5.0,Meal,scooter,17.05,72.0,0.0,haze,Low,5.8,18.95,INDO,2,11.6,0,haze,INDO,0
24.0,4.8,Drinks,motorcycle,19.98,68.0,0.0,haze,High,18.08,50.88333333,JAP,4,72.32,0,haze,JAP,1
36.0,4.7,Snack,scooter,22.89,42.0,0.0,clear sky,Low,5.51,16.13333333,VAD,2,11.02,0,clear sky,Other,0
33.0,4.6,Drinks,motorcycle,25.1,73.0,0.0,mist,Very High,26.45,67.15,COIMB,5,132.25,0,mist,COIMB,1
32.0,4.4,Meal,scooter,26.43,88.0,0.0,mist,Moderate,6.67,27.93333333,CHEN,3,20.009999999999998,0,mist,CHEN,0
38.0,4.7,Meal,motorcycle,18.4,81.0,0.0,scattered clouds,Moderate,11.89,29.0,MYS,3,35.67,0,clouds,MYS,0
34.0,4.8,Drinks,motorcycle,27.01,44.0,0.0,smoke,High,10.43,48.85,MUM,4,41.72,0,smoke,MUM,1
28.0,4.9,Meal,motorcycle,25.15,73.0,0.0,mist,High,21.28,46.25,COIMB,4,85.12,0,mist,COIMB,1
22.0,4.7,Snack,electric scooter,18.94,57.0,0.0,clear sky,Low,3.65,20.0,LUDH,2,7.3,0,clear sky,Other,0
31.0,4.8,Meal,motorcycle,26.99,44.0,0.0,smoke,Moderate,8.82,33.8,MUM,3,26.46,0,smoke,MUM,0
34.0,4.8,Drinks,motorcycle,26.71,44.0,0.0,smoke,Low,2.48,25.01666667,MUM,2,4.96,1,smoke,MUM,0
31.0,4.6,Snack,motorcycle,26.51,87.0,0.0,mist,Moderate,8.21,30.25,CHEN,3,24.630000000000003,0,mist,CHEN,0
33.0,4.5,Snack,scooter,21.56,64.0,0.0,broken clouds,Moderate,9.22,32.05,HYD,3,27.660000000000004,0,clouds,HYD,0
23.0,4.9,Drinks,scooter,24.96,73.0,0.0,mist,Moderate,8.74,34.51666667,COIMB,3,26.22,0,mist,COIMB,0
30.0,4.3,Meal,motorcycle,18.45,58.0,0.0,clear sky,Very High,31.39,59.11666667,BHP,5,156.95,0,clear sky,Other,1
32.0,3.9,Drinks,motorcycle,25.15,73.0,0.0,mist,Very High,24.96,65.03333333,COIMB,5,124.80000000000001,0,mist,COIMB,1
29.0,4.6,Buffet,scooter,17.18,53.0,0.0,clear sky,Moderate,12.85,31.15,INDO,3,38.55,0,clear sky,INDO,0
39.0,4.6,Snack,motorcycle,20.03,56.0,0.0,clear sky,Very High,30.72,75.33333333,KNP,5,153.6,0,clear sky,Other,1
31.0,4.9,Buffet,electric scooter,22.47,44.0,0.0,clear sky,High,24.65,41.0,VAD,4,98.6,0,clear sky,Other,0
27.0,4.7,Drinks,motorcycle,19.9,46.0,0.0,clear sky,Very High,22.01,59.06666667,JAP,5,110.05000000000001,0,clear sky,JAP,1
21.0,4.1,Drinks,scooter,17.78,68.0,0.0,clear sky,High,18.12,49.68333333,RANCHI,4,72.48,0,clear sky,RANCHI,1
30.0,5.0,Drinks,scooter,17.74,68.0,0.0,clear sky,Very Low,2.16,19.43333333,RANCHI,1,2.16,1,clear sky,RANCHI,0
31.0,5.0,Snack,motorcycle,17.08,72.0,0.0,haze,Moderate,6.16,26.51666667,INDO,3,18.48,0,haze,INDO,0
32.0,4.0,Snack,motorcycle,23.26,43.0,0.0,clear sky,Moderate,10.36,26.78333333,SUR,3,31.08,0,clear sky,SUR,0
20.0,4.6,Snack,motorcycle,19.96,46.0,0.0,clear sky,High,17.04,49.31666667,JAP,4,68.16,0,clear sky,JAP,1
38.0,4.7,Buffet,motorcycle,17.72,68.0,0.0,clear sky,High,8.16,34.43333333,RANCHI,4,32.64,0,clear sky,RANCHI,0
25.0,4.2,Snack,motorcycle,18.21,81.0,0.0,broken clouds,Low,5.19,20.3,MYS,2,10.38,0,clouds,MYS,0
35.0,4.5,Buffet,scooter,23.91,88.0,0.0,mist,High,18.84,47.25,KOC,4,75.36,0,mist,Other,1
39.0,4.8,Buffet,motorcycle,19.64,68.0,0.0,haze,Low,4.13,16.16666667,JAP,2,8.26,0,haze,JAP,0
21.0,4.3,Snack,motorcycle,26.43,88.0,0.0,mist,Low,4.46,25.48333333,CHEN,2,8.92,0,mist,CHEN,0
29.0,4.7,Snack,motorcycle,21.4,64.0,0.0,broken clouds,Moderate,10.22,30.41666667,HYD,3,30.660000000000004,0,clouds,HYD,0
20.0,4.3,Buffet,scooter,26.69,44.0,0.0,smoke,Very High,20.12,66.03333333,MUM,5,100.60000000000001,0,smoke,MUM,1
27.0,4.7,Drinks,scooter,19.9,46.0,0.0,clear sky,Very High,20.18,60.48333333,JAP,5,100.9,0,clear sky,JAP,1
26.0,4.9,Snack,scooter,26.52,44.0,0.0,smoke,Very High,19.04,61.85,MUM,5,95.19999999999999,0,smoke,MUM,1
21.0,4.7,Meal,motorcycle,21.39,63.0,0.0,broken clouds,Moderate,11.17,28.45,HYD,3,33.51,0,clouds,HYD,0
25.0,4.9,Meal,scooter,22.85,43.0,0.0,clear sky,Low,6.97,14.4,VAD,2,13.94,0,clear sky,Other,0
31.0,4.7,Meal,motorcycle,19.81,47.0,0.0,clear sky,Very High,31.09,67.63333333,JAP,5,155.45,0,clear sky,JAP,1
39.0,5.0,Meal,motorcycle,19.81,68.0,0.0,haze,Moderate,9.22,31.21666667,JAP,3,27.660000000000004,0,haze,JAP,0
37.0,3.9,Drinks,motorcycle,27.04,48.0,0.0,clear sky,Very High,23.41,64.66666667,MUM,5,117.05,0,clear sky,MUM,1
25.0,4.8,Snack,motorcycle,19.99,68.0,0.0,haze,High,14.46,44.88333333,JAP,4,57.84,0,haze,JAP,0
22.0,4.6,Drinks,scooter,18.97,65.0,0.0,clear sky,High,17.24,50.93333333,PUNE,4,68.96,0,clear sky,PUNE,1
33.0,4.8,Snack,scooter,17.21,72.0,0.0,haze,Moderate,16.14,34.0,INDO,3,48.42,0,haze,INDO,0
35.0,4.3,Buffet,scooter,26.34,88.0,0.0,mist,Low,2.33,17.55,CHEN,2,4.66,1,mist,CHEN,0
30.0,4.8,Buffet,scooter,24.72,62.0,0.0,scattered clouds,High,27.0,47.7,GOA,4,108.0,0,clouds,Other,1
28.0,4.5,Snack,scooter,19.97,47.0,0.0,clear sky,Very High,25.14,66.73333333,JAP,5,125.7,0,clear sky,JAP,1
24.0,5.0,Snack,scooter,26.69,44.0,0.0,smoke,Very High,20.12,68.03333333,MUM,5,100.60000000000001,0,smoke,MUM,1
20.0,4.7,Meal,scooter,17.94,82.0,0.0,mist,Low,4.08,16.93333333,AURG,2,8.16,0,mist,Other,0
29.0,4.9,Meal,motorcycle,19.39,65.0,0.0,clear sky,High,23.4,44.08333333,PUNE,4,93.6,0,clear sky,PUNE,0
28.0,4.8,Buffet,motorcycle,23.61,44.0,0.0,clear sky,Very Low,3.3,12.11666667,SUR,1,3.3,0,clear sky,SUR,0
24.0,4.3,Meal,motorcycle,17.56,82.0,0.0,mist,High,17.72,44.35,AURG,4,70.88,0,mist,Other,0
32.0,3.7,Buffet,scooter,19.89,93.0,0.0,mist,Very High,22.32,61.73333333,BANG,5,111.6,0,mist,BANG,1
20.0,4.5,Drinks,motorcycle,26.71,44.0,0.0,smoke,Very High,20.7,67.11666667,MUM,5,103.5,0,smoke,MUM,1
33.0,3.8,Buffet,scooter,26.21,44.0,0.0,smoke,Very High,32.73,94.6,MUM,5,163.64999999999998,0,smoke,MUM,1
37.0,4.5,Buffet,motorcycle,19.18,65.0,0.0,clear sky,Low,2.5,13.08333333,PUNE,2,5.0,1,clear sky,PUNE,0
24.0,5.0,Snack,motorcycle,22.83,43.0,0.0,clear sky,Very High,24.01,52.58333333,SUR,5,120.05000000000001,0,clear sky,SUR,1
26.0,4.9,Snack,motorcycle,21.86,55.0,0.0,clear sky,Very High,20.18,54.9,ALH,5,100.9,0,clear sky,Other,1
36.0,4.0,Meal,motorcycle,17.72,68.0,0.0,clear sky,High,8.16,32.46666667,RANCHI,4,32.64,0,clear sky,RANCHI,0
22.0,4.6,Drinks,motorcycle,19.55,92.0,0.0,mist,Very High,18.77,61.21666667,BANG,5,93.85,0,mist,BANG,1
38.0,4.7,Buffet,motorcycle,23.97,44.0,0.0,clear sky,Very Low,3.13,11.75,SUR,1,3.13,0,clear sky,SUR,0
20.0,4.1,Buffet,motorcycle,21.53,65.0,0.0,broken clouds,Low,5.97,22.15,HYD,2,11.94,0,clouds,HYD,0
28.0,4.8,Buffet,scooter,23.21,43.0,0.0,clear sky,Low,5.58,16.08333333,SUR,2,11.16,0,clear sky,SUR,0
39.0,4.7,Snack,motorcycle,19.63,68.0,0.0,haze,Moderate,7.81,26.13333333,JAP,3,23.43,0,haze,JAP,0
36.0,4.7,Drinks,scooter,21.13,64.0,0.0,overcast clouds,Very High,26.16,61.45,HYD,5,130.8,0,clouds,HYD,1
31.0,4.4,Snack,scooter,18.42,82.0,0.0,scattered clouds,High,20.42,38.13333333,MYS,4,81.68,0,clouds,MYS,0
26.0,4.4,Buffet,motorcycle,26.9,44.0,0.0,smoke,Moderate,7.96,34.65,MUM,3,23.88,0,smoke,MUM,0
34.0,4.7,Snack,motorcycle,17.77,82.0,0.0,mist,Moderate,11.15,29.23333333,AURG,3,33.45,0,mist,Other,0
25.0,4.0,Snack,motorcycle,17.32,53.0,0.0,clear sky,High,24.35,47.45,INDO,4,97.4,0,clear sky,INDO,1
32.0,4.6,Snack,motorcycle,17.67,68.0,0.0,clear sky,Low,7.87,24.7,RANCHI,2,15.74,0,clear sky,RANCHI,0
31.0,4.6,Meal,scooter,17.08,72.0,0.0,haze,Very Low,2.29,10.38333333,INDO,1,2.29,1,haze,INDO,0
33.0,4.6,Snack,scooter,18.3,77.0,0.0,scattered clouds,Moderate,16.33,35.45,MYS,3,48.989999999999995,0,clouds,MYS,0
27.0,4.9,Drinks,motorcycle,26.93,44.0,0.0,smoke,Very Low,2.23,23.01666667,MUM,1,2.23,1,smoke,MUM,0
38.0,4.6,Snack,scooter,17.19,72.0,0.0,haze,Moderate,14.29,35.3,INDO,3,42.87,0,haze,INDO,0
38.0,4.8,Buffet,motorcycle,26.63,44.0,0.0,smoke,Moderate,7.28,30.05,MUM,3,21.84,0,smoke,MUM,0
36.0,4.9,Snack,motorcycle,21.33,65.0,0.0,broken clouds,High,18.67,43.2,HYD,4,74.68,0,clouds,HYD,0
28.0,4.8,Meal,motorcycle,26.69,44.0,0.0,smoke,Very High,19.24,52.8,MUM,5,96.19999999999999,0,smoke,MUM,1
33.0,4.9,Snack,scooter,26.41,88.0,0.0,mist,Low,5.98,24.55,CHEN,2,11.96,0,mist,CHEN,0
22.0,4.6,Meal,motorcycle,21.23,67.0,0.0,broken clouds,Very Low,1.83,7.45,HYD,1,1.83,1,clouds,HYD,0
24.0,4.7,Buffet,motorcycle,19.75,92.0,0.0,mist,Moderate,11.94,34.25,BANG,3,35.82,0,mist,BANG,0
36.0,4.1,Drinks,motorcycle,22.84,43.0,0.0,clear sky,Low,8.57,25.58333333,VAD,2,17.14,0,clear sky,Other,0
32.0,4.1,Drinks,scooter,26.4,88.0,0.0,broken clouds,Very High,25.66,75.83333333,CHEN,5,128.3,0,clouds,CHEN,1
34.0,4.2,Meal,scooter,19.07,93.0,0.0,fog,High,23.84,46.43333333,BANG,4,95.36,0,other,BANG,1
26.0,4.5,Buffet,scooter,17.74,68.0,0.0,clear sky,Very Low,1.91,11.86666667,RANCHI,1,1.91,1,clear sky,RANCHI,0
31.0,4.7,Snack,motorcycle,17.97,82.0,0.0,broken clouds,High,26.11,40.01666667,MYS,4,104.44,0,clouds,MYS,0
20.0,4.6,Buffet,motorcycle,19.7,64.0,0.0,haze,Low,6.25,19.8,JAP,2,12.5,0,haze,JAP,0
22.0,4.9,Buffet,motorcycle,25.08,73.0,0.0,mist,Very High,26.09,51.26666667,COIMB,5,130.45,0,mist,COIMB,1
26.0,4.8,Drinks,motorcycle,17.67,68.0,0.0,clear sky,Low,7.47,28.18333333,RANCHI,2,14.94,0,clear sky,RANCHI,0
29.0,4.6,Meal,motorcycle,19.22,93.0,0.0,fog,High,18.06,38.21666667,BANG,4,72.24,0,other,BANG,0
39.0,4.5,Snack,motorcycle,22.9,42.0,0.0,clear sky,Low,5.22,16.2,VAD,2,10.44,0,clear sky,Other,0
38.0,4.8,Drinks,motorcycle,17.23,53.0,0.0,clear sky,High,19.08,42.78333333,INDO,4,76.32,0,clear sky,INDO,0
30.0,4.6,Meal,motorcycle,23.44,44.0,0.0,clear sky,Low,7.74,18.26666667,SUR,2,15.48,0,clear sky,SUR,0
23.0,4.8,Meal,motorcycle,17.86,77.0,0.0,scattered clouds,High,24.54,33.68333333,MYS,4,98.16,0,clouds,MYS,0
23.0,4.7,Drinks,scooter,26.71,44.0,0.0,smoke,High,21.67,58.23333333,MUM,4,86.68,0,smoke,MUM,1
37.0,4.3,Drinks,motorcycle,27.05,49.0,0.0,clear sky,Very High,23.45,58.63333333,MUM,5,117.25,0,clear sky,MUM,1
33.0,4.3,Drinks,motorcycle,19.58,93.0,0.0,mist,High,16.27,46.78333333,BANG,4,65.08,0,mist,BANG,1
34.0,5.0,Snack,motorcycle,25.27,73.0,0.0,mist,High,31.46,51.75,COIMB,4,125.84,0,mist,COIMB,1
28.0,4.5,Buffet,motorcycle,17.65,82.0,0.0,broken clouds,High,27.2,47.75,MYS,4,108.8,0,clouds,MYS,1
38.0,4.8,Meal,motorcycle,22.48,43.0,0.0,clear sky,Moderate,17.99,29.33333333,VAD,3,53.97,0,clear sky,Other,0
36.0,3.6,Drinks,scooter,18.28,82.0,0.0,broken clouds,High,16.85,49.91666667,MYS,4,67.4,0,clouds,MYS,1
24.0,4.9,Drinks,motorcycle,26.4,88.0,0.0,mist,Low,4.36,26.86666667,CHEN,2,8.72,0,mist,CHEN,0
39.0,4.3,Drinks,motorcycle,26.39,87.0,0.0,scattered clouds,Very High,19.45,65.33333333,CHEN,5,97.25,0,clouds,CHEN,1
22.0,4.0,Buffet,motorcycle,26.39,88.0,0.0,broken clouds,High,15.96,41.53333333,CHEN,4,63.84,0,clouds,CHEN,0
38.0,4.8,Buffet,motorcycle,17.16,72.0,0.0,haze,Low,7.01,23.76666667,INDO,2,14.02,0,haze,INDO,0
34.0,3.8,Snack,motorcycle,19.18,93.0,0.0,mist,High,16.49,39.35,BANG,4,65.96,0,mist,BANG,0
38.0,4.6,Meal,motorcycle,18.06,58.0,0.0,clear sky,High,19.77,39.11666667,BHP,4,79.08,0,clear sky,Other,0
28.0,5.0,Snack,motorcycle,26.39,87.0,0.0,scattered clouds,Very High,26.07,68.95,CHEN,5,130.35,0,clouds,CHEN,1
23.0,4.6,Snack,motorcycle,21.34,64.0,0.0,broken clouds,High,14.76,43.06666667,HYD,4,59.04,0,clouds,HYD,0
21.0,4.5,Snack,motorcycle,17.16,72.0,0.0,haze,Low,8.33,25.9,INDO,2,16.66,0,haze,INDO,0
21.0,4.9,Meal,motorcycle,18.28,81.0,0.0,scattered clouds,High,13.43,38.36666667,MYS,4,53.72,0,clouds,MYS,0
28.0,4.6,Snack,motorcycle,17.79,68.0,0.0,clear sky,Very High,23.01,52.13333333,RANCHI,5,115.05000000000001,0,clear sky,RANCHI,1
32.0,4.5,Buffet,motorcycle,26.98,44.0,0.0,smoke,Low,7.3,27.06666667,MUM,2,14.6,0,smoke,MUM,0
34.0,4.7,Drinks,scooter,19.42,68.0,0.0,haze,Moderate,10.7,39.53333333,JAP,3,32.099999999999994,0,haze,JAP,0
32.0,4.2,Snack,scooter,17.14,72.0,0.0,haze,Low,8.16,23.01666667,INDO,2,16.32,0,haze,INDO,0
35.0,4.9,Buffet,scooter,25.15,73.0,0.0,mist,High,24.82,50.93333333,COIMB,4,99.28,0,mist,COIMB,1
26.0,4.7,Drinks,electric scooter,19.2,65.0,0.0,clear sky,Low,6.27,26.51666667,PUNE,2,12.54,0,clear sky,PUNE,0
38.0,4.9,Buffet,electric scooter,19.04,65.0,0.0,clear sky,High,16.59,42.06666667,PUNE,4,66.36,0,clear sky,PUNE,0
36.0,4.9,Buffet,motorcycle,26.47,87.0,0.0,scattered clouds,Very High,29.7,75.73333333,CHEN,5,148.5,0,clouds,CHEN,1
30.0,4.7,Meal,motorcycle,23.92,88.0,0.0,mist,Moderate,13.48,31.91666667,KOC,3,40.44,0,mist,Other,0
28.0,4.8,Buffet,scooter,18.24,81.0,0.0,broken clouds,High,18.17,48.33333333,MYS,4,72.68,0,clouds,MYS,1
31.0,4.9,Meal,motorcycle,19.9,46.0,0.0,clear sky,Very High,24.55,46.03333333,JAP,5,122.75,0,clear sky,JAP,1
27.0,4.9,Buffet,motorcycle,26.5,87.0,0.0,mist,High,19.18,43.23333333,CHEN,4,76.72,0,mist,CHEN,0
25.0,4.6,Drinks,motorcycle,18.12,77.0,0.0,scattered clouds,Moderate,20.68,38.38333333,MYS,3,62.04,0,clouds,MYS,0
37.0,4.9,Buffet,motorcycle,25.73,44.0,0.0,smoke,Very High,28.28,60.98333333,MUM,5,141.4,0,smoke,MUM,1
39.0,4.0,Snack,motorcycle,22.9,42.0,0.0,clear sky,Very Low,2.92,12.63333333,VAD,1,2.92,1,clear sky,Other,0
24.0,5.0,Meal,scooter,18.05,81.0,0.0,broken clouds,Low,6.29,16.71666667,MYS,2,12.58,0,clouds,MYS,0
31.0,4.4,Snack,motorcycle,25.03,73.0,0.0,mist,High,19.17,41.8,COIMB,4,76.68,0,mist,COIMB,0
29.0,4.6,Snack,electric scooter,21.27,65.0,0.0,broken clouds,Moderate,9.45,26.76666667,HYD,3,28.349999999999998,0,clouds,HYD,0
22.0,4.8,Buffet,scooter,19.23,93.0,0.0,mist,Moderate,11.71,34.45,BANG,3,35.13,0,mist,BANG,0
38.0,4.6,Snack,motorcycle,19.19,65.0,0.0,clear sky,Moderate,11.93,32.8,PUNE,3,35.79,0,clear sky,PUNE,0
29.0,4.5,Meal,motorcycle,19.64,68.0,0.0,haze,Moderate,7.72,23.6,JAP,3,23.16,0,haze,JAP,0
29.0,4.8,Buffet,electric scooter,17.08,72.0,0.0,haze,High,13.17,34.11666667,INDO,4,52.68,0,haze,INDO,0
22.0,4.3,Snack,motorcycle,21.43,65.0,0.0,broken clouds,Moderate,8.03,26.8,HYD,3,24.089999999999996,0,clouds,HYD,0
37.0,4.9,Snack,scooter,26.52,88.0,0.0,mist,High,15.71,41.21666667,CHEN,4,62.84,0,mist,CHEN,0
33.0,4.8,Drinks,motorcycle,21.32,65.0,0.0,broken clouds,Very Low,2.5,20.28333333,HYD,1,2.5,1,clouds,HYD,0
37.0,4.8,Buffet,motorcycle,21.3,64.0,0.0,broken clouds,High,20.43,46.18333333,HYD,4,81.72,0,clouds,HYD,1
20.0,4.6,Buffet,scooter,19.25,65.0,0.0,clear sky,High,12.49,33.01666667,PUNE,4,49.96,0,clear sky,PUNE,0
25.0,4.6,Drinks,motorcycle,19.23,65.0,0.0,clear sky,Moderate,9.73,34.08333333,PUNE,3,29.19,0,clear sky,PUNE,0
24.0,4.8,Meal,scooter,19.16,65.0,0.0,clear sky,Moderate,13.17,30.86666667,PUNE,3,39.51,0,clear sky,PUNE,0
25.0,4.6,Meal,scooter,17.08,72.0,0.0,haze,Low,4.15,15.9,INDO,2,8.3,0,haze,INDO,0
35.0,5.0,Snack,scooter,21.77,55.0,0.0,clear sky,Low,4.4,17.7,KNP,2,8.8,0,clear sky,Other,0
37.0,4.9,Meal,motorcycle,19.63,68.0,0.0,haze,Low,5.63,18.88333333,JAP,2,11.26,0,haze,JAP,0
24.0,4.9,Drinks,motorcycle,18.2,77.0,0.0,scattered clouds,High,15.88,46.63333333,MYS,4,63.52,0,clouds,MYS,1
23.0,4.6,Snack,motorcycle,21.78,56.0,0.0,clear sky,High,23.8,47.03333333,ALH,4,95.2,0,clear sky,Other,1
29.0,4.6,Meal,motorcycle,23.38,43.0,0.0,clear sky,Low,7.87,17.45,SUR,2,15.74,0,clear sky,SUR,0
33.0,4.2,Drinks,motorcycle,25.14,73.0,0.0,mist,Very High,26.2,58.11666667,COIMB,5,131.0,0,mist,COIMB,1
27.0,4.6,Meal,scooter,19.06,65.0,0.0,clear sky,High,15.0,36.53333333,PUNE,4,60.0,0,clear sky,PUNE,0
29.0,4.7,Snack,motorcycle,22.66,43.0,0.0,clear sky,Moderate,13.87,29.81666667,VAD,3,41.61,0,clear sky,Other,0
24.0,2.6,Drinks,scooter,17.6,69.0,0.0,clear sky,High,20.75,47.63333333,RANCHI,4,83.0,0,clear sky,RANCHI,1
21.0,4.5,Buffet,motorcycle,19.44,64.0,0.0,haze,Low,6.96,15.25,JAP,2,13.92,0,haze,JAP,0
20.0,4.6,Buffet,motorcycle,18.28,81.0,0.0,scattered clouds,Moderate,7.25,29.6,MYS,3,21.75,0,clouds,MYS,0
22.0,4.9,Buffet,motorcycle,24.95,73.0,0.0,mist,Moderate,13.7,34.85,COIMB,3,41.099999999999994,0,mist,COIMB,0
28.0,4.9,Meal,scooter,22.99,43.0,0.0,clear sky,Low,8.39,18.25,SUR,2,16.78,0,clear sky,SUR,0
37.0,4.8,Drinks,scooter,18.43,82.0,0.0,broken clouds,High,17.9,43.21666667,MYS,4,71.6,0,clouds,MYS,0
33.0,4.6,Meal,electric scooter,15.75,76.0,0.0,clear sky,Low,5.24,14.63333333,DEH,2,10.48,0,clear sky,Other,0
39.0,4.7,Drinks,motorcycle,22.97,43.0,0.0,clear sky,Moderate,11.41,34.83333333,SUR,3,34.230000000000004,0,clear sky,SUR,0
24.0,4.4,Drinks,motorcycle,17.81,68.0,0.0,clear sky,High,18.74,50.2,RANCHI,4,74.96,0,clear sky,RANCHI,1
22.0,4.6,Drinks,scooter,17.24,53.0,0.0,clear sky,Very High,31.62,58.45,INDO,5,158.1,0,clear sky,INDO,1
32.0,4.9,Buffet,motorcycle,17.14,72.0,0.0,haze,Moderate,9.33,25.45,INDO,3,27.990000000000002,0,haze,INDO,0
35.0,4.6,Snack,motorcycle,17.81,68.0,0.0,clear sky,Very Low,3.1,10.45,RANCHI,1,3.1,0,clear sky,RANCHI,0
21.0,4.9,Meal,motorcycle,18.4,82.0,0.0,broken clouds,Moderate,20.42,31.95,MYS,3,61.260000000000005,0,clouds,MYS,0
30.0,4.4,Meal,scooter,21.59,52.0,0.0,clear sky,Moderate,20.61,30.35,AGR,3,61.83,0,clear sky,Other,0
34.0,4.1,Snack,scooter,19.42,68.0,0.0,haze,Moderate,10.7,34.08333333,JAP,3,32.099999999999994,0,haze,JAP,0
22.0,4.9,Snack,motorcycle,22.99,83.0,0.0,haze,High,18.23,38.88333333,KOL,4,72.92,0,haze,Other,0
29.0,5.0,Snack,scooter,21.23,64.0,0.0,broken clouds,High,12.73,36.7,HYD,4,50.92,0,clouds,HYD,0
24.0,4.5,Snack,scooter,21.4,65.0,0.0,broken clouds,Low,6.6,24.96666667,HYD,2,13.2,0,clouds,HYD,0
37.0,3.6,Drinks,scooter,19.31,65.0,0.0,clear sky,High,26.53,54.16666667,PUNE,4,106.12,0,clear sky,PUNE,1
30.0,4.8,Drinks,motorcycle,22.66,43.0,0.0,clear sky,Moderate,14.01,38.81666667,VAD,3,42.03,0,clear sky,Other,0
36.0,4.8,Meal,scooter,21.61,52.0,0.0,clear sky,Very Low,2.55,9.816666667,AGR,1,2.55,1,clear sky,Other,0
29.0,4.9,Meal,motorcycle,19.08,93.0,0.0,fog,Very High,26.65,55.13333333,BANG,5,133.25,0,other,BANG,1
23.0,5.0,Snack,motorcycle,21.8,55.0,0.0,clear sky,Moderate,11.56,32.33333333,KNP,3,34.68,0,clear sky,Other,0
35.0,4.1,Buffet,motorcycle,21.18,65.0,0.0,broken clouds,High,13.79,36.76666667,HYD,4,55.16,0,clouds,HYD,0
32.0,3.5,Meal,scooter,26.43,88.0,0.0,scattered clouds,Very High,18.22,53.03333333,CHEN,5,91.1,0,clouds,CHEN,1
26.0,4.1,Buffet,motorcycle,19.08,65.0,0.0,clear sky,High,15.59,36.01666667,PUNE,4,62.36,0,clear sky,PUNE,0
23.0,4.9,Buffet,scooter,17.53,69.0,0.0,clear sky,Low,4.96,15.93333333,RANCHI,2,9.92,0,clear sky,RANCHI,0
31.0,5.0,Drinks,motorcycle,19.67,68.0,0.0,haze,Very Low,1.97,15.71666667,JAP,1,1.97,1,haze,JAP,0
30.0,4.6,Snack,motorcycle,19.99,47.0,0.0,clear sky,Very High,26.05,53.83333333,JAP,5,130.25,0,clear sky,JAP,1
30.0,4.9,Drinks,motorcycle,19.19,93.0,0.0,fog,Very High,25.08,64.88333333,BANG,5,125.39999999999999,0,other,BANG,1
33.0,5.0,Buffet,motorcycle,17.12,72.0,0.0,haze,Low,6.42,20.55,INDO,2,12.84,0,haze,INDO,0
33.0,4.1,Buffet,motorcycle,19.73,68.0,0.0,haze,Moderate,10.31,27.81666667,JAP,3,30.93,0,haze,JAP,0
38.0,4.1,Drinks,motorcycle,26.34,88.0,0.0,mist,Very Low,2.33,21.18333333,CHEN,1,2.33,1,mist,CHEN,0
24.0,4.9,Buffet,motorcycle,26.52,88.0,0.0,mist,High,15.71,39.15,CHEN,4,62.84,0,mist,CHEN,0
35.0,4.6,Buffet,motorcycle,26.52,88.0,0.0,mist,Low,5.92,22.53333333,CHEN,2,11.84,0,mist,CHEN,0
30.0,4.9,Buffet,scooter,21.02,65.0,0.0,broken clouds,Very High,33.29,59.23333333,HYD,5,166.45,0,clouds,HYD,1
25.0,4.6,Drinks,motorcycle,19.33,65.0,0.0,clear sky,High,15.98,52.01666667,PUNE,4,63.92,0,clear sky,PUNE,1
33.0,4.7,Drinks,scooter,19.97,56.0,0.0,clear sky,High,25.69,53.21666667,KNP,4,102.76,0,clear sky,Other,1
23.0,4.5,Drinks,scooter,21.69,52.0,0.0,clear sky,Moderate,21.33,35.36666667,AGR,3,63.989999999999995,0,clear sky,Other,0
35.0,4.7,Snack,motorcycle,19.2,65.0,0.0,clear sky,Low,6.21,21.55,PUNE,2,12.42,0,clear sky,PUNE,0
29.0,4.9,Meal,scooter,18.34,81.0,0.0,broken clouds,Low,7.88,19.3,MYS,2,15.76,0,clouds,MYS,0
21.0,4.5,Buffet,motorcycle,19.98,68.0,0.0,haze,High,18.26,39.16666667,JAP,4,73.04,0,haze,JAP,0
30.0,4.6,Meal,motorcycle,19.73,68.0,0.0,haze,Moderate,10.31,25.8,JAP,3,30.93,0,haze,JAP,0
21.0,4.6,Drinks,motorcycle,23.46,43.0,0.0,clear sky,Very Low,2.23,15.43333333,SUR,1,2.23,1,clear sky,SUR,0
37.0,4.6,Buffet,motorcycle,19.64,68.0,0.0,haze,Moderate,8.09,24.73333333,JAP,3,24.27,0,haze,JAP,0
32.0,4.4,Meal,motorcycle,17.17,72.0,0.0,haze,Moderate,13.86,27.71666667,INDO,3,41.58,0,haze,INDO,0
29.0,4.6,Snack,electric scooter,21.27,65.0,0.0,broken clouds,Moderate,9.45,26.78333333,HYD,3,28.349999999999998,0,clouds,HYD,0
38.0,4.3,Buffet,scooter,22.74,43.0,0.0,clear sky,Moderate,13.47,29.63333333,VAD,3,40.410000000000004,0,clear sky,Other,0
39.0,4.6,Buffet,motorcycle,21.25,64.0,0.0,broken clouds,Very High,22.72,50.33333333,HYD,5,113.6,0,clouds,HYD,1
35.0,4.0,Drinks,motorcycle,18.62,68.0,0.0,haze,High,15.27,45.5,JAP,4,61.08,0,haze,JAP,1
30.0,4.6,Buffet,motorcycle,23.39,43.0,0.0,clear sky,Low,6.06,16.63333333,SUR,2,12.12,0,clear sky,SUR,0
38.0,4.7,Meal,motorcycle,17.17,72.0,0.0,haze,Moderate,12.56,26.58333333,INDO,3,37.68,0,haze,INDO,0
33.0,4.8,Buffet,electric scooter,19.01,65.0,0.0,few clouds,Moderate,11.42,27.6,PUNE,3,34.26,0,clouds,PUNE,0
34.0,4.1,Buffet,motorcycle,22.98,83.0,0.0,haze,Low,6.89,21.66666667,KOL,2,13.78,0,haze,Other,0
24.0,4.2,Drinks,motorcycle,26.71,48.0,0.0,clear sky,Very High,27.43,75.3,MUM,5,137.15,0,clear sky,MUM,1
34.0,4.7,Buffet,motorcycle,19.54,93.0,0.0,mist,Moderate,10.09,31.55,BANG,3,30.27,0,mist,BANG,0
31.0,4.0,Snack,electric scooter,21.11,65.0,0.0,broken clouds,Very High,30.82,69.48333333,HYD,5,154.1,0,clouds,HYD,1
24.0,4.1,Drinks,motorcycle,21.27,65.0,0.0,broken clouds,High,19.01,47.83333333,HYD,4,76.04,0,clouds,HYD,1
37.0,4.8,Drinks,motorcycle,26.34,88.0,0.0,mist,Moderate,9.03,37.13333333,CHEN,3,27.089999999999996,0,mist,CHEN,0
22.0,4.6,Snack,motorcycle,19.01,64.0,0.0,clear sky,Low,4.38,15.75,PUNE,2,8.76,0,clear sky,PUNE,0
24.0,4.6,Meal,motorcycle,19.07,93.0,0.0,fog,High,20.94,42.66666667,BANG,4,83.76,0,other,BANG,0
37.0,4.6,Drinks,scooter,19.64,68.0,0.0,haze,Low,4.13,22.61666667,JAP,2,8.26,0,haze,JAP,0
35.0,4.6,Buffet,motorcycle,19.89,47.0,0.0,clear sky,Very High,25.22,56.45,JAP,5,126.1,0,clear sky,JAP,1
36.0,4.5,Drinks,scooter,24.84,73.0,0.0,mist,Low,4.55,27.28333333,COIMB,2,9.1,0,mist,COIMB,0
21.0,4.5,Snack,motorcycle,19.99,47.0,0.0,clear sky,Very High,26.05,53.8,JAP,5,130.25,0,clear sky,JAP,1
35.0,4.5,Snack,motorcycle,17.51,69.0,0.0,clear sky,High,21.11,41.11666667,RANCHI,4,84.44,0,clear sky,RANCHI,0
35.0,4.5,Buffet,scooter,26.49,88.0,0.0,mist,Moderate,14.54,33.93333333,CHEN,3,43.62,0,mist,CHEN,0
37.0,4.2,Drinks,motorcycle,23.01,43.0,0.0,clear sky,Low,9.35,28.86666667,SUR,2,18.7,0,clear sky,SUR,0
21.0,4.7,Buffet,motorcycle,22.99,83.0,0.0,haze,Very Low,1.91,10.65,KOL,1,1.91,1,haze,Other,0
23.0,4.9,Buffet,motorcycle,25.14,73.0,0.0,mist,Very High,27.2,51.45,COIMB,5,136.0,0,mist,COIMB,1
31.0,4.5,Buffet,motorcycle,19.62,68.0,0.0,haze,Very Low,2.42,13.21666667,JAP,1,2.42,1,haze,JAP,0
38.0,4.9,Snack,motorcycle,26.39,87.0,0.0,scattered clouds,Very High,19.45,60.18333333,CHEN,5,97.25,0,clouds,CHEN,1
30.0,4.5,Snack,motorcycle,22.47,44.0,0.0,clear sky,High,20.94,42.45,VAD,4,83.76,0,clear sky,Other,0
23.0,4.8,Buffet,motorcycle,17.19,72.0,0.0,haze,Moderate,16.74,33.76666667,INDO,3,50.22,0,haze,INDO,0
33.0,4.5,Buffet,scooter,19.66,91.0,0.0,mist,High,13.87,39.83333333,BANG,4,55.48,0,mist,BANG,0
28.0,4.8,Meal,motorcycle,19.31,65.0,0.0,clear sky,High,26.53,44.55,PUNE,4,106.12,0,clear sky,PUNE,0
35.0,4.6,Buffet,motorcycle,18.05,77.0,0.0,scattered clouds,High,25.68,47.46666667,MYS,4,102.72,0,clouds,MYS,1
22.0,4.4,Buffet,motorcycle,19.37,65.0,0.0,clear sky,Very High,27.04,52.63333333,PUNE,5,135.2,0,clear sky,PUNE,1
26.0,4.6,Meal,motorcycle,26.4,88.0,0.0,broken clouds,Very High,21.6,58.45,CHEN,5,108.0,0,clouds,CHEN,1
36.0,4.7,Buffet,motorcycle,26.51,87.0,0.0,mist,Moderate,12.24,31.25,CHEN,3,36.72,0,mist,CHEN,0
27.0,4.8,Meal,motorcycle,19.79,46.0,0.0,clear sky,Very High,28.38,54.15,JAP,5,141.9,0,clear sky,JAP,1
29.0,4.6,Drinks,motorcycle,26.73,44.0,0.0,smoke,High,15.4,58.36666667,MUM,4,61.6,0,smoke,MUM,1
20.0,4.8,Drinks,motorcycle,19.9,46.0,0.0,clear sky,Very High,24.55,55.08333333,JAP,5,122.75,0,clear sky,JAP,1
35.0,4.3,Meal,scooter,12.01,81.0,0.0,clear sky,Very High,49.15,114.3166667,DEH,5,245.75,0,clear sky,Other,1
27.0,4.8,Drinks,scooter,23.39,43.0,0.0,clear sky,Low,6.0,23.65,SUR,2,12.0,0,clear sky,SUR,0
26.0,5.0,Meal,electric scooter,22.99,43.0,0.0,clear sky,Low,8.4,18.05,SUR,2,16.8,0,clear sky,SUR,0
26.0,4.8,Drinks,motorcycle,18.45,58.0,0.0,clear sky,Very High,31.21,66.38333333,BHP,5,156.05,0,clear sky,Other,1
23.0,4.6,Snack,electric scooter,26.53,87.0,0.0,mist,High,14.48,40.41666667,CHEN,4,57.92,0,mist,CHEN,0
25.0,4.6,Snack,motorcycle,17.66,68.0,0.0,clear sky,Low,4.97,18.96666667,RANCHI,2,9.94,0,clear sky,RANCHI,0
35.0,3.8,Snack,scooter,19.5,93.0,0.0,mist,Very High,29.57,69.73333333,BANG,5,147.85,0,mist,BANG,1
36.0,4.7,Buffet,scooter,19.0,64.0,0.0,clear sky,Moderate,12.05,29.8,PUNE,3,36.150000000000006,0,clear sky,PUNE,0
24.0,4.9,Snack,scooter,23.99,88.0,0.0,mist,Very High,28.81,54.56666667,KOC,5,144.04999999999998,0,mist,Other,1
32.0,4.6,Meal,scooter,25.12,73.0,0.0,mist,High,20.35,43.88333333,COIMB,4,81.4,0,mist,COIMB,0
28.0,4.9,Drinks,scooter,19.93,47.0,0.0,clear sky,Very High,27.74,60.68333333,JAP,5,138.7,0,clear sky,JAP,1
32.0,4.1,Buffet,motorcycle,27.05,49.0,0.0,clear sky,Very High,42.66,101.2333333,MUM,5,213.29999999999998,0,clear sky,MUM,1
22.0,4.9,Drinks,electric scooter,27.04,48.0,0.0,clear sky,Very High,23.41,66.65,MUM,5,117.05,0,clear sky,MUM,1
30.0,5.0,Meal,motorcycle,21.63,52.0,0.0,clear sky,Moderate,5.85,25.31666667,AGR,3,17.549999999999997,0,clear sky,Other,0
25.0,4.9,Meal,motorcycle,17.64,69.0,0.0,clear sky,Moderate,12.82,21.2,RANCHI,3,38.46,0,clear sky,RANCHI,0
24.0,5.0,Snack,scooter,19.61,68.0,0.0,haze,Low,8.25,23.65,JAP,2,16.5,0,haze,JAP,0
30.0,4.7,Drinks,scooter,17.86,82.0,0.0,mist,Low,5.73,28.23333333,AURG,2,11.46,0,mist,Other,0
29.0,4.6,Meal,scooter,26.54,87.0,0.0,mist,High,17.93,40.35,CHEN,4,71.72,0,mist,CHEN,0
32.0,4.9,Drinks,motorcycle,18.54,58.0,0.0,clear sky,Very High,43.08,58.5,LUDH,5,215.39999999999998,0,clear sky,Other,1
38.0,4.8,Drinks,electric scooter,18.74,64.0,0.0,haze,Very High,20.8,59.83333333,JAP,5,104.0,0,haze,JAP,1
29.0,4.6,Meal,motorcycle,21.39,64.0,0.0,broken clouds,Moderate,10.64,28.76666667,HYD,3,31.92,0,clouds,HYD,0
22.0,4.7,Drinks,scooter,23.61,44.0,0.0,clear sky,Very Low,3.97,19.0,SUR,1,3.97,0,clear sky,SUR,0
21.0,4.6,Buffet,motorcycle,19.4,92.0,0.0,mist,Moderate,9.83,29.55,BANG,3,29.490000000000002,0,mist,BANG,0
29.0,4.8,Snack,scooter,17.18,72.0,0.0,haze,High,16.9,38.4,INDO,4,67.6,0,haze,INDO,0
25.0,5.0,Drinks,motorcycle,26.94,44.0,0.0,smoke,Low,5.06,31.31666667,MUM,2,10.12,0,smoke,MUM,0
22.0,4.8,Buffet,motorcycle,21.4,67.0,0.0,broken clouds,Low,4.85,17.56666667,HYD,2,9.7,0,clouds,HYD,0
38.0,4.1,Snack,motorcycle,19.54,68.0,0.0,haze,Moderate,11.62,31.66666667,JAP,3,34.86,0,haze,JAP,0
29.0,4.6,Snack,scooter,21.4,64.0,0.0,broken clouds,Moderate,10.22,26.53333333,HYD,3,30.660000000000004,0,clouds,HYD,0
31.0,4.0,Drinks,scooter,26.34,44.0,0.0,smoke,Very High,22.89,74.06666667,MUM,5,114.45,0,smoke,MUM,1
30.0,5.0,Meal,electric scooter,24.94,58.0,0.0,scattered clouds,Low,5.66,20.9,GOA,2,11.32,0,clouds,Other,0
37.0,5.0,Meal,motorcycle,21.29,65.0,0.0,broken clouds,Moderate,8.9,24.68333333,HYD,3,26.700000000000003,0,clouds,HYD,0
36.0,4.5,Snack,electric scooter,21.23,68.0,0.0,broken clouds,Very Low,2.15,12.66666667,HYD,1,2.15,1,clouds,HYD,0
26.0,4.9,Drinks,motorcycle,24.42,49.0,0.0,clear sky,High,19.19,48.01666667,MUM,4,76.76,0,clear sky,MUM,1
31.0,5.0,Drinks,scooter,19.9,46.0,0.0,clear sky,High,19.82,50.68333333,JAP,4,79.28,0,clear sky,JAP,1
36.0,4.8,Drinks,motorcycle,19.81,68.0,0.0,haze,Low,7.89,29.43333333,JAP,2,15.78,0,haze,JAP,0
29.0,4.6,Buffet,electric scooter,22.23,53.0,0.0,clear sky,Very Low,3.14,11.51666667,ALH,1,3.14,0,clear sky,Other,0
21.0,5.0,Buffet,motorcycle,17.25,53.0,0.0,clear sky,Moderate,18.49,32.33333333,INDO,3,55.47,0,clear sky,INDO,0
34.0,4.8,Meal,electric scooter,25.0,73.0,0.0,mist,High,16.69,34.35,COIMB,4,66.76,0,mist,COIMB,0
24.0,4.3,Snack,motorcycle,22.55,43.0,0.0,clear sky,Moderate,13.91,30.66666667,VAD,3,41.730000000000004,0,clear sky,Other,0
38.0,3.6,Buffet,scooter,26.43,87.0,0.0,scattered clouds,Very High,14.88,53.96666667,CHEN,5,74.4,0,clouds,CHEN,1
36.0,4.5,Meal,motorcycle,17.42,69.0,0.0,clear sky,High,23.58,45.9,RANCHI,4,94.32,0,clear sky,RANCHI,1
24.0,4.9,Drinks,scooter,26.51,87.0,0.0,mist,High,18.82,54.9,CHEN,4,75.28,0,mist,CHEN,1
28.0,4.7,Meal,motorcycle,26.36,88.0,0.0,mist,Moderate,11.34,27.9,CHEN,3,34.019999999999996,0,mist,CHEN,0
30.0,4.9,Drinks,scooter,17.69,68.0,0.0,clear sky,Low,4.57,20.0,RANCHI,2,9.14,0,clear sky,RANCHI,0
32.0,4.2,Meal,motorcycle,23.03,83.0,0.0,haze,Low,8.37,20.2,KOL,2,16.74,0,haze,Other,0
29.0,4.6,Meal,scooter,24.82,73.0,0.0,mist,Low,6.4,19.01666667,COIMB,2,12.8,0,mist,COIMB,0
32.0,4.4,Buffet,motorcycle,19.5,93.0,0.0,mist,Very High,29.57,67.7,BANG,5,147.85,0,mist,BANG,1
34.0,4.1,Snack,motorcycle,23.02,43.0,0.0,clear sky,High,16.42,36.13333333,SUR,4,65.68,0,clear sky,SUR,0
29.0,4.6,Drinks,scooter,27.04,44.0,0.0,smoke,High,17.77,51.66666667,MUM,4,71.08,0,smoke,MUM,1
22.0,4.9,Meal,scooter,25.15,73.0,0.0,mist,High,24.02,42.95,COIMB,4,96.08,0,mist,COIMB,0
38.0,4.1,Drinks,scooter,18.79,57.0,0.0,clear sky,High,23.44,46.43333333,LUDH,4,93.76,0,clear sky,Other,1
24.0,4.8,Drinks,scooter,26.43,87.0,0.0,scattered clouds,Very High,16.3,61.05,CHEN,5,81.5,0,clouds,CHEN,1
31.0,4.9,Buffet,scooter,17.54,69.0,0.0,clear sky,High,18.51,35.23333333,RANCHI,4,74.04,0,clear sky,RANCHI,0
24.0,5.0,Snack,electric scooter,17.09,72.0,0.0,haze,Low,7.16,24.11666667,INDO,2,14.32,0,haze,INDO,0
32.0,4.6,Meal,scooter,27.05,47.0,0.0,clear sky,Moderate,7.8,28.41666667,MUM,3,23.4,0,clear sky,MUM,0
39.0,4.7,Buffet,motorcycle,19.47,65.0,0.0,clear sky,Very High,25.16,53.78333333,PUNE,5,125.8,0,clear sky,PUNE,1
22.0,4.7,Snack,motorcycle,21.32,64.0,0.0,broken clouds,Moderate,13.63,35.3,HYD,3,40.89,0,clouds,HYD,0
30.0,4.7,Meal,scooter,23.59,44.0,0.0,clear sky,Low,5.83,14.28333333,SUR,2,11.66,0,clear sky,SUR,0
20.0,4.8,Buffet,scooter,22.19,54.0,0.0,clear sky,Very Low,3.45,10.18333333,ALH,1,3.45,0,clear sky,Other,0
33.0,4.3,Buffet,motorcycle,22.88,42.0,0.0,clear sky,Low,5.52,14.35,VAD,2,11.04,0,clear sky,Other,0
20.0,4.2,Drinks,motorcycle,17.16,72.0,0.0,haze,Very Low,2.62,19.43333333,INDO,1,2.62,1,haze,INDO,0
32.0,4.6,Snack,scooter,19.54,92.0,0.0,mist,Very Low,5.42,14.28333333,BANG,1,5.42,0,mist,BANG,0
28.0,4.7,Meal,electric scooter,22.88,43.0,0.0,clear sky,High,22.71,42.31666667,SUR,4,90.84,0,clear sky,SUR,0
26.0,5.0,Snack,scooter,24.94,73.0,0.0,mist,Moderate,11.27,35.23333333,COIMB,3,33.81,0,mist,COIMB,0
23.0,4.6,Drinks,motorcycle,17.18,53.0,0.0,clear sky,High,16.92,46.55,INDO,4,67.68,0,clear sky,INDO,1
33.0,4.9,Meal,motorcycle,18.4,82.0,0.0,broken clouds,High,25.86,41.28333333,MYS,4,103.44,0,clouds,MYS,0
25.0,4.6,Snack,scooter,24.98,88.0,0.0,mist,Low,7.48,25.51666667,GOA,2,14.96,0,mist,Other,0
34.0,4.9,Buffet,motorcycle,17.82,68.0,0.0,clear sky,Very Low,1.79,7.166666667,RANCHI,1,1.79,1,clear sky,RANCHI,0
22.0,4.7,Buffet,motorcycle,8.79,81.0,0.0,clear sky,Very High,43.24,104.05,DEH,5,216.20000000000002,0,clear sky,Other,1
26.0,4.7,Meal,electric scooter,19.42,93.0,0.0,mist,Moderate,9.38,25.4,BANG,3,28.14,0,mist,BANG,0
32.0,5.0,Buffet,electric scooter,24.95,73.0,0.0,mist,Low,4.82,18.56666667,COIMB,2,9.64,0,mist,COIMB,0
23.0,4.6,Meal,motorcycle,18.13,82.0,0.0,broken clouds,High,21.93,34.4,MYS,4,87.72,0,clouds,MYS,0
39.0,4.2,Buffet,motorcycle,26.43,88.0,0.0,scattered clouds,Very High,18.22,56.33333333,CHEN,5,91.1,0,clouds,CHEN,1
35.0,4.8,Snack,motorcycle,24.96,73.0,0.0,mist,Moderate,11.53,30.91666667,COIMB,3,34.589999999999996,0,mist,COIMB,0
20.0,4.4,Drinks,motorcycle,19.01,57.0,0.0,clear sky,Very Low,2.41,17.88333333,LUDH,1,2.41,1,clear sky,Other,0
26.0,4.8,Snack,motorcycle,21.26,65.0,0.0,broken clouds,High,17.06,47.65,HYD,4,68.24,0,clouds,HYD,1
22.0,4.6,Meal,motorcycle,26.5,87.0,0.0,mist,Low,5.02,15.7,CHEN,2,10.04,0,mist,CHEN,0
24.0,4.7,Meal,motorcycle,19.35,65.0,0.0,clear sky,Very High,19.95,52.76666667,PUNE,5,99.75,0,clear sky,PUNE,1
23.0,4.8,Snack,electric scooter,26.43,88.0,0.0,mist,Very Low,2.19,14.71666667,CHEN,1,2.19,1,mist,CHEN,0
37.0,3.1,Buffet,motorcycle,22.35,43.0,0.0,clear sky,High,24.93,40.9,VAD,4,99.72,0,clear sky,Other,0
35.0,4.9,Meal,scooter,17.31,53.0,0.0,clear sky,High,24.02,39.75,INDO,4,96.08,0,clear sky,INDO,0
38.0,4.4,Drinks,motorcycle,19.9,46.0,0.0,clear sky,High,19.83,51.03333333,JAP,4,79.32,0,clear sky,JAP,1
31.0,4.1,Buffet,scooter,26.39,88.0,0.0,broken clouds,High,15.96,42.63333333,CHEN,4,63.84,0,clouds,CHEN,0
33.0,4.9,Drinks,electric scooter,19.71,47.0,0.0,clear sky,Very High,29.44,58.55,JAP,5,147.20000000000002,0,clear sky,JAP,1
22.0,4.7,Snack,motorcycle,26.43,87.0,0.0,scattered clouds,Very High,21.95,67.03333333,CHEN,5,109.75,0,clouds,CHEN,1
21.0,4.6,Meal,scooter,17.72,68.0,0.0,clear sky,Moderate,11.31,29.78333333,RANCHI,3,33.93,0,clear sky,RANCHI,0
38.0,4.4,Drinks,motorcycle,19.62,68.0,0.0,haze,Very Low,3.92,18.96666667,JAP,1,3.92,0,haze,JAP,0
24.0,4.5,Buffet,electric scooter,17.85,67.0,0.0,clear sky,High,22.26,46.16666667,RANCHI,4,89.04,0,clear sky,RANCHI,1
27.0,4.9,Snack,motorcycle,18.9,65.0,0.0,clear sky,High,17.3,46.3,PUNE,4,69.2,0,clear sky,PUNE,1
28.0,4.6,Buffet,scooter,22.83,42.0,0.0,clear sky,Moderate,14.97,32.35,SUR,3,44.910000000000004,0,clear sky,SUR,0
36.0,4.7,Buffet,scooter,21.06,64.0,0.0,broken clouds,Very High,23.15,52.15,HYD,5,115.75,0,clouds,HYD,1
23.0,4.8,Buffet,electric scooter,19.56,68.0,0.0,haze,Low,5.56,18.65,JAP,2,11.12,0,haze,JAP,0
29.0,4.6,Snack,scooter,25.15,73.0,0.0,mist,Very High,24.84,55.0,COIMB,5,124.2,0,mist,COIMB,1
28.0,4.8,Snack,motorcycle,17.77,68.0,0.0,clear sky,Moderate,12.24,31.46666667,RANCHI,3,36.72,0,clear sky,RANCHI,0
31.0,4.8,Drinks,motorcycle,26.02,44.0,0.0,smoke,High,13.83,53.25,MUM,4,55.32,0,smoke,MUM,1
35.0,4.8,Buffet,motorcycle,19.97,46.0,0.0,clear sky,High,15.11,34.11666667,JAP,4,60.44,0,clear sky,JAP,0
38.0,4.7,Snack,motorcycle,24.96,73.0,0.0,mist,Moderate,11.45,29.05,COIMB,3,34.349999999999994,0,mist,COIMB,0
39.0,4.9,Buffet,scooter,17.58,69.0,0.0,clear sky,Low,3.46,13.5,RANCHI,2,6.92,0,clear sky,RANCHI,0
20.0,4.6,Buffet,motorcycle,26.41,88.0,0.0,mist,Very Low,4.52,13.95,CHEN,1,4.52,0,mist,CHEN,0
33.0,4.6,Buffet,scooter,18.4,82.0,0.0,broken clouds,Moderate,17.75,30.41666667,MYS,3,53.25,0,clouds,MYS,0
21.0,4.7,Buffet,motorcycle,17.9,77.0,0.0,scattered clouds,Moderate,8.67,27.95,MYS,3,26.009999999999998,0,clouds,MYS,0
30.0,5.0,Meal,scooter,21.48,64.0,0.0,broken clouds,Moderate,11.56,29.05,HYD,3,34.68,0,clouds,HYD,0
33.0,4.8,Buffet,motorcycle,19.89,93.0,0.0,mist,High,17.05,45.18333333,BANG,4,68.2,0,mist,BANG,1
33.0,4.9,Buffet,scooter,17.22,52.0,0.0,clear sky,High,22.38,40.38333333,INDO,4,89.52,0,clear sky,INDO,0
34.0,4.6,Meal,motorcycle,21.32,66.0,0.0,broken clouds,Moderate,11.28,27.58333333,HYD,3,33.839999999999996,0,clouds,HYD,0
27.0,4.7,Buffet,motorcycle,19.08,65.0,0.0,clear sky,High,9.18,34.88333333,PUNE,4,36.72,0,clear sky,PUNE,0
21.0,4.9,Buffet,scooter,21.27,63.0,0.0,broken clouds,High,16.36,40.71666667,HYD,4,65.44,0,clouds,HYD,0
23.0,4.6,Snack,motorcycle,19.83,68.0,0.0,haze,Moderate,14.29,34.75,JAP,3,42.87,0,haze,JAP,0
33.0,4.8,Snack,scooter,18.04,81.0,0.0,scattered clouds,Very Low,2.15,13.18333333,MYS,1,2.15,1,clouds,MYS,0
25.0,4.6,Buffet,scooter,24.86,73.0,0.0,mist,Low,6.76,24.15,COIMB,2,13.52,0,mist,COIMB,0
32.0,4.5,Snack,motorcycle,25.15,73.0,0.0,mist,Very High,24.89,54.5,COIMB,5,124.45,0,mist,COIMB,1
23.0,4.7,Meal,scooter,26.36,88.0,0.0,mist,Low,6.72,21.9,CHEN,2,13.44,0,mist,CHEN,0
36.0,4.5,Snack,electric scooter,24.94,73.0,0.0,mist,Moderate,12.14,34.13333333,COIMB,3,36.42,0,mist,COIMB,0
38.0,4.7,Buffet,scooter,17.91,77.0,0.0,scattered clouds,Very Low,2.83,12.51666667,MYS,1,2.83,1,clouds,MYS,0
39.0,4.4,Meal,scooter,22.99,43.0,0.0,clear sky,Moderate,14.17,29.76666667,SUR,3,42.51,0,clear sky,SUR,0
34.0,4.8,Snack,motorcycle,17.67,68.0,0.0,clear sky,Low,8.21,23.83333333,RANCHI,2,16.42,0,clear sky,RANCHI,0
39.0,4.5,Meal,scooter,17.32,53.0,0.0,clear sky,High,25.24,45.98333333,INDO,4,100.96,0,clear sky,INDO,1
39.0,4.9,Buffet,scooter,21.13,64.0,0.0,overcast clouds,Very High,25.61,56.13333333,HYD,5,128.05,0,clouds,HYD,1
34.0,4.6,Meal,scooter,19.93,47.0,0.0,clear sky,Very High,27.74,52.06666667,JAP,5,138.7,0,clear sky,JAP,1
36.0,4.4,Meal,motorcycle,17.58,69.0,0.0,clear sky,Moderate,15.71,29.51666667,RANCHI,3,47.13,0,clear sky,RANCHI,0
22.0,4.8,Drinks,motorcycle,17.88,67.0,0.0,clear sky,High,19.03,46.01666667,RANCHI,4,76.12,0,clear sky,RANCHI,1
31.0,5.0,Drinks,scooter,18.31,57.0,0.0,clear sky,High,14.88,46.11666667,BHP,4,59.52,0,clear sky,Other,1
34.0,4.6,Drinks,motorcycle,18.28,77.0,0.0,scattered clouds,High,17.5,44.43333333,MYS,4,70.0,0,clouds,MYS,0
29.0,4.6,Snack,motorcycle,19.56,68.0,0.0,haze,Low,6.17,20.58333333,JAP,2,12.34,0,haze,JAP,0
28.0,4.2,Snack,motorcycle,26.98,44.0,0.0,smoke,Low,7.41,29.55,MUM,2,14.82,0,smoke,MUM,0
20.0,5.0,Buffet,motorcycle,18.1,82.0,0.0,mist,Very Low,1.99,13.95,AURG,1,1.99,1,mist,Other,0
27.0,4.1,Drinks,scooter,10.63,80.0,0.0,clear sky,Very High,54.98,141.9166667,DEH,5,274.9,0,clear sky,Other,1
37.0,4.5,Snack,motorcycle,18.42,82.0,0.0,scattered clouds,Moderate,14.28,28.26666667,MYS,3,42.839999999999996,0,clouds,MYS,0
30.0,4.7,Snack,scooter,18.38,81.0,0.0,broken clouds,High,16.75,43.06666667,MYS,4,67.0,0,clouds,MYS,0
23.0,4.7,Drinks,motorcycle,19.56,68.0,0.0,haze,Low,6.17,25.58333333,JAP,2,12.34,0,haze,JAP,0
34.0,4.2,Drinks,motorcycle,26.52,87.0,0.0,mist,Low,9.1,32.68333333,CHEN,2,18.2,0,mist,CHEN,0
21.0,4.8,Meal,scooter,22.88,43.0,0.0,clear sky,High,19.68,37.41666667,SUR,4,78.72,0,clear sky,SUR,0
36.0,5.0,Snack,motorcycle,25.0,73.0,0.0,mist,Moderate,13.73,33.91666667,COIMB,3,41.19,0,mist,COIMB,0
32.0,4.8,Drinks,motorcycle,23.97,88.0,0.0,mist,High,12.13,46.36666667,KOC,4,48.52,0,mist,Other,1
24.0,4.6,Snack,motorcycle,19.67,90.0,0.0,mist,Very Low,2.33,15.15,BANG,1,2.33,1,mist,BANG,0
39.0,4.6,Buffet,scooter,17.17,72.0,0.0,haze,Low,5.86,22.43333333,INDO,2,11.72,0,haze,INDO,0
37.0,4.9,Drinks,scooter,18.15,81.0,0.0,broken clouds,Very Low,3.16,20.15,MYS,1,3.16,0,clouds,MYS,0
35.0,4.6,Snack,scooter,22.99,83.0,0.0,haze,Low,6.36,25.71666667,KOL,2,12.72,0,haze,Other,0
25.0,4.6,Meal,motorcycle,19.01,65.0,0.0,clear sky,High,20.95,45.75,PUNE,4,83.8,0,clear sky,PUNE,1
27.0,4.0,Buffet,motorcycle,19.01,64.0,0.0,clear sky,Low,4.38,13.68333333,PUNE,2,8.76,0,clear sky,PUNE,0
31.0,4.6,Meal,scooter,19.68,93.0,0.0,mist,Low,8.04,20.3,BANG,2,16.08,0,mist,BANG,0
30.0,4.5,Meal,motorcycle,27.05,44.0,0.0,smoke,High,18.66,43.3,MUM,4,74.64,0,smoke,MUM,0
24.0,4.5,Buffet,motorcycle,21.8,55.0,0.0,clear sky,Moderate,12.1,32.05,KNP,3,36.3,0,clear sky,Other,0
30.0,4.8,Buffet,scooter,17.73,68.0,0.0,clear sky,Moderate,16.11,31.76666667,RANCHI,3,48.33,0,clear sky,RANCHI,0
31.0,4.6,Drinks,scooter,21.29,65.0,0.0,broken clouds,Low,5.96,23.55,HYD,2,11.92,0,clouds,HYD,0
29.0,4.6,Buffet,motorcycle,22.81,43.0,0.0,clear sky,High,24.93,46.81666667,SUR,4,99.72,0,clear sky,SUR,1
32.0,4.6,Snack,motorcycle,26.52,88.0,0.0,mist,Moderate,9.26,31.56666667,CHEN,3,27.78,0,mist,CHEN,0
29.0,4.2,Meal,scooter,23.29,43.0,0.0,clear sky,Moderate,9.48,22.63333333,SUR,3,28.44,0,clear sky,SUR,0
26.0,4.8,Buffet,scooter,19.93,47.0,0.0,clear sky,Very High,25.39,49.76666667,JAP,5,126.95,0,clear sky,JAP,1
28.0,4.9,Drinks,motorcycle,19.99,46.0,0.0,clear sky,High,23.78,52.88333333,JAP,4,95.12,0,clear sky,JAP,1
31.0,4.8,Snack,scooter,25.15,73.0,0.0,mist,High,24.02,46.9,COIMB,4,96.08,0,mist,COIMB,1
29.0,5.0,Snack,motorcycle,22.85,43.0,0.0,clear sky,Low,8.49,22.0,VAD,2,16.98,0,clear sky,Other,0
28.0,5.0,Buffet,motorcycle,21.8,55.0,0.0,clear sky,High,15.73,38.5,KNP,4,62.92,0,clear sky,Other,0
29.0,4.6,Drinks,motorcycle,25.13,73.0,0.0,mist,High,21.15,55.48333333,COIMB,4,84.6,0,mist,COIMB,1
27.0,4.5,Snack,electric scooter,23.9,88.0,0.0,mist,High,18.57,45.86666667,KOC,4,74.28,0,mist,Other,1
28.0,4.7,Drinks,motorcycle,19.47,65.0,0.0,clear sky,Very High,25.29,61.76666667,PUNE,5,126.44999999999999,0,clear sky,PUNE,1
32.0,4.7,Snack,scooter,24.86,73.0,0.0,mist,Low,3.13,18.85,COIMB,2,6.26,0,mist,COIMB,0
21.0,4.7,Snack,motorcycle,17.95,82.0,0.0,broken clouds,High,22.84,43.41666667,MYS,4,91.36,0,clouds,MYS,0
24.0,4.8,Drinks,motorcycle,21.08,65.0,0.0,broken clouds,Very High,30.49,68.85,HYD,5,152.45,0,clouds,HYD,1
28.0,4.6,Buffet,motorcycle,19.9,68.0,0.0,haze,Moderate,8.28,24.1,JAP,3,24.839999999999996,0,haze,JAP,0
20.0,4.9,Meal,motorcycle,24.87,73.0,0.0,mist,Low,4.64,18.51666667,COIMB,2,9.28,0,mist,COIMB,0
25.0,4.3,Snack,motorcycle,18.38,81.0,0.0,broken clouds,Moderate,10.65,33.55,MYS,3,31.950000000000003,0,clouds,MYS,0
30.0,4.1,Snack,electric scooter,18.34,81.0,0.0,scattered clouds,High,18.74,40.06666667,MYS,4,74.96,0,clouds,MYS,0
32.0,4.9,Snack,scooter,22.8,43.0,0.0,clear sky,Low,11.76,24.55,VAD,2,23.52,0,clear sky,Other,0
37.0,4.5,Drinks,motorcycle,24.81,60.0,0.0,scattered clouds,High,18.47,42.8,GOA,4,73.88,0,clouds,Other,0
28.0,4.7,Drinks,scooter,18.56,57.0,0.0,clear sky,Moderate,20.07,38.28333333,BHP,3,60.21,0,clear sky,Other,0
31.0,4.9,Snack,motorcycle,26.4,88.0,0.0,broken clouds,Very High,25.66,72.41666667,CHEN,5,128.3,0,clouds,CHEN,1
20.0,4.4,Meal,motorcycle,23.46,43.0,0.0,clear sky,Very Low,2.22,6.766666667,SUR,1,2.22,1,clear sky,SUR,0
38.0,4.6,Buffet,motorcycle,17.99,58.0,0.0,clear sky,Very High,28.91,55.56666667,BHP,5,144.55,0,clear sky,Other,1
22.0,4.8,Snack,motorcycle,26.94,48.0,0.0,clear sky,Very High,35.89,86.5,MUM,5,179.45,0,clear sky,MUM,1
36.0,4.4,Buffet,scooter,19.8,68.0,0.0,haze,High,15.05,36.46666667,JAP,4,60.2,0,haze,JAP,0
27.0,4.5,Drinks,motorcycle,26.49,87.0,0.0,mist,High,13.34,46.4,CHEN,4,53.36,0,mist,CHEN,1
36.0,5.0,Meal,scooter,19.81,68.0,0.0,haze,Moderate,8.01,24.83333333,JAP,3,24.03,0,haze,JAP,0
38.0,4.8,Snack,motorcycle,27.01,44.0,0.0,smoke,Moderate,10.81,35.75,MUM,3,32.43,0,smoke,MUM,0
39.0,3.8,Snack,motorcycle,18.2,77.0,0.0,scattered clouds,High,13.96,37.85,MYS,4,55.84,0,clouds,MYS,0
29.0,4.6,Drinks,electric scooter,24.88,59.0,0.0,scattered clouds,Moderate,16.47,40.73333333,GOA,3,49.41,0,clouds,Other,0
26.0,4.7,Meal,electric scooter,18.1,82.0,0.0,mist,Very Low,1.96,13.0,AURG,1,1.96,1,mist,Other,0
29.0,4.6,Drinks,motorcycle,17.08,72.0,0.0,haze,Low,5.87,26.76666667,INDO,2,11.74,0,haze,INDO,0
24.0,4.9,Snack,motorcycle,17.97,82.0,0.0,broken clouds,High,26.11,40.46666667,MYS,4,104.44,0,clouds,MYS,0
21.0,4.9,Snack,scooter,23.23,43.0,0.0,clear sky,Low,6.42,19.86666667,SUR,2,12.84,0,clear sky,SUR,0
22.0,4.6,Drinks,scooter,21.58,66.0,0.0,broken clouds,Low,6.99,27.16666667,HYD,2,13.98,0,clouds,HYD,0
22.0,4.5,Drinks,motorcycle,23.46,43.0,0.0,clear sky,Very Low,1.75,15.13333333,SUR,1,1.75,1,clear sky,SUR,0
37.0,4.7,Snack,scooter,17.11,77.0,0.0,haze,Low,4.38,20.73333333,INDO,2,8.76,0,haze,INDO,0
20.0,4.5,Meal,electric scooter,22.47,44.0,0.0,clear sky,High,23.78,35.86666667,VAD,4,95.12,0,clear sky,Other,0
23.0,4.9,Buffet,motorcycle,17.31,53.0,0.0,clear sky,Very High,27.79,51.03333333,INDO,5,138.95,0,clear sky,INDO,1
37.0,4.9,Snack,electric scooter,22.87,42.0,0.0,clear sky,High,20.48,44.31666667,SUR,4,81.92,0,clear sky,SUR,0
29.0,4.0,Meal,scooter,26.31,88.0,0.0,scattered clouds,High,21.29,43.16666667,CHEN,4,85.16,0,clouds,CHEN,0
24.0,4.9,Drinks,motorcycle,18.47,82.0,0.0,broken clouds,High,27.11,50.55,MYS,4,108.44,0,clouds,MYS,1
22.0,4.6,Buffet,motorcycle,17.14,72.0,0.0,haze,Moderate,9.41,30.48333333,INDO,3,28.23,0,haze,INDO,0
34.0,4.4,Meal,motorcycle,18.46,82.0,0.0,broken clouds,High,16.9,37.96666667,MYS,4,67.6,0,clouds,MYS,0
34.0,4.7,Snack,scooter,24.48,58.0,0.0,scattered clouds,Low,6.11,24.85,GOA,2,12.22,0,clouds,Other,0
22.0,4.9,Buffet,motorcycle,19.9,46.0,0.0,clear sky,Very High,25.84,49.01666667,JAP,5,129.2,0,clear sky,JAP,1
24.0,4.8,Meal,motorcycle,22.99,83.0,0.0,haze,Moderate,12.62,25.68333333,KOL,3,37.86,0,haze,Other,0
33.0,4.8,Meal,scooter,26.43,88.0,0.0,mist,Very Low,2.19,10.66666667,CHEN,1,2.19,1,mist,CHEN,0
31.0,4.7,Drinks,scooter,19.37,68.0,0.0,haze,Moderate,6.03,32.7,JAP,3,18.09,0,haze,JAP,0
26.0,4.6,Drinks,motorcycle,26.42,87.0,0.0,mist,Low,7.31,29.81666667,CHEN,2,14.62,0,mist,CHEN,0
20.0,4.3,Buffet,scooter,22.75,43.0,0.0,clear sky,High,30.26,47.51666667,SUR,4,121.04,0,clear sky,SUR,1
35.0,3.5,Buffet,motorcycle,22.9,43.0,0.0,clear sky,Moderate,11.52,28.51666667,SUR,3,34.56,0,clear sky,SUR,0
35.0,4.2,Meal,motorcycle,17.82,82.0,0.0,mist,Moderate,8.64,25.28333333,AURG,3,25.92,0,mist,Other,0
38.0,4.7,Meal,scooter,22.68,43.0,0.0,clear sky,Moderate,13.25,24.26666667,VAD,3,39.75,0,clear sky,Other,0
36.0,4.2,Buffet,motorcycle,21.3,64.0,0.0,broken clouds,High,20.43,46.7,HYD,4,81.72,0,clouds,HYD,1
26.0,4.9,Meal,motorcycle,26.92,44.0,0.0,smoke,Very High,28.78,59.9,MUM,5,143.9,0,smoke,MUM,1
21.0,4.7,Drinks,motorcycle,21.74,56.0,0.0,clear sky,High,16.35,49.5,KNP,4,65.4,0,clear sky,Other,1
22.0,4.3,Buffet,motorcycle,18.17,81.0,0.0,broken clouds,Low,6.08,20.13333333,MYS,2,12.16,0,clouds,MYS,0
27.0,4.4,Drinks,motorcycle,22.83,42.0,0.0,clear sky,Moderate,14.97,39.36666667,SUR,3,44.910000000000004,0,clear sky,SUR,0
24.0,5.0,Drinks,electric scooter,26.78,44.0,0.0,smoke,Very High,33.03,77.05,MUM,5,165.15,0,smoke,MUM,1
21.0,4.7,Meal,motorcycle,17.66,68.0,0.0,clear sky,Low,7.64,18.98333333,RANCHI,2,15.28,0,clear sky,RANCHI,0
30.0,4.7,Meal,scooter,26.88,44.0,0.0,smoke,Low,4.4,22.31666667,MUM,2,8.8,0,smoke,MUM,0
28.0,4.9,Meal,motorcycle,26.24,88.0,0.0,mist,Very Low,2.08,11.8,CHEN,1,2.08,1,mist,CHEN,0
30.0,4.9,Meal,motorcycle,17.9,78.0,0.0,scattered clouds,Very Low,1.84,8.183333333,MYS,1,1.84,1,clouds,MYS,0
36.0,4.5,Snack,motorcycle,17.67,68.0,0.0,clear sky,Moderate,10.0,26.5,RANCHI,3,30.0,0,clear sky,RANCHI,0
37.0,4.9,Meal,electric scooter,22.86,43.0,0.0,clear sky,High,17.82,34.48333333,SUR,4,71.28,0,clear sky,SUR,0
20.0,4.9,Buffet,motorcycle,19.63,68.0,0.0,haze,Low,5.63,20.78333333,JAP,2,11.26,0,haze,JAP,0
27.0,4.8,Meal,motorcycle,16.93,72.0,0.0,haze,Low,9.47,20.63333333,INDO,2,18.94,0,haze,INDO,0
39.0,5.0,Buffet,motorcycle,18.76,93.0,0.0,fog,High,22.12,47.56666667,BANG,4,88.48,0,other,BANG,1
24.0,4.5,Meal,motorcycle,19.22,65.0,0.0,clear sky,High,15.14,41.46666667,PUNE,4,60.56,0,clear sky,PUNE,0
39.0,4.6,Buffet,scooter,19.5,93.0,0.0,mist,Very High,29.32,70.16666667,BANG,5,146.6,0,mist,BANG,1
24.0,4.9,Meal,motorcycle,27.05,44.0,0.0,smoke,High,25.07,48.58333333,MUM,4,100.28,0,smoke,MUM,1
21.0,5.0,Meal,motorcycle,19.08,65.0,0.0,clear sky,High,15.16,33.73333333,PUNE,4,60.64,0,clear sky,PUNE,0
26.0,4.7,Snack,scooter,18.2,81.0,0.0,broken clouds,Low,4.76,17.01666667,MYS,2,9.52,0,clouds,MYS,0
30.0,4.5,Meal,motorcycle,25.0,73.0,0.0,mist,Moderate,13.73,29.86666667,COIMB,3,41.19,0,mist,COIMB,0
38.0,4.8,Buffet,scooter,18.62,58.0,0.0,clear sky,Very High,41.45,54.76666667,LUDH,5,207.25,0,clear sky,Other,1
21.0,4.7,Meal,motorcycle,17.12,72.0,0.0,haze,Moderate,12.94,29.78333333,INDO,3,38.82,0,haze,INDO,0
25.0,4.6,Drinks,motorcycle,26.38,74.0,0.0,scattered clouds,Very High,28.47,77.26666667,CHEN,5,142.35,0,clouds,CHEN,1
39.0,4.8,Buffet,scooter,25.01,73.0,0.0,mist,High,19.17,43.3,COIMB,4,76.68,0,mist,COIMB,0
26.0,4.8,Buffet,motorcycle,18.16,57.0,0.0,clear sky,High,20.99,40.53333333,BHP,4,83.96,0,clear sky,Other,0
28.0,5.0,Snack,motorcycle,19.54,93.0,0.0,mist,Moderate,10.08,35.13333333,BANG,3,30.240000000000002,0,mist,BANG,0
26.0,4.8,Drinks,motorcycle,26.39,87.0,0.0,scattered clouds,Very High,21.52,66.23333333,CHEN,5,107.6,0,clouds,CHEN,1
38.0,4.7,Drinks,scooter,21.16,65.0,0.0,broken clouds,Very Low,4.35,20.51666667,HYD,1,4.35,0,clouds,HYD,0
23.0,4.6,Buffet,scooter,21.08,65.0,0.0,broken clouds,Very High,29.29,64.48333333,HYD,5,146.45,0,clouds,HYD,1
38.0,4.7,Meal,motorcycle,17.6,69.0,0.0,clear sky,High,20.75,38.4,RANCHI,4,83.0,0,clear sky,RANCHI,0
36.0,4.8,Drinks,motorcycle,19.72,46.0,0.0,clear sky,Very High,27.63,56.63333333,JAP,5,138.15,0,clear sky,JAP,1
28.0,4.7,Drinks,scooter,19.62,68.0,0.0,haze,Very Low,3.92,18.93333333,JAP,1,3.92,0,haze,JAP,0
38.0,4.3,Drinks,motorcycle,19.63,93.0,0.0,mist,Moderate,10.17,39.65,BANG,3,30.509999999999998,0,mist,BANG,0
39.0,4.9,Drinks,motorcycle,17.82,82.0,0.0,broken clouds,Very High,30.96,65.41666667,MYS,5,154.8,0,clouds,MYS,1
39.0,4.9,Snack,scooter,24.04,78.0,0.0,mist,High,19.61,43.75,COIMB,4,78.44,0,mist,COIMB,0
30.0,4.8,Meal,scooter,24.8,73.0,0.0,mist,Low,4.62,17.43333333,COIMB,2,9.24,0,mist,COIMB,0
24.0,4.8,Drinks,motorcycle,23.38,43.0,0.0,clear sky,Low,7.31,25.36666667,SUR,2,14.62,0,clear sky,SUR,0
27.0,4.5,Snack,scooter,22.99,83.0,0.0,haze,Moderate,7.0,26.95,KOL,3,21.0,0,haze,Other,0
23.0,4.8,Meal,motorcycle,21.25,64.0,0.0,broken clouds,High,14.68,39.18333333,HYD,4,58.72,0,clouds,HYD,0
26.0,4.5,Meal,motorcycle,26.41,87.0,0.0,broken clouds,Very High,21.13,56.76666667,CHEN,5,105.64999999999999,0,clouds,CHEN,1
29.0,4.6,Buffet,scooter,19.12,65.0,0.0,clear sky,High,13.34,38.1,PUNE,4,53.36,0,clear sky,PUNE,0
20.0,4.7,Meal,motorcycle,25.0,73.0,0.0,mist,Moderate,11.49,29.38333333,COIMB,3,34.47,0,mist,COIMB,0
30.0,4.3,Snack,motorcycle,26.34,88.0,0.0,mist,Very Low,2.33,16.38333333,CHEN,1,2.33,1,mist,CHEN,0
39.0,4.4,Snack,scooter,21.32,66.0,0.0,broken clouds,High,13.04,37.33333333,HYD,4,52.16,0,clouds,HYD,0
38.0,4.7,Buffet,electric scooter,18.25,81.0,0.0,broken clouds,High,15.76,42.78333333,MYS,4,63.04,0,clouds,MYS,0
34.0,4.5,Meal,motorcycle,22.8,43.0,0.0,clear sky,Moderate,11.46,22.35,VAD,3,34.38,0,clear sky,Other,0
35.0,4.8,Snack,motorcycle,17.12,72.0,0.0,haze,Low,6.77,23.23333333,INDO,2,13.54,0,haze,INDO,0
27.0,4.5,Buffet,scooter,21.18,65.0,0.0,broken clouds,High,13.79,37.26666667,HYD,4,55.16,0,clouds,HYD,0
27.0,4.5,Drinks,motorcycle,23.01,43.0,0.0,clear sky,Moderate,12.88,37.06666667,SUR,3,38.64,0,clear sky,SUR,0
20.0,5.0,Snack,motorcycle,26.48,87.0,0.0,mist,Moderate,11.98,34.05,CHEN,3,35.94,0,mist,CHEN,0
25.0,4.7,Meal,motorcycle,27.05,48.0,0.0,clear sky,High,15.94,45.6,MUM,4,63.76,0,clear sky,MUM,1
36.0,4.4,Snack,electric scooter,25.12,73.0,0.0,mist,High,20.44,48.45,COIMB,4,81.76,0,mist,COIMB,1
20.0,4.8,Drinks,scooter,22.83,42.0,0.0,clear sky,Moderate,14.97,39.28333333,SUR,3,44.910000000000004,0,clear sky,SUR,0
24.0,4.7,Buffet,scooter,22.66,43.0,0.0,clear sky,Moderate,14.01,31.91666667,VAD,3,42.03,0,clear sky,Other,0
22.0,4.1,Buffet,motorcycle,19.08,65.0,0.0,clear sky,High,9.18,34.98333333,PUNE,4,36.72,0,clear sky,PUNE,0
26.0,4.7,Drinks,scooter,26.34,88.0,0.0,mist,Very Low,2.33,21.36666667,CHEN,1,2.33,1,mist,CHEN,0
38.0,4.7,Drinks,motorcycle,26.39,88.0,0.0,mist,Moderate,9.08,37.73333333,CHEN,3,27.240000000000002,0,mist,CHEN,0
37.0,5.0,Buffet,motorcycle,22.99,83.0,0.0,haze,Moderate,8.32,27.83333333,KOL,3,24.96,0,haze,Other,0
31.0,5.0,Snack,electric scooter,19.81,68.0,0.0,haze,Low,7.89,24.3,JAP,2,15.78,0,haze,JAP,0
25.0,4.9,Buffet,motorcycle,22.74,43.0,0.0,clear sky,Moderate,12.51,29.93333333,VAD,3,37.53,0,clear sky,Other,0
23.0,4.4,Meal,motorcycle,17.12,72.0,0.0,haze,Moderate,12.96,30.76666667,INDO,3,38.88,0,haze,INDO,0
32.0,4.9,Meal,scooter,25.0,73.0,0.0,mist,Moderate,11.45,28.25,COIMB,3,34.349999999999994,0,mist,COIMB,0
39.0,4.2,Snack,scooter,17.27,53.0,0.0,clear sky,High,22.02,41.23333333,INDO,4,88.08,0,clear sky,INDO,0
31.0,4.9,Meal,motorcycle,19.77,91.0,0.0,mist,Moderate,9.49,27.15,BANG,3,28.47,0,mist,BANG,0
29.0,4.6,Meal,electric scooter,10.78,78.0,0.0,clear sky,Very High,19.24,59.05,DEH,5,96.19999999999999,0,clear sky,Other,1
31.0,4.2,Snack,motorcycle,17.14,72.0,0.0,haze,Low,8.16,23.31666667,INDO,2,16.32,0,haze,INDO,0
34.0,4.7,Snack,motorcycle,26.39,87.0,0.0,scattered clouds,Very High,23.05,66.53333333,CHEN,5,115.25,0,clouds,CHEN,1
29.0,4.4,Buffet,motorcycle,19.33,65.0,0.0,clear sky,Moderate,9.63,29.45,PUNE,3,28.89,0,clear sky,PUNE,0
20.0,4.8,Drinks,motorcycle,24.99,73.0,0.0,mist,Moderate,15.31,41.91666667,COIMB,3,45.93,0,mist,COIMB,0
25.0,4.5,Meal,scooter,18.94,65.0,0.0,few clouds,Low,5.74,14.75,PUNE,2,11.48,0,clouds,PUNE,0
29.0,4.7,Buffet,electric scooter,22.88,43.0,0.0,clear sky,High,17.58,36.01666667,SUR,4,70.32,0,clear sky,SUR,0
32.0,4.4,Meal,motorcycle,17.26,53.0,0.0,clear sky,High,18.57,33.35,INDO,4,74.28,0,clear sky,INDO,0
32.0,3.7,Meal,scooter,26.44,87.0,0.0,scattered clouds,Very High,18.15,55.98333333,CHEN,5,90.75,0,clouds,CHEN,1
36.0,4.3,Meal,motorcycle,26.47,88.0,0.0,mist,High,11.05,34.15,CHEN,4,44.2,0,mist,CHEN,0
21.0,4.8,Meal,scooter,24.45,88.0,0.0,mist,Moderate,10.54,25.1,GOA,3,31.619999999999997,0,mist,Other,0
32.0,5.0,Drinks,motorcycle,18.24,81.0,0.0,broken clouds,Moderate,9.7,40.16666667,MYS,3,29.099999999999998,0,clouds,MYS,0
35.0,4.8,Meal,scooter,19.2,65.0,0.0,clear sky,Moderate,9.44,28.03333333,PUNE,3,28.32,0,clear sky,PUNE,0
22.0,4.6,Snack,electric scooter,17.9,78.0,0.0,scattered clouds,Very Low,1.84,12.18333333,MYS,1,1.84,1,clouds,MYS,0
32.0,4.8,Drinks,scooter,19.54,92.0,0.0,mist,Low,2.42,23.83333333,BANG,2,4.84,1,mist,BANG,0
35.0,4.9,Drinks,scooter,19.73,68.0,0.0,haze,Moderate,10.31,34.65,JAP,3,30.93,0,haze,JAP,0
36.0,4.7,Meal,motorcycle,21.4,64.0,0.0,broken clouds,High,13.99,33.06666667,HYD,4,55.96,0,clouds,HYD,0
35.0,4.2,Buffet,electric scooter,22.49,44.0,0.0,clear sky,High,20.49,35.31666667,VAD,4,81.96,0,clear sky,Other,0
27.0,4.2,Drinks,motorcycle,22.35,43.0,0.0,clear sky,High,24.3,46.26666667,VAD,4,97.2,0,clear sky,Other,1
27.0,4.7,Drinks,motorcycle,26.4,88.0,0.0,scattered clouds,Very High,14.99,64.65,CHEN,5,74.95,0,clouds,CHEN,1
29.0,4.9,Meal,electric scooter,18.4,81.0,0.0,scattered clouds,Moderate,13.88,26.1,MYS,3,41.64,0,clouds,MYS,0
32.0,4.0,Drinks,electric scooter,18.98,64.0,0.0,clear sky,Moderate,12.23,35.9,PUNE,3,36.69,0,clear sky,PUNE,0
27.0,4.5,Snack,motorcycle,18.04,81.0,0.0,scattered clouds,Very Low,2.81,14.6,MYS,1,2.81,1,clouds,MYS,0
30.0,4.4,Buffet,motorcycle,17.74,82.0,0.0,broken clouds,High,26.05,46.31666667,MYS,4,104.2,0,clouds,MYS,1
20.0,4.5,Buffet,scooter,26.73,44.0,0.0,smoke,High,11.2,41.71666667,MUM,4,44.8,0,smoke,MUM,0
26.0,4.7,Drinks,electric scooter,19.17,65.0,0.0,clear sky,Moderate,8.68,33.11666667,PUNE,3,26.04,0,clear sky,PUNE,0
24.0,4.8,Drinks,motorcycle,25.0,73.0,0.0,mist,High,18.48,47.2,COIMB,4,73.92,0,mist,COIMB,1
31.0,4.8,Buffet,motorcycle,17.8,67.0,0.0,clear sky,High,22.93,39.81666667,RANCHI,4,91.72,0,clear sky,RANCHI,0
35.0,4.5,Drinks,motorcycle,22.97,43.0,0.0,clear sky,Moderate,12.29,34.45,SUR,3,36.87,0,clear sky,SUR,0
31.0,5.0,Drinks,scooter,26.36,88.0,0.0,mist,Moderate,9.62,33.33333333,CHEN,3,28.86,0,mist,CHEN,0
29.0,4.6,Snack,motorcycle,24.87,73.0,0.0,mist,High,14.7,40.61666667,COIMB,4,58.8,0,mist,COIMB,0
22.0,4.7,Meal,motorcycle,25.06,73.0,0.0,mist,High,14.51,34.48333333,COIMB,4,58.04,0,mist,COIMB,0
27.0,4.8,Meal,scooter,21.27,63.0,0.0,broken clouds,High,15.78,34.25,HYD,4,63.12,0,clouds,HYD,0
32.0,3.8,Snack,motorcycle,23.03,83.0,0.0,haze,Very High,22.58,58.8,KOL,5,112.89999999999999,0,haze,Other,1
29.0,4.9,Buffet,motorcycle,24.8,73.0,0.0,mist,Low,4.62,19.4,COIMB,2,9.24,0,mist,COIMB,0
32.0,4.8,Drinks,electric scooter,23.86,78.0,0.0,mist,Low,7.83,32.85,COIMB,2,15.66,0,mist,COIMB,0
32.0,4.8,Drinks,electric scooter,24.45,88.0,0.0,mist,High,23.22,48.26666667,GOA,4,92.88,0,mist,Other,1
32.0,4.2,Buffet,motorcycle,17.22,53.0,0.0,clear sky,Very High,30.65,49.58333333,INDO,5,153.25,0,clear sky,INDO,1
24.0,5.0,Buffet,motorcycle,23.97,78.0,0.0,mist,High,15.44,36.0,COIMB,4,61.76,0,mist,COIMB,0
34.0,4.7,Buffet,motorcycle,26.77,44.0,0.0,smoke,High,16.71,50.41666667,MUM,4,66.84,0,smoke,MUM,1
24.0,4.7,Drinks,scooter,22.85,43.0,0.0,clear sky,Low,7.41,23.46666667,VAD,2,14.82,0,clear sky,Other,0
32.0,4.5,Drinks,motorcycle,21.26,65.0,0.0,broken clouds,Low,3.48,22.23333333,HYD,2,6.96,0,clouds,HYD,0
39.0,4.5,Drinks,motorcycle,20.14,68.0,0.0,haze,Low,9.41,30.4,JAP,2,18.82,0,haze,JAP,0
30.0,4.2,Snack,motorcycle,26.4,88.0,0.0,broken clouds,Very High,20.07,58.41666667,CHEN,5,100.35,0,clouds,CHEN,1
33.0,4.9,Meal,scooter,19.04,65.0,0.0,few clouds,Very High,29.29,61.18333333,PUNE,5,146.45,0,clouds,PUNE,1
34.0,4.5,Meal,electric scooter,22.97,83.0,0.0,haze,Low,4.15,13.61666667,KOL,2,8.3,0,haze,Other,0
29.0,4.6,Buffet,electric scooter,19.93,47.0,0.0,clear sky,High,27.14,46.56666667,JAP,4,108.56,0,clear sky,JAP,1
28.0,4.9,Drinks,motorcycle,17.12,72.0,0.0,haze,Low,9.11,29.7,INDO,2,18.22,0,haze,INDO,0
34.0,4.7,Drinks,electric scooter,26.45,87.0,0.0,scattered clouds,Very High,18.65,66.48333333,CHEN,5,93.25,0,clouds,CHEN,1
23.0,4.7,Drinks,motorcycle,17.72,68.0,0.0,clear sky,Moderate,9.75,36.6,RANCHI,3,29.25,0,clear sky,RANCHI,0
31.0,4.2,Buffet,motorcycle,19.53,68.0,0.0,haze,Low,4.08,16.81666667,JAP,2,8.16,0,haze,JAP,0
23.0,4.7,Snack,motorcycle,19.23,65.0,0.0,clear sky,Moderate,8.29,28.4,PUNE,3,24.869999999999997,0,clear sky,PUNE,0
33.0,4.2,Meal,scooter,25.08,73.0,0.0,mist,High,19.16,40.35,COIMB,4,76.64,0,mist,COIMB,0
37.0,4.8,Snack,scooter,19.42,65.0,0.0,clear sky,High,23.61,48.15,PUNE,4,94.44,0,clear sky,PUNE,1
37.0,4.7,Drinks,motorcycle,21.32,65.0,0.0,broken clouds,Low,4.82,24.98333333,HYD,2,9.64,0,clouds,HYD,0
25.0,4.9,Buffet,motorcycle,18.32,77.0,0.0,scattered clouds,Moderate,16.09,33.66666667,MYS,3,48.269999999999996,0,clouds,MYS,0
32.0,4.0,Buffet,motorcycle,24.88,73.0,0.0,mist,Low,4.02,17.48333333,COIMB,2,8.04,0,mist,COIMB,0
31.0,4.9,Snack,motorcycle,18.72,58.0,0.0,clear sky,High,19.61,40.11666667,LUDH,4,78.44,0,clear sky,Other,0
23.0,4.6,Snack,scooter,27.05,49.0,0.0,clear sky,Very High,42.54,102.6666667,MUM,5,212.7,0,clear sky,MUM,1
38.0,4.2,Drinks,scooter,26.63,44.0,0.0,smoke,Very High,22.33,73.26666667,MUM,5,111.64999999999999,0,smoke,MUM,1
33.0,4.8,Snack,scooter,16.96,72.0,0.0,haze,Low,2.31,17.08333333,INDO,2,4.62,1,haze,INDO,0
32.0,4.1,Buffet,motorcycle,19.81,91.0,0.0,mist,Very Low,2.13,15.01666667,BANG,1,2.13,1,mist,BANG,0
20.0,3.1,Snack,motorcycle,22.55,43.0,0.0,clear sky,Moderate,15.84,33.78333333,VAD,3,47.519999999999996,0,clear sky,Other,0
33.0,4.4,Meal,motorcycle,22.98,42.0,0.0,clear sky,Very Low,3.98,8.483333333,VAD,1,3.98,0,clear sky,Other,0
22.0,4.7,Buffet,scooter,26.99,44.0,0.0,smoke,Moderate,8.0,29.75,MUM,3,24.0,0,smoke,MUM,0
28.0,4.7,Snack,motorcycle,24.86,73.0,0.0,mist,Low,6.39,23.9,COIMB,2,12.78,0,mist,COIMB,0
30.0,4.9,Snack,motorcycle,27.0,44.0,0.0,smoke,Low,7.5,28.5,MUM,2,15.0,0,smoke,MUM,0
29.0,4.6,Snack,electric scooter,26.36,88.0,0.0,mist,Moderate,8.86,32.45,CHEN,3,26.58,0,mist,CHEN,0
25.0,4.7,Snack,motorcycle,22.87,43.0,0.0,clear sky,High,18.48,40.95,SUR,4,73.92,0,clear sky,SUR,0
25.0,4.2,Buffet,motorcycle,22.88,43.0,0.0,clear sky,High,24.21,46.55,SUR,4,96.84,0,clear sky,SUR,1
37.0,4.3,Drinks,scooter,18.19,81.0,0.0,scattered clouds,Moderate,10.51,35.4,MYS,3,31.53,0,clouds,MYS,0
28.0,5.0,Drinks,motorcycle,19.53,68.0,0.0,haze,Low,4.08,23.8,JAP,2,8.16,0,haze,JAP,0
20.0,4.7,Meal,motorcycle,26.02,44.0,0.0,smoke,High,13.83,43.83333333,MUM,4,55.32,0,smoke,MUM,0
20.0,4.8,Meal,scooter,17.84,82.0,0.0,mist,Very Low,2.62,12.73333333,AURG,1,2.62,1,mist,Other,0
25.0,4.6,Drinks,motorcycle,17.14,72.0,0.0,haze,Moderate,11.12,33.83333333,INDO,3,33.36,0,haze,INDO,0
28.0,4.1,Meal,motorcycle,17.23,53.0,0.0,clear sky,Moderate,17.48,30.06666667,INDO,3,52.44,0,clear sky,INDO,0
23.0,4.7,Buffet,motorcycle,26.98,44.0,0.0,smoke,Low,6.64,25.45,MUM,2,13.28,0,smoke,MUM,0
39.0,4.1,Meal,motorcycle,16.96,72.0,0.0,haze,Low,2.31,13.08333333,INDO,2,4.62,1,haze,INDO,0
20.0,4.7,Buffet,scooter,22.99,83.0,0.0,haze,Moderate,11.55,26.35,KOL,3,34.650000000000006,0,haze,Other,0
24.0,4.9,Buffet,motorcycle,22.83,42.0,0.0,clear sky,High,15.73,33.96666667,SUR,4,62.92,0,clear sky,SUR,0
20.0,4.8,Buffet,electric scooter,17.19,72.0,0.0,haze,High,16.74,36.65,INDO,4,66.96,0,haze,INDO,0
21.0,4.7,Buffet,motorcycle,17.12,72.0,0.0,haze,Moderate,12.94,31.66666667,INDO,3,38.82,0,haze,INDO,0
26.0,4.8,Buffet,scooter,17.08,72.0,0.0,haze,Low,5.67,19.18333333,INDO,2,11.34,0,haze,INDO,0
30.0,4.9,Buffet,scooter,21.41,65.0,0.0,broken clouds,Low,6.67,20.81666667,HYD,2,13.34,0,clouds,HYD,0
29.0,4.6,Meal,motorcycle,17.88,67.0,0.0,clear sky,High,19.08,37.21666667,RANCHI,4,76.32,0,clear sky,RANCHI,0
38.0,4.5,Buffet,motorcycle,17.08,72.0,0.0,haze,Low,5.82,19.1,INDO,2,11.64,0,haze,INDO,0
37.0,4.8,Drinks,scooter,26.41,87.0,0.0,scattered clouds,Very High,24.02,70.11666667,CHEN,5,120.1,0,clouds,CHEN,1
38.0,4.6,Buffet,motorcycle,18.24,81.0,0.0,broken clouds,Moderate,9.7,33.13333333,MYS,3,29.099999999999998,0,clouds,MYS,0
23.0,4.9,Drinks,motorcycle,19.55,92.0,0.0,mist,High,13.7,48.36666667,BANG,4,54.8,0,mist,BANG,1
36.0,4.0,Meal,motorcycle,25.15,73.0,0.0,mist,High,23.43,41.11666667,COIMB,4,93.72,0,mist,COIMB,0
35.0,3.5,Drinks,motorcycle,17.21,53.0,0.0,clear sky,High,19.02,49.05,INDO,4,76.08,0,clear sky,INDO,1
35.0,4.6,Snack,motorcycle,22.84,43.0,0.0,clear sky,High,21.59,46.71666667,SUR,4,86.36,0,clear sky,SUR,1
26.0,4.8,Meal,motorcycle,18.38,81.0,0.0,broken clouds,Moderate,10.3,28.18333333,MYS,3,30.900000000000002,0,clouds,MYS,0
22.0,4.5,Drinks,scooter,16.1,76.0,0.0,clear sky,Low,5.57,22.96666667,DEH,2,11.14,0,clear sky,Other,0
21.0,4.8,Meal,motorcycle,21.68,56.0,0.0,clear sky,Moderate,15.46,30.53333333,KNP,3,46.38,0,clear sky,Other,0
25.0,4.9,Snack,scooter,15.81,67.0,0.0,clear sky,Very High,23.28,54.0,RANCHI,5,116.4,0,clear sky,RANCHI,1
33.0,4.4,Snack,scooter,22.49,44.0,0.0,clear sky,High,20.49,37.28333333,VAD,4,81.96,0,clear sky,Other,0
32.0,4.2,Buffet,motorcycle,26.45,88.0,0.0,mist,Low,4.15,18.58333333,CHEN,2,8.3,0,mist,CHEN,0
33.0,4.7,Meal,motorcycle,17.18,72.0,0.0,haze,High,16.9,34.8,INDO,4,67.6,0,haze,INDO,0
39.0,4.8,Buffet,motorcycle,17.32,53.0,0.0,clear sky,High,25.48,47.16666667,INDO,4,101.92,0,clear sky,INDO,1
33.0,5.0,Snack,motorcycle,19.33,65.0,0.0,clear sky,Moderate,11.33,30.85,PUNE,3,33.99,0,clear sky,PUNE,0
20.0,4.6,Drinks,motorcycle,18.28,77.0,0.0,scattered clouds,High,18.24,42.08333333,MYS,4,72.96,0,clouds,MYS,0
29.0,4.5,Snack,motorcycle,21.33,67.0,0.0,broken clouds,Very High,28.06,56.46666667,HYD,5,140.29999999999998,0,clouds,HYD,1
20.0,5.0,Buffet,motorcycle,22.88,43.0,0.0,clear sky,High,22.71,45.33333333,SUR,4,90.84,0,clear sky,SUR,1
35.0,4.6,Snack,motorcycle,22.27,54.0,0.0,clear sky,Moderate,9.55,28.33333333,ALH,3,28.650000000000002,0,clear sky,Other,0
33.0,4.9,Snack,electric scooter,23.03,83.0,0.0,haze,Moderate,13.97,28.91666667,KOL,3,41.910000000000004,0,haze,Other,0
37.0,4.2,Snack,motorcycle,26.36,88.0,0.0,mist,High,16.57,44.41666667,CHEN,4,66.28,0,mist,CHEN,0
26.0,4.7,Meal,motorcycle,11.69,77.0,0.0,clear sky,Very High,19.22,74.65,DEH,5,96.1,0,clear sky,Other,1
28.0,5.0,Buffet,motorcycle,17.08,72.0,0.0,haze,Very Low,2.31,11.33333333,INDO,1,2.31,1,haze,INDO,0
21.0,4.7,Buffet,scooter,22.85,43.0,0.0,clear sky,Very High,33.95,50.93333333,SUR,5,169.75,0,clear sky,SUR,1
25.0,4.8,Meal,scooter,24.9,60.0,0.0,scattered clouds,High,20.92,39.06666667,GOA,4,83.68,0,clouds,Other,0
37.0,4.6,Meal,electric scooter,21.23,68.0,0.0,broken clouds,Very Low,2.15,8.833333333,HYD,1,2.15,1,clouds,HYD,0
22.0,4.7,Drinks,electric scooter,27.0,44.0,0.0,smoke,High,16.16,53.28333333,MUM,4,64.64,0,smoke,MUM,1
28.0,4.0,Drinks,motorcycle,17.14,72.0,0.0,haze,Moderate,9.65,38.28333333,INDO,3,28.950000000000003,0,haze,INDO,0
26.0,5.0,Meal,motorcycle,25.15,73.0,0.0,mist,Very High,24.84,50.73333333,COIMB,5,124.2,0,mist,COIMB,1
32.0,4.8,Snack,motorcycle,17.88,67.0,0.0,clear sky,High,18.0,37.73333333,RANCHI,4,72.0,0,clear sky,RANCHI,0
24.0,4.5,Meal,motorcycle,19.0,64.0,0.0,clear sky,Low,7.07,20.36666667,PUNE,2,14.14,0,clear sky,PUNE,0
21.0,4.8,Snack,scooter,26.42,88.0,0.0,mist,Low,5.08,25.26666667,CHEN,2,10.16,0,mist,CHEN,0
22.0,4.6,Buffet,scooter,19.42,93.0,0.0,mist,High,14.13,45.01666667,BANG,4,56.52,0,mist,BANG,1
25.0,4.6,Snack,motorcycle,19.94,47.0,0.0,clear sky,Very High,28.27,51.75,JAP,5,141.35,0,clear sky,JAP,1
34.0,4.6,Snack,motorcycle,22.48,43.0,0.0,clear sky,Moderate,17.32,31.81666667,VAD,3,51.96,0,clear sky,Other,0
26.0,4.9,Buffet,scooter,17.73,68.0,0.0,clear sky,Low,7.62,22.6,RANCHI,2,15.24,0,clear sky,RANCHI,0
28.0,4.5,Snack,scooter,23.39,43.0,0.0,clear sky,Low,5.06,18.35,SUR,2,10.12,0,clear sky,SUR,0
22.0,4.8,Drinks,motorcycle,18.99,65.0,0.0,clear sky,High,17.37,48.96666667,PUNE,4,69.48,0,clear sky,PUNE,1
31.0,4.6,Meal,motorcycle,25.73,44.0,0.0,smoke,Very High,28.28,60.66666667,MUM,5,141.4,0,smoke,MUM,1
36.0,5.0,Buffet,motorcycle,22.35,43.0,0.0,clear sky,High,24.3,39.28333333,VAD,4,97.2,0,clear sky,Other,0
30.0,5.0,Buffet,motorcycle,26.9,44.0,0.0,smoke,Moderate,9.08,35.31666667,MUM,3,27.240000000000002,0,smoke,MUM,0
23.0,4.8,Snack,motorcycle,26.86,44.0,0.0,smoke,Very High,28.75,65.05,MUM,5,143.75,0,smoke,MUM,1
25.0,4.8,Snack,motorcycle,18.94,65.0,0.0,clear sky,Low,5.03,18.9,PUNE,2,10.06,0,clear sky,PUNE,0
29.0,4.6,Snack,scooter,25.5,44.0,0.0,smoke,Very High,24.72,72.45,MUM,5,123.6,0,smoke,MUM,1
27.0,4.6,Drinks,scooter,25.13,73.0,0.0,mist,Very High,26.07,65.61666667,COIMB,5,130.35,0,mist,COIMB,1
37.0,4.1,Drinks,electric scooter,18.3,82.0,0.0,broken clouds,High,22.4,52.95,MYS,4,89.6,0,clouds,MYS,1
35.0,4.6,Buffet,motorcycle,22.68,43.0,0.0,clear sky,Low,11.19,22.9,VAD,2,22.38,0,clear sky,Other,0
31.0,4.7,Buffet,scooter,15.26,77.0,0.0,clear sky,Low,5.07,14.53333333,DEH,2,10.14,0,clear sky,Other,0
33.0,4.6,Buffet,motorcycle,21.59,64.0,0.0,broken clouds,Moderate,8.51,25.15,HYD,3,25.53,0,clouds,HYD,0
38.0,4.8,Snack,motorcycle,23.01,43.0,0.0,clear sky,Moderate,11.71,30.98333333,SUR,3,35.13,0,clear sky,SUR,0
33.0,4.6,Snack,motorcycle,25.26,73.0,0.0,mist,High,29.81,48.78333333,COIMB,4,119.24,0,mist,COIMB,1
39.0,4.4,Drinks,motorcycle,19.99,68.0,0.0,haze,Moderate,14.46,40.51666667,JAP,3,43.38,0,haze,JAP,0
27.0,4.5,Buffet,motorcycle,19.54,93.0,0.0,mist,Moderate,11.93,31.78333333,BANG,3,35.79,0,mist,BANG,0
35.0,4.4,Snack,electric scooter,23.03,83.0,0.0,haze,Moderate,9.1,26.13333333,KOL,3,27.299999999999997,0,haze,Other,0
37.0,5.0,Buffet,motorcycle,26.98,44.0,0.0,smoke,Low,7.3,27.33333333,MUM,2,14.6,0,smoke,MUM,0
39.0,4.1,Drinks,motorcycle,17.08,72.0,0.0,haze,Low,6.09,28.56666667,INDO,2,12.18,0,haze,INDO,0
27.0,4.8,Snack,electric scooter,18.29,57.0,0.0,clear sky,Moderate,11.85,30.88333333,BHP,3,35.55,0,clear sky,Other,0
38.0,4.8,Meal,motorcycle,20.14,68.0,0.0,haze,Low,7.08,16.73333333,JAP,2,14.16,0,haze,JAP,0
21.0,4.7,Drinks,electric scooter,19.13,93.0,0.0,fog,Very High,20.0,62.35,BANG,5,100.0,0,other,BANG,1
27.0,4.9,Drinks,motorcycle,22.87,42.0,0.0,clear sky,Moderate,13.32,36.1,SUR,3,39.96,0,clear sky,SUR,0
27.0,4.7,Snack,motorcycle,21.8,55.0,0.0,clear sky,Moderate,11.78,32.03333333,KNP,3,35.339999999999996,0,clear sky,Other,0
32.0,4.6,Buffet,motorcycle,19.26,64.0,0.0,clear sky,Very Low,3.31,11.63333333,PUNE,1,3.31,0,clear sky,PUNE,0
29.0,4.6,Buffet,motorcycle,19.53,68.0,0.0,haze,Low,4.38,15.53333333,JAP,2,8.76,0,haze,JAP,0
22.0,4.7,Meal,scooter,17.83,67.0,0.0,clear sky,Moderate,15.92,29.31666667,RANCHI,3,47.76,0,clear sky,RANCHI,0
26.0,4.8,Drinks,motorcycle,16.68,82.0,0.0,mist,Very High,32.26,92.18333333,AURG,5,161.29999999999998,0,mist,Other,1
31.0,4.9,Snack,scooter,22.66,43.0,0.0,clear sky,Moderate,13.63,31.93333333,VAD,3,40.89,0,clear sky,Other,0
37.0,4.8,Buffet,scooter,21.29,64.0,0.0,overcast clouds,High,18.23,42.51666667,HYD,4,72.92,0,clouds,HYD,0
29.0,4.7,Meal,scooter,19.68,68.0,0.0,haze,Very Low,2.02,7.65,JAP,1,2.02,1,haze,JAP,0
36.0,3.8,Meal,motorcycle,18.02,82.0,0.0,broken clouds,High,25.51,44.58333333,MYS,4,102.04,0,clouds,MYS,0
33.0,4.5,Buffet,scooter,17.16,72.0,0.0,haze,Moderate,8.33,24.06666667,INDO,3,24.990000000000002,0,haze,INDO,0
27.0,4.7,Meal,motorcycle,25.05,73.0,0.0,mist,Moderate,14.78,30.85,COIMB,3,44.339999999999996,0,mist,COIMB,0
35.0,4.5,Meal,electric scooter,21.43,65.0,0.0,broken clouds,Moderate,10.07,26.71666667,HYD,3,30.21,0,clouds,HYD,0
39.0,5.0,Buffet,motorcycle,19.81,47.0,0.0,clear sky,Very High,24.58,48.35,JAP,5,122.89999999999999,0,clear sky,JAP,1
33.0,4.0,Meal,motorcycle,17.09,72.0,0.0,haze,Low,9.86,21.58333333,INDO,2,19.72,0,haze,INDO,0
26.0,4.9,Buffet,motorcycle,26.45,88.0,0.0,mist,Very High,13.7,51.3,CHEN,5,68.5,0,mist,CHEN,1
24.0,4.7,Meal,motorcycle,16.05,82.0,0.0,mist,High,21.7,46.6,AURG,4,86.8,0,mist,Other,1
28.0,4.9,Buffet,scooter,24.9,60.0,0.0,scattered clouds,High,19.5,44.01666667,GOA,4,78.0,0,clouds,Other,0
21.0,4.1,Drinks,motorcycle,19.58,68.0,0.0,haze,Low,4.25,24.18333333,JAP,2,8.5,0,haze,JAP,0
31.0,5.0,Snack,motorcycle,17.19,72.0,0.0,haze,High,19.3,48.35,INDO,4,77.2,0,haze,INDO,1
21.0,4.1,Snack,motorcycle,26.45,87.0,0.0,scattered clouds,Very High,20.12,63.26666667,CHEN,5,100.60000000000001,0,clouds,CHEN,1
38.0,4.1,Drinks,motorcycle,21.26,66.0,0.0,broken clouds,High,23.59,47.41666667,HYD,4,94.36,0,clouds,HYD,1
29.0,4.6,Drinks,motorcycle,26.51,87.0,0.0,mist,High,19.31,50.25,CHEN,4,77.24,0,mist,CHEN,1
30.0,4.1,Buffet,scooter,9.46,81.0,0.0,clear sky,Very High,43.19,100.25,DEH,5,215.95,0,clear sky,Other,1
31.0,4.6,Drinks,motorcycle,19.0,64.0,0.0,clear sky,Moderate,10.75,37.58333333,PUNE,3,32.25,0,clear sky,PUNE,0
30.0,4.9,Drinks,scooter,21.2,65.0,0.0,broken clouds,Moderate,11.31,38.75,HYD,3,33.93,0,clouds,HYD,0
33.0,5.0,Snack,scooter,19.05,65.0,0.0,clear sky,Moderate,11.01,27.23333333,PUNE,3,33.03,0,clear sky,PUNE,0
38.0,4.5,Drinks,motorcycle,26.92,44.0,0.0,smoke,Low,5.42,32.73333333,MUM,2,10.84,0,smoke,MUM,0
24.0,4.7,Meal,motorcycle,26.97,48.0,0.0,clear sky,High,12.31,33.25,MUM,4,49.24,0,clear sky,MUM,0
24.0,3.5,Snack,motorcycle,17.67,68.0,0.0,clear sky,Low,6.0,18.55,RANCHI,2,12.0,0,clear sky,RANCHI,0
34.0,4.7,Buffet,motorcycle,26.49,88.0,0.0,mist,Moderate,14.54,34.4,CHEN,3,43.62,0,mist,CHEN,0
27.0,4.8,Snack,scooter,22.99,83.0,0.0,haze,Low,8.38,23.83333333,KOL,2,16.76,0,haze,Other,0
39.0,4.8,Buffet,motorcycle,23.99,88.0,0.0,mist,Low,3.78,18.1,KOC,2,7.56,0,mist,Other,0
23.0,4.1,Meal,motorcycle,26.46,88.0,0.0,mist,Low,5.02,15.51666667,CHEN,2,10.04,0,mist,CHEN,0
34.0,4.6,Meal,motorcycle,19.56,68.0,0.0,haze,Moderate,10.23,24.46666667,JAP,3,30.69,0,haze,JAP,0
20.0,4.7,Snack,electric scooter,16.92,72.0,0.0,haze,Low,9.79,21.61666667,INDO,2,19.58,0,haze,INDO,0
36.0,5.0,Buffet,electric scooter,21.76,56.0,0.0,clear sky,Very High,24.77,48.96666667,ALH,5,123.85,0,clear sky,Other,1
27.0,4.0,Buffet,scooter,19.96,46.0,0.0,clear sky,High,17.04,37.63333333,JAP,4,68.16,0,clear sky,JAP,0
32.0,4.1,Meal,electric scooter,22.98,43.0,0.0,clear sky,Moderate,12.33,26.68333333,SUR,3,36.99,0,clear sky,SUR,0
27.0,4.9,Drinks,motorcycle,19.36,93.0,0.0,mist,High,21.9,56.61666667,BANG,4,87.6,0,mist,BANG,1
29.0,4.6,Snack,motorcycle,25.0,73.0,0.0,mist,High,16.82,39.96666667,COIMB,4,67.28,0,mist,COIMB,0
29.0,2.5,Snack,motorcycle,26.36,87.0,0.0,scattered clouds,Very High,26.14,55.16666667,CHEN,5,130.7,0,clouds,CHEN,1
27.0,5.0,Snack,motorcycle,18.12,81.0,0.0,broken clouds,Low,5.14,17.93333333,MYS,2,10.28,0,clouds,MYS,0
32.0,5.0,Buffet,motorcycle,19.8,68.0,0.0,haze,Very Low,2.43,8.933333333,JAP,1,2.43,1,haze,JAP,0
21.0,4.8,Drinks,motorcycle,17.08,72.0,0.0,haze,Low,6.16,29.58333333,INDO,2,12.32,0,haze,INDO,0
29.0,4.6,Meal,motorcycle,19.77,93.0,0.0,mist,High,16.17,43.18333333,BANG,4,64.68,0,mist,BANG,0
22.0,5.0,Snack,electric scooter,18.32,77.0,0.0,scattered clouds,High,16.46,37.28333333,MYS,4,65.84,0,clouds,MYS,0
29.0,4.6,Meal,motorcycle,16.53,82.0,0.0,mist,Very High,21.75,54.88333333,AURG,5,108.75,0,mist,Other,1
39.0,5.0,Buffet,scooter,20.3,91.0,0.0,mist,Low,4.96,22.68333333,BANG,2,9.92,0,mist,BANG,0
20.0,4.1,Buffet,scooter,22.83,43.0,0.0,clear sky,High,24.11,46.23333333,SUR,4,96.44,0,clear sky,SUR,1
29.0,4.6,Meal,scooter,19.37,64.0,0.0,clear sky,Low,4.29,13.75,PUNE,2,8.58,0,clear sky,PUNE,0
35.0,4.2,Meal,scooter,17.3,53.0,0.0,clear sky,High,23.69,45.03333333,INDO,4,94.76,0,clear sky,INDO,1
30.0,4.2,Drinks,motorcycle,24.98,58.0,0.0,scattered clouds,Low,6.01,26.35,GOA,2,12.02,0,clouds,Other,0
39.0,5.0,Buffet,motorcycle,27.01,44.0,0.0,smoke,Moderate,10.81,34.98333333,MUM,3,32.43,0,smoke,MUM,0
36.0,4.9,Meal,scooter,24.99,73.0,0.0,mist,Low,6.51,17.93333333,COIMB,2,13.02,0,mist,COIMB,0
22.0,4.6,Drinks,motorcycle,17.08,72.0,0.0,haze,Low,6.09,28.53333333,INDO,2,12.18,0,haze,INDO,0
27.0,5.0,Drinks,motorcycle,17.58,69.0,0.0,clear sky,High,18.52,42.65,RANCHI,4,74.08,0,clear sky,RANCHI,0
21.0,4.6,Drinks,scooter,26.43,88.0,0.0,mist,Very Low,2.6,20.81666667,CHEN,1,2.6,1,mist,CHEN,0
33.0,4.7,Drinks,scooter,21.79,55.0,0.0,clear sky,Low,8.97,29.43333333,KNP,2,17.94,0,clear sky,Other,0
33.0,4.5,Meal,scooter,22.88,43.0,0.0,clear sky,High,22.71,43.23333333,SUR,4,90.84,0,clear sky,SUR,0
34.0,4.8,Drinks,scooter,22.92,43.0,0.0,clear sky,High,17.94,46.75,SUR,4,71.76,0,clear sky,SUR,1
22.0,4.9,Buffet,scooter,21.17,67.0,0.0,broken clouds,Very High,17.33,49.86666667,HYD,5,86.64999999999999,0,clouds,HYD,1
36.0,4.1,Buffet,scooter,26.47,87.0,0.0,scattered clouds,Very High,21.4,62.05,CHEN,5,107.0,0,clouds,CHEN,1
21.0,4.6,Snack,scooter,26.41,92.0,0.0,scattered clouds,Very High,24.34,65.35,CHEN,5,121.7,0,clouds,CHEN,1
24.0,4.9,Snack,motorcycle,25.18,73.0,0.0,mist,High,22.23,50.71666667,COIMB,4,88.92,0,mist,COIMB,1
31.0,3.9,Meal,scooter,22.84,43.0,0.0,clear sky,High,18.14,33.63333333,SUR,4,72.56,0,clear sky,SUR,0
31.0,4.5,Drinks,motorcycle,26.47,88.0,0.0,mist,High,12.57,43.81666667,CHEN,4,50.28,0,mist,CHEN,0
35.0,4.9,Drinks,scooter,23.99,88.0,0.0,mist,Moderate,9.34,33.31666667,KOC,3,28.02,0,mist,Other,0
23.0,4.9,Snack,motorcycle,17.66,68.0,0.0,clear sky,Low,7.64,22.78333333,RANCHI,2,15.28,0,clear sky,RANCHI,0
25.0,4.7,Snack,motorcycle,22.78,43.0,0.0,clear sky,Low,10.23,22.5,VAD,2,20.46,0,clear sky,Other,0
28.0,4.8,Drinks,motorcycle,26.4,87.0,0.0,scattered clouds,Very High,22.96,67.71666667,CHEN,5,114.80000000000001,0,clouds,CHEN,1
38.0,4.4,Meal,motorcycle,17.45,82.0,0.0,mist,Moderate,12.1,27.55,AURG,3,36.3,0,mist,Other,0
29.0,4.7,Snack,motorcycle,19.07,93.0,0.0,fog,High,20.94,45.75,BANG,4,83.76,0,other,BANG,1
39.0,5.0,Snack,scooter,18.46,82.0,0.0,broken clouds,High,18.32,42.21666667,MYS,4,73.28,0,clouds,MYS,0
32.0,5.0,Drinks,scooter,17.16,72.0,0.0,haze,Moderate,7.21,35.18333333,INDO,3,21.63,0,haze,INDO,0
32.0,4.9,Snack,electric scooter,19.5,93.0,0.0,mist,Moderate,13.6,36.33333333,BANG,3,40.8,0,mist,BANG,0
27.0,4.5,Buffet,motorcycle,22.23,53.0,0.0,clear sky,Very Low,1.89,9.3,ALH,1,1.89,1,clear sky,Other,0
23.0,4.5,Snack,motorcycle,19.71,47.0,0.0,clear sky,Very High,29.44,52.55,JAP,5,147.20000000000002,0,clear sky,JAP,1
25.0,4.8,Buffet,motorcycle,21.32,64.0,0.0,broken clouds,Moderate,11.67,27.91666667,HYD,3,35.01,0,clouds,HYD,0
34.0,4.3,Meal,scooter,26.54,44.0,0.0,smoke,High,10.91,38.31666667,MUM,4,43.64,0,smoke,MUM,0
30.0,4.6,Snack,motorcycle,19.99,56.0,0.0,clear sky,Very High,29.63,58.5,KNP,5,148.15,0,clear sky,Other,1
23.0,4.8,Drinks,electric scooter,17.7,68.0,0.0,clear sky,Very Low,2.21,15.88333333,RANCHI,1,2.21,1,clear sky,RANCHI,0
21.0,4.9,Buffet,scooter,17.16,72.0,0.0,haze,Very Low,2.22,13.26666667,INDO,1,2.22,1,haze,INDO,0
26.0,4.5,Snack,motorcycle,24.84,73.0,0.0,mist,Moderate,7.96,28.5,COIMB,3,23.88,0,mist,COIMB,0
35.0,4.6,Meal,scooter,17.74,68.0,0.0,clear sky,Very Low,1.99,9.766666667,RANCHI,1,1.99,1,clear sky,RANCHI,0
23.0,5.0,Meal,electric scooter,17.79,68.0,0.0,clear sky,Very High,22.97,46.36666667,RANCHI,5,114.85,0,clear sky,RANCHI,1
27.0,4.2,Meal,motorcycle,22.88,43.0,0.0,clear sky,High,24.21,43.53333333,SUR,4,96.84,0,clear sky,SUR,0
33.0,4.6,Drinks,motorcycle,17.23,53.0,0.0,clear sky,High,19.18,43.36666667,INDO,4,76.72,0,clear sky,INDO,0
35.0,4.8,Meal,scooter,17.83,68.0,0.0,clear sky,Moderate,11.07,29.88333333,RANCHI,3,33.21,0,clear sky,RANCHI,0
30.0,4.8,Snack,scooter,24.94,73.0,0.0,mist,Low,5.1,19.36666667,COIMB,2,10.2,0,mist,COIMB,0
38.0,4.7,Buffet,motorcycle,23.92,88.0,0.0,mist,Moderate,12.64,30.43333333,KOC,3,37.92,0,mist,Other,0
28.0,4.6,Snack,motorcycle,27.0,44.0,0.0,smoke,High,16.16,48.3,MUM,4,64.64,0,smoke,MUM,1
20.0,4.8,Buffet,motorcycle,17.14,72.0,0.0,haze,Moderate,11.16,26.43333333,INDO,3,33.480000000000004,0,haze,INDO,0
39.0,4.9,Snack,scooter,24.31,88.0,0.0,mist,Moderate,12.89,29.85,GOA,3,38.67,0,mist,Other,0
25.0,4.7,Drinks,motorcycle,19.8,68.0,0.0,haze,Very Low,2.43,15.93333333,JAP,1,2.43,1,haze,JAP,0
28.0,4.8,Buffet,electric scooter,19.76,93.0,0.0,mist,High,12.87,38.26666667,BANG,4,51.48,0,mist,BANG,0
21.0,4.7,Snack,motorcycle,22.85,43.0,0.0,clear sky,High,22.99,46.66666667,SUR,4,91.96,0,clear sky,SUR,1
32.0,4.5,Buffet,motorcycle,19.91,47.0,0.0,clear sky,Very High,28.77,49.31666667,JAP,5,143.85,0,clear sky,JAP,1
34.0,4.7,Meal,motorcycle,17.15,72.0,0.0,haze,High,16.98,38.61666667,INDO,4,67.92,0,haze,INDO,0
29.0,4.6,Buffet,motorcycle,21.33,66.0,0.0,broken clouds,Moderate,12.79,31.46666667,HYD,3,38.37,0,clouds,HYD,0
33.0,3.7,Meal,motorcycle,22.9,43.0,0.0,clear sky,High,17.73,34.2,SUR,4,70.92,0,clear sky,SUR,0
33.0,4.8,Buffet,scooter,18.27,82.0,0.0,scattered clouds,Moderate,19.45,32.98333333,MYS,3,58.349999999999994,0,clouds,MYS,0
24.0,5.0,Snack,motorcycle,19.62,93.0,0.0,mist,High,20.71,49.08333333,BANG,4,82.84,0,mist,BANG,1
25.0,4.9,Meal,scooter,19.58,91.0,0.0,mist,Low,4.31,21.33333333,BANG,2,8.62,0,mist,BANG,0
25.0,4.6,Meal,scooter,19.3,65.0,0.0,clear sky,Moderate,8.57,24.15,PUNE,3,25.71,0,clear sky,PUNE,0
22.0,5.0,Meal,scooter,19.79,47.0,0.0,clear sky,Very High,30.73,58.23333333,JAP,5,153.65,0,clear sky,JAP,1
26.0,4.6,Snack,motorcycle,16.49,82.0,0.0,mist,Very High,27.14,71.35,AURG,5,135.7,0,mist,Other,1
25.0,4.5,Buffet,motorcycle,19.09,65.0,0.0,clear sky,Low,6.67,17.03333333,PUNE,2,13.34,0,clear sky,PUNE,0
32.0,4.1,Buffet,motorcycle,24.86,73.0,0.0,mist,Very Low,2.99,15.81666667,COIMB,1,2.99,1,mist,COIMB,0
23.0,4.5,Drinks,motorcycle,21.38,64.0,0.0,overcast clouds,High,18.91,52.9,HYD,4,75.64,0,clouds,HYD,1
28.0,5.0,Buffet,scooter,26.42,87.0,0.0,scattered clouds,Very High,21.39,61.6,CHEN,5,106.95,0,clouds,CHEN,1
29.0,4.6,Snack,scooter,21.27,64.0,0.0,overcast clouds,High,20.79,48.81666667,HYD,4,83.16,0,clouds,HYD,1
27.0,4.7,Snack,scooter,18.19,81.0,0.0,broken clouds,Moderate,9.36,27.98333333,MYS,3,28.08,0,clouds,MYS,0
22.0,4.6,Meal,motorcycle,22.88,43.0,0.0,clear sky,High,16.18,35.0,SUR,4,64.72,0,clear sky,SUR,0
21.0,4.7,Buffet,motorcycle,26.98,44.0,0.0,smoke,Low,6.64,25.28333333,MUM,2,13.28,0,smoke,MUM,0
22.0,4.6,Drinks,motorcycle,21.36,65.0,0.0,broken clouds,Moderate,8.38,35.55,HYD,3,25.14,0,clouds,HYD,0
37.0,4.6,Meal,scooter,21.5,65.0,0.0,broken clouds,Very Low,3.48,9.966666667,HYD,1,3.48,0,clouds,HYD,0
25.0,4.2,Drinks,motorcycle,24.92,59.0,0.0,scattered clouds,Moderate,10.47,37.15,GOA,3,31.410000000000004,0,clouds,Other,0
34.0,4.7,Meal,motorcycle,26.39,87.0,0.0,scattered clouds,Very High,20.89,58.93333333,CHEN,5,104.45,0,clouds,CHEN,1
24.0,4.5,Snack,scooter,21.75,56.0,0.0,clear sky,High,17.35,43.93333333,KNP,4,69.4,0,clear sky,Other,0
34.0,4.2,Meal,scooter,18.97,93.0,0.0,fog,Very High,26.95,52.28333333,BANG,5,134.75,0,other,BANG,1
33.0,4.7,Snack,motorcycle,26.93,44.0,0.0,smoke,High,12.72,41.65,MUM,4,50.88,0,smoke,MUM,0
22.0,4.8,Drinks,scooter,17.71,68.0,0.0,clear sky,Moderate,15.31,37.56666667,RANCHI,3,45.93,0,clear sky,RANCHI,0
30.0,4.9,Meal,scooter,19.53,68.0,0.0,haze,Low,4.38,13.31666667,JAP,2,8.76,0,haze,JAP,0
25.0,4.1,Drinks,motorcycle,19.76,90.0,0.0,mist,Low,4.23,25.21666667,BANG,2,8.46,0,mist,BANG,0
25.0,4.9,Snack,motorcycle,18.4,81.0,0.0,scattered clouds,Moderate,13.88,30.15,MYS,3,41.64,0,clouds,MYS,0
27.0,4.8,Buffet,scooter,18.29,81.0,0.0,scattered clouds,Low,9.95,23.5,MYS,2,19.9,0,clouds,MYS,0
34.0,3.9,Drinks,motorcycle,21.32,65.0,0.0,broken clouds,High,16.42,43.41666667,HYD,4,65.68,0,clouds,HYD,0
34.0,4.7,Buffet,motorcycle,23.03,83.0,0.0,haze,Low,4.18,16.1,KOL,2,8.36,0,haze,Other,0
26.0,4.9,Snack,motorcycle,23.95,88.0,0.0,mist,High,21.12,45.4,KOC,4,84.48,0,mist,Other,1
35.0,4.4,Snack,motorcycle,16.92,72.0,0.0,haze,Low,9.79,21.86666667,INDO,2,19.58,0,haze,INDO,0
37.0,4.8,Snack,motorcycle,25.05,73.0,0.0,mist,Moderate,15.45,36.51666667,COIMB,3,46.349999999999994,0,mist,COIMB,0
28.0,4.8,Drinks,scooter,26.94,48.0,0.0,clear sky,Very High,35.89,90.15,MUM,5,179.45,0,clear sky,MUM,1
31.0,4.7,Buffet,scooter,26.43,88.0,0.0,mist,Low,6.5,23.6,CHEN,2,13.0,0,mist,CHEN,0
31.0,4.0,Meal,motorcycle,19.82,92.0,0.0,mist,Low,5.54,18.66666667,BANG,2,11.08,0,mist,BANG,0
34.0,4.0,Meal,motorcycle,26.39,88.0,0.0,mist,Moderate,9.08,28.53333333,CHEN,3,27.240000000000002,0,mist,CHEN,0
31.0,4.7,Snack,motorcycle,17.12,72.0,0.0,haze,Moderate,12.03,33.35,INDO,3,36.089999999999996,0,haze,INDO,0
26.0,4.7,Snack,motorcycle,19.45,93.0,0.0,mist,Very High,21.82,53.21666667,BANG,5,109.1,0,mist,BANG,1
29.0,4.6,Meal,bicycle,24.98,58.0,0.0,scattered clouds,Low,8.33,20.06666667,GOA,2,16.66,0,clouds,Other,0
39.0,4.4,Snack,motorcycle,17.23,53.0,0.0,clear sky,Moderate,17.48,33.9,INDO,3,52.44,0,clear sky,INDO,0
35.0,4.9,Drinks,motorcycle,18.35,77.0,0.0,scattered clouds,High,17.77,42.36666667,MYS,4,71.08,0,clouds,MYS,0
30.0,4.9,Drinks,motorcycle,19.95,46.0,0.0,clear sky,High,16.4,45.2,JAP,4,65.6,0,clear sky,JAP,1
22.0,4.9,Meal,scooter,24.75,88.0,0.0,mist,Low,4.96,15.6,GOA,2,9.92,0,mist,Other,0
24.0,4.4,Drinks,motorcycle,18.06,77.0,0.0,scattered clouds,Low,4.74,23.8,MYS,2,9.48,0,clouds,MYS,0
39.0,4.6,Snack,electric scooter,22.88,43.0,0.0,clear sky,High,19.68,41.25,SUR,4,78.72,0,clear sky,SUR,0
22.0,4.6,Drinks,motorcycle,25.06,73.0,0.0,mist,Moderate,13.92,40.1,COIMB,3,41.76,0,mist,COIMB,0
37.0,4.4,Buffet,motorcycle,26.36,88.0,0.0,mist,High,14.47,38.91666667,CHEN,4,57.88,0,mist,CHEN,0
37.0,4.4,Buffet,motorcycle,21.32,65.0,0.0,broken clouds,Low,3.86,15.06666667,HYD,2,7.72,0,clouds,HYD,0
32.0,4.7,Snack,scooter,19.22,93.0,0.0,fog,High,18.4,41.85,BANG,4,73.6,0,other,BANG,0
39.0,4.7,Buffet,motorcycle,21.12,65.0,0.0,broken clouds,Very High,22.79,49.78333333,HYD,5,113.94999999999999,0,clouds,HYD,1
21.0,4.3,Buffet,electric scooter,25.02,73.0,0.0,mist,High,23.03,50.11666667,COIMB,4,92.12,0,mist,COIMB,1
38.0,5.0,Buffet,motorcycle,20.3,91.0,0.0,mist,Low,5.39,22.71666667,BANG,2,10.78,0,mist,BANG,0
33.0,4.3,Drinks,scooter,19.24,64.0,0.0,clear sky,Very High,29.08,66.58333333,PUNE,5,145.39999999999998,0,clear sky,PUNE,1
34.0,4.7,Meal,motorcycle,24.81,58.0,0.0,scattered clouds,Moderate,9.59,24.81666667,GOA,3,28.77,0,clouds,Other,0
29.0,2.5,Meal,scooter,18.94,65.0,0.0,clear sky,Very High,27.25,66.11666667,PUNE,5,136.25,0,clear sky,PUNE,1
37.0,4.3,Meal,motorcycle,21.2,64.0,0.0,overcast clouds,High,21.52,47.11666667,HYD,4,86.08,0,clouds,HYD,1
20.0,4.9,Buffet,motorcycle,22.84,43.0,0.0,clear sky,High,21.28,42.03333333,SUR,4,85.12,0,clear sky,SUR,0
20.0,5.0,Drinks,motorcycle,27.05,47.0,0.0,clear sky,Moderate,7.8,34.16666667,MUM,3,23.4,0,clear sky,MUM,0
37.0,4.7,Buffet,scooter,25.46,44.0,0.0,smoke,High,12.03,45.26666667,MUM,4,48.12,0,smoke,MUM,1
22.0,5.0,Drinks,scooter,19.13,65.0,0.0,clear sky,Low,2.77,20.0,PUNE,2,5.54,1,clear sky,PUNE,0
26.0,4.6,Meal,motorcycle,18.72,58.0,0.0,clear sky,High,19.61,36.18333333,LUDH,4,78.44,0,clear sky,Other,0
32.0,4.4,Buffet,motorcycle,24.88,59.0,0.0,scattered clouds,High,16.61,38.61666667,GOA,4,66.44,0,clouds,Other,0
23.0,4.6,Meal,scooter,19.81,47.0,0.0,clear sky,High,24.58,45.73333333,JAP,4,98.32,0,clear sky,JAP,1
23.0,4.6,Meal,electric scooter,26.29,44.0,0.0,smoke,Low,4.36,19.11666667,MUM,2,8.72,0,smoke,MUM,0
26.0,4.4,Snack,scooter,18.72,58.0,0.0,clear sky,High,19.78,41.0,LUDH,4,79.12,0,clear sky,Other,0
27.0,4.5,Buffet,scooter,18.31,82.0,0.0,broken clouds,Very High,19.25,56.81666667,MYS,5,96.25,0,clouds,MYS,1
33.0,4.4,Snack,motorcycle,25.03,73.0,0.0,mist,High,18.08,43.76666667,COIMB,4,72.32,0,mist,COIMB,0
29.0,4.6,Snack,scooter,19.5,93.0,0.0,mist,Moderate,11.88,35.41666667,BANG,3,35.64,0,mist,BANG,0
39.0,4.0,Buffet,motorcycle,17.74,68.0,0.0,clear sky,Very Low,1.9,9.85,RANCHI,1,1.9,1,clear sky,RANCHI,0
29.0,4.5,Meal,motorcycle,21.14,65.0,0.0,broken clouds,Very High,22.49,52.35,HYD,5,112.44999999999999,0,clouds,HYD,1
20.0,4.6,Meal,motorcycle,27.0,44.0,0.0,smoke,Low,3.2,22.15,MUM,2,6.4,0,smoke,MUM,0
25.0,4.8,Snack,motorcycle,22.47,44.0,0.0,clear sky,High,24.65,42.33333333,VAD,4,98.6,0,clear sky,Other,0
20.0,5.0,Buffet,electric scooter,24.51,47.0,0.0,clear sky,High,8.97,37.81666667,MUM,4,35.88,0,clear sky,MUM,0
23.0,4.8,Drinks,motorcycle,19.89,68.0,0.0,haze,Moderate,11.34,36.65,JAP,3,34.019999999999996,0,haze,JAP,0
24.0,4.6,Buffet,motorcycle,19.62,68.0,0.0,haze,Low,3.77,14.68333333,JAP,2,7.54,0,haze,JAP,0
25.0,4.8,Meal,motorcycle,18.25,81.0,0.0,broken clouds,Low,6.73,16.5,MYS,2,13.46,0,clouds,MYS,0
37.0,4.8,Snack,motorcycle,22.99,83.0,0.0,haze,High,17.25,36.48333333,KOL,4,69.0,0,haze,Other,0
39.0,4.0,Meal,motorcycle,26.97,50.0,0.0,clear sky,Very High,18.37,48.2,MUM,5,91.85000000000001,0,clear sky,MUM,1
33.0,4.6,Drinks,motorcycle,23.44,44.0,0.0,clear sky,Low,8.62,28.8,SUR,2,17.24,0,clear sky,SUR,0
25.0,4.6,Drinks,scooter,24.86,73.0,0.0,mist,Low,3.42,25.38333333,COIMB,2,6.84,0,mist,COIMB,0
32.0,4.8,Meal,scooter,19.61,92.0,0.0,mist,Low,8.75,15.05,BANG,2,17.5,0,mist,BANG,0
37.0,4.8,Buffet,motorcycle,17.69,68.0,0.0,clear sky,Very Low,4.57,12.86666667,RANCHI,1,4.57,0,clear sky,RANCHI,0
31.0,4.5,Buffet,scooter,22.97,83.0,0.0,haze,Low,4.15,15.48333333,KOL,2,8.3,0,haze,Other,0
32.0,4.9,Snack,scooter,24.96,73.0,0.0,mist,Moderate,11.53,30.48333333,COIMB,3,34.589999999999996,0,mist,COIMB,0
29.0,5.0,Drinks,scooter,23.92,88.0,0.0,mist,Very Low,2.89,21.7,KOC,1,2.89,1,mist,Other,0
30.0,4.9,Snack,scooter,24.97,59.0,0.0,scattered clouds,Moderate,11.17,35.41666667,GOA,3,33.51,0,clouds,Other,0
26.0,4.7,Drinks,scooter,23.05,43.0,0.0,clear sky,Moderate,14.03,38.43333333,SUR,3,42.089999999999996,0,clear sky,SUR,0
20.0,4.9,Meal,electric scooter,22.97,43.0,0.0,clear sky,Moderate,12.29,25.16666667,SUR,3,36.87,0,clear sky,SUR,0
29.0,4.7,Snack,motorcycle,21.32,65.0,0.0,broken clouds,Very Low,3.86,15.05,HYD,1,3.86,0,clouds,HYD,0
28.0,4.7,Buffet,motorcycle,22.99,83.0,0.0,haze,Low,8.27,21.88333333,KOL,2,16.54,0,haze,Other,0
30.0,4.9,Drinks,motorcycle,21.39,65.0,0.0,broken clouds,Low,4.6,28.16666667,HYD,2,9.2,0,clouds,HYD,0
30.0,4.7,Drinks,scooter,21.25,65.0,0.0,broken clouds,Moderate,8.95,36.35,HYD,3,26.849999999999998,0,clouds,HYD,0
28.0,4.0,Buffet,motorcycle,21.18,65.0,0.0,broken clouds,High,13.79,37.58333333,HYD,4,55.16,0,clouds,HYD,0
29.0,4.6,Meal,scooter,19.99,46.0,0.0,clear sky,High,24.02,44.6,JAP,4,96.08,0,clear sky,JAP,0
29.0,4.8,Meal,scooter,19.94,46.0,0.0,clear sky,High,18.56,37.01666667,JAP,4,74.24,0,clear sky,JAP,0
25.0,4.9,Buffet,scooter,21.02,65.0,0.0,broken clouds,Very High,33.29,61.18333333,HYD,5,166.45,0,clouds,HYD,1
24.0,4.7,Drinks,scooter,18.05,81.0,0.0,broken clouds,Very Low,3.09,16.71666667,MYS,1,3.09,0,clouds,MYS,0
33.0,4.7,Meal,motorcycle,26.35,88.0,0.0,mist,High,27.25,46.16666667,CHEN,4,109.0,0,mist,CHEN,1
39.0,4.8,Meal,motorcycle,18.91,57.0,0.0,clear sky,Moderate,12.95,22.35,LUDH,3,38.849999999999994,0,clear sky,Other,0
21.0,4.5,Buffet,scooter,19.96,46.0,0.0,clear sky,High,16.67,38.03333333,JAP,4,66.68,0,clear sky,JAP,0
24.0,4.6,Snack,scooter,23.72,44.0,0.0,clear sky,Low,3.84,15.43333333,SUR,2,7.68,0,clear sky,SUR,0
29.0,4.6,Meal,motorcycle,22.84,43.0,0.0,clear sky,High,18.14,33.48333333,SUR,4,72.56,0,clear sky,SUR,0
35.0,4.7,Meal,motorcycle,19.01,65.0,0.0,clear sky,Moderate,12.79,27.01666667,PUNE,3,38.37,0,clear sky,PUNE,0
39.0,4.6,Meal,scooter,19.99,46.0,0.0,clear sky,High,22.87,43.21666667,JAP,4,91.48,0,clear sky,JAP,0
22.0,4.6,Buffet,motorcycle,19.88,93.0,0.0,mist,High,11.61,36.58333333,BANG,4,46.44,0,mist,BANG,0
33.0,4.3,Snack,electric scooter,26.35,88.0,0.0,mist,High,10.62,38.1,CHEN,4,42.48,0,mist,CHEN,0
29.0,4.4,Buffet,motorcycle,23.23,43.0,0.0,clear sky,Low,8.4,21.91666667,SUR,2,16.8,0,clear sky,SUR,0
29.0,4.6,Meal,motorcycle,19.53,65.0,0.0,clear sky,Very High,30.54,55.18333333,PUNE,5,152.7,0,clear sky,PUNE,1
22.0,4.7,Meal,motorcycle,24.96,73.0,0.0,mist,Low,8.86,21.13333333,COIMB,2,17.72,0,mist,COIMB,0
22.0,4.7,Meal,electric scooter,18.33,81.0,0.0,scattered clouds,Moderate,9.59,24.55,MYS,3,28.77,0,clouds,MYS,0
24.0,4.8,Drinks,motorcycle,21.4,53.0,0.0,clear sky,Very High,39.69,62.8,AGR,5,198.45,0,clear sky,Other,1
21.0,4.4,Buffet,motorcycle,8.93,80.0,0.0,clear sky,Very High,29.71,75.16666667,DEH,5,148.55,0,clear sky,Other,1
29.0,4.6,Buffet,motorcycle,22.81,43.0,0.0,clear sky,High,23.65,44.71666667,SUR,4,94.6,0,clear sky,SUR,0
20.0,4.7,Snack,scooter,24.97,73.0,0.0,mist,High,17.5,43.91666667,COIMB,4,70.0,0,mist,COIMB,0
35.0,4.9,Drinks,motorcycle,22.92,43.0,0.0,clear sky,High,16.08,41.43333333,SUR,4,64.32,0,clear sky,SUR,0
33.0,4.1,Meal,motorcycle,18.03,81.0,0.0,broken clouds,Low,4.42,13.93333333,MYS,2,8.84,0,clouds,MYS,0
36.0,4.6,Meal,motorcycle,18.32,81.0,0.0,broken clouds,Moderate,9.71,27.4,MYS,3,29.130000000000003,0,clouds,MYS,0
31.0,5.0,Meal,motorcycle,17.6,69.0,0.0,clear sky,High,20.31,37.13333333,RANCHI,4,81.24,0,clear sky,RANCHI,0
37.0,4.7,Snack,motorcycle,26.35,88.0,0.0,mist,High,10.62,38.1,CHEN,4,42.48,0,mist,CHEN,0
36.0,4.9,Meal,scooter,23.02,43.0,0.0,clear sky,Moderate,12.62,25.5,SUR,3,37.86,0,clear sky,SUR,0
27.0,4.6,Drinks,motorcycle,22.63,43.0,0.0,clear sky,Moderate,16.24,39.78333333,VAD,3,48.72,0,clear sky,Other,0
30.0,5.0,Drinks,scooter,18.03,81.0,0.0,broken clouds,Low,4.42,22.93333333,MYS,2,8.84,0,clouds,MYS,0
21.0,4.6,Buffet,motorcycle,26.45,87.0,0.0,scattered clouds,Very High,22.56,62.25,CHEN,5,112.8,0,clouds,CHEN,1
23.0,4.9,Meal,motorcycle,25.1,73.0,0.0,mist,High,18.18,40.2,COIMB,4,72.72,0,mist,COIMB,0
29.0,4.2,Buffet,motorcycle,19.62,68.0,0.0,haze,Very Low,3.21,13.16666667,JAP,1,3.21,0,haze,JAP,0
38.0,4.6,Snack,scooter,17.73,67.0,0.0,clear sky,Very High,26.18,50.95,RANCHI,5,130.9,0,clear sky,RANCHI,1
29.0,4.5,Drinks,motorcycle,24.86,73.0,0.0,mist,Moderate,11.62,40.08333333,COIMB,3,34.86,0,mist,COIMB,0
25.0,4.1,Drinks,motorcycle,17.08,72.0,0.0,haze,Low,4.15,24.31666667,INDO,2,8.3,0,haze,INDO,0
39.0,3.5,Drinks,motorcycle,22.88,43.0,0.0,clear sky,High,15.2,41.6,SUR,4,60.8,0,clear sky,SUR,0
30.0,4.8,Buffet,scooter,17.08,72.0,0.0,haze,Low,6.09,21.41666667,INDO,2,12.18,0,haze,INDO,0
39.0,5.0,Drinks,scooter,21.14,65.0,0.0,broken clouds,Low,3.17,21.58333333,HYD,2,6.34,0,clouds,HYD,0
25.0,4.9,Buffet,motorcycle,19.56,68.0,0.0,haze,Moderate,10.21,26.25,JAP,3,30.630000000000003,0,haze,JAP,0
23.0,4.9,Snack,scooter,25.0,73.0,0.0,mist,Moderate,11.49,32.81666667,COIMB,3,34.47,0,mist,COIMB,0
31.0,4.7,Drinks,motorcycle,21.27,64.0,0.0,broken clouds,High,14.01,42.85,HYD,4,56.04,0,clouds,HYD,0
32.0,4.7,Meal,electric scooter,26.39,88.0,0.0,broken clouds,High,12.93,33.13333333,CHEN,4,51.72,0,clouds,CHEN,0
32.0,4.5,Buffet,motorcycle,17.77,82.0,0.0,mist,Moderate,8.95,30.0,AURG,3,26.849999999999998,0,mist,Other,0
29.0,4.8,Meal,scooter,18.84,93.0,0.0,fog,High,17.58,37.85,BANG,4,70.32,0,other,BANG,0
34.0,5.0,Drinks,motorcycle,21.4,64.0,0.0,broken clouds,Moderate,10.22,32.58333333,HYD,3,30.660000000000004,0,clouds,HYD,0
29.0,1.0,Snack,scooter,17.19,72.0,0.0,haze,Moderate,13.4,35.23333333,INDO,3,40.2,0,haze,INDO,0
36.0,4.6,Drinks,motorcycle,18.74,64.0,0.0,haze,Very High,20.8,59.9,JAP,5,104.0,0,haze,JAP,1
37.0,4.9,Drinks,motorcycle,18.22,81.0,0.0,broken clouds,Low,8.15,29.11666667,MYS,2,16.3,0,clouds,MYS,0
22.0,4.7,Buffet,scooter,19.71,47.0,0.0,clear sky,Very High,29.44,49.86666667,JAP,5,147.20000000000002,0,clear sky,JAP,1
27.0,4.7,Buffet,scooter,19.75,92.0,0.0,mist,Moderate,11.94,35.75,BANG,3,35.82,0,mist,BANG,0
27.0,4.3,Drinks,motorcycle,14.39,77.0,0.0,clear sky,Moderate,10.16,34.5,DEH,3,30.48,0,clear sky,Other,0
26.0,4.5,Snack,scooter,26.31,88.0,0.0,scattered clouds,High,13.96,49.16666667,CHEN,4,55.84,0,clouds,CHEN,1
23.0,4.5,Buffet,scooter,23.02,43.0,0.0,clear sky,High,16.11,34.73333333,SUR,4,64.44,0,clear sky,SUR,0
24.0,4.6,Drinks,motorcycle,26.98,44.0,0.0,smoke,Moderate,11.75,44.03333333,MUM,3,35.25,0,smoke,MUM,0
31.0,4.1,Snack,electric scooter,26.36,44.0,0.0,smoke,Very High,30.61,82.71666667,MUM,5,153.05,0,smoke,MUM,1
28.0,4.6,Buffet,motorcycle,19.31,64.0,0.0,clear sky,Low,6.03,19.88333333,PUNE,2,12.06,0,clear sky,PUNE,0
27.0,4.9,Buffet,motorcycle,23.01,43.0,0.0,clear sky,Moderate,11.64,29.26666667,SUR,3,34.92,0,clear sky,SUR,0
31.0,4.7,Buffet,scooter,18.29,81.0,0.0,scattered clouds,Moderate,14.88,32.75,MYS,3,44.64,0,clouds,MYS,0
27.0,5.0,Meal,motorcycle,23.96,88.0,0.0,mist,Moderate,11.82,28.33333333,KOC,3,35.46,0,mist,Other,0
28.0,4.1,Drinks,scooter,22.84,43.0,0.0,clear sky,High,21.28,49.08333333,SUR,4,85.12,0,clear sky,SUR,1
28.0,4.7,Drinks,electric scooter,26.48,87.0,0.0,scattered clouds,Very High,30.52,84.36666667,CHEN,5,152.6,0,clouds,CHEN,1
37.0,4.6,Meal,electric scooter,22.88,42.0,0.0,clear sky,Low,4.31,11.0,VAD,2,8.62,0,clear sky,Other,0
34.0,4.8,Snack,electric scooter,18.94,65.0,0.0,few clouds,Low,7.78,22.93333333,PUNE,2,15.56,0,clouds,PUNE,0
27.0,4.9,Buffet,scooter,21.32,66.0,0.0,broken clouds,High,13.04,34.98333333,HYD,4,52.16,0,clouds,HYD,0
28.0,4.8,Drinks,electric scooter,17.09,72.0,0.0,haze,Very Low,3.45,20.58333333,INDO,1,3.45,0,haze,INDO,0
34.0,4.2,Meal,motorcycle,23.46,43.0,0.0,clear sky,Very Low,1.75,6.3,SUR,1,1.75,1,clear sky,SUR,0
23.0,4.7,Buffet,motorcycle,17.9,67.0,0.0,clear sky,Low,10.95,17.66666667,RANCHI,2,21.9,0,clear sky,RANCHI,0
21.0,4.7,Meal,motorcycle,19.54,93.0,0.0,mist,High,17.54,34.25,BANG,4,70.16,0,mist,BANG,0
21.0,4.8,Drinks,motorcycle,19.22,93.0,0.0,fog,High,18.4,46.63333333,BANG,4,73.6,0,other,BANG,1
27.0,4.5,Drinks,scooter,19.47,65.0,0.0,clear sky,Very High,25.16,61.26666667,PUNE,5,125.8,0,clear sky,PUNE,1
20.0,4.7,Snack,motorcycle,18.47,82.0,0.0,broken clouds,High,27.11,45.3,MYS,4,108.44,0,clouds,MYS,1
26.0,4.6,Meal,scooter,17.97,77.0,0.0,scattered clouds,High,12.84,34.83333333,MYS,4,51.36,0,clouds,MYS,0
25.0,4.9,Meal,scooter,23.6,44.0,0.0,clear sky,Very Low,2.69,6.116666667,SUR,1,2.69,1,clear sky,SUR,0
22.0,4.8,Buffet,motorcycle,22.47,44.0,0.0,clear sky,High,20.94,40.53333333,VAD,4,83.76,0,clear sky,Other,0
39.0,4.7,Buffet,scooter,18.93,57.0,0.0,clear sky,Moderate,8.92,23.28333333,LUDH,3,26.759999999999998,0,clear sky,Other,0
32.0,4.0,Meal,motorcycle,19.76,93.0,0.0,mist,High,12.95,39.43333333,BANG,4,51.8,0,mist,BANG,0
30.0,4.9,Buffet,scooter,17.3,53.0,0.0,clear sky,Very High,26.88,49.73333333,INDO,5,134.4,0,clear sky,INDO,1
30.0,4.3,Buffet,scooter,18.86,57.0,0.0,clear sky,Moderate,14.5,31.21666667,LUDH,3,43.5,0,clear sky,Other,0
38.0,4.8,Meal,scooter,21.16,65.0,0.0,broken clouds,High,20.31,46.11666667,HYD,4,81.24,0,clouds,HYD,1
36.0,4.6,Snack,scooter,27.05,44.0,0.0,smoke,Very High,29.68,72.0,MUM,5,148.4,0,smoke,MUM,1
29.0,4.9,Snack,scooter,21.83,54.0,0.0,clear sky,High,17.68,45.45,KNP,4,70.72,0,clear sky,Other,1
38.0,4.6,Snack,scooter,26.37,88.0,0.0,mist,Low,8.93,26.8,CHEN,2,17.86,0,mist,CHEN,0
30.0,4.5,Buffet,motorcycle,26.47,88.0,0.0,mist,Low,3.77,16.06666667,CHEN,2,7.54,0,mist,CHEN,0
39.0,5.0,Buffet,motorcycle,19.17,65.0,0.0,clear sky,Moderate,10.07,27.21666667,PUNE,3,30.21,0,clear sky,PUNE,0
33.0,4.6,Snack,electric scooter,21.27,65.0,0.0,broken clouds,Very Low,2.53,12.38333333,HYD,1,2.53,1,clouds,HYD,0
31.0,4.8,Drinks,scooter,23.0,83.0,0.0,haze,Moderate,11.3,31.23333333,KOL,3,33.900000000000006,0,haze,Other,0
37.0,4.7,Snack,motorcycle,19.22,65.0,0.0,clear sky,Moderate,7.87,25.31666667,PUNE,3,23.61,0,clear sky,PUNE,0
26.0,4.6,Meal,motorcycle,26.44,88.0,0.0,mist,Low,5.09,19.06666667,CHEN,2,10.18,0,mist,CHEN,0
29.0,1.0,Buffet,bicycle,23.23,43.0,0.0,clear sky,Moderate,12.53,25.36666667,SUR,3,37.589999999999996,0,clear sky,SUR,0
32.0,4.6,Snack,motorcycle,26.41,73.0,0.0,scattered clouds,Very High,28.49,69.23333333,CHEN,5,142.45,0,clouds,CHEN,1
36.0,3.6,Drinks,scooter,20.01,68.0,0.0,haze,High,20.19,50.13333333,JAP,4,80.76,0,haze,JAP,1
30.0,4.7,Drinks,scooter,23.39,43.0,0.0,clear sky,Low,4.21,23.46666667,SUR,2,8.42,0,clear sky,SUR,0
31.0,4.7,Buffet,motorcycle,24.86,73.0,0.0,mist,Low,3.77,19.41666667,COIMB,2,7.54,0,mist,COIMB,0
34.0,4.9,Buffet,motorcycle,17.15,82.0,0.0,mist,Very High,23.72,62.25,AURG,5,118.6,0,mist,Other,1
20.0,4.6,Drinks,scooter,26.4,87.0,0.0,scattered clouds,Very High,24.59,72.03333333,CHEN,5,122.95,0,clouds,CHEN,1
38.0,4.3,Buffet,scooter,17.22,52.0,0.0,clear sky,High,22.38,40.1,INDO,4,89.52,0,clear sky,INDO,0
27.0,4.9,Snack,motorcycle,24.96,73.0,0.0,mist,Moderate,11.58,30.01666667,COIMB,3,34.74,0,mist,COIMB,0
25.0,4.9,Buffet,motorcycle,21.79,54.0,0.0,clear sky,Moderate,14.27,31.18333333,KNP,3,42.81,0,clear sky,Other,0
29.0,5.0,Meal,motorcycle,27.01,44.0,0.0,smoke,Low,4.77,21.91666667,MUM,2,9.54,0,smoke,MUM,0
34.0,4.5,Drinks,motorcycle,19.91,47.0,0.0,clear sky,Very High,29.78,57.28333333,JAP,5,148.9,0,clear sky,JAP,1
28.0,4.0,Snack,scooter,21.19,64.0,0.0,overcast clouds,High,23.2,52.23333333,HYD,4,92.8,0,clouds,HYD,1
29.0,4.8,Drinks,scooter,26.4,92.0,0.0,scattered clouds,Very High,27.57,74.05,CHEN,5,137.85,0,clouds,CHEN,1
20.0,4.6,Meal,motorcycle,21.26,66.0,0.0,broken clouds,High,23.59,38.16666667,HYD,4,94.36,0,clouds,HYD,0
25.0,4.8,Snack,motorcycle,18.27,82.0,0.0,scattered clouds,Moderate,19.45,35.43333333,MYS,3,58.349999999999994,0,clouds,MYS,0
35.0,4.8,Meal,scooter,27.01,44.0,0.0,smoke,Moderate,12.12,35.33333333,MUM,3,36.36,0,smoke,MUM,0
21.0,4.8,Snack,scooter,19.39,92.0,0.0,mist,Low,7.03,25.43333333,BANG,2,14.06,0,mist,BANG,0
37.0,4.5,Buffet,motorcycle,18.12,77.0,0.0,scattered clouds,Moderate,20.68,31.21666667,MYS,3,62.04,0,clouds,MYS,0
38.0,4.6,Buffet,electric scooter,17.72,68.0,0.0,clear sky,Moderate,7.87,25.11666667,RANCHI,3,23.61,0,clear sky,RANCHI,0
38.0,5.0,Drinks,motorcycle,20.12,68.0,0.0,haze,High,37.48,52.95,JAP,4,149.92,0,haze,JAP,1
23.0,5.0,Buffet,motorcycle,22.0,55.0,0.0,clear sky,Moderate,14.5,31.93333333,ALH,3,43.5,0,clear sky,Other,0
22.0,4.5,Drinks,electric scooter,19.0,64.0,0.0,clear sky,Moderate,10.43,36.01666667,PUNE,3,31.29,0,clear sky,PUNE,0
26.0,4.7,Buffet,motorcycle,26.35,88.0,0.0,mist,Low,3.99,18.9,CHEN,2,7.98,0,mist,CHEN,0
23.0,4.7,Drinks,motorcycle,19.13,65.0,0.0,clear sky,Very High,21.42,58.43333333,PUNE,5,107.10000000000001,0,clear sky,PUNE,1
27.0,4.7,Snack,motorcycle,17.83,67.0,0.0,clear sky,Moderate,16.82,30.53333333,RANCHI,3,50.46,0,clear sky,RANCHI,0
35.0,4.7,Drinks,electric scooter,17.51,69.0,0.0,clear sky,High,19.69,40.25,RANCHI,4,78.76,0,clear sky,RANCHI,0
25.0,4.9,Snack,motorcycle,18.28,77.0,0.0,scattered clouds,Moderate,18.24,36.56666667,MYS,3,54.72,0,clouds,MYS,0
22.0,4.6,Drinks,motorcycle,18.32,77.0,0.0,scattered clouds,High,16.46,42.15,MYS,4,65.84,0,clouds,MYS,0
35.0,4.6,Snack,scooter,19.18,65.0,0.0,clear sky,Moderate,11.07,31.75,PUNE,3,33.21,0,clear sky,PUNE,0
27.0,4.9,Drinks,scooter,17.7,68.0,0.0,clear sky,Very Low,2.21,15.83333333,RANCHI,1,2.21,1,clear sky,RANCHI,0
38.0,4.9,Snack,scooter,19.22,65.0,0.0,clear sky,Moderate,8.03,29.48333333,PUNE,3,24.089999999999996,0,clear sky,PUNE,0
22.0,4.7,Snack,motorcycle,23.38,43.0,0.0,clear sky,Low,8.82,24.26666667,SUR,2,17.64,0,clear sky,SUR,0
24.0,5.0,Drinks,scooter,17.72,82.0,0.0,mist,Moderate,11.91,34.25,AURG,3,35.730000000000004,0,mist,Other,0
32.0,4.8,Snack,motorcycle,18.72,58.0,0.0,clear sky,High,15.91,37.38333333,LUDH,4,63.64,0,clear sky,Other,0
29.0,4.7,Meal,motorcycle,23.91,88.0,0.0,mist,Low,7.45,21.13333333,KOC,2,14.9,0,mist,Other,0
20.0,4.5,Snack,motorcycle,22.97,83.0,0.0,haze,Low,5.99,19.96666667,KOL,2,11.98,0,haze,Other,0
37.0,4.8,Meal,motorcycle,21.25,66.0,0.0,broken clouds,Very High,25.6,50.18333333,HYD,5,128.0,0,clouds,HYD,1
24.0,4.5,Drinks,motorcycle,19.12,65.0,0.0,clear sky,High,13.34,44.81666667,PUNE,4,53.36,0,clear sky,PUNE,0
33.0,4.0,Buffet,motorcycle,19.52,92.0,0.0,mist,Low,8.93,25.31666667,BANG,2,17.86,0,mist,BANG,0
26.0,4.6,Drinks,motorcycle,25.46,44.0,0.0,smoke,High,9.1,45.68333333,MUM,4,36.4,0,smoke,MUM,1
30.0,4.8,Buffet,motorcycle,22.97,43.0,0.0,clear sky,Moderate,13.57,29.45,SUR,3,40.71,0,clear sky,SUR,0
25.0,4.3,Snack,motorcycle,23.97,78.0,0.0,mist,Moderate,12.91,33.36666667,COIMB,3,38.730000000000004,0,mist,COIMB,0
20.0,4.9,Snack,motorcycle,17.62,68.0,0.0,clear sky,Low,7.54,21.31666667,RANCHI,2,15.08,0,clear sky,RANCHI,0
33.0,4.7,Drinks,motorcycle,21.36,65.0,0.0,broken clouds,Very Low,3.22,18.55,HYD,1,3.22,0,clouds,HYD,0
30.0,4.7,Drinks,electric scooter,23.97,78.0,0.0,mist,Moderate,11.43,33.78333333,COIMB,3,34.29,0,mist,COIMB,0
26.0,4.6,Meal,electric scooter,18.74,68.0,0.0,haze,Moderate,6.66,25.41666667,JAP,3,19.98,0,haze,JAP,0
34.0,3.5,Meal,scooter,19.07,93.0,0.0,fog,High,22.12,45.91666667,BANG,4,88.48,0,other,BANG,1
28.0,4.6,Snack,scooter,23.61,44.0,0.0,clear sky,Very Low,2.61,12.15,SUR,1,2.61,1,clear sky,SUR,0
35.0,4.7,Drinks,scooter,19.7,64.0,0.0,haze,Low,5.96,26.48333333,JAP,2,11.92,0,haze,JAP,0
29.0,4.7,Meal,motorcycle,17.18,72.0,0.0,haze,Moderate,13.4,26.81666667,INDO,3,40.2,0,haze,INDO,0
29.0,4.8,Buffet,motorcycle,26.99,44.0,0.0,smoke,Moderate,7.88,29.98333333,MUM,3,23.64,0,smoke,MUM,0
28.0,4.9,Meal,motorcycle,19.99,56.0,0.0,clear sky,Very High,27.05,56.11666667,KNP,5,135.25,0,clear sky,Other,1
39.0,4.1,Buffet,motorcycle,18.98,65.0,0.0,clear sky,High,18.32,42.03333333,PUNE,4,73.28,0,clear sky,PUNE,0
33.0,4.3,Drinks,electric scooter,17.41,69.0,0.0,clear sky,High,18.92,40.35,RANCHI,4,75.68,0,clear sky,RANCHI,0
33.0,4.6,Drinks,motorcycle,26.84,44.0,0.0,smoke,Moderate,8.18,39.38333333,MUM,3,24.54,0,smoke,MUM,0
27.0,4.2,Meal,scooter,19.33,65.0,0.0,clear sky,High,16.78,45.2,PUNE,4,67.12,0,clear sky,PUNE,1
24.0,4.6,Buffet,motorcycle,19.72,46.0,0.0,clear sky,Moderate,15.56,32.13333333,JAP,3,46.68,0,clear sky,JAP,0
37.0,4.0,Meal,motorcycle,26.69,44.0,0.0,smoke,Very High,19.24,53.9,MUM,5,96.19999999999999,0,smoke,MUM,1
33.0,4.8,Snack,motorcycle,21.14,65.0,0.0,broken clouds,Very High,22.49,55.63333333,HYD,5,112.44999999999999,0,clouds,HYD,1
29.0,4.6,Drinks,scooter,22.79,43.0,0.0,clear sky,High,20.21,47.21666667,SUR,4,80.84,0,clear sky,SUR,1
35.0,4.6,Snack,electric scooter,17.23,53.0,0.0,clear sky,Moderate,17.48,33.78333333,INDO,3,52.44,0,clear sky,INDO,0
34.0,5.0,Buffet,motorcycle,17.77,82.0,0.0,mist,High,18.28,44.21666667,AURG,4,73.12,0,mist,Other,0
34.0,3.5,Drinks,motorcycle,26.99,48.0,0.0,clear sky,Very High,25.54,63.36666667,MUM,5,127.69999999999999,0,clear sky,MUM,1
20.0,4.3,Drinks,scooter,17.73,67.0,0.0,clear sky,Very High,26.18,56.16666667,RANCHI,5,130.9,0,clear sky,RANCHI,1
35.0,4.6,Snack,scooter,19.63,64.0,0.0,haze,Very Low,1.78,10.38333333,JAP,1,1.78,1,haze,JAP,0
28.0,4.6,Snack,electric scooter,18.91,64.0,0.0,clear sky,Very High,20.24,59.38333333,PUNE,5,101.19999999999999,0,clear sky,PUNE,1
37.0,4.8,Drinks,motorcycle,25.56,47.0,0.0,clear sky,Very High,35.1,89.31666667,MUM,5,175.5,0,clear sky,MUM,1
36.0,4.4,Meal,motorcycle,22.47,44.0,0.0,clear sky,High,21.29,40.3,VAD,4,85.16,0,clear sky,Other,0
33.0,4.8,Meal,motorcycle,26.35,88.0,0.0,scattered clouds,High,14.2,42.48333333,CHEN,4,56.8,0,clouds,CHEN,0
25.0,4.7,Snack,motorcycle,25.06,73.0,0.0,mist,High,14.51,38.16666667,COIMB,4,58.04,0,mist,COIMB,0
20.0,4.6,Drinks,scooter,19.53,65.0,0.0,clear sky,Very High,30.42,64.18333333,PUNE,5,152.10000000000002,0,clear sky,PUNE,1
38.0,4.8,Buffet,electric scooter,18.19,81.0,0.0,broken clouds,Moderate,9.36,25.83333333,MYS,3,28.08,0,clouds,MYS,0
28.0,4.1,Snack,scooter,22.48,43.0,0.0,clear sky,Moderate,18.12,33.8,VAD,3,54.36,0,clear sky,Other,0
31.0,4.8,Snack,scooter,17.12,72.0,0.0,haze,Moderate,9.33,28.01666667,INDO,3,27.990000000000002,0,haze,INDO,0
30.0,4.6,Snack,motorcycle,19.44,64.0,0.0,haze,Low,6.05,17.28333333,JAP,2,12.1,0,haze,JAP,0
26.0,5.0,Meal,scooter,17.18,72.0,0.0,haze,High,16.66,34.7,INDO,4,66.64,0,haze,INDO,0
25.0,4.6,Buffet,scooter,26.35,88.0,0.0,mist,Low,3.99,18.88333333,CHEN,2,7.98,0,mist,CHEN,0
20.0,4.9,Buffet,motorcycle,19.96,47.0,0.0,clear sky,High,23.52,47.91666667,JAP,4,94.08,0,clear sky,JAP,1
28.0,4.7,Snack,electric scooter,19.77,91.0,0.0,mist,Low,8.88,21.06666667,BANG,2,17.76,0,mist,BANG,0
38.0,4.8,Meal,motorcycle,18.52,56.0,0.0,clear sky,Very Low,1.86,6.166666667,BHP,1,1.86,1,clear sky,Other,0
36.0,4.6,Snack,motorcycle,24.74,47.0,0.0,clear sky,Very High,22.23,56.68333333,MUM,5,111.15,0,clear sky,MUM,1
21.0,4.4,Snack,motorcycle,26.42,87.0,0.0,scattered clouds,Very High,21.39,63.43333333,CHEN,5,106.95,0,clouds,CHEN,1
30.0,4.7,Snack,scooter,19.66,91.0,0.0,mist,Moderate,9.9,30.9,BANG,3,29.700000000000003,0,mist,BANG,0
33.0,4.7,Meal,scooter,17.88,67.0,0.0,clear sky,High,17.44,32.91666667,RANCHI,4,69.76,0,clear sky,RANCHI,0
24.0,4.8,Buffet,scooter,21.64,52.0,0.0,clear sky,Moderate,7.29,30.8,AGR,3,21.87,0,clear sky,Other,0
20.0,4.8,Meal,scooter,18.4,81.0,0.0,scattered clouds,Moderate,11.89,27.36666667,MYS,3,35.67,0,clouds,MYS,0
25.0,4.6,Meal,motorcycle,19.9,93.0,0.0,mist,Moderate,11.08,31.26666667,BANG,3,33.24,0,mist,BANG,0
20.0,4.8,Snack,motorcycle,21.29,66.0,0.0,broken clouds,Very Low,2.52,14.45,HYD,1,2.52,1,clouds,HYD,0
27.0,5.0,Meal,motorcycle,19.9,46.0,0.0,clear sky,High,20.18,40.11666667,JAP,4,80.72,0,clear sky,JAP,0
29.0,4.6,Meal,scooter,24.96,73.0,0.0,mist,Moderate,11.74,26.4,COIMB,3,35.22,0,mist,COIMB,0
27.0,4.7,Snack,electric scooter,17.22,53.0,0.0,clear sky,Very High,31.11,53.45,INDO,5,155.55,0,clear sky,INDO,1
21.0,4.8,Snack,motorcycle,19.37,93.0,0.0,mist,High,18.04,40.58333333,BANG,4,72.16,0,mist,BANG,0
32.0,4.8,Snack,motorcycle,26.36,87.0,0.0,scattered clouds,Very High,26.35,60.41666667,CHEN,5,131.75,0,clouds,CHEN,1
27.0,4.4,Snack,motorcycle,23.94,88.0,0.0,mist,Very High,31.38,61.66666667,KOC,5,156.9,0,mist,Other,1
26.0,4.8,Meal,motorcycle,26.98,44.0,0.0,smoke,Low,6.64,23.13333333,MUM,2,13.28,0,smoke,MUM,0
37.0,4.4,Drinks,motorcycle,17.07,72.0,0.0,haze,Moderate,9.69,32.86666667,INDO,3,29.07,0,haze,INDO,0
31.0,4.6,Snack,scooter,26.49,44.0,0.0,smoke,High,16.26,51.1,MUM,4,65.04,0,smoke,MUM,1
26.0,4.7,Buffet,motorcycle,27.05,48.0,0.0,clear sky,Low,4.74,15.63333333,MUM,2,9.48,0,clear sky,MUM,0
22.0,4.6,Buffet,scooter,18.35,57.0,0.0,clear sky,Very Low,3.18,11.31666667,BHP,1,3.18,0,clear sky,Other,0
22.0,4.9,Drinks,motorcycle,19.94,46.0,0.0,clear sky,High,17.58,47.21666667,JAP,4,70.32,0,clear sky,JAP,1
31.0,4.9,Meal,motorcycle,21.33,67.0,0.0,broken clouds,Very High,28.06,52.1,HYD,5,140.29999999999998,0,clouds,HYD,1
34.0,4.6,Meal,electric scooter,19.51,68.0,0.0,haze,High,12.06,34.33333333,JAP,4,48.24,0,haze,JAP,0
29.0,4.6,Drinks,motorcycle,17.78,68.0,0.0,clear sky,High,18.88,40.13333333,RANCHI,4,75.52,0,clear sky,RANCHI,0
37.0,5.0,Buffet,motorcycle,22.47,44.0,0.0,clear sky,High,20.94,40.46666667,VAD,4,83.76,0,clear sky,Other,0
28.0,4.6,Drinks,motorcycle,17.72,68.0,0.0,clear sky,Moderate,9.71,34.8,RANCHI,3,29.130000000000003,0,clear sky,RANCHI,0
36.0,4.2,Meal,motorcycle,25.11,73.0,0.0,mist,High,23.71,47.35,COIMB,4,94.84,0,mist,COIMB,1
33.0,4.7,Buffet,motorcycle,23.08,43.0,0.0,clear sky,Low,8.08,19.2,SUR,2,16.16,0,clear sky,SUR,0
27.0,4.7,Buffet,motorcycle,24.88,73.0,0.0,mist,Low,4.59,18.05,COIMB,2,9.18,0,mist,COIMB,0
25.0,4.6,Drinks,scooter,22.9,43.0,0.0,clear sky,High,15.72,41.18333333,SUR,4,62.88,0,clear sky,SUR,0
28.0,4.8,Buffet,scooter,22.96,42.0,0.0,clear sky,Very Low,2.9,12.23333333,VAD,1,2.9,1,clear sky,Other,0
21.0,4.6,Meal,motorcycle,25.27,73.0,0.0,mist,Very High,32.94,50.78333333,COIMB,5,164.7,0,mist,COIMB,1
21.0,4.7,Drinks,scooter,24.9,73.0,0.0,mist,Very Low,2.09,18.15,COIMB,1,2.09,1,mist,COIMB,0
21.0,4.6,Meal,scooter,19.49,93.0,0.0,mist,Very High,26.71,50.71666667,BANG,5,133.55,0,mist,BANG,1
36.0,4.4,Snack,motorcycle,22.86,42.0,0.0,clear sky,Low,6.97,17.73333333,VAD,2,13.94,0,clear sky,Other,0
37.0,4.2,Buffet,scooter,22.86,42.0,0.0,clear sky,Low,6.97,15.73333333,VAD,2,13.94,0,clear sky,Other,0
33.0,4.5,Snack,motorcycle,26.45,87.0,0.0,scattered clouds,Very High,30.77,76.56666667,CHEN,5,153.85,0,clouds,CHEN,1
20.0,4.7,Drinks,motorcycle,17.82,82.0,0.0,mist,Low,8.45,31.81666667,AURG,2,16.9,0,mist,Other,0
25.0,4.8,Snack,motorcycle,21.78,51.0,0.0,clear sky,Moderate,13.86,30.48333333,AGR,3,41.58,0,clear sky,Other,0
24.0,4.7,Buffet,motorcycle,26.9,44.0,0.0,smoke,Moderate,9.08,34.56666667,MUM,3,27.240000000000002,0,smoke,MUM,0
27.0,4.2,Snack,motorcycle,17.71,68.0,0.0,clear sky,Low,3.8,18.9,RANCHI,2,7.6,0,clear sky,RANCHI,0
27.0,4.8,Buffet,motorcycle,18.32,81.0,0.0,broken clouds,High,15.66,36.61666667,MYS,4,62.64,0,clouds,MYS,0
31.0,4.4,Meal,motorcycle,26.44,87.0,0.0,scattered clouds,Very High,18.15,55.51666667,CHEN,5,90.75,0,clouds,CHEN,1
23.0,5.0,Meal,motorcycle,20.16,68.0,0.0,haze,Low,5.53,13.76666667,JAP,2,11.06,0,haze,JAP,0
20.0,2.7,Meal,motorcycle,19.54,93.0,0.0,mist,High,17.54,36.26666667,BANG,4,70.16,0,mist,BANG,0
34.0,4.7,Drinks,scooter,22.78,43.0,0.0,clear sky,Moderate,11.75,31.9,VAD,3,35.25,0,clear sky,Other,0
28.0,4.9,Buffet,motorcycle,22.57,44.0,0.0,clear sky,Moderate,17.99,31.21666667,VAD,3,53.97,0,clear sky,Other,0
27.0,4.7,Meal,scooter,17.66,68.0,0.0,clear sky,Very Low,2.26,8.983333333,RANCHI,1,2.26,1,clear sky,RANCHI,0
20.0,4.8,Meal,scooter,18.19,81.0,0.0,scattered clouds,Moderate,10.51,26.15,MYS,3,31.53,0,clouds,MYS,0
39.0,4.6,Drinks,motorcycle,17.12,72.0,0.0,haze,Moderate,12.87,38.96666667,INDO,3,38.61,0,haze,INDO,0
29.0,5.0,Meal,scooter,22.84,43.0,0.0,clear sky,High,20.19,40.5,SUR,4,80.76,0,clear sky,SUR,0
23.0,4.8,Meal,motorcycle,19.58,68.0,0.0,haze,Low,4.25,15.01666667,JAP,2,8.5,0,haze,JAP,0
39.0,4.5,Buffet,motorcycle,18.99,64.0,0.0,clear sky,Very Low,3.27,12.0,PUNE,1,3.27,0,clear sky,PUNE,0
27.0,4.6,Snack,electric scooter,27.01,44.0,0.0,smoke,Low,4.77,25.85,MUM,2,9.54,0,smoke,MUM,0
36.0,4.8,Meal,scooter,22.89,43.0,0.0,clear sky,High,24.21,43.35,SUR,4,96.84,0,clear sky,SUR,0
29.0,4.6,Drinks,scooter,19.58,68.0,0.0,haze,Low,6.36,26.83333333,JAP,2,12.72,0,haze,JAP,0
29.0,4.6,Buffet,motorcycle,16.77,82.0,0.0,mist,Very High,23.36,59.86666667,AURG,5,116.8,0,mist,Other,1
27.0,4.7,Drinks,scooter,26.37,88.0,0.0,mist,Low,7.3,27.7,CHEN,2,14.6,0,mist,CHEN,0
39.0,4.7,Buffet,motorcycle,19.88,46.0,0.0,clear sky,High,20.25,44.11666667,JAP,4,81.0,0,clear sky,JAP,0
26.0,4.7,Snack,motorcycle,18.01,81.0,0.0,scattered clouds,Low,4.51,17.98333333,MYS,2,9.02,0,clouds,MYS,0
39.0,4.8,Snack,scooter,21.01,64.0,0.0,broken clouds,Very High,25.41,60.15,HYD,5,127.05,0,clouds,HYD,1
24.0,4.6,Meal,motorcycle,17.07,72.0,0.0,haze,Moderate,9.69,23.83333333,INDO,3,29.07,0,haze,INDO,0
29.0,4.9,Snack,motorcycle,18.91,57.0,0.0,clear sky,Moderate,13.99,28.5,LUDH,3,41.97,0,clear sky,Other,0
29.0,4.1,Meal,scooter,26.45,87.0,0.0,scattered clouds,Very High,22.18,58.41666667,CHEN,5,110.9,0,clouds,CHEN,1
30.0,4.9,Snack,motorcycle,18.01,81.0,0.0,scattered clouds,Moderate,9.99,28.83333333,MYS,3,29.97,0,clouds,MYS,0
31.0,4.5,Buffet,scooter,25.16,73.0,0.0,mist,High,22.72,47.01666667,COIMB,4,90.88,0,mist,COIMB,1
27.0,4.9,Snack,scooter,22.99,83.0,0.0,haze,High,17.67,40.58333333,KOL,4,70.68,0,haze,Other,0
28.0,4.6,Buffet,motorcycle,18.01,81.0,0.0,scattered clouds,Moderate,9.99,26.8,MYS,3,29.97,0,clouds,MYS,0
22.0,4.7,Drinks,motorcycle,23.03,83.0,0.0,haze,Low,9.1,30.86666667,KOL,2,18.2,0,haze,Other,0
30.0,4.5,Buffet,motorcycle,26.52,44.0,0.0,smoke,Very High,16.71,58.86666667,MUM,5,83.55000000000001,0,smoke,MUM,1
21.0,4.6,Meal,scooter,23.87,88.0,0.0,mist,High,16.03,36.68333333,KOC,4,64.12,0,mist,Other,0
26.0,4.6,Snack,scooter,25.03,73.0,0.0,mist,Moderate,9.89,28.11666667,COIMB,3,29.67,0,mist,COIMB,0
23.0,5.0,Drinks,motorcycle,21.42,65.0,0.0,broken clouds,Low,7.68,30.06666667,HYD,2,15.36,0,clouds,HYD,0
26.0,4.9,Drinks,motorcycle,26.34,88.0,0.0,mist,High,13.58,47.1,CHEN,4,54.32,0,mist,CHEN,1
34.0,4.4,Meal,motorcycle,18.12,81.0,0.0,broken clouds,Low,5.14,13.76666667,MYS,2,10.28,0,clouds,MYS,0
29.0,4.6,Snack,electric scooter,17.14,72.0,0.0,haze,Moderate,11.75,30.86666667,INDO,3,35.25,0,haze,INDO,0
32.0,4.9,Buffet,motorcycle,17.29,53.0,0.0,clear sky,Very High,27.38,48.98333333,INDO,5,136.9,0,clear sky,INDO,1
38.0,4.6,Snack,motorcycle,23.1,43.0,0.0,clear sky,Moderate,11.71,30.96666667,SUR,3,35.13,0,clear sky,SUR,0
23.0,4.4,Meal,motorcycle,22.99,43.0,0.0,clear sky,Moderate,14.17,29.56666667,SUR,3,42.51,0,clear sky,SUR,0
27.0,4.9,Snack,motorcycle,23.0,83.0,0.0,haze,Very Low,3.74,12.66666667,KOL,1,3.74,0,haze,Other,0
24.0,4.6,Meal,motorcycle,18.78,65.0,0.0,clear sky,Very High,29.35,60.4,PUNE,5,146.75,0,clear sky,PUNE,1
39.0,4.3,Buffet,motorcycle,26.4,87.0,0.0,scattered clouds,Very High,22.96,60.46666667,CHEN,5,114.80000000000001,0,clouds,CHEN,1
34.0,5.0,Buffet,motorcycle,23.08,43.0,0.0,clear sky,Moderate,12.5,27.43333333,SUR,3,37.5,0,clear sky,SUR,0
37.0,4.7,Drinks,motorcycle,17.59,68.0,0.0,clear sky,Moderate,9.56,30.71666667,RANCHI,3,28.68,0,clear sky,RANCHI,0
35.0,4.6,Meal,motorcycle,19.04,93.0,0.0,fog,High,29.46,44.36666667,BANG,4,117.84,0,other,BANG,0
34.0,4.3,Buffet,motorcycle,18.51,57.0,0.0,clear sky,Moderate,10.47,25.38333333,BHP,3,31.410000000000004,0,clear sky,Other,0
32.0,4.5,Buffet,scooter,25.56,47.0,0.0,clear sky,Very High,35.1,82.11666667,MUM,5,175.5,0,clear sky,MUM,1
37.0,4.1,Drinks,motorcycle,26.42,88.0,0.0,mist,Very Low,2.83,21.63333333,CHEN,1,2.83,1,mist,CHEN,0
27.0,4.6,Meal,scooter,26.84,44.0,0.0,smoke,High,19.4,45.23333333,MUM,4,77.6,0,smoke,MUM,1
25.0,4.7,Drinks,motorcycle,25.5,44.0,0.0,smoke,Very High,24.72,77.18333333,MUM,5,123.6,0,smoke,MUM,1
37.0,4.6,Snack,electric scooter,19.83,47.0,0.0,clear sky,High,27.46,48.36666667,JAP,4,109.84,0,clear sky,JAP,1
30.0,4.0,Snack,motorcycle,19.47,68.0,0.0,haze,Moderate,11.72,30.81666667,JAP,3,35.160000000000004,0,haze,JAP,0
27.0,4.5,Snack,scooter,24.87,73.0,0.0,mist,Low,4.64,23.03333333,COIMB,2,9.28,0,mist,COIMB,0
22.0,5.0,Drinks,scooter,25.49,44.0,0.0,smoke,High,17.73,58.96666667,MUM,4,70.92,0,smoke,MUM,1
31.0,4.5,Buffet,motorcycle,16.31,75.0,0.0,clear sky,Very Low,3.02,10.86666667,DEH,1,3.02,0,clear sky,Other,0
31.0,4.9,Buffet,motorcycle,26.41,92.0,0.0,scattered clouds,Very High,25.91,63.86666667,CHEN,5,129.55,0,clouds,CHEN,1
25.0,4.7,Buffet,motorcycle,24.95,57.0,0.0,scattered clouds,Low,2.81,18.15,GOA,2,5.62,1,clouds,Other,0
38.0,4.8,Buffet,electric scooter,26.52,88.0,0.0,mist,Moderate,9.26,29.0,CHEN,3,27.78,0,mist,CHEN,0
34.0,3.9,Drinks,electric scooter,19.37,93.0,0.0,mist,High,17.09,45.5,BANG,4,68.36,0,mist,BANG,1
27.0,4.8,Buffet,scooter,20.2,68.0,0.0,haze,Very Low,3.82,12.95,JAP,1,3.82,0,haze,JAP,0
30.0,4.2,Meal,motorcycle,26.39,88.0,0.0,scattered clouds,High,18.86,47.15,CHEN,4,75.44,0,clouds,CHEN,1
20.0,4.7,Buffet,electric scooter,19.09,65.0,0.0,clear sky,High,15.59,35.86666667,PUNE,4,62.36,0,clear sky,PUNE,0
32.0,4.6,Snack,motorcycle,24.9,73.0,0.0,mist,Low,6.22,26.5,COIMB,2,12.44,0,mist,COIMB,0
37.0,4.6,Drinks,motorcycle,18.36,81.0,0.0,broken clouds,Moderate,8.86,33.43333333,MYS,3,26.58,0,clouds,MYS,0
29.0,4.6,Meal,electric scooter,18.41,57.0,0.0,clear sky,Very Low,2.74,8.733333333,BHP,1,2.74,1,clear sky,Other,0
39.0,4.8,Meal,electric scooter,24.92,88.0,0.0,mist,High,21.3,35.76666667,GOA,4,85.2,0,mist,Other,0
27.0,4.6,Meal,motorcycle,21.37,64.0,0.0,broken clouds,Moderate,14.16,31.01666667,HYD,3,42.480000000000004,0,clouds,HYD,0
37.0,5.0,Snack,motorcycle,26.39,88.0,0.0,mist,Moderate,9.08,32.36666667,CHEN,3,27.240000000000002,0,mist,CHEN,0
31.0,3.9,Snack,scooter,19.56,45.0,0.0,clear sky,Very High,20.2,50.36666667,JAP,5,101.0,0,clear sky,JAP,1
35.0,4.0,Buffet,motorcycle,19.81,68.0,0.0,haze,Moderate,10.64,27.15,JAP,3,31.92,0,haze,JAP,0
39.0,4.8,Drinks,electric scooter,17.2,72.0,0.0,haze,Moderate,14.3,37.76666667,INDO,3,42.900000000000006,0,haze,INDO,0
20.0,4.6,Snack,motorcycle,22.57,43.0,0.0,clear sky,Moderate,16.86,32.08333333,VAD,3,50.58,0,clear sky,Other,0
30.0,5.0,Drinks,electric scooter,25.18,73.0,0.0,mist,Very High,24.84,59.43333333,COIMB,5,124.2,0,mist,COIMB,1
24.0,4.8,Meal,motorcycle,22.99,83.0,0.0,haze,High,21.14,43.81666667,KOL,4,84.56,0,haze,Other,0
38.0,5.0,Meal,scooter,17.08,72.0,0.0,haze,High,13.69,32.76666667,INDO,4,54.76,0,haze,INDO,0
32.0,4.5,Meal,motorcycle,27.0,44.0,0.0,smoke,Moderate,6.59,26.41666667,MUM,3,19.77,0,smoke,MUM,0
27.0,4.7,Drinks,motorcycle,26.32,88.0,0.0,mist,Moderate,10.88,42.63333333,CHEN,3,32.64,0,mist,CHEN,0
29.0,4.9,Snack,motorcycle,17.23,53.0,0.0,clear sky,Moderate,17.06,32.9,INDO,3,51.17999999999999,0,clear sky,INDO,0
20.0,4.6,Snack,scooter,19.49,65.0,0.0,clear sky,Very High,29.57,58.08333333,PUNE,5,147.85,0,clear sky,PUNE,1
29.0,4.8,Drinks,motorcycle,19.77,68.0,0.0,haze,Moderate,9.13,31.76666667,JAP,3,27.39,0,haze,JAP,0
37.0,4.8,Snack,electric scooter,17.91,81.0,0.0,scattered clouds,Low,5.07,20.48333333,MYS,2,10.14,0,clouds,MYS,0
22.0,4.6,Drinks,motorcycle,24.9,73.0,0.0,mist,Low,4.08,24.2,COIMB,2,8.16,0,mist,COIMB,0
39.0,4.4,Buffet,scooter,17.17,72.0,0.0,haze,Moderate,12.14,27.68333333,INDO,3,36.42,0,haze,INDO,0
30.0,4.5,Snack,motorcycle,26.32,88.0,0.0,mist,High,9.22,39.91666667,CHEN,4,36.88,0,mist,CHEN,0
37.0,4.7,Buffet,motorcycle,21.44,53.0,0.0,clear sky,Very High,31.53,48.48333333,AGR,5,157.65,0,clear sky,Other,1
30.0,4.4,Drinks,motorcycle,22.98,42.0,0.0,clear sky,Very Low,3.98,17.4,VAD,1,3.98,0,clear sky,Other,0
26.0,4.1,Snack,scooter,17.1,72.0,0.0,haze,Low,6.53,22.16666667,INDO,2,13.06,0,haze,INDO,0
26.0,3.5,Snack,scooter,25.73,44.0,0.0,smoke,Very High,28.27,64.28333333,MUM,5,141.35,0,smoke,MUM,1
38.0,4.2,Meal,motorcycle,23.11,43.0,0.0,clear sky,Moderate,14.23,29.2,SUR,3,42.69,0,clear sky,SUR,0
34.0,5.0,Meal,motorcycle,20.02,68.0,0.0,haze,High,19.06,37.41666667,JAP,4,76.24,0,haze,JAP,0
38.0,4.9,Drinks,scooter,18.46,82.0,0.0,broken clouds,High,16.9,46.63333333,MYS,4,67.6,0,clouds,MYS,1
29.0,4.6,Snack,motorcycle,18.2,58.0,0.0,clear sky,High,17.02,37.61666667,BHP,4,68.08,0,clear sky,Other,0
31.0,4.0,Buffet,motorcycle,18.36,81.0,0.0,scattered clouds,Moderate,13.88,27.88333333,MYS,3,41.64,0,clouds,MYS,0
26.0,4.7,Meal,motorcycle,23.23,43.0,0.0,clear sky,Low,5.71,13.0,SUR,2,11.42,0,clear sky,SUR,0
38.0,4.8,Drinks,scooter,24.97,60.0,0.0,scattered clouds,High,17.77,49.71666667,GOA,4,71.08,0,clouds,Other,1
29.0,4.6,Snack,motorcycle,27.04,48.0,0.0,clear sky,Very High,42.66,100.5833333,MUM,5,213.29999999999998,0,clear sky,MUM,1
32.0,4.6,Buffet,motorcycle,23.94,88.0,0.0,mist,Moderate,13.36,32.48333333,KOC,3,40.08,0,mist,Other,0
26.0,4.7,Meal,motorcycle,21.23,64.0,0.0,overcast clouds,High,21.05,46.01666667,HYD,4,84.2,0,clouds,HYD,1
20.0,4.8,Meal,electric scooter,18.94,65.0,0.0,clear sky,Very High,28.3,65.6,PUNE,5,141.5,0,clear sky,PUNE,1
28.0,4.1,Meal,electric scooter,19.93,46.0,0.0,clear sky,High,16.25,34.5,JAP,4,65.0,0,clear sky,JAP,0
33.0,3.6,Snack,scooter,17.27,53.0,0.0,clear sky,High,21.76,41.48333333,INDO,4,87.04,0,clear sky,INDO,0
29.0,4.8,Snack,motorcycle,23.92,88.0,0.0,mist,Moderate,14.94,37.51666667,KOC,3,44.82,0,mist,Other,0
37.0,4.9,Snack,motorcycle,21.8,55.0,0.0,clear sky,High,16.11,40.55,KNP,4,64.44,0,clear sky,Other,0
25.0,4.7,Buffet,scooter,21.23,64.0,0.0,overcast clouds,High,21.05,48.01666667,HYD,4,84.2,0,clouds,HYD,1
32.0,4.3,Buffet,motorcycle,21.36,65.0,0.0,broken clouds,Very Low,3.22,11.5,HYD,1,3.22,0,clouds,HYD,0
29.0,4.7,Meal,motorcycle,17.69,68.0,0.0,clear sky,Low,6.99,19.95,RANCHI,2,13.98,0,clear sky,RANCHI,0
37.0,4.4,Drinks,motorcycle,17.46,82.0,0.0,mist,High,20.59,44.78333333,AURG,4,82.36,0,mist,Other,0
29.0,4.0,Meal,scooter,21.29,64.0,0.0,overcast clouds,High,18.95,42.4,HYD,4,75.8,0,clouds,HYD,0
25.0,4.1,Snack,motorcycle,19.89,68.0,0.0,haze,Moderate,11.34,31.08333333,JAP,3,34.019999999999996,0,haze,JAP,0
24.0,4.8,Buffet,scooter,21.23,63.0,0.0,overcast clouds,High,20.3,46.9,HYD,4,81.2,0,clouds,HYD,1
25.0,4.8,Meal,motorcycle,18.97,65.0,0.0,clear sky,High,17.24,36.26666667,PUNE,4,68.96,0,clear sky,PUNE,0
22.0,4.0,Drinks,motorcycle,24.95,73.0,0.0,mist,Low,4.82,25.21666667,COIMB,2,9.64,0,mist,COIMB,0
25.0,4.7,Drinks,motorcycle,19.68,91.0,0.0,mist,Moderate,9.56,37.36666667,BANG,3,28.68,0,mist,BANG,0
26.0,4.9,Buffet,scooter,22.57,44.0,0.0,clear sky,Moderate,18.19,31.93333333,VAD,3,54.57000000000001,0,clear sky,Other,0
37.0,3.7,Buffet,scooter,21.33,53.0,0.0,clear sky,High,33.88,46.48333333,AGR,4,135.52,0,clear sky,Other,1
33.0,4.4,Meal,scooter,18.39,82.0,0.0,broken clouds,High,19.02,44.93333333,MYS,4,76.08,0,clouds,MYS,0
39.0,4.9,Snack,motorcycle,23.0,83.0,0.0,haze,Moderate,12.16,28.8,KOL,3,36.480000000000004,0,haze,Other,0
28.0,5.0,Meal,electric scooter,22.92,42.0,0.0,clear sky,Low,5.52,12.13333333,VAD,2,11.04,0,clear sky,Other,0
28.0,4.6,Drinks,motorcycle,18.43,82.0,0.0,broken clouds,High,19.64,49.11666667,MYS,4,78.56,0,clouds,MYS,1
36.0,4.5,Meal,electric scooter,23.95,88.0,0.0,mist,Moderate,11.27,29.23333333,KOC,3,33.81,0,mist,Other,0
31.0,4.9,Meal,motorcycle,18.38,81.0,0.0,broken clouds,High,16.75,38.85,MYS,4,67.0,0,clouds,MYS,0
30.0,4.9,Drinks,motorcycle,18.25,58.0,0.0,clear sky,Moderate,13.62,39.9,BHP,3,40.86,0,clear sky,Other,0
38.0,4.3,Meal,electric scooter,24.95,61.0,0.0,scattered clouds,Moderate,13.14,30.81666667,GOA,3,39.42,0,clouds,Other,0
20.0,4.2,Snack,motorcycle,26.94,44.0,0.0,smoke,Low,5.06,26.51666667,MUM,2,10.12,0,smoke,MUM,0
31.0,5.0,Snack,motorcycle,23.61,44.0,0.0,clear sky,Very Low,1.6,9.183333333,SUR,1,1.6,1,clear sky,SUR,0
28.0,4.7,Drinks,motorcycle,26.45,87.0,0.0,scattered clouds,Very High,22.56,69.08333333,CHEN,5,112.8,0,clouds,CHEN,1
38.0,4.6,Snack,motorcycle,21.2,66.0,0.0,broken clouds,Low,7.2,17.5,HYD,2,14.4,0,clouds,HYD,0
34.0,4.1,Buffet,electric scooter,23.91,88.0,0.0,mist,Very High,24.16,54.06666667,KOC,5,120.8,0,mist,Other,1
38.0,4.9,Snack,scooter,22.57,44.0,0.0,clear sky,Moderate,18.18,33.5,VAD,3,54.54,0,clear sky,Other,0
38.0,4.5,Buffet,motorcycle,24.94,73.0,0.0,mist,Moderate,12.14,32.81666667,COIMB,3,36.42,0,mist,COIMB,0
38.0,4.2,Buffet,motorcycle,21.97,55.0,0.0,clear sky,High,16.63,39.08333333,ALH,4,66.52,0,clear sky,Other,0
31.0,4.4,Drinks,motorcycle,26.93,44.0,0.0,smoke,Low,4.4,29.56666667,MUM,2,8.8,0,smoke,MUM,0
28.0,4.8,Drinks,electric scooter,17.07,72.0,0.0,haze,Moderate,13.06,36.38333333,INDO,3,39.18,0,haze,INDO,0
24.0,4.9,Meal,scooter,26.4,87.0,0.0,scattered clouds,Very High,22.96,58.41666667,CHEN,5,114.80000000000001,0,clouds,CHEN,1
31.0,4.1,Meal,scooter,22.54,44.0,0.0,clear sky,Moderate,17.36,26.6,VAD,3,52.08,0,clear sky,Other,0
35.0,3.8,Snack,scooter,18.37,68.0,0.0,haze,Very High,20.8,54.73333333,JAP,5,104.0,0,haze,JAP,1
20.0,4.3,Drinks,motorcycle,18.22,81.0,0.0,broken clouds,Moderate,11.33,34.38333333,MYS,3,33.99,0,clouds,MYS,0
24.0,4.9,Snack,motorcycle,25.07,73.0,0.0,mist,Low,8.84,26.93333333,COIMB,2,17.68,0,mist,COIMB,0
22.0,4.9,Drinks,scooter,9.11,79.0,0.0,clear sky,Very High,25.79,81.4,DEH,5,128.95,0,clear sky,Other,1
25.0,4.4,Meal,motorcycle,19.23,65.0,0.0,clear sky,Low,6.27,17.33333333,PUNE,2,12.54,0,clear sky,PUNE,0
20.0,4.6,Meal,electric scooter,26.97,48.0,0.0,clear sky,High,12.31,34.6,MUM,4,49.24,0,clear sky,MUM,0
26.0,4.9,Buffet,scooter,18.22,81.0,0.0,broken clouds,Moderate,14.53,31.75,MYS,3,43.589999999999996,0,clouds,MYS,0
21.0,4.7,Snack,electric scooter,22.99,83.0,0.0,haze,High,21.2,40.73333333,KOL,4,84.8,0,haze,Other,0
21.0,4.7,Buffet,scooter,19.69,68.0,0.0,haze,Moderate,14.04,31.4,JAP,3,42.12,0,haze,JAP,0
25.0,4.9,Buffet,motorcycle,21.26,65.0,0.0,broken clouds,Very Low,3.48,13.3,HYD,1,3.48,0,clouds,HYD,0
28.0,5.0,Snack,motorcycle,21.45,64.0,0.0,broken clouds,Moderate,12.65,32.31666667,HYD,3,37.95,0,clouds,HYD,0
21.0,4.6,Drinks,scooter,19.7,68.0,0.0,haze,Low,6.51,26.2,JAP,2,13.02,0,haze,JAP,0
21.0,5.0,Buffet,motorcycle,19.33,65.0,0.0,clear sky,Moderate,9.63,28.96666667,PUNE,3,28.89,0,clear sky,PUNE,0
26.0,5.0,Drinks,scooter,18.17,81.0,0.0,scattered clouds,Moderate,8.24,37.9,MYS,3,24.72,0,clouds,MYS,0
25.0,4.6,Meal,motorcycle,19.52,93.0,0.0,mist,Moderate,13.53,32.4,BANG,3,40.589999999999996,0,mist,BANG,0
39.0,3.7,Drinks,motorcycle,19.97,56.0,0.0,clear sky,Very High,29.39,63.6,KNP,5,146.95,0,clear sky,Other,1
28.0,4.6,Drinks,motorcycle,25.06,73.0,0.0,mist,Moderate,13.97,40.38333333,COIMB,3,41.910000000000004,0,mist,COIMB,0
29.0,4.6,Drinks,motorcycle,26.46,88.0,0.0,mist,Low,6.1,28.9,CHEN,2,12.2,0,mist,CHEN,0
36.0,4.8,Drinks,motorcycle,17.84,68.0,0.0,clear sky,High,22.24,47.45,RANCHI,4,88.96,0,clear sky,RANCHI,1
29.0,4.6,Buffet,electric scooter,23.21,43.0,0.0,clear sky,Low,5.25,14.21666667,SUR,2,10.5,0,clear sky,SUR,0
28.0,4.7,Buffet,motorcycle,19.83,68.0,0.0,haze,Very Low,2.83,10.7,JAP,1,2.83,1,haze,JAP,0
33.0,4.6,Snack,scooter,25.01,73.0,0.0,mist,Moderate,15.45,36.3,COIMB,3,46.349999999999994,0,mist,COIMB,0
36.0,4.7,Meal,motorcycle,23.39,44.0,0.0,clear sky,Low,3.79,12.43333333,SUR,2,7.58,0,clear sky,SUR,0
39.0,4.8,Meal,scooter,19.98,46.0,0.0,clear sky,High,16.4,35.53333333,JAP,4,65.6,0,clear sky,JAP,0
22.0,4.8,Meal,motorcycle,19.14,65.0,0.0,clear sky,Moderate,9.62,26.9,PUNE,3,28.86,0,clear sky,PUNE,0
32.0,5.0,Buffet,scooter,22.45,44.0,0.0,clear sky,High,24.05,38.33333333,VAD,4,96.2,0,clear sky,Other,0
21.0,4.8,Drinks,scooter,17.25,53.0,0.0,clear sky,High,16.81,44.16666667,INDO,4,67.24,0,clear sky,INDO,0
34.0,4.2,Meal,motorcycle,22.97,43.0,0.0,clear sky,Moderate,13.57,27.33333333,SUR,3,40.71,0,clear sky,SUR,0
30.0,4.4,Meal,scooter,19.31,64.0,0.0,clear sky,Low,6.03,18.35,PUNE,2,12.06,0,clear sky,PUNE,0
29.0,4.6,Buffet,scooter,21.65,52.0,0.0,clear sky,Moderate,20.09,29.36666667,AGR,3,60.269999999999996,0,clear sky,Other,0
24.0,4.9,Drinks,motorcycle,17.82,82.0,0.0,mist,Moderate,8.85,34.06666667,AURG,3,26.549999999999997,0,mist,Other,0
29.0,4.6,Buffet,scooter,24.94,73.0,0.0,mist,Moderate,12.14,32.8,COIMB,3,36.42,0,mist,COIMB,0
27.0,4.8,Snack,motorcycle,18.54,59.0,0.0,clear sky,High,35.95,48.68333333,LUDH,4,143.8,0,clear sky,Other,1
38.0,4.8,Snack,scooter,19.55,93.0,0.0,mist,Moderate,9.77,28.35,BANG,3,29.31,0,mist,BANG,0
21.0,4.6,Meal,scooter,22.93,42.0,0.0,clear sky,Low,5.29,11.43333333,VAD,2,10.58,0,clear sky,Other,0
29.0,4.6,Meal,motorcycle,18.26,81.0,0.0,scattered clouds,Moderate,11.83,23.03333333,MYS,3,35.49,0,clouds,MYS,0
33.0,4.7,Buffet,scooter,24.97,73.0,0.0,mist,Moderate,12.12,29.01666667,COIMB,3,36.36,0,mist,COIMB,0
27.0,5.0,Snack,scooter,18.1,81.0,0.0,broken clouds,Very Low,1.84,11.11666667,MYS,1,1.84,1,clouds,MYS,0
28.0,4.8,Snack,motorcycle,19.33,65.0,0.0,clear sky,Very High,21.6,52.25,PUNE,5,108.0,0,clear sky,PUNE,1
24.0,4.6,Buffet,motorcycle,24.94,73.0,0.0,mist,Low,5.75,19.73333333,COIMB,2,11.5,0,mist,COIMB,0
33.0,4.6,Meal,electric scooter,21.45,64.0,0.0,broken clouds,Moderate,12.75,29.71666667,HYD,3,38.25,0,clouds,HYD,0
38.0,4.6,Buffet,motorcycle,19.96,68.0,0.0,haze,Moderate,15.11,33.68333333,JAP,3,45.33,0,haze,JAP,0
21.0,4.9,Drinks,scooter,23.16,43.0,0.0,clear sky,Moderate,10.58,31.16666667,SUR,3,31.740000000000002,0,clear sky,SUR,0
29.0,4.7,Snack,scooter,19.77,93.0,0.0,mist,Very High,22.91,60.23333333,BANG,5,114.55,0,mist,BANG,1
27.0,4.4,Snack,motorcycle,26.71,44.0,0.0,smoke,Very High,20.7,62.9,MUM,5,103.5,0,smoke,MUM,1
22.0,4.7,Snack,motorcycle,21.9,55.0,0.0,clear sky,High,21.51,44.91666667,ALH,4,86.04,0,clear sky,Other,0
36.0,4.5,Meal,motorcycle,19.23,65.0,0.0,clear sky,Very Low,3.27,7.516666667,PUNE,1,3.27,0,clear sky,PUNE,0
32.0,4.9,Snack,scooter,26.48,88.0,0.0,mist,Moderate,11.05,37.61666667,CHEN,3,33.150000000000006,0,mist,CHEN,0
27.0,5.0,Meal,scooter,18.28,82.0,0.0,broken clouds,High,26.27,40.56666667,MYS,4,105.08,0,clouds,MYS,0
25.0,4.9,Drinks,motorcycle,17.25,53.0,0.0,clear sky,Very High,31.28,57.85,INDO,5,156.4,0,clear sky,INDO,1
28.0,4.7,Snack,scooter,22.83,43.0,0.0,clear sky,High,24.01,48.21666667,SUR,4,96.04,0,clear sky,SUR,1
37.0,4.0,Snack,scooter,18.82,57.0,0.0,clear sky,High,15.38,37.45,LUDH,4,61.52,0,clear sky,Other,0
27.0,4.7,Meal,motorcycle,20.95,65.0,0.0,broken clouds,Very High,34.27,53.13333333,HYD,5,171.35000000000002,0,clouds,HYD,1
29.0,5.0,Drinks,scooter,19.12,65.0,0.0,clear sky,High,17.06,48.08333333,PUNE,4,68.24,0,clear sky,PUNE,1
27.0,4.7,Buffet,scooter,23.1,43.0,0.0,clear sky,Moderate,9.62,24.91666667,SUR,3,28.86,0,clear sky,SUR,0
23.0,4.6,Meal,motorcycle,17.9,68.0,0.0,clear sky,High,17.04,41.6,RANCHI,4,68.16,0,clear sky,RANCHI,0
34.0,4.8,Meal,scooter,26.48,88.0,0.0,mist,Moderate,11.05,33.61666667,CHEN,3,33.150000000000006,0,mist,CHEN,0
36.0,4.6,Drinks,motorcycle,17.11,72.0,0.0,haze,Moderate,18.25,38.7,INDO,3,54.75,0,haze,INDO,0
23.0,4.9,Buffet,scooter,25.5,44.0,0.0,smoke,Very High,24.82,70.13333333,MUM,5,124.1,0,smoke,MUM,1
33.0,5.0,Meal,electric scooter,18.35,58.0,0.0,clear sky,Moderate,9.53,26.08333333,BHP,3,28.589999999999996,0,clear sky,Other,0
28.0,4.9,Meal,scooter,19.59,92.0,0.0,mist,High,17.9,38.13333333,BANG,4,71.6,0,mist,BANG,0
32.0,4.8,Meal,scooter,19.89,92.0,0.0,mist,High,12.4,35.78333333,BANG,4,49.6,0,mist,BANG,0
33.0,4.5,Buffet,scooter,26.53,87.0,0.0,mist,Low,8.36,23.71666667,CHEN,2,16.72,0,mist,CHEN,0
24.0,4.4,Meal,motorcycle,26.53,87.0,0.0,mist,Very Low,3.19,10.93333333,CHEN,1,3.19,0,mist,CHEN,0
25.0,4.9,Snack,scooter,24.84,73.0,0.0,mist,Moderate,8.06,28.75,COIMB,3,24.18,0,mist,COIMB,0
32.0,4.7,Buffet,motorcycle,21.4,64.0,0.0,broken clouds,High,15.46,39.36666667,HYD,4,61.84,0,clouds,HYD,0
38.0,4.6,Meal,motorcycle,17.3,53.0,0.0,clear sky,Very High,26.88,47.5,INDO,5,134.4,0,clear sky,INDO,1
21.0,5.0,Buffet,motorcycle,17.75,68.0,0.0,clear sky,Moderate,16.3,30.73333333,RANCHI,3,48.900000000000006,0,clear sky,RANCHI,0
21.0,4.6,Snack,motorcycle,25.84,44.0,0.0,smoke,Very High,31.22,73.73333333,MUM,5,156.1,0,smoke,MUM,1
33.0,4.9,Buffet,scooter,22.95,43.0,0.0,clear sky,Moderate,10.38,24.43333333,SUR,3,31.14,0,clear sky,SUR,0
21.0,4.6,Drinks,motorcycle,22.97,83.0,0.0,haze,Moderate,8.97,33.23333333,KOL,3,26.910000000000004,0,haze,Other,0
34.0,4.1,Meal,motorcycle,18.9,68.0,0.0,broken clouds,High,29.02,45.58333333,HYD,4,116.08,0,clouds,HYD,1
26.0,4.6,Meal,scooter,17.9,82.0,0.0,mist,Low,6.04,22.88333333,AURG,2,12.08,0,mist,Other,0
30.0,4.8,Drinks,motorcycle,22.85,43.0,0.0,clear sky,High,22.18,51.18333333,SUR,4,88.72,0,clear sky,SUR,1
35.0,4.7,Drinks,motorcycle,26.32,88.0,0.0,mist,Moderate,10.88,42.58333333,CHEN,3,32.64,0,mist,CHEN,0
38.0,4.7,Buffet,scooter,17.08,72.0,0.0,haze,Low,6.16,22.25,INDO,2,12.32,0,haze,INDO,0
37.0,5.0,Buffet,motorcycle,17.18,53.0,0.0,clear sky,High,17.05,39.43333333,INDO,4,68.2,0,clear sky,INDO,0
29.0,4.8,Buffet,scooter,17.16,72.0,0.0,haze,Moderate,10.95,24.91666667,INDO,3,32.849999999999994,0,haze,INDO,0
33.0,4.3,Snack,motorcycle,19.26,65.0,0.0,clear sky,Very High,16.89,51.63333333,PUNE,5,84.45,0,clear sky,PUNE,1
23.0,5.0,Snack,scooter,19.09,65.0,0.0,clear sky,Moderate,12.17,32.83333333,PUNE,3,36.51,0,clear sky,PUNE,0
23.0,4.9,Drinks,scooter,19.54,92.0,0.0,mist,Very Low,1.79,17.48333333,BANG,1,1.79,1,mist,BANG,0
28.0,4.5,Drinks,motorcycle,19.42,93.0,0.0,mist,High,16.02,49.88333333,BANG,4,64.08,0,mist,BANG,1
28.0,4.8,Buffet,motorcycle,24.92,73.0,0.0,mist,Low,8.86,22.91666667,COIMB,2,17.72,0,mist,COIMB,0
30.0,4.2,Meal,motorcycle,19.95,46.0,0.0,clear sky,High,20.53,41.91666667,JAP,4,82.12,0,clear sky,JAP,0
30.0,4.5,Drinks,motorcycle,19.27,65.0,0.0,clear sky,Moderate,7.91,30.08333333,PUNE,3,23.73,0,clear sky,PUNE,0
21.0,5.0,Buffet,motorcycle,22.26,54.0,0.0,clear sky,High,16.29,41.0,ALH,4,65.16,0,clear sky,Other,0
37.0,4.6,Snack,motorcycle,25.14,73.0,0.0,mist,Very High,27.2,53.81666667,COIMB,5,136.0,0,mist,COIMB,1
25.0,4.8,Drinks,electric scooter,23.61,44.0,0.0,clear sky,Low,6.64,23.81666667,SUR,2,13.28,0,clear sky,SUR,0
24.0,4.8,Meal,motorcycle,19.61,92.0,0.0,mist,Moderate,12.05,32.38333333,BANG,3,36.150000000000006,0,mist,BANG,0
35.0,4.8,Snack,scooter,21.02,65.0,0.0,broken clouds,Very High,33.29,62.6,HYD,5,166.45,0,clouds,HYD,1
25.0,4.5,Snack,motorcycle,19.49,68.0,0.0,haze,Very Low,2.44,12.91666667,JAP,1,2.44,1,haze,JAP,0
29.0,4.8,Snack,motorcycle,19.29,65.0,0.0,clear sky,Low,4.68,16.81666667,PUNE,2,9.36,0,clear sky,PUNE,0
23.0,4.7,Buffet,motorcycle,18.28,82.0,0.0,broken clouds,Very High,22.87,49.63333333,MYS,5,114.35000000000001,0,clouds,MYS,1
29.0,4.5,Buffet,scooter,19.62,68.0,0.0,haze,Moderate,12.61,28.03333333,JAP,3,37.83,0,haze,JAP,0
22.0,4.7,Drinks,scooter,19.27,65.0,0.0,clear sky,Low,6.78,27.85,PUNE,2,13.56,0,clear sky,PUNE,0
24.0,4.6,Snack,motorcycle,17.56,68.0,0.0,clear sky,Low,5.45,17.58333333,RANCHI,2,10.9,0,clear sky,RANCHI,0
33.0,4.8,Buffet,motorcycle,19.39,92.0,0.0,mist,Low,7.03,23.06666667,BANG,2,14.06,0,mist,BANG,0
29.0,4.6,Drinks,scooter,19.31,64.0,0.0,clear sky,Low,6.03,27.25,PUNE,2,12.06,0,clear sky,PUNE,0
23.0,4.7,Buffet,motorcycle,19.56,46.0,0.0,clear sky,High,19.5,43.88333333,JAP,4,78.0,0,clear sky,JAP,0
26.0,4.3,Drinks,scooter,21.43,64.0,0.0,broken clouds,Very Low,2.64,20.75,HYD,1,2.64,1,clouds,HYD,0
34.0,4.6,Meal,motorcycle,17.83,67.0,0.0,clear sky,High,21.92,42.88333333,RANCHI,4,87.68,0,clear sky,RANCHI,0
37.0,3.6,Meal,scooter,18.54,59.0,0.0,clear sky,Very High,39.1,47.46666667,LUDH,5,195.5,0,clear sky,Other,1
31.0,4.7,Snack,electric scooter,21.81,55.0,0.0,clear sky,Moderate,7.6,32.01666667,KNP,3,22.799999999999997,0,clear sky,Other,0
39.0,5.0,Meal,motorcycle,26.36,88.0,0.0,mist,Moderate,9.39,26.13333333,CHEN,3,28.17,0,mist,CHEN,0
23.0,5.0,Buffet,motorcycle,19.75,68.0,0.0,haze,Low,6.14,20.08333333,JAP,2,12.28,0,haze,JAP,0
25.0,5.0,Snack,motorcycle,19.51,68.0,0.0,haze,Moderate,11.26,31.23333333,JAP,3,33.78,0,haze,JAP,0
23.0,4.7,Buffet,motorcycle,17.15,72.0,0.0,haze,High,16.74,37.63333333,INDO,4,66.96,0,haze,INDO,0
29.0,4.9,Buffet,motorcycle,19.65,92.0,0.0,mist,Low,3.67,17.1,BANG,2,7.34,0,mist,BANG,0
22.0,4.7,Drinks,scooter,22.87,43.0,0.0,clear sky,High,21.89,47.85,SUR,4,87.56,0,clear sky,SUR,1
24.0,4.7,Drinks,motorcycle,18.95,65.0,0.0,clear sky,High,13.24,42.48333333,PUNE,4,52.96,0,clear sky,PUNE,0
30.0,4.9,Drinks,electric scooter,18.99,65.0,0.0,clear sky,High,17.37,48.56666667,PUNE,4,69.48,0,clear sky,PUNE,1
37.0,4.6,Snack,motorcycle,26.35,88.0,0.0,mist,Moderate,10.62,37.88333333,CHEN,3,31.86,0,mist,CHEN,0
33.0,4.3,Drinks,electric scooter,19.37,93.0,0.0,mist,High,18.04,45.63333333,BANG,4,72.16,0,mist,BANG,1
38.0,3.5,Drinks,motorcycle,19.56,45.0,0.0,clear sky,Very High,20.22,55.31666667,JAP,5,101.1,0,clear sky,JAP,1
29.0,4.6,Meal,motorcycle,19.39,65.0,0.0,clear sky,High,23.62,43.13333333,PUNE,4,94.48,0,clear sky,PUNE,0
24.0,5.0,Buffet,motorcycle,21.29,64.0,0.0,overcast clouds,High,18.18,42.4,HYD,4,72.72,0,clouds,HYD,0
22.0,4.7,Buffet,scooter,22.86,42.0,0.0,clear sky,Low,6.59,16.56666667,VAD,2,13.18,0,clear sky,Other,0
22.0,4.6,Snack,scooter,17.07,72.0,0.0,haze,Moderate,16.29,35.4,INDO,3,48.87,0,haze,INDO,0
32.0,4.6,Snack,electric scooter,21.27,65.0,0.0,broken clouds,Moderate,16.2,30.15,HYD,3,48.599999999999994,0,clouds,HYD,0
32.0,4.7,Buffet,scooter,26.44,88.0,0.0,mist,Low,5.09,20.91666667,CHEN,2,10.18,0,mist,CHEN,0
24.0,4.8,Drinks,scooter,22.66,43.0,0.0,clear sky,Moderate,14.01,38.56666667,VAD,3,42.03,0,clear sky,Other,0
20.0,4.9,Meal,motorcycle,18.12,81.0,0.0,broken clouds,Low,5.14,13.68333333,MYS,2,10.28,0,clouds,MYS,0
39.0,4.9,Drinks,electric scooter,27.02,44.0,0.0,smoke,Very High,19.55,62.03333333,MUM,5,97.75,0,smoke,MUM,1
37.0,4.5,Meal,scooter,24.99,88.0,0.0,mist,High,19.16,34.16666667,GOA,4,76.64,0,mist,Other,0
29.0,4.6,Meal,motorcycle,24.9,73.0,0.0,mist,Very Low,2.95,12.91666667,COIMB,1,2.95,1,mist,COIMB,0
29.0,4.6,Snack,motorcycle,21.12,64.0,0.0,overcast clouds,Very High,21.45,53.08333333,HYD,5,107.25,0,clouds,HYD,1
21.0,4.9,Snack,scooter,23.56,44.0,0.0,clear sky,Low,6.21,17.95,SUR,2,12.42,0,clear sky,SUR,0
25.0,4.8,Meal,scooter,24.94,73.0,0.0,mist,Low,5.1,14.73333333,COIMB,2,10.2,0,mist,COIMB,0
36.0,5.0,Drinks,motorcycle,21.08,65.0,0.0,broken clouds,Very High,30.83,78.56666667,HYD,5,154.14999999999998,0,clouds,HYD,1
33.0,4.1,Buffet,scooter,19.83,47.0,0.0,clear sky,High,27.46,46.38333333,JAP,4,109.84,0,clear sky,JAP,1
27.0,4.7,Snack,electric scooter,19.98,56.0,0.0,clear sky,Very High,27.69,56.78333333,KNP,5,138.45000000000002,0,clear sky,Other,1
22.0,4.8,Drinks,electric scooter,27.04,48.0,0.0,clear sky,Very High,23.41,65.36666667,MUM,5,117.05,0,clear sky,MUM,1
22.0,4.6,Drinks,scooter,26.31,88.0,0.0,mist,Moderate,6.67,37.9,CHEN,3,20.009999999999998,0,mist,CHEN,0
25.0,4.8,Buffet,motorcycle,19.09,65.0,0.0,clear sky,High,15.16,35.16666667,PUNE,4,60.64,0,clear sky,PUNE,0
28.0,4.8,Snack,scooter,21.23,65.0,0.0,broken clouds,Low,5.96,18.15,HYD,2,11.92,0,clouds,HYD,0
22.0,4.8,Snack,motorcycle,26.42,44.0,0.0,smoke,High,14.61,46.63333333,MUM,4,58.44,0,smoke,MUM,1
21.0,4.2,Buffet,motorcycle,25.14,73.0,0.0,mist,High,17.58,38.81666667,COIMB,4,70.32,0,mist,COIMB,0
35.0,4.7,Snack,motorcycle,26.31,88.0,0.0,mist,Very Low,2.48,17.93333333,CHEN,1,2.48,1,mist,CHEN,0
30.0,5.0,Snack,motorcycle,21.08,65.0,0.0,broken clouds,Very High,30.49,62.43333333,HYD,5,152.45,0,clouds,HYD,1
32.0,4.6,Snack,scooter,21.38,65.0,0.0,broken clouds,Moderate,9.34,28.11666667,HYD,3,28.02,0,clouds,HYD,0
25.0,4.9,Buffet,motorcycle,19.04,68.0,0.0,haze,Moderate,11.66,29.41666667,JAP,3,34.980000000000004,0,haze,JAP,0
31.0,4.3,Buffet,scooter,19.46,93.0,0.0,mist,High,26.3,50.95,BANG,4,105.2,0,mist,BANG,1
26.0,4.7,Meal,scooter,17.59,68.0,0.0,clear sky,Moderate,9.56,21.66666667,RANCHI,3,28.68,0,clear sky,RANCHI,0
38.0,4.3,Meal,motorcycle,22.75,43.0,0.0,clear sky,High,30.26,45.33333333,SUR,4,121.04,0,clear sky,SUR,1
33.0,4.0,Buffet,motorcycle,25.06,73.0,0.0,mist,Moderate,12.88,33.6,COIMB,3,38.64,0,mist,COIMB,0
36.0,4.8,Drinks,motorcycle,18.47,93.0,0.0,fog,High,26.59,57.38333333,BANG,4,106.36,0,other,BANG,1
29.0,4.6,Drinks,scooter,22.89,43.0,0.0,clear sky,Moderate,15.2,38.93333333,SUR,3,45.599999999999994,0,clear sky,SUR,0
30.0,4.5,Meal,scooter,24.84,73.0,0.0,mist,Low,4.55,18.15,COIMB,2,9.1,0,mist,COIMB,0
21.0,4.3,Snack,motorcycle,17.71,68.0,0.0,clear sky,Low,6.75,21.95,RANCHI,2,13.5,0,clear sky,RANCHI,0
32.0,4.6,Drinks,motorcycle,16.78,82.0,0.0,mist,Very High,22.42,69.98333333,AURG,5,112.10000000000001,0,mist,Other,1
24.0,4.6,Snack,scooter,23.94,88.0,0.0,mist,Moderate,9.12,31.98333333,KOC,3,27.36,0,mist,Other,0
22.0,4.5,Meal,motorcycle,17.72,68.0,0.0,clear sky,Very Low,1.64,6.133333333,RANCHI,1,1.64,1,clear sky,RANCHI,0
34.0,4.0,Buffet,motorcycle,21.27,65.0,0.0,broken clouds,Moderate,16.2,28.15,HYD,3,48.599999999999994,0,clouds,HYD,0
24.0,4.7,Snack,scooter,23.22,43.0,0.0,clear sky,Moderate,12.53,27.63333333,SUR,3,37.589999999999996,0,clear sky,SUR,0
27.0,5.0,Drinks,scooter,19.64,68.0,0.0,haze,Very Low,3.07,20.25,JAP,1,3.07,0,haze,JAP,0
38.0,4.4,Buffet,scooter,17.95,82.0,0.0,broken clouds,High,22.84,40.96666667,MYS,4,91.36,0,clouds,MYS,0
38.0,4.0,Drinks,motorcycle,19.72,46.0,0.0,clear sky,Very High,27.63,55.66666667,JAP,5,138.15,0,clear sky,JAP,1
30.0,4.7,Buffet,electric scooter,23.77,44.0,0.0,clear sky,Low,4.43,14.71666667,SUR,2,8.86,0,clear sky,SUR,0
39.0,5.0,Drinks,motorcycle,27.03,48.0,0.0,clear sky,Moderate,6.37,34.8,MUM,3,19.11,0,clear sky,MUM,0
32.0,4.8,Snack,motorcycle,26.43,88.0,0.0,mist,Low,6.5,25.35,CHEN,2,13.0,0,mist,CHEN,0
26.0,4.8,Snack,motorcycle,21.78,51.0,0.0,clear sky,Moderate,12.97,30.96666667,AGR,3,38.910000000000004,0,clear sky,Other,0
30.0,4.8,Buffet,electric scooter,19.23,65.0,0.0,clear sky,Moderate,8.28,25.55,PUNE,3,24.839999999999996,0,clear sky,PUNE,0
33.0,4.7,Snack,scooter,19.1,93.0,0.0,fog,High,15.57,40.16666667,BANG,4,62.28,0,other,BANG,0
38.0,4.7,Snack,motorcycle,27.05,44.0,0.0,smoke,Very High,33.59,72.25,MUM,5,167.95000000000002,0,smoke,MUM,1
26.0,4.7,Snack,electric scooter,23.01,83.0,0.0,haze,High,18.44,47.73333333,KOL,4,73.76,0,haze,Other,1
24.0,4.7,Drinks,motorcycle,19.75,92.0,0.0,mist,Moderate,9.5,34.75,BANG,3,28.5,0,mist,BANG,0
35.0,4.0,Buffet,motorcycle,25.26,73.0,0.0,mist,High,29.81,45.63333333,COIMB,4,119.24,0,mist,COIMB,1
28.0,4.5,Buffet,motorcycle,19.7,90.0,0.0,mist,Low,4.23,19.33333333,BANG,2,8.46,0,mist,BANG,0
29.0,4.6,Meal,motorcycle,23.11,43.0,0.0,clear sky,Moderate,14.03,29.61666667,SUR,3,42.089999999999996,0,clear sky,SUR,0
37.0,4.6,Buffet,motorcycle,25.07,73.0,0.0,mist,Moderate,14.03,32.95,COIMB,3,42.089999999999996,0,mist,COIMB,0
35.0,4.2,Meal,motorcycle,17.27,53.0,0.0,clear sky,High,18.57,32.83333333,INDO,4,74.28,0,clear sky,INDO,0
39.0,4.8,Drinks,motorcycle,15.19,77.0,0.0,clear sky,Low,8.12,29.21666667,DEH,2,16.24,0,clear sky,Other,0
39.0,4.8,Drinks,motorcycle,23.54,44.0,0.0,clear sky,Low,5.52,20.16666667,SUR,2,11.04,0,clear sky,SUR,0
27.0,4.0,Buffet,motorcycle,18.04,81.0,0.0,scattered clouds,Low,4.49,17.01666667,MYS,2,8.98,0,clouds,MYS,0
23.0,3.1,Meal,scooter,20.21,68.0,0.0,haze,Moderate,28.86,30.56666667,JAP,3,86.58,0,haze,JAP,0
33.0,4.0,Drinks,electric scooter,22.25,54.0,0.0,clear sky,Low,7.86,29.41666667,ALH,2,15.72,0,clear sky,Other,0
22.0,4.6,Meal,motorcycle,19.7,68.0,0.0,haze,Moderate,7.27,25.4,JAP,3,21.81,0,haze,JAP,0
21.0,4.6,Buffet,motorcycle,17.71,68.0,0.0,clear sky,Low,7.34,22.4,RANCHI,2,14.68,0,clear sky,RANCHI,0
20.0,4.5,Snack,electric scooter,22.99,83.0,0.0,haze,Low,9.62,24.3,KOL,2,19.24,0,haze,Other,0
31.0,4.7,Meal,motorcycle,19.27,65.0,0.0,clear sky,Moderate,11.19,25.88333333,PUNE,3,33.57,0,clear sky,PUNE,0
22.0,5.0,Snack,motorcycle,17.13,72.0,0.0,haze,High,16.66,38.65,INDO,4,66.64,0,haze,INDO,0
20.0,4.6,Meal,motorcycle,11.65,81.0,0.0,clear sky,Very High,44.13,100.4833333,DEH,5,220.65,0,clear sky,Other,1
23.0,4.7,Buffet,scooter,18.08,81.0,0.0,broken clouds,Moderate,8.92,27.76666667,MYS,3,26.759999999999998,0,clouds,MYS,0
30.0,4.9,Buffet,motorcycle,17.73,68.0,0.0,clear sky,Moderate,15.8,27.13333333,RANCHI,3,47.400000000000006,0,clear sky,RANCHI,0
36.0,4.6,Meal,motorcycle,19.32,65.0,0.0,clear sky,Very High,19.2,48.23333333,PUNE,5,96.0,0,clear sky,PUNE,1
33.0,4.7,Drinks,motorcycle,18.97,57.0,0.0,clear sky,Low,4.0,20.1,LUDH,2,8.0,0,clear sky,Other,0
29.0,4.6,Snack,motorcycle,25.1,73.0,0.0,mist,High,22.51,45.15,COIMB,4,90.04,0,mist,COIMB,1
27.0,4.2,Drinks,electric scooter,21.77,56.0,0.0,clear sky,Very High,23.26,58.26666667,KNP,5,116.30000000000001,0,clear sky,Other,1
37.0,4.9,Snack,motorcycle,22.26,54.0,0.0,clear sky,Very Low,3.55,13.85,ALH,1,3.55,0,clear sky,Other,0
29.0,5.0,Snack,scooter,26.78,48.0,0.0,clear sky,High,16.1,47.8,MUM,4,64.4,0,clear sky,MUM,1
27.0,4.8,Drinks,motorcycle,17.9,82.0,0.0,mist,Low,6.78,27.51666667,AURG,2,13.56,0,mist,Other,0
30.0,4.5,Drinks,motorcycle,26.86,48.0,0.0,clear sky,Very High,36.62,90.6,MUM,5,183.1,0,clear sky,MUM,1
29.0,4.5,Drinks,scooter,19.35,64.0,0.0,clear sky,Low,4.76,25.91666667,PUNE,2,9.52,0,clear sky,PUNE,0
29.0,4.6,Buffet,scooter,24.92,73.0,0.0,mist,Low,8.55,23.58333333,COIMB,2,17.1,0,mist,COIMB,0
37.0,4.6,Meal,scooter,19.9,68.0,0.0,haze,Moderate,14.14,30.1,JAP,3,42.42,0,haze,JAP,0
25.0,4.6,Drinks,electric scooter,27.01,44.0,0.0,smoke,Low,4.77,30.71666667,MUM,2,9.54,0,smoke,MUM,0
36.0,4.4,Meal,motorcycle,26.32,88.0,0.0,mist,High,15.7,44.56666667,CHEN,4,62.8,0,mist,CHEN,0
29.0,4.6,Drinks,motorcycle,26.29,88.0,0.0,mist,Low,4.92,29.68333333,CHEN,2,9.84,0,mist,CHEN,0
25.0,4.6,Buffet,motorcycle,23.11,43.0,0.0,clear sky,Moderate,14.03,31.61666667,SUR,3,42.089999999999996,0,clear sky,SUR,0
39.0,4.6,Buffet,motorcycle,18.37,81.0,0.0,broken clouds,Moderate,15.21,31.38333333,MYS,3,45.63,0,clouds,MYS,0
28.0,5.0,Buffet,scooter,25.08,73.0,0.0,mist,High,19.16,41.71666667,COIMB,4,76.64,0,mist,COIMB,0
35.0,4.9,Drinks,motorcycle,26.42,88.0,0.0,mist,Low,5.98,29.23333333,CHEN,2,11.96,0,mist,CHEN,0
30.0,4.7,Drinks,scooter,26.36,87.0,0.0,scattered clouds,Very High,26.35,64.36666667,CHEN,5,131.75,0,clouds,CHEN,1
30.0,4.0,Buffet,motorcycle,23.03,83.0,0.0,haze,High,19.52,38.58333333,KOL,4,78.08,0,haze,Other,0
20.0,4.6,Snack,motorcycle,19.51,92.0,0.0,mist,Low,7.17,26.83333333,BANG,2,14.34,0,mist,BANG,0
23.0,4.7,Drinks,motorcycle,18.46,82.0,0.0,broken clouds,High,19.34,49.86666667,MYS,4,77.36,0,clouds,MYS,1
20.0,4.6,Snack,motorcycle,19.61,92.0,0.0,mist,Low,8.65,18.76666667,BANG,2,17.3,0,mist,BANG,0
25.0,4.7,Drinks,electric scooter,22.86,42.0,0.0,clear sky,Low,6.68,21.91666667,VAD,2,13.36,0,clear sky,Other,0
26.0,4.8,Buffet,motorcycle,23.16,43.0,0.0,clear sky,Moderate,11.08,25.65,SUR,3,33.24,0,clear sky,SUR,0
29.0,4.6,Meal,motorcycle,21.23,64.0,0.0,overcast clouds,Very High,22.36,51.08333333,HYD,5,111.8,0,clouds,HYD,1
36.0,4.5,Drinks,motorcycle,22.78,43.0,0.0,clear sky,Moderate,11.75,31.83333333,VAD,3,35.25,0,clear sky,Other,0
33.0,4.8,Snack,motorcycle,23.96,88.0,0.0,mist,High,14.37,38.83333333,KOC,4,57.48,0,mist,Other,0
23.0,4.8,Buffet,electric scooter,21.75,56.0,0.0,clear sky,Very High,27.29,57.68333333,ALH,5,136.45,0,clear sky,Other,1
39.0,4.8,Buffet,scooter,19.67,91.0,0.0,mist,Very Low,2.12,13.51666667,BANG,1,2.12,1,mist,BANG,0
24.0,4.7,Drinks,motorcycle,26.5,87.0,0.0,mist,High,18.56,55.73333333,CHEN,4,74.24,0,mist,CHEN,1
25.0,4.7,Snack,scooter,19.77,91.0,0.0,mist,Moderate,8.99,32.06666667,BANG,3,26.97,0,mist,BANG,0
36.0,4.6,Meal,motorcycle,21.27,65.0,0.0,broken clouds,Low,3.22,15.16666667,HYD,2,6.44,0,clouds,HYD,0
33.0,4.7,Drinks,scooter,19.21,65.0,0.0,clear sky,Low,7.07,29.36666667,PUNE,2,14.14,0,clear sky,PUNE,0
38.0,4.4,Buffet,motorcycle,26.96,44.0,0.0,smoke,Moderate,11.94,34.86666667,MUM,3,35.82,0,smoke,MUM,0
38.0,4.1,Drinks,motorcycle,17.03,72.0,0.0,haze,Low,6.41,27.78333333,INDO,2,12.82,0,haze,INDO,0
36.0,4.5,Drinks,motorcycle,22.86,43.0,0.0,clear sky,High,18.24,45.16666667,SUR,4,72.96,0,clear sky,SUR,1
35.0,4.6,Drinks,motorcycle,26.96,44.0,0.0,smoke,Very High,25.01,61.71666667,MUM,5,125.05000000000001,0,smoke,MUM,1
25.0,4.8,Snack,motorcycle,26.52,87.0,0.0,mist,Low,4.63,18.63333333,CHEN,2,9.26,0,mist,CHEN,0
37.0,4.7,Snack,scooter,24.9,73.0,0.0,mist,Low,4.08,19.13333333,COIMB,2,8.16,0,mist,COIMB,0
33.0,4.1,Buffet,motorcycle,19.34,65.0,0.0,clear sky,Very High,24.75,63.08333333,PUNE,5,123.75,0,clear sky,PUNE,1
36.0,4.5,Buffet,scooter,17.73,68.0,0.0,clear sky,Moderate,15.8,27.11666667,RANCHI,3,47.400000000000006,0,clear sky,RANCHI,0
32.0,4.7,Meal,motorcycle,17.9,68.0,0.0,clear sky,High,16.38,36.78333333,RANCHI,4,65.52,0,clear sky,RANCHI,0
37.0,3.5,Snack,scooter,25.56,47.0,0.0,clear sky,Very High,35.1,84.15,MUM,5,175.5,0,clear sky,MUM,1
35.0,4.4,Buffet,scooter,26.36,88.0,0.0,mist,High,16.22,41.91666667,CHEN,4,64.88,0,mist,CHEN,0
32.0,4.9,Drinks,scooter,19.48,93.0,0.0,mist,Moderate,11.93,38.81666667,BANG,3,35.79,0,mist,BANG,0
38.0,4.8,Drinks,motorcycle,18.04,81.0,0.0,scattered clouds,Very Low,2.15,18.08333333,MYS,1,2.15,1,clouds,MYS,0
24.0,4.4,Meal,scooter,26.45,87.0,0.0,scattered clouds,Very High,18.75,53.18333333,CHEN,5,93.75,0,clouds,CHEN,1
34.0,4.3,Buffet,motorcycle,21.13,64.0,0.0,overcast clouds,Very High,24.65,56.75,HYD,5,123.25,0,clouds,HYD,1
29.0,4.6,Buffet,scooter,26.92,44.0,0.0,smoke,High,9.93,38.61666667,MUM,4,39.72,0,smoke,MUM,0
27.0,4.7,Snack,motorcycle,27.0,44.0,0.0,smoke,Moderate,8.49,35.15,MUM,3,25.47,0,smoke,MUM,0
29.0,4.8,Snack,motorcycle,26.83,44.0,0.0,smoke,High,13.16,45.16666667,MUM,4,52.64,0,smoke,MUM,1
22.0,3.5,Drinks,motorcycle,19.6,68.0,0.0,haze,Very Low,1.92,18.26666667,JAP,1,1.92,1,haze,JAP,0
28.0,3.3,Buffet,motorcycle,27.04,48.0,0.0,clear sky,Very High,33.46,78.78333333,MUM,5,167.3,0,clear sky,MUM,1
36.0,5.0,Meal,scooter,22.64,43.0,0.0,clear sky,Moderate,15.84,29.36666667,VAD,3,47.519999999999996,0,clear sky,Other,0
38.0,4.6,Meal,scooter,26.03,44.0,0.0,smoke,High,8.97,40.33333333,MUM,4,35.88,0,smoke,MUM,0
23.0,4.9,Meal,motorcycle,21.71,56.0,0.0,clear sky,High,16.06,36.65,KNP,4,64.24,0,clear sky,Other,0
37.0,4.7,Snack,electric scooter,22.83,43.0,0.0,clear sky,Low,9.07,23.4,VAD,2,18.14,0,clear sky,Other,0
29.0,4.6,Meal,scooter,21.55,64.0,0.0,broken clouds,Low,5.27,13.23333333,HYD,2,10.54,0,clouds,HYD,0
38.0,4.8,Drinks,motorcycle,19.22,65.0,0.0,clear sky,High,13.0,44.13333333,PUNE,4,52.0,0,clear sky,PUNE,0
25.0,4.7,Snack,motorcycle,16.15,67.0,0.0,clear sky,High,19.73,35.63333333,RANCHI,4,78.92,0,clear sky,RANCHI,0
22.0,4.9,Snack,motorcycle,19.02,65.0,0.0,clear sky,Low,8.39,23.36666667,PUNE,2,16.78,0,clear sky,PUNE,0
34.0,4.6,Meal,motorcycle,26.48,87.0,0.0,scattered clouds,Very High,18.22,54.75,CHEN,5,91.1,0,clouds,CHEN,1
37.0,5.0,Buffet,motorcycle,17.56,68.0,0.0,clear sky,Low,5.45,15.51666667,RANCHI,2,10.9,0,clear sky,RANCHI,0
25.0,5.0,Drinks,motorcycle,23.38,43.0,0.0,clear sky,Low,8.82,29.05,SUR,2,17.64,0,clear sky,SUR,0
38.0,4.6,Buffet,motorcycle,19.25,68.0,0.0,haze,Moderate,10.68,27.25,JAP,3,32.04,0,haze,JAP,0
32.0,5.0,Snack,scooter,16.22,67.0,0.0,clear sky,Very High,26.1,52.56666667,RANCHI,5,130.5,0,clear sky,RANCHI,1
20.0,4.8,Drinks,scooter,18.09,81.0,0.0,scattered clouds,Low,5.03,29.21666667,MYS,2,10.06,0,clouds,MYS,0
31.0,4.8,Meal,motorcycle,17.17,72.0,0.0,haze,Moderate,12.44,24.0,INDO,3,37.32,0,haze,INDO,0
30.0,4.6,Buffet,motorcycle,18.34,82.0,0.0,broken clouds,High,14.43,40.33333333,MYS,4,57.72,0,clouds,MYS,0
29.0,4.6,Meal,motorcycle,19.59,92.0,0.0,mist,High,20.02,40.46666667,BANG,4,80.08,0,mist,BANG,0
25.0,4.8,Snack,motorcycle,19.55,93.0,0.0,mist,Low,11.83,25.53333333,BANG,2,23.66,0,mist,BANG,0
23.0,4.6,Meal,scooter,26.47,87.0,0.0,scattered clouds,Very High,19.3,56.05,CHEN,5,96.5,0,clouds,CHEN,1
37.0,4.2,Meal,motorcycle,16.01,94.0,0.0,mist,Low,8.26,21.03333333,RANCHI,2,16.52,0,mist,RANCHI,0
29.0,4.9,Buffet,scooter,26.99,44.0,0.0,smoke,Low,3.81,20.76666667,MUM,2,7.62,0,smoke,MUM,0
29.0,4.8,Drinks,scooter,22.81,43.0,0.0,clear sky,High,23.68,51.16666667,SUR,4,94.72,0,clear sky,SUR,1
25.0,2.7,Drinks,motorcycle,22.97,43.0,0.0,clear sky,Moderate,13.54,36.36666667,SUR,3,40.62,0,clear sky,SUR,0
35.0,4.7,Buffet,electric scooter,22.83,43.0,0.0,clear sky,High,21.05,45.01666667,SUR,4,84.2,0,clear sky,SUR,1
20.0,4.6,Snack,motorcycle,16.27,94.0,0.0,mist,High,10.34,40.16666667,RANCHI,4,41.36,0,mist,RANCHI,0
22.0,4.7,Drinks,motorcycle,18.42,82.0,0.0,broken clouds,High,19.2,49.85,MYS,4,76.8,0,clouds,MYS,1
31.0,4.7,Drinks,motorcycle,26.53,88.0,0.0,mist,Moderate,14.03,41.65,CHEN,3,42.089999999999996,0,mist,CHEN,0
31.0,4.6,Meal,motorcycle,24.8,73.0,0.0,mist,Low,4.62,16.9,COIMB,2,9.24,0,mist,COIMB,0
26.0,4.6,Meal,motorcycle,18.23,82.0,0.0,scattered clouds,Moderate,20.5,29.23333333,MYS,3,61.5,0,clouds,MYS,0
20.0,3.5,Meal,scooter,22.45,44.0,0.0,clear sky,High,24.48,37.11666667,VAD,4,97.92,0,clear sky,Other,0
31.0,4.5,Meal,scooter,17.23,53.0,0.0,clear sky,High,19.36,33.36666667,INDO,4,77.44,0,clear sky,INDO,0
28.0,4.9,Meal,motorcycle,21.19,65.0,0.0,broken clouds,Very High,30.66,62.26666667,HYD,5,153.3,0,clouds,HYD,1
25.0,4.5,Buffet,electric scooter,21.23,64.0,0.0,overcast clouds,High,21.9,47.35,HYD,4,87.6,0,clouds,HYD,1
28.0,4.1,Snack,scooter,22.92,42.0,0.0,clear sky,Low,5.52,16.05,VAD,2,11.04,0,clear sky,Other,0
39.0,5.0,Buffet,motorcycle,19.57,68.0,0.0,haze,Moderate,13.55,31.18333333,JAP,3,40.650000000000006,0,haze,JAP,0
37.0,4.0,Drinks,motorcycle,17.08,72.0,0.0,haze,Low,5.87,26.13333333,INDO,2,11.74,0,haze,INDO,0
24.0,4.9,Drinks,electric scooter,22.93,42.0,0.0,clear sky,Low,5.29,20.38333333,VAD,2,10.58,0,clear sky,Other,0
25.0,4.6,Buffet,motorcycle,25.95,60.0,0.0,scattered clouds,High,20.23,43.78333333,GOA,4,80.92,0,clouds,Other,0
27.0,4.7,Drinks,motorcycle,19.6,68.0,0.0,haze,Very Low,2.42,20.11666667,JAP,1,2.42,1,haze,JAP,0
22.0,4.7,Snack,motorcycle,21.32,64.0,0.0,broken clouds,Very Low,2.13,12.25,HYD,1,2.13,1,clouds,HYD,0
27.0,4.9,Snack,motorcycle,27.04,48.0,0.0,clear sky,Very High,42.6,99.85,MUM,5,213.0,0,clear sky,MUM,1
32.0,4.3,Drinks,motorcycle,16.08,67.0,0.0,clear sky,High,22.87,50.73333333,RANCHI,4,91.48,0,clear sky,RANCHI,1
28.0,4.7,Snack,motorcycle,25.96,59.0,0.0,scattered clouds,High,16.47,42.25,GOA,4,65.88,0,clouds,Other,0
20.0,4.5,Buffet,motorcycle,18.09,81.0,0.0,scattered clouds,Low,5.03,22.2,MYS,2,10.06,0,clouds,MYS,0
26.0,4.8,Snack,motorcycle,18.22,81.0,0.0,broken clouds,Moderate,14.53,33.63333333,MYS,3,43.589999999999996,0,clouds,MYS,0
31.0,4.7,Snack,motorcycle,26.42,87.0,0.0,scattered clouds,Very High,21.39,63.2,CHEN,5,106.95,0,clouds,CHEN,1
20.0,4.9,Meal,motorcycle,18.33,82.0,0.0,broken clouds,High,18.38,46.06666667,MYS,4,73.52,0,clouds,MYS,1
35.0,4.4,Snack,motorcycle,18.37,82.0,0.0,broken clouds,Moderate,18.24,35.36666667,MYS,3,54.72,0,clouds,MYS,0
20.0,4.9,Drinks,motorcycle,25.18,73.0,0.0,mist,Very High,24.82,58.15,COIMB,5,124.1,0,mist,COIMB,1
27.0,4.9,Buffet,motorcycle,19.22,65.0,0.0,clear sky,Very Low,2.48,9.583333333,PUNE,1,2.48,1,clear sky,PUNE,0
38.0,4.4,Snack,scooter,17.75,68.0,0.0,clear sky,Moderate,17.1,29.28333333,RANCHI,3,51.300000000000004,0,clear sky,RANCHI,0
31.0,4.5,Snack,scooter,26.41,73.0,0.0,scattered clouds,Very High,28.49,68.93333333,CHEN,5,142.45,0,clouds,CHEN,1
21.0,4.8,Drinks,scooter,19.22,93.0,0.0,fog,High,23.54,46.81666667,BANG,4,94.16,0,other,BANG,1
27.0,4.6,Drinks,scooter,19.53,65.0,0.0,clear sky,Very High,30.42,64.51666667,PUNE,5,152.10000000000002,0,clear sky,PUNE,1
24.0,4.7,Meal,motorcycle,23.37,43.0,0.0,clear sky,Moderate,10.36,22.06666667,SUR,3,31.08,0,clear sky,SUR,0
32.0,4.1,Drinks,motorcycle,17.29,53.0,0.0,clear sky,High,24.08,54.65,INDO,4,96.32,0,clear sky,INDO,1
29.0,4.7,Meal,scooter,26.47,87.0,0.0,scattered clouds,Very High,29.62,76.23333333,CHEN,5,148.1,0,clouds,CHEN,1
38.0,4.7,Buffet,scooter,17.08,72.0,0.0,haze,Very Low,2.29,12.16666667,INDO,1,2.29,1,haze,INDO,0
25.0,4.9,Meal,motorcycle,18.55,58.0,0.0,clear sky,Very High,43.46,51.81666667,LUDH,5,217.3,0,clear sky,Other,1
29.0,4.5,Buffet,motorcycle,19.26,65.0,0.0,clear sky,Very High,16.89,49.56666667,PUNE,5,84.45,0,clear sky,PUNE,1
28.0,4.6,Meal,electric scooter,19.25,68.0,0.0,haze,High,12.21,34.83333333,JAP,4,48.84,0,haze,JAP,0
33.0,4.5,Meal,motorcycle,18.17,81.0,0.0,broken clouds,Low,9.91,20.25,MYS,2,19.82,0,clouds,MYS,0
28.0,4.5,Meal,scooter,17.16,72.0,0.0,haze,Low,8.14,18.65,INDO,2,16.28,0,haze,INDO,0
29.0,4.8,Meal,scooter,18.34,81.0,0.0,scattered clouds,Moderate,13.03,23.4,MYS,3,39.089999999999996,0,clouds,MYS,0
35.0,5.0,Buffet,scooter,22.99,43.0,0.0,clear sky,Moderate,13.7,29.68333333,SUR,3,41.099999999999994,0,clear sky,SUR,0
38.0,4.3,Buffet,scooter,19.66,46.0,0.0,clear sky,Very High,28.3,49.83333333,JAP,5,141.5,0,clear sky,JAP,1
37.0,3.8,Meal,electric scooter,22.97,43.0,0.0,clear sky,Moderate,13.5,28.15,SUR,3,40.5,0,clear sky,SUR,0
30.0,4.9,Buffet,scooter,25.62,44.0,0.0,smoke,Very High,20.61,66.61666667,MUM,5,103.05,0,smoke,MUM,1
33.0,4.0,Meal,motorcycle,22.83,43.0,0.0,clear sky,Low,8.47,15.85,VAD,2,16.94,0,clear sky,Other,0
21.0,4.7,Buffet,motorcycle,17.12,72.0,0.0,haze,Moderate,9.33,25.9,INDO,3,27.990000000000002,0,haze,INDO,0
37.0,4.8,Drinks,scooter,26.55,87.0,0.0,mist,Low,10.01,32.63333333,CHEN,2,20.02,0,mist,CHEN,0
25.0,4.8,Meal,motorcycle,18.4,82.0,0.0,broken clouds,High,23.19,34.56666667,MYS,4,92.76,0,clouds,MYS,0
35.0,4.9,Snack,scooter,15.19,77.0,0.0,clear sky,Low,4.55,15.6,DEH,2,9.1,0,clear sky,Other,0
25.0,5.0,Buffet,scooter,19.01,65.0,0.0,clear sky,High,15.81,35.93333333,PUNE,4,63.24,0,clear sky,PUNE,0
23.0,4.9,Snack,scooter,26.99,44.0,0.0,smoke,Low,2.98,20.5,MUM,2,5.96,1,smoke,MUM,0
26.0,4.6,Buffet,motorcycle,24.84,73.0,0.0,mist,Low,4.55,20.1,COIMB,2,9.1,0,mist,COIMB,0
20.0,4.0,Buffet,motorcycle,24.86,73.0,0.0,mist,Moderate,10.47,31.85,COIMB,3,31.410000000000004,0,mist,COIMB,0
21.0,4.9,Snack,scooter,19.69,68.0,0.0,haze,Moderate,13.86,31.68333333,JAP,3,41.58,0,haze,JAP,0
27.0,4.8,Meal,scooter,21.27,63.0,0.0,broken clouds,High,16.36,37.5,HYD,4,65.44,0,clouds,HYD,0
38.0,4.3,Buffet,motorcycle,26.79,47.0,0.0,clear sky,Very High,21.0,53.96666667,MUM,5,105.0,0,clear sky,MUM,1
38.0,3.6,Drinks,electric scooter,21.4,53.0,0.0,clear sky,Very High,39.69,62.75,AGR,5,198.45,0,clear sky,Other,1
37.0,4.6,Meal,scooter,26.31,88.0,0.0,mist,Low,2.56,14.95,CHEN,2,5.12,1,mist,CHEN,0
21.0,4.7,Drinks,motorcycle,16.21,94.0,0.0,mist,High,17.33,49.41666667,RANCHI,4,69.32,0,mist,RANCHI,1
34.0,4.6,Snack,motorcycle,11.65,81.0,0.0,clear sky,Very High,44.13,104.45,DEH,5,220.65,0,clear sky,Other,1
26.0,4.6,Snack,motorcycle,23.33,43.0,0.0,clear sky,Low,5.06,18.0,SUR,2,10.12,0,clear sky,SUR,0
31.0,4.0,Drinks,motorcycle,18.97,93.0,0.0,fog,High,27.12,58.85,BANG,4,108.48,0,other,BANG,1
31.0,4.0,Snack,motorcycle,23.61,44.0,0.0,clear sky,Low,6.64,18.78333333,SUR,2,13.28,0,clear sky,SUR,0
25.0,4.8,Buffet,scooter,18.35,58.0,0.0,clear sky,Moderate,11.33,28.33333333,BHP,3,33.99,0,clear sky,Other,0
30.0,4.9,Drinks,scooter,10.07,79.0,0.0,clear sky,Very High,29.92,91.03333333,DEH,5,149.60000000000002,0,clear sky,Other,1
28.0,4.7,Drinks,motorcycle,19.83,47.0,0.0,clear sky,Very High,29.61,56.78333333,JAP,5,148.05,0,clear sky,JAP,1
26.0,4.7,Meal,scooter,26.99,44.0,0.0,smoke,Moderate,10.81,33.33333333,MUM,3,32.43,0,smoke,MUM,0
38.0,4.9,Meal,motorcycle,22.89,43.0,0.0,clear sky,High,15.16,33.63333333,SUR,4,60.64,0,clear sky,SUR,0
31.0,4.9,Snack,scooter,19.8,91.0,0.0,mist,Very Low,2.03,16.41666667,BANG,1,2.03,1,mist,BANG,0
26.0,4.8,Drinks,motorcycle,25.27,73.0,0.0,mist,High,31.98,57.75,COIMB,4,127.92,0,mist,COIMB,1
37.0,4.1,Meal,scooter,19.18,65.0,0.0,clear sky,High,14.41,33.06666667,PUNE,4,57.64,0,clear sky,PUNE,0
32.0,4.1,Drinks,scooter,19.46,93.0,0.0,mist,Moderate,13.61,41.11666667,BANG,3,40.83,0,mist,BANG,0
35.0,4.6,Snack,scooter,19.42,93.0,0.0,mist,High,14.13,44.81666667,BANG,4,56.52,0,mist,BANG,0
31.0,4.6,Meal,scooter,27.0,44.0,0.0,smoke,Low,3.2,21.95,MUM,2,6.4,0,smoke,MUM,0
20.0,4.9,Buffet,motorcycle,17.14,54.0,0.0,clear sky,Very High,28.87,49.96666667,INDO,5,144.35,0,clear sky,INDO,1
21.0,4.7,Buffet,scooter,21.42,66.0,0.0,broken clouds,Moderate,10.79,27.5,HYD,3,32.37,0,clouds,HYD,0
39.0,4.6,Buffet,motorcycle,19.83,47.0,0.0,clear sky,Very High,29.81,49.16666667,JAP,5,149.04999999999998,0,clear sky,JAP,1
30.0,4.6,Meal,motorcycle,6.91,80.0,0.0,clear sky,Very High,36.47,84.18333333,DEH,5,182.35,0,clear sky,Other,1
28.0,4.8,Meal,scooter,19.24,65.0,0.0,clear sky,Low,7.7,17.81666667,PUNE,2,15.4,0,clear sky,PUNE,0
35.0,4.8,Buffet,scooter,24.78,73.0,0.0,mist,Very Low,2.52,12.66666667,COIMB,1,2.52,1,mist,COIMB,0
23.0,4.8,Snack,scooter,18.99,57.0,0.0,clear sky,Very Low,2.45,12.26666667,LUDH,1,2.45,1,clear sky,Other,0
25.0,4.4,Buffet,motorcycle,19.22,65.0,0.0,clear sky,Low,4.72,15.85,PUNE,2,9.44,0,clear sky,PUNE,0
24.0,4.7,Drinks,motorcycle,23.92,88.0,0.0,mist,Low,7.45,30.0,KOC,2,14.9,0,mist,Other,0
32.0,5.0,Snack,motorcycle,16.05,94.0,0.0,mist,Very Low,2.28,15.21666667,RANCHI,1,2.28,1,mist,RANCHI,0
22.0,4.7,Meal,scooter,16.21,94.0,0.0,mist,High,17.33,39.96666667,RANCHI,4,69.32,0,mist,RANCHI,0
38.0,4.8,Snack,motorcycle,27.01,44.0,0.0,smoke,Moderate,11.59,37.28333333,MUM,3,34.769999999999996,0,smoke,MUM,0
29.0,4.6,Meal,motorcycle,19.75,91.0,0.0,mist,Moderate,8.26,31.06666667,BANG,3,24.78,0,mist,BANG,0
26.0,4.9,Meal,motorcycle,19.73,68.0,0.0,haze,Low,7.52,21.4,JAP,2,15.04,0,haze,JAP,0
24.0,4.6,Drinks,motorcycle,19.52,93.0,0.0,mist,Very High,26.77,70.6,BANG,5,133.85,0,mist,BANG,1
21.0,4.8,Meal,motorcycle,19.27,65.0,0.0,clear sky,Low,7.91,20.48333333,PUNE,2,15.82,0,clear sky,PUNE,0
27.0,4.8,Snack,motorcycle,26.52,87.0,0.0,mist,Low,4.63,18.6,CHEN,2,9.26,0,mist,CHEN,0
35.0,4.5,Drinks,motorcycle,19.22,65.0,0.0,clear sky,High,17.64,51.03333333,PUNE,4,70.56,0,clear sky,PUNE,1
36.0,4.8,Meal,motorcycle,24.88,73.0,0.0,mist,Low,4.59,15.9,COIMB,2,9.18,0,mist,COIMB,0
22.0,4.6,Drinks,electric scooter,19.67,68.0,0.0,haze,Moderate,10.7,33.68333333,JAP,3,32.099999999999994,0,haze,JAP,0
26.0,4.9,Buffet,motorcycle,19.22,65.0,0.0,clear sky,Very High,27.75,61.75,PUNE,5,138.75,0,clear sky,PUNE,1
36.0,5.0,Snack,motorcycle,18.3,81.0,0.0,broken clouds,High,18.17,50.53333333,MYS,4,72.68,0,clouds,MYS,1
32.0,4.9,Buffet,motorcycle,27.04,48.0,0.0,clear sky,Very High,42.66,98.26666667,MUM,5,213.29999999999998,0,clear sky,MUM,1
29.0,4.6,Meal,scooter,17.12,72.0,0.0,haze,Moderate,12.94,29.21666667,INDO,3,38.82,0,haze,INDO,0
29.0,4.7,Snack,scooter,23.01,83.0,0.0,haze,High,17.39,40.95,KOL,4,69.56,0,haze,Other,0
38.0,4.8,Snack,motorcycle,19.61,92.0,0.0,mist,Low,8.83,19.35,BANG,2,17.66,0,mist,BANG,0
33.0,4.9,Drinks,scooter,18.25,81.0,0.0,broken clouds,Low,6.59,24.15,MYS,2,13.18,0,clouds,MYS,0
36.0,4.9,Drinks,motorcycle,26.29,88.0,0.0,mist,Low,4.92,29.65,CHEN,2,9.84,0,mist,CHEN,0
22.0,4.7,Snack,motorcycle,25.82,59.0,0.0,scattered clouds,Moderate,9.31,30.2,GOA,3,27.93,0,clouds,Other,0
26.0,4.4,Meal,motorcycle,19.16,65.0,0.0,clear sky,Low,7.88,19.28333333,PUNE,2,15.76,0,clear sky,PUNE,0
31.0,4.8,Meal,motorcycle,24.9,73.0,0.0,mist,Very Low,2.99,13.65,COIMB,1,2.99,1,mist,COIMB,0
37.0,4.8,Meal,scooter,27.03,44.0,0.0,smoke,Low,3.85,17.61666667,MUM,2,7.7,0,smoke,MUM,0
34.0,5.0,Snack,scooter,25.06,73.0,0.0,mist,Moderate,13.97,35.3,COIMB,3,41.910000000000004,0,mist,COIMB,0
26.0,4.1,Drinks,motorcycle,19.6,93.0,0.0,mist,Low,5.7,23.65,BANG,2,11.4,0,mist,BANG,0
35.0,4.5,Buffet,scooter,19.34,65.0,0.0,clear sky,Very High,24.84,63.03333333,PUNE,5,124.2,0,clear sky,PUNE,1
34.0,4.1,Meal,motorcycle,19.2,65.0,0.0,clear sky,Moderate,9.57,25.35,PUNE,3,28.71,0,clear sky,PUNE,0
22.0,4.8,Meal,scooter,22.99,94.0,0.0,mist,Very High,31.48,51.16666667,KOC,5,157.4,0,mist,Other,1
21.0,4.7,Meal,scooter,23.54,44.0,0.0,clear sky,Low,5.91,14.4,SUR,2,11.82,0,clear sky,SUR,0
25.0,4.8,Meal,scooter,19.07,57.0,0.0,clear sky,Low,6.58,12.36666667,LUDH,2,13.16,0,clear sky,Other,0
24.0,4.4,Buffet,scooter,25.0,73.0,0.0,mist,High,16.69,36.36666667,COIMB,4,66.76,0,mist,COIMB,0
27.0,5.0,Buffet,motorcycle,25.0,73.0,0.0,mist,Moderate,13.73,31.2,COIMB,3,41.19,0,mist,COIMB,0
33.0,4.6,Meal,scooter,24.97,73.0,0.0,mist,High,16.18,37.08333333,COIMB,4,64.72,0,mist,COIMB,0
22.0,3.1,Buffet,scooter,19.07,93.0,0.0,fog,High,26.06,44.48333333,BANG,4,104.24,0,other,BANG,0
24.0,4.8,Drinks,motorcycle,21.38,65.0,0.0,broken clouds,Moderate,9.34,32.85,HYD,3,28.02,0,clouds,HYD,0
20.0,4.6,Snack,scooter,26.45,88.0,0.0,mist,High,13.7,52.81666667,CHEN,4,54.8,0,mist,CHEN,1
26.0,4.5,Buffet,scooter,26.96,44.0,0.0,smoke,Moderate,11.94,35.83333333,MUM,3,35.82,0,smoke,MUM,0
36.0,4.6,Meal,motorcycle,24.77,73.0,0.0,mist,Very Low,2.31,11.23333333,COIMB,1,2.31,1,mist,COIMB,0
32.0,4.9,Snack,motorcycle,22.86,43.0,0.0,clear sky,High,17.94,40.21666667,SUR,4,71.76,0,clear sky,SUR,0
33.0,4.8,Drinks,motorcycle,9.18,82.0,0.0,clear sky,Very High,59.84,156.7166667,DEH,5,299.20000000000005,0,clear sky,Other,1
37.0,4.9,Drinks,motorcycle,23.11,43.0,0.0,clear sky,Low,9.3,29.21666667,SUR,2,18.6,0,clear sky,SUR,0
36.0,4.7,Snack,scooter,26.42,87.0,0.0,scattered clouds,Very High,17.62,58.51666667,CHEN,5,88.10000000000001,0,clouds,CHEN,1
39.0,4.6,Snack,motorcycle,19.88,46.0,0.0,clear sky,High,20.64,45.8,JAP,4,82.56,0,clear sky,JAP,1
38.0,4.6,Meal,motorcycle,26.97,44.0,0.0,smoke,Moderate,9.58,33.05,MUM,3,28.740000000000002,0,smoke,MUM,0
23.0,4.7,Snack,motorcycle,26.42,88.0,0.0,scattered clouds,Very High,20.22,61.43333333,CHEN,5,101.1,0,clouds,CHEN,1
30.0,4.7,Snack,motorcycle,19.25,65.0,0.0,clear sky,Moderate,12.73,32.38333333,PUNE,3,38.19,0,clear sky,PUNE,0
29.0,4.6,Drinks,motorcycle,16.03,76.0,0.0,clear sky,Very Low,4.4,19.18333333,DEH,1,4.4,0,clear sky,Other,0
28.0,4.7,Meal,motorcycle,26.99,44.0,0.0,smoke,Low,3.81,18.71666667,MUM,2,7.62,0,smoke,MUM,0
28.0,4.9,Meal,motorcycle,19.08,65.0,0.0,few clouds,Low,5.03,15.58333333,PUNE,2,10.06,0,clouds,PUNE,0
30.0,4.1,Buffet,motorcycle,26.69,44.0,0.0,smoke,Low,2.81,18.68333333,MUM,2,5.62,1,smoke,MUM,0
34.0,4.9,Meal,electric scooter,17.31,53.0,0.0,clear sky,High,24.02,39.45,INDO,4,96.08,0,clear sky,INDO,0
35.0,5.0,Snack,scooter,19.67,68.0,0.0,haze,Moderate,10.48,29.26666667,JAP,3,31.44,0,haze,JAP,0
39.0,4.6,Drinks,motorcycle,22.83,43.0,0.0,clear sky,Low,8.49,26.55,VAD,2,16.98,0,clear sky,Other,0
38.0,3.8,Meal,motorcycle,25.18,73.0,0.0,mist,Very High,24.82,49.13333333,COIMB,5,124.1,0,mist,COIMB,1
36.0,4.6,Snack,scooter,25.56,47.0,0.0,clear sky,Very High,35.1,84.13333333,MUM,5,175.5,0,clear sky,MUM,1
36.0,4.4,Buffet,motorcycle,19.37,65.0,0.0,clear sky,High,17.23,43.75,PUNE,4,68.92,0,clear sky,PUNE,0
37.0,4.6,Meal,motorcycle,15.99,94.0,0.0,mist,Very Low,1.9,9.9,RANCHI,1,1.9,1,mist,RANCHI,0
24.0,4.8,Buffet,scooter,24.98,73.0,0.0,mist,High,16.91,36.0,COIMB,4,67.64,0,mist,COIMB,0
30.0,4.8,Drinks,motorcycle,21.31,65.0,0.0,broken clouds,Very Low,3.86,19.83333333,HYD,1,3.86,0,clouds,HYD,0
20.0,4.4,Drinks,motorcycle,27.05,48.0,0.0,clear sky,Very High,20.97,55.85,MUM,5,104.85,0,clear sky,MUM,1
37.0,4.8,Drinks,scooter,18.32,82.0,0.0,broken clouds,High,20.33,54.61666667,MYS,4,81.32,0,clouds,MYS,1
30.0,4.7,Meal,motorcycle,18.36,82.0,0.0,scattered clouds,High,19.47,34.16666667,MYS,4,77.88,0,clouds,MYS,0
21.0,3.7,Buffet,motorcycle,26.48,88.0,0.0,mist,Moderate,11.05,35.5,CHEN,3,33.150000000000006,0,mist,CHEN,0
21.0,4.8,Meal,electric scooter,26.36,88.0,0.0,mist,Low,9.62,23.73333333,CHEN,2,19.24,0,mist,CHEN,0
20.0,4.8,Buffet,motorcycle,27.03,44.0,0.0,smoke,Low,3.78,19.6,MUM,2,7.56,0,smoke,MUM,0
22.0,4.7,Buffet,motorcycle,18.4,82.0,0.0,broken clouds,High,23.19,36.66666667,MYS,4,92.76,0,clouds,MYS,0
29.0,4.6,Snack,scooter,24.92,73.0,0.0,mist,Moderate,11.58,29.76666667,COIMB,3,34.74,0,mist,COIMB,0
36.0,4.5,Meal,motorcycle,18.25,57.0,0.0,clear sky,Moderate,13.84,28.28333333,BHP,3,41.519999999999996,0,clear sky,Other,0
30.0,3.8,Drinks,scooter,25.97,60.0,0.0,scattered clouds,High,23.69,49.55,GOA,4,94.76,0,clouds,Other,1
25.0,4.7,Snack,motorcycle,18.46,57.0,0.0,clear sky,High,19.42,36.56666667,BHP,4,77.68,0,clear sky,Other,0
38.0,4.3,Snack,motorcycle,17.06,72.0,0.0,haze,Very Low,1.95,11.55,INDO,1,1.95,1,haze,INDO,0
35.0,4.1,Meal,motorcycle,18.27,58.0,0.0,clear sky,Very High,29.43,56.76666667,BHP,5,147.15,0,clear sky,Other,1
24.0,4.6,Snack,scooter,19.51,92.0,0.0,mist,Low,6.04,26.78333333,BANG,2,12.08,0,mist,BANG,0
33.0,4.9,Drinks,motorcycle,16.27,94.0,0.0,mist,High,11.78,43.76666667,RANCHI,4,47.12,0,mist,RANCHI,0
32.0,4.5,Buffet,motorcycle,18.02,82.0,0.0,broken clouds,High,25.47,43.11666667,MYS,4,101.88,0,clouds,MYS,0
20.0,4.2,Snack,motorcycle,21.19,64.0,0.0,overcast clouds,High,22.48,51.91666667,HYD,4,89.92,0,clouds,HYD,1
23.0,4.6,Buffet,scooter,27.05,44.0,0.0,smoke,High,18.87,47.28333333,MUM,4,75.48,0,smoke,MUM,1
23.0,4.7,Buffet,electric scooter,23.21,43.0,0.0,clear sky,Low,5.58,14.73333333,SUR,2,11.16,0,clear sky,SUR,0
39.0,4.6,Meal,motorcycle,12.95,78.0,0.0,clear sky,High,16.01,43.96666667,DEH,4,64.04,0,clear sky,Other,0
25.0,5.0,Snack,motorcycle,21.32,64.0,0.0,broken clouds,Very Low,2.13,12.2,HYD,1,2.13,1,clouds,HYD,0
27.0,4.1,Buffet,electric scooter,22.84,43.0,0.0,clear sky,High,20.21,39.9,SUR,4,80.84,0,clear sky,SUR,0
33.0,4.7,Drinks,motorcycle,24.84,73.0,0.0,mist,Low,4.61,26.03333333,COIMB,2,9.22,0,mist,COIMB,0
29.0,4.6,Meal,motorcycle,26.32,88.0,0.0,mist,Moderate,10.88,33.48333333,CHEN,3,32.64,0,mist,CHEN,0
21.0,4.5,Buffet,motorcycle,27.02,44.0,0.0,smoke,Moderate,8.0,28.9,MUM,3,24.0,0,smoke,MUM,0
29.0,4.7,Snack,motorcycle,25.14,73.0,0.0,mist,High,20.42,49.13333333,COIMB,4,81.68,0,mist,COIMB,1
25.0,4.6,Meal,motorcycle,26.4,73.0,0.0,scattered clouds,Very High,28.99,65.36666667,CHEN,5,144.95,0,clouds,CHEN,1
29.0,4.7,Buffet,scooter,23.99,88.0,0.0,mist,Low,7.35,22.58333333,KOC,2,14.7,0,mist,Other,0
34.0,5.0,Snack,motorcycle,19.37,65.0,0.0,clear sky,High,17.23,45.81666667,PUNE,4,68.92,0,clear sky,PUNE,1
34.0,4.6,Drinks,scooter,22.85,43.0,0.0,clear sky,Very High,25.4,55.05,SUR,5,127.0,0,clear sky,SUR,1
33.0,5.0,Meal,motorcycle,27.01,44.0,0.0,smoke,Very Low,2.19,15.21666667,MUM,1,2.19,1,smoke,MUM,0
27.0,4.6,Snack,motorcycle,22.91,94.0,0.0,mist,High,17.69,47.01666667,KOC,4,70.76,0,mist,Other,1
27.0,4.7,Meal,motorcycle,19.57,68.0,0.0,haze,Moderate,11.77,28.33333333,JAP,3,35.31,0,haze,JAP,0
24.0,4.5,Drinks,motorcycle,18.37,81.0,0.0,broken clouds,Moderate,15.01,38.15,MYS,3,45.03,0,clouds,MYS,0
25.0,4.9,Drinks,motorcycle,16.23,94.0,0.0,mist,Moderate,17.81,40.61666667,RANCHI,3,53.42999999999999,0,mist,RANCHI,0
23.0,4.9,Meal,motorcycle,26.39,88.0,0.0,scattered clouds,High,14.08,35.78333333,CHEN,4,56.32,0,clouds,CHEN,0
27.0,4.3,Snack,motorcycle,18.34,57.0,0.0,clear sky,Low,7.11,19.55,BHP,2,14.22,0,clear sky,Other,0
29.0,4.5,Snack,motorcycle,19.54,92.0,0.0,mist,Very Low,1.79,12.36666667,BANG,1,1.79,1,mist,BANG,0
24.0,4.9,Drinks,motorcycle,17.22,53.0,0.0,clear sky,Very High,26.83,58.1,INDO,5,134.14999999999998,0,clear sky,INDO,1
27.0,4.6,Snack,scooter,25.88,61.0,0.0,scattered clouds,Very High,21.77,54.8,GOA,5,108.85,0,clouds,Other,1
24.0,4.7,Drinks,motorcycle,24.96,73.0,0.0,mist,Moderate,11.45,36.63333333,COIMB,3,34.349999999999994,0,mist,COIMB,0
32.0,4.9,Snack,electric scooter,22.9,43.0,0.0,clear sky,High,18.0,38.7,SUR,4,72.0,0,clear sky,SUR,0
28.0,4.7,Meal,motorcycle,19.01,82.0,0.0,haze,Low,11.07,21.93333333,VAD,2,22.14,0,haze,Other,0
24.0,4.9,Buffet,scooter,26.54,87.0,0.0,mist,High,17.26,42.75,CHEN,4,69.04,0,mist,CHEN,0
21.0,4.6,Drinks,scooter,19.62,68.0,0.0,haze,Very Low,3.21,19.2,JAP,1,3.21,0,haze,JAP,0
23.0,4.5,Snack,motorcycle,17.18,72.0,0.0,haze,High,17.09,42.33333333,INDO,4,68.36,0,haze,INDO,0
37.0,4.2,Drinks,scooter,19.9,68.0,0.0,haze,Moderate,9.41,32.11666667,JAP,3,28.23,0,haze,JAP,0
22.0,4.9,Meal,scooter,21.32,65.0,0.0,broken clouds,Very Low,2.5,10.4,HYD,1,2.5,1,clouds,HYD,0
33.0,4.8,Meal,scooter,18.92,65.0,0.0,clear sky,High,19.29,41.01666667,PUNE,4,77.16,0,clear sky,PUNE,0
29.0,4.6,Drinks,motorcycle,16.22,67.0,0.0,clear sky,High,22.26,51.65,RANCHI,4,89.04,0,clear sky,RANCHI,1
32.0,3.6,Snack,scooter,22.94,94.0,0.0,mist,High,16.22,43.46666667,KOC,4,64.88,0,mist,Other,0
38.0,5.0,Snack,scooter,19.67,68.0,0.0,haze,Moderate,10.48,29.25,JAP,3,31.44,0,haze,JAP,0
24.0,4.5,Snack,scooter,16.12,94.0,0.0,mist,Very Low,3.81,17.55,RANCHI,1,3.81,0,mist,RANCHI,0
32.0,4.9,Meal,scooter,24.97,73.0,0.0,mist,High,17.5,39.63333333,COIMB,4,70.0,0,mist,COIMB,0
20.0,4.6,Meal,motorcycle,19.77,68.0,0.0,haze,Moderate,9.3,23.05,JAP,3,27.900000000000002,0,haze,JAP,0
37.0,4.2,Meal,motorcycle,16.29,67.0,0.0,clear sky,High,19.56,34.68333333,RANCHI,4,78.24,0,clear sky,RANCHI,0
27.0,4.8,Buffet,scooter,19.04,93.0,0.0,fog,High,29.61,46.85,BANG,4,118.44,0,other,BANG,1
28.0,4.9,Meal,motorcycle,25.16,73.0,0.0,mist,High,22.72,44.78333333,COIMB,4,90.88,0,mist,COIMB,0
38.0,4.3,Snack,motorcycle,26.39,87.0,0.0,scattered clouds,Very High,19.45,60.85,CHEN,5,97.25,0,clouds,CHEN,1
31.0,4.6,Snack,motorcycle,21.42,65.0,0.0,broken clouds,Moderate,9.43,30.61666667,HYD,3,28.29,0,clouds,HYD,0
38.0,4.8,Drinks,motorcycle,17.28,53.0,0.0,clear sky,High,22.12,46.18333333,INDO,4,88.48,0,clear sky,INDO,1
26.0,4.6,Snack,scooter,19.37,93.0,0.0,mist,High,22.72,42.76666667,BANG,4,90.88,0,mist,BANG,0
39.0,4.9,Meal,motorcycle,21.22,65.0,0.0,broken clouds,Low,6.97,17.45,HYD,2,13.94,0,clouds,HYD,0
26.0,4.7,Snack,scooter,16.07,94.0,0.0,mist,Low,6.09,27.56666667,RANCHI,2,12.18,0,mist,RANCHI,0
31.0,4.5,Drinks,scooter,26.94,44.0,0.0,smoke,High,11.13,47.7,MUM,4,44.52,0,smoke,MUM,1
35.0,4.4,Meal,scooter,26.36,88.0,0.0,mist,High,15.3,36.56666667,CHEN,4,61.2,0,mist,CHEN,0
38.0,4.8,Meal,scooter,16.17,94.0,0.0,mist,High,11.5,34.0,RANCHI,4,46.0,0,mist,RANCHI,0
34.0,4.9,Snack,electric scooter,7.87,80.0,0.0,clear sky,Very High,41.8,98.36666667,DEH,5,209.0,0,clear sky,Other,1
29.0,4.6,Drinks,scooter,27.01,44.0,0.0,smoke,High,18.49,53.25,MUM,4,73.96,0,smoke,MUM,1
34.0,4.6,Buffet,scooter,27.04,48.0,0.0,clear sky,Very High,24.56,63.73333333,MUM,5,122.8,0,clear sky,MUM,1
36.0,4.6,Buffet,motorcycle,19.79,93.0,0.0,mist,High,11.82,39.93333333,BANG,4,47.28,0,mist,BANG,0
26.0,4.7,Drinks,scooter,21.3,64.0,0.0,broken clouds,High,14.76,46.98333333,HYD,4,59.04,0,clouds,HYD,1
26.0,4.9,Buffet,motorcycle,26.92,44.0,0.0,smoke,Low,6.26,27.68333333,MUM,2,12.52,0,smoke,MUM,0
26.0,5.0,Buffet,motorcycle,19.74,68.0,0.0,haze,Low,7.87,21.68333333,JAP,2,15.74,0,haze,JAP,0
35.0,5.0,Buffet,scooter,23.99,88.0,0.0,mist,Moderate,8.28,26.01666667,KOC,3,24.839999999999996,0,mist,Other,0
25.0,4.6,Meal,motorcycle,22.93,43.0,0.0,clear sky,High,16.07,32.21666667,SUR,4,64.28,0,clear sky,SUR,0
26.0,4.7,Meal,motorcycle,16.23,94.0,0.0,mist,High,13.3,35.48333333,RANCHI,4,53.2,0,mist,RANCHI,0
32.0,4.3,Snack,motorcycle,19.6,68.0,0.0,haze,Low,3.77,16.51666667,JAP,2,7.54,0,haze,JAP,0
20.0,4.8,Snack,scooter,18.38,81.0,0.0,broken clouds,Moderate,10.65,32.83333333,MYS,3,31.950000000000003,0,clouds,MYS,0
37.0,5.0,Meal,motorcycle,19.33,65.0,0.0,clear sky,Moderate,11.33,26.33333333,PUNE,3,33.99,0,clear sky,PUNE,0
36.0,4.6,Snack,motorcycle,17.59,68.0,0.0,clear sky,Low,8.3,24.83333333,RANCHI,2,16.6,0,clear sky,RANCHI,0
33.0,4.4,Snack,scooter,19.45,93.0,0.0,mist,Very High,26.52,54.06666667,BANG,5,132.6,0,mist,BANG,1
39.0,5.0,Snack,scooter,19.8,91.0,0.0,mist,Low,2.69,20.16666667,BANG,2,5.38,1,mist,BANG,0
23.0,4.7,Drinks,motorcycle,26.31,88.0,0.0,scattered clouds,High,21.29,51.61666667,CHEN,4,85.16,0,clouds,CHEN,1
21.0,4.1,Buffet,motorcycle,18.34,81.0,0.0,broken clouds,Low,8.87,21.33333333,MYS,2,17.74,0,clouds,MYS,0
27.0,3.5,Drinks,motorcycle,19.09,65.0,0.0,clear sky,High,15.59,42.66666667,PUNE,4,62.36,0,clear sky,PUNE,0
30.0,4.6,Snack,scooter,17.65,82.0,0.0,broken clouds,Very High,25.66,60.15,MYS,5,128.3,0,clouds,MYS,1
24.0,4.6,Buffet,scooter,26.36,88.0,0.0,mist,Very Low,3.18,14.03333333,CHEN,1,3.18,0,mist,CHEN,0
24.0,4.6,Meal,electric scooter,16.27,94.0,0.0,mist,High,10.37,35.71666667,RANCHI,4,41.48,0,mist,RANCHI,0
23.0,4.5,Snack,scooter,19.52,93.0,0.0,mist,Moderate,17.76,37.06666667,BANG,3,53.28,0,mist,BANG,0
20.0,4.2,Meal,motorcycle,21.27,64.0,0.0,broken clouds,High,14.01,32.78333333,HYD,4,56.04,0,clouds,HYD,0
32.0,4.8,Buffet,motorcycle,27.01,48.0,0.0,clear sky,Low,3.86,14.65,MUM,2,7.72,0,clear sky,MUM,0
21.0,4.8,Drinks,scooter,21.41,64.0,0.0,broken clouds,Low,3.75,22.13333333,HYD,2,7.5,0,clouds,HYD,0
31.0,4.9,Meal,scooter,27.02,47.0,0.0,clear sky,Moderate,5.17,21.55,MUM,3,15.51,0,clear sky,MUM,0
38.0,4.9,Meal,scooter,17.59,68.0,0.0,clear sky,Moderate,9.57,22.76666667,RANCHI,3,28.71,0,clear sky,RANCHI,0
24.0,4.5,Drinks,scooter,19.75,92.0,0.0,mist,High,11.72,44.05,BANG,4,46.88,0,mist,BANG,0
20.0,4.7,Meal,scooter,19.48,46.0,0.0,clear sky,Very High,25.07,52.43333333,JAP,5,125.35,0,clear sky,JAP,1
23.0,5.0,Meal,scooter,18.37,81.0,0.0,broken clouds,Moderate,8.46,22.4,MYS,3,25.380000000000003,0,clouds,MYS,0
20.0,4.9,Snack,motorcycle,27.05,44.0,0.0,smoke,High,25.2,51.03333333,MUM,4,100.8,0,smoke,MUM,1
29.0,4.8,Meal,motorcycle,19.01,65.0,0.0,clear sky,High,18.99,41.68333333,PUNE,4,75.96,0,clear sky,PUNE,0
30.0,4.6,Drinks,motorcycle,17.65,82.0,0.0,broken clouds,High,27.2,54.9,MYS,4,108.8,0,clouds,MYS,1
27.0,4.8,Drinks,motorcycle,16.18,94.0,0.0,mist,Low,12.59,26.36666667,RANCHI,2,25.18,0,mist,RANCHI,0
29.0,4.6,Snack,motorcycle,17.16,72.0,0.0,haze,Moderate,11.03,29.0,INDO,3,33.089999999999996,0,haze,INDO,0
22.0,4.6,Snack,motorcycle,19.19,93.0,0.0,mist,High,22.82,42.35,BANG,4,91.28,0,mist,BANG,0
34.0,4.9,Buffet,scooter,19.18,65.0,0.0,clear sky,Very Low,2.11,11.98333333,PUNE,1,2.11,1,clear sky,PUNE,0
21.0,5.0,Snack,motorcycle,18.95,65.0,0.0,clear sky,High,13.24,37.38333333,PUNE,4,52.96,0,clear sky,PUNE,0
39.0,4.9,Snack,scooter,22.88,94.0,0.0,mist,Moderate,12.86,36.55,KOC,3,38.58,0,mist,Other,0
27.0,4.8,Drinks,scooter,17.66,68.0,0.0,clear sky,Low,4.41,20.78333333,RANCHI,2,8.82,0,clear sky,RANCHI,0
24.0,4.4,Drinks,motorcycle,19.01,82.0,0.0,haze,Moderate,11.09,31.0,VAD,3,33.269999999999996,0,haze,Other,0
30.0,4.6,Drinks,electric scooter,17.72,68.0,0.0,clear sky,Very Low,2.72,18.18333333,RANCHI,1,2.72,1,clear sky,RANCHI,0
29.0,4.6,Buffet,motorcycle,18.03,82.0,0.0,scattered clouds,Very High,28.41,51.8,MYS,5,142.05,0,clouds,MYS,1
27.0,4.9,Snack,motorcycle,19.62,68.0,0.0,haze,Very Low,2.54,12.73333333,JAP,1,2.54,1,haze,JAP,0
32.0,4.5,Snack,scooter,19.62,68.0,0.0,haze,Very Low,2.54,12.73333333,JAP,1,2.54,1,haze,JAP,0
25.0,4.5,Snack,motorcycle,19.2,65.0,0.0,clear sky,Moderate,10.27,29.38333333,PUNE,3,30.81,0,clear sky,PUNE,0
21.0,4.0,Meal,scooter,22.92,94.0,0.0,mist,Moderate,12.64,29.86666667,KOC,3,37.92,0,mist,Other,0
23.0,4.8,Meal,motorcycle,19.61,68.0,0.0,haze,Low,4.09,13.91666667,JAP,2,8.18,0,haze,JAP,0
21.0,4.7,Drinks,motorcycle,19.09,65.0,0.0,clear sky,Moderate,11.3,35.88333333,PUNE,3,33.900000000000006,0,clear sky,PUNE,0
39.0,5.0,Drinks,motorcycle,19.88,47.0,0.0,clear sky,High,26.86,53.55,JAP,4,107.44,0,clear sky,JAP,1
33.0,4.7,Meal,scooter,22.98,94.0,0.0,mist,Moderate,10.96,27.98333333,KOC,3,32.88,0,mist,Other,0
31.0,4.5,Buffet,scooter,22.99,43.0,0.0,clear sky,Moderate,14.17,31.46666667,SUR,3,42.51,0,clear sky,SUR,0
39.0,4.7,Buffet,electric scooter,20.0,46.0,0.0,clear sky,High,24.02,46.5,JAP,4,96.08,0,clear sky,JAP,1
22.0,4.0,Meal,motorcycle,22.92,42.0,0.0,clear sky,Low,5.41,11.5,VAD,2,10.82,0,clear sky,Other,0
25.0,5.0,Meal,motorcycle,19.12,65.0,0.0,clear sky,Very High,22.29,46.88333333,PUNE,5,111.44999999999999,0,clear sky,PUNE,1
38.0,4.9,Buffet,motorcycle,24.9,73.0,0.0,mist,Very Low,2.51,14.18333333,COIMB,1,2.51,1,mist,COIMB,0
32.0,4.6,Drinks,scooter,19.77,93.0,0.0,mist,High,18.39,51.76666667,BANG,4,73.56,0,mist,BANG,1
28.0,4.5,Buffet,scooter,17.25,53.0,0.0,clear sky,Moderate,16.81,29.63333333,INDO,3,50.42999999999999,0,clear sky,INDO,0
21.0,4.6,Snack,scooter,19.25,65.0,0.0,clear sky,Low,5.55,16.65,PUNE,2,11.1,0,clear sky,PUNE,0
32.0,4.7,Meal,scooter,21.73,56.0,0.0,clear sky,High,15.16,36.66666667,KNP,4,60.64,0,clear sky,Other,0
25.0,4.5,Meal,motorcycle,26.94,44.0,0.0,smoke,Low,5.06,22.38333333,MUM,2,10.12,0,smoke,MUM,0
29.0,4.6,Buffet,motorcycle,18.92,82.0,0.0,haze,High,23.78,38.38333333,VAD,4,95.12,0,haze,Other,0
31.0,4.7,Meal,scooter,19.64,68.0,0.0,haze,Moderate,7.73,23.45,JAP,3,23.19,0,haze,JAP,0
29.0,4.6,Snack,motorcycle,25.94,60.0,0.0,few clouds,High,23.39,48.66666667,GOA,4,93.56,0,clouds,Other,1
36.0,4.8,Buffet,motorcycle,25.76,44.0,0.0,smoke,Very High,19.35,63.81666667,MUM,5,96.75,0,smoke,MUM,1
24.0,5.0,Drinks,scooter,19.26,64.0,0.0,clear sky,Low,4.66,25.3,PUNE,2,9.32,0,clear sky,PUNE,0
24.0,4.2,Drinks,motorcycle,19.01,82.0,0.0,haze,Low,11.76,29.96666667,VAD,2,23.52,0,haze,Other,0
25.0,4.6,Buffet,motorcycle,22.89,43.0,0.0,clear sky,High,24.21,45.23333333,SUR,4,96.84,0,clear sky,SUR,1
26.0,4.8,Snack,motorcycle,25.07,73.0,0.0,mist,Low,8.84,26.86666667,COIMB,2,17.68,0,mist,COIMB,0
31.0,4.5,Buffet,motorcycle,25.98,60.0,0.0,scattered clouds,Moderate,10.51,34.65,GOA,3,31.53,0,clouds,Other,0
29.0,4.7,Meal,motorcycle,26.69,44.0,0.0,smoke,Very High,19.24,53.61666667,MUM,5,96.19999999999999,0,smoke,MUM,1
29.0,4.6,Buffet,scooter,18.47,93.0,0.0,fog,High,26.59,50.53333333,BANG,4,106.36,0,other,BANG,1
37.0,4.6,Meal,motorcycle,18.2,81.0,0.0,broken clouds,High,12.81,33.1,MYS,4,51.24,0,clouds,MYS,0
38.0,4.4,Meal,motorcycle,19.93,47.0,0.0,clear sky,Very High,25.37,46.75,JAP,5,126.85000000000001,0,clear sky,JAP,1
28.0,4.9,Meal,motorcycle,21.02,65.0,0.0,broken clouds,Very High,33.29,58.43333333,HYD,5,166.45,0,clouds,HYD,1
27.0,4.8,Snack,scooter,21.79,56.0,0.0,clear sky,Very High,26.79,58.46666667,ALH,5,133.95,0,clear sky,Other,1
38.0,4.9,Buffet,scooter,19.56,46.0,0.0,clear sky,High,19.67,43.8,JAP,4,78.68,0,clear sky,JAP,0
36.0,4.5,Snack,motorcycle,21.19,64.0,0.0,overcast clouds,Very High,22.17,54.51666667,HYD,5,110.85000000000001,0,clouds,HYD,1
21.0,4.8,Buffet,motorcycle,19.9,68.0,0.0,haze,Moderate,11.23,26.4,JAP,3,33.69,0,haze,JAP,0
33.0,4.8,Snack,motorcycle,21.2,65.0,0.0,broken clouds,Moderate,11.6,33.46666667,HYD,3,34.8,0,clouds,HYD,0
24.0,4.4,Snack,motorcycle,18.24,82.0,0.0,broken clouds,Moderate,14.26,31.45,MYS,3,42.78,0,clouds,MYS,0
34.0,4.5,Snack,motorcycle,26.48,87.0,0.0,scattered clouds,Very High,26.54,73.5,CHEN,5,132.7,0,clouds,CHEN,1
39.0,4.8,Drinks,scooter,27.04,44.0,0.0,smoke,High,17.77,50.65,MUM,4,71.08,0,smoke,MUM,1
35.0,4.6,Meal,motorcycle,19.54,93.0,0.0,mist,High,20.7,45.41666667,BANG,4,82.8,0,mist,BANG,1
28.0,4.9,Drinks,electric scooter,26.49,88.0,0.0,mist,Moderate,14.53,40.95,CHEN,3,43.589999999999996,0,mist,CHEN,0
25.0,4.9,Drinks,scooter,16.27,94.0,0.0,mist,High,12.95,49.58333333,RANCHI,4,51.8,0,mist,RANCHI,1
24.0,4.5,Drinks,electric scooter,18.46,82.0,0.0,broken clouds,High,18.22,46.98333333,MYS,4,72.88,0,clouds,MYS,1
37.0,4.7,Snack,scooter,22.97,94.0,0.0,mist,Low,5.86,22.51666667,KOC,2,11.72,0,mist,Other,0
34.0,4.2,Snack,scooter,17.75,68.0,0.0,clear sky,Moderate,17.05,29.11666667,RANCHI,3,51.150000000000006,0,clear sky,RANCHI,0
33.0,4.3,Drinks,electric scooter,17.08,82.0,0.0,mist,Very High,26.45,59.93333333,AURG,5,132.25,0,mist,Other,1
34.0,4.8,Drinks,scooter,24.97,73.0,0.0,mist,Moderate,15.44,42.4,COIMB,3,46.32,0,mist,COIMB,0
20.0,4.9,Meal,electric scooter,17.14,72.0,0.0,haze,Moderate,12.79,26.5,INDO,3,38.37,0,haze,INDO,0
39.0,4.3,Drinks,motorcycle,26.44,87.0,0.0,scattered clouds,Very High,20.49,71.1,CHEN,5,102.44999999999999,0,clouds,CHEN,1
27.0,4.5,Meal,scooter,26.45,87.0,0.0,scattered clouds,Very High,22.18,58.18333333,CHEN,5,110.9,0,clouds,CHEN,1
25.0,4.7,Snack,motorcycle,19.89,92.0,0.0,mist,High,10.35,42.15,BANG,4,41.4,0,mist,BANG,0
26.0,4.6,Snack,scooter,18.4,82.0,0.0,broken clouds,Moderate,20.42,35.75,MYS,3,61.260000000000005,0,clouds,MYS,0
27.0,4.8,Snack,scooter,23.11,43.0,0.0,clear sky,Low,9.13,23.41666667,SUR,2,18.26,0,clear sky,SUR,0
33.0,4.5,Meal,motorcycle,25.18,73.0,0.0,mist,High,26.96,48.91666667,COIMB,4,107.84,0,mist,COIMB,1
24.0,4.7,Meal,motorcycle,26.54,49.0,0.0,clear sky,Very High,54.46,102.3333333,MUM,5,272.3,0,clear sky,MUM,1
24.0,4.7,Meal,motorcycle,17.78,68.0,0.0,clear sky,Moderate,18.49,29.55,RANCHI,3,55.47,0,clear sky,RANCHI,0
27.0,4.8,Drinks,motorcycle,19.76,93.0,0.0,mist,High,20.65,57.53333333,BANG,4,82.6,0,mist,BANG,1
22.0,4.9,Buffet,motorcycle,17.19,72.0,0.0,haze,Moderate,15.88,31.31666667,INDO,3,47.64,0,haze,INDO,0
24.0,4.8,Snack,scooter,18.08,81.0,0.0,broken clouds,Moderate,8.92,29.71666667,MYS,3,26.759999999999998,0,clouds,MYS,0
37.0,4.2,Meal,electric scooter,21.55,52.0,0.0,clear sky,High,22.82,35.8,AGR,4,91.28,0,clear sky,Other,0
34.0,4.6,Snack,scooter,18.99,82.0,0.0,haze,Low,8.57,21.16666667,VAD,2,17.14,0,haze,Other,0
34.0,4.9,Snack,motorcycle,21.4,64.0,0.0,broken clouds,Moderate,10.22,26.13333333,HYD,3,30.660000000000004,0,clouds,HYD,0
21.0,4.6,Snack,motorcycle,26.69,44.0,0.0,smoke,Very Low,2.48,19.18333333,MUM,1,2.48,1,smoke,MUM,0
35.0,4.6,Meal,scooter,19.75,92.0,0.0,mist,High,11.88,34.95,BANG,4,47.52,0,mist,BANG,0
37.0,4.9,Meal,motorcycle,19.08,65.0,0.0,few clouds,Low,5.03,15.56666667,PUNE,2,10.06,0,clouds,PUNE,0
37.0,4.7,Snack,motorcycle,19.75,92.0,0.0,mist,High,11.95,38.56666667,BANG,4,47.8,0,mist,BANG,0
26.0,4.6,Snack,scooter,26.96,49.0,0.0,clear sky,High,18.24,41.18333333,MUM,4,72.96,0,clear sky,MUM,0
24.0,4.2,Snack,motorcycle,17.03,72.0,0.0,haze,Very Low,2.18,15.43333333,INDO,1,2.18,1,haze,INDO,0
39.0,4.8,Snack,motorcycle,22.86,42.0,0.0,clear sky,Low,7.41,18.08333333,VAD,2,14.82,0,clear sky,Other,0
22.0,4.2,Meal,scooter,19.19,93.0,0.0,mist,Very High,29.5,55.6,BANG,5,147.5,0,mist,BANG,1
27.0,4.7,Meal,motorcycle,25.03,73.0,0.0,mist,High,18.08,39.48333333,COIMB,4,72.32,0,mist,COIMB,0
35.0,4.7,Meal,motorcycle,17.72,68.0,0.0,clear sky,Moderate,10.37,25.5,RANCHI,3,31.11,0,clear sky,RANCHI,0
29.0,4.7,Drinks,motorcycle,19.62,93.0,0.0,mist,High,14.79,51.18333333,BANG,4,59.16,0,mist,BANG,1
27.0,5.0,Drinks,scooter,17.2,72.0,0.0,haze,Moderate,16.74,40.78333333,INDO,3,50.22,0,haze,INDO,0
21.0,4.6,Snack,motorcycle,19.18,65.0,0.0,clear sky,Moderate,12.23,30.33333333,PUNE,3,36.69,0,clear sky,PUNE,0
22.0,4.8,Buffet,scooter,21.71,56.0,0.0,clear sky,High,16.95,39.31666667,KNP,4,67.8,0,clear sky,Other,0
30.0,4.6,Buffet,scooter,21.42,65.0,0.0,broken clouds,Moderate,8.91,27.65,HYD,3,26.73,0,clouds,HYD,0
24.0,4.9,Meal,scooter,16.03,76.0,0.0,clear sky,Low,5.45,13.41666667,DEH,2,10.9,0,clear sky,Other,0
29.0,4.6,Meal,scooter,18.01,82.0,0.0,broken clouds,Moderate,21.9,30.35,MYS,3,65.69999999999999,0,clouds,MYS,0
27.0,5.0,Buffet,motorcycle,19.4,93.0,0.0,mist,High,17.71,39.05,BANG,4,70.84,0,mist,BANG,0
32.0,4.9,Snack,scooter,26.42,88.0,0.0,mist,Moderate,10.61,32.1,CHEN,3,31.83,0,mist,CHEN,0
29.0,4.8,Snack,motorcycle,26.97,44.0,0.0,smoke,High,16.16,48.51666667,MUM,4,64.64,0,smoke,MUM,1
34.0,4.7,Meal,scooter,22.99,43.0,0.0,clear sky,Moderate,14.17,29.46666667,SUR,3,42.51,0,clear sky,SUR,0
33.0,4.7,Meal,motorcycle,19.76,93.0,0.0,mist,High,13.65,36.96666667,BANG,4,54.6,0,mist,BANG,0
33.0,4.7,Meal,electric scooter,17.71,68.0,0.0,clear sky,Low,7.64,18.46666667,RANCHI,2,15.28,0,clear sky,RANCHI,0
33.0,4.7,Meal,scooter,23.39,44.0,0.0,clear sky,Very Low,2.2,8.25,SUR,1,2.2,1,clear sky,SUR,0
28.0,4.7,Snack,motorcycle,16.01,94.0,0.0,mist,Low,8.21,26.08333333,RANCHI,2,16.42,0,mist,RANCHI,0
29.0,4.9,Buffet,motorcycle,17.19,72.0,0.0,haze,Moderate,15.88,31.31666667,INDO,3,47.64,0,haze,INDO,0
22.0,4.7,Snack,motorcycle,19.72,46.0,0.0,clear sky,Moderate,15.73,33.58333333,JAP,3,47.19,0,clear sky,JAP,0
32.0,4.9,Snack,motorcycle,18.78,65.0,0.0,few clouds,Very High,26.46,58.08333333,PUNE,5,132.3,0,clouds,PUNE,1
27.0,4.9,Snack,motorcycle,18.25,81.0,0.0,broken clouds,Low,7.18,21.86666667,MYS,2,14.36,0,clouds,MYS,0
31.0,4.7,Meal,motorcycle,19.06,65.0,0.0,clear sky,High,14.85,33.48333333,PUNE,4,59.4,0,clear sky,PUNE,0
29.0,4.3,Buffet,motorcycle,25.0,73.0,0.0,mist,Moderate,13.46,29.03333333,COIMB,3,40.38,0,mist,COIMB,0
35.0,4.5,Meal,motorcycle,25.18,73.0,0.0,mist,High,21.79,43.53333333,COIMB,4,87.16,0,mist,COIMB,0
27.0,4.2,Meal,motorcycle,26.42,88.0,0.0,mist,Low,6.07,17.46666667,CHEN,2,12.14,0,mist,CHEN,0
32.0,3.5,Snack,motorcycle,22.64,43.0,0.0,clear sky,Moderate,15.72,33.4,VAD,3,47.160000000000004,0,clear sky,Other,0
21.0,4.9,Buffet,motorcycle,17.16,72.0,0.0,haze,Moderate,10.95,24.73333333,INDO,3,32.849999999999994,0,haze,INDO,0
39.0,4.1,Buffet,motorcycle,16.21,94.0,0.0,mist,High,18.52,37.23333333,RANCHI,4,74.08,0,mist,RANCHI,0
33.0,3.7,Meal,electric scooter,17.23,53.0,0.0,clear sky,Moderate,17.06,28.75,INDO,3,51.17999999999999,0,clear sky,INDO,0
27.0,4.9,Meal,scooter,21.77,56.0,0.0,clear sky,High,17.7,42.86666667,KNP,4,70.8,0,clear sky,Other,0
30.0,4.5,Buffet,scooter,17.14,72.0,0.0,haze,Moderate,11.78,30.13333333,INDO,3,35.339999999999996,0,haze,INDO,0
39.0,4.7,Drinks,scooter,19.88,46.0,0.0,clear sky,High,20.42,51.63333333,JAP,4,81.68,0,clear sky,JAP,1
20.0,4.6,Buffet,motorcycle,27.01,48.0,0.0,clear sky,Low,3.86,14.56666667,MUM,2,7.72,0,clear sky,MUM,0
21.0,4.5,Drinks,motorcycle,21.8,55.0,0.0,clear sky,Moderate,12.15,37.53333333,KNP,3,36.45,0,clear sky,Other,0
33.0,4.5,Snack,scooter,15.99,94.0,0.0,mist,Very Low,1.9,13.88333333,RANCHI,1,1.9,1,mist,RANCHI,0
37.0,5.0,Meal,motorcycle,19.62,68.0,0.0,haze,Moderate,12.61,25.7,JAP,3,37.83,0,haze,JAP,0
25.0,4.0,Buffet,motorcycle,19.16,65.0,0.0,clear sky,High,11.42,33.76666667,PUNE,4,45.68,0,clear sky,PUNE,0
31.0,4.6,Snack,scooter,16.01,94.0,0.0,mist,Low,7.96,24.81666667,RANCHI,2,15.92,0,mist,RANCHI,0
28.0,4.9,Buffet,scooter,17.29,53.0,0.0,clear sky,High,19.17,41.86666667,INDO,4,76.68,0,clear sky,INDO,0
36.0,5.0,Drinks,motorcycle,18.97,65.0,0.0,clear sky,High,17.97,51.13333333,PUNE,4,71.88,0,clear sky,PUNE,1
39.0,4.4,Meal,electric scooter,25.03,73.0,0.0,mist,Low,9.89,23.95,COIMB,2,19.78,0,mist,COIMB,0
21.0,4.8,Snack,motorcycle,21.58,64.0,0.0,broken clouds,Low,6.99,20.81666667,HYD,2,13.98,0,clouds,HYD,0
27.0,4.9,Drinks,motorcycle,19.21,64.0,0.0,clear sky,Very Low,2.89,17.65,PUNE,1,2.89,1,clear sky,PUNE,0
29.0,4.6,Meal,motorcycle,19.01,65.0,0.0,clear sky,Very High,22.88,51.01666667,PUNE,5,114.39999999999999,0,clear sky,PUNE,1
26.0,5.0,Buffet,scooter,24.9,73.0,0.0,mist,Low,6.76,23.63333333,COIMB,2,13.52,0,mist,COIMB,0
20.0,4.1,Meal,motorcycle,23.39,44.0,0.0,clear sky,Low,7.83,18.21666667,SUR,2,15.66,0,clear sky,SUR,0
22.0,4.8,Meal,electric scooter,23.61,44.0,0.0,clear sky,Very Low,2.69,6.033333333,SUR,1,2.69,1,clear sky,SUR,0
38.0,4.6,Snack,motorcycle,19.35,65.0,0.0,clear sky,Very High,27.74,61.71666667,PUNE,5,138.7,0,clear sky,PUNE,1
30.0,4.6,Buffet,motorcycle,22.47,44.0,0.0,clear sky,High,20.29,41.9,VAD,4,81.16,0,clear sky,Other,0
22.0,4.8,Drinks,motorcycle,22.97,94.0,0.0,mist,High,16.07,46.01666667,KOC,4,64.28,0,mist,Other,1
30.0,4.6,Buffet,electric scooter,23.0,43.0,0.0,clear sky,Moderate,11.01,25.45,SUR,3,33.03,0,clear sky,SUR,0
26.0,4.6,Drinks,motorcycle,22.57,44.0,0.0,clear sky,Moderate,18.1,38.4,VAD,3,54.300000000000004,0,clear sky,Other,0
22.0,4.6,Buffet,scooter,17.74,82.0,0.0,mist,Moderate,11.84,32.11666667,AURG,3,35.519999999999996,0,mist,Other,0
28.0,4.7,Meal,scooter,22.97,43.0,0.0,clear sky,Moderate,13.54,27.4,SUR,3,40.62,0,clear sky,SUR,0
20.0,4.5,Buffet,electric scooter,18.34,82.0,0.0,scattered clouds,Moderate,16.37,29.81666667,MYS,3,49.11,0,clouds,MYS,0
33.0,4.9,Drinks,motorcycle,18.92,46.0,0.0,clear sky,High,16.67,43.56666667,JAP,4,66.68,0,clear sky,JAP,0
26.0,4.7,Snack,scooter,9.11,79.0,0.0,clear sky,Very High,25.79,76.25,DEH,5,128.95,0,clear sky,Other,1
37.0,4.6,Snack,motorcycle,19.18,65.0,0.0,clear sky,High,14.65,36.96666667,PUNE,4,58.6,0,clear sky,PUNE,0
31.0,4.6,Snack,motorcycle,27.05,44.0,0.0,smoke,Low,4.2,23.88333333,MUM,2,8.4,0,smoke,MUM,0
27.0,4.8,Drinks,motorcycle,17.18,53.0,0.0,clear sky,Very High,24.91,57.25,INDO,5,124.55,0,clear sky,INDO,1
37.0,4.5,Drinks,motorcycle,19.9,46.0,0.0,clear sky,High,19.99,48.88333333,JAP,4,79.96,0,clear sky,JAP,1
22.0,4.5,Buffet,scooter,19.18,65.0,0.0,clear sky,Very Low,2.5,11.51666667,PUNE,1,2.5,1,clear sky,PUNE,0
27.0,4.7,Snack,motorcycle,21.27,66.0,0.0,broken clouds,Very Low,2.17,15.43333333,HYD,1,2.17,1,clouds,HYD,0
38.0,4.8,Snack,motorcycle,17.16,72.0,0.0,haze,Moderate,10.17,28.8,INDO,3,30.509999999999998,0,haze,INDO,0
25.0,4.8,Drinks,electric scooter,18.53,58.0,0.0,clear sky,High,35.24,54.7,LUDH,4,140.96,0,clear sky,Other,1
39.0,4.9,Drinks,motorcycle,24.95,73.0,0.0,mist,Low,4.82,25.11666667,COIMB,2,9.64,0,mist,COIMB,0
28.0,5.0,Drinks,motorcycle,19.08,65.0,0.0,few clouds,Low,5.03,24.56666667,PUNE,2,10.06,0,clouds,PUNE,0
23.0,4.9,Drinks,scooter,21.27,64.0,0.0,broken clouds,High,14.01,41.23333333,HYD,4,56.04,0,clouds,HYD,0
30.0,4.4,Meal,motorcycle,22.76,43.0,0.0,clear sky,High,22.73,39.0,SUR,4,90.92,0,clear sky,SUR,0
39.0,4.6,Meal,motorcycle,22.99,83.0,0.0,haze,Very High,30.9,61.13333333,KOL,5,154.5,0,haze,Other,1
21.0,4.7,Snack,motorcycle,19.94,46.0,0.0,clear sky,High,18.73,40.83333333,JAP,4,74.92,0,clear sky,JAP,0
29.0,4.8,Buffet,scooter,17.07,72.0,0.0,haze,Moderate,16.29,33.08333333,INDO,3,48.87,0,haze,INDO,0
33.0,4.6,Buffet,motorcycle,19.75,91.0,0.0,mist,Low,4.97,24.55,BANG,2,9.94,0,mist,BANG,0
21.0,4.7,Buffet,motorcycle,21.2,65.0,0.0,broken clouds,Moderate,11.6,31.48333333,HYD,3,34.8,0,clouds,HYD,0
26.0,4.6,Meal,electric scooter,19.8,91.0,0.0,mist,Low,2.7,16.21666667,BANG,2,5.4,1,mist,BANG,0
23.0,4.6,Meal,motorcycle,19.64,68.0,0.0,haze,Low,4.13,13.71666667,JAP,2,8.26,0,haze,JAP,0
39.0,4.8,Meal,motorcycle,21.83,55.0,0.0,clear sky,High,10.83,33.03333333,KNP,4,43.32,0,clear sky,Other,0
26.0,4.5,Meal,motorcycle,22.81,43.0,0.0,clear sky,High,23.65,42.38333333,SUR,4,94.6,0,clear sky,SUR,0
37.0,5.0,Snack,motorcycle,25.89,83.0,0.0,mist,Low,6.64,23.31666667,GOA,2,13.28,0,mist,Other,0
30.0,4.7,Buffet,scooter,26.42,88.0,0.0,mist,Moderate,10.61,30.1,CHEN,3,31.83,0,mist,CHEN,0
39.0,4.7,Snack,motorcycle,23.54,44.0,0.0,clear sky,Very Low,5.52,14.86666667,SUR,1,5.52,0,clear sky,SUR,0
31.0,4.9,Meal,scooter,24.8,73.0,0.0,mist,Low,4.62,16.83333333,COIMB,2,9.24,0,mist,COIMB,0
24.0,4.3,Drinks,motorcycle,20.16,68.0,0.0,haze,High,33.29,45.88333333,JAP,4,133.16,0,haze,JAP,1
22.0,4.6,Snack,scooter,22.9,43.0,0.0,clear sky,Moderate,13.02,31.01666667,SUR,3,39.06,0,clear sky,SUR,0
31.0,4.5,Snack,motorcycle,19.6,68.0,0.0,haze,Low,3.77,16.56666667,JAP,2,7.54,0,haze,JAP,0
34.0,4.7,Buffet,motorcycle,21.37,64.0,0.0,broken clouds,Moderate,14.16,32.8,HYD,3,42.480000000000004,0,clouds,HYD,0
20.0,4.9,Drinks,motorcycle,18.37,81.0,0.0,broken clouds,Moderate,9.16,34.23333333,MYS,3,27.48,0,clouds,MYS,0
37.0,4.9,Buffet,scooter,17.29,53.0,0.0,clear sky,Very High,27.38,48.73333333,INDO,5,136.9,0,clear sky,INDO,1
37.0,4.9,Meal,motorcycle,17.14,72.0,0.0,haze,Moderate,11.78,28.16666667,INDO,3,35.339999999999996,0,haze,INDO,0
21.0,4.8,Buffet,motorcycle,21.4,64.0,0.0,broken clouds,High,16.48,39.25,HYD,4,65.92,0,clouds,HYD,0
21.0,4.9,Buffet,motorcycle,24.97,73.0,0.0,mist,Moderate,11.43,26.51666667,COIMB,3,34.29,0,mist,COIMB,0
24.0,4.7,Snack,scooter,23.39,44.0,0.0,clear sky,Low,3.79,16.3,SUR,2,7.58,0,clear sky,SUR,0
23.0,4.9,Buffet,electric scooter,23.61,44.0,0.0,clear sky,Very Low,2.69,8.033333333,SUR,1,2.69,1,clear sky,SUR,0
30.0,4.2,Buffet,scooter,18.71,58.0,0.0,clear sky,High,19.03,37.81666667,LUDH,4,76.12,0,clear sky,Other,0
37.0,4.5,Snack,motorcycle,16.29,67.0,0.0,clear sky,High,19.03,38.41666667,RANCHI,4,76.12,0,clear sky,RANCHI,0
34.0,4.5,Meal,electric scooter,15.92,67.0,0.0,clear sky,High,19.93,32.26666667,RANCHI,4,79.72,0,clear sky,RANCHI,0
31.0,4.8,Snack,scooter,27.02,47.0,0.0,clear sky,Low,5.17,24.61666667,MUM,2,10.34,0,clear sky,MUM,0
25.0,4.7,Drinks,motorcycle,17.08,72.0,0.0,haze,Low,6.17,28.28333333,INDO,2,12.34,0,haze,INDO,0
24.0,4.9,Buffet,scooter,26.42,87.0,0.0,scattered clouds,Very High,17.05,56.91666667,CHEN,5,85.25,0,clouds,CHEN,1
31.0,4.5,Meal,motorcycle,21.19,64.0,0.0,overcast clouds,High,22.71,47.6,HYD,4,90.84,0,clouds,HYD,1
36.0,4.9,Meal,scooter,22.93,43.0,0.0,clear sky,High,16.08,32.85,SUR,4,64.32,0,clear sky,SUR,0
38.0,4.8,Drinks,motorcycle,18.02,82.0,0.0,broken clouds,High,25.47,50.35,MYS,4,101.88,0,clouds,MYS,1
28.0,4.8,Drinks,motorcycle,17.81,82.0,0.0,mist,Low,6.22,27.91666667,AURG,2,12.44,0,mist,Other,0
29.0,4.6,Drinks,scooter,19.7,91.0,0.0,mist,Moderate,6.93,36.13333333,BANG,3,20.79,0,mist,BANG,0
29.0,4.6,Drinks,scooter,17.14,72.0,0.0,haze,High,16.98,47.25,INDO,4,67.92,0,haze,INDO,1
29.0,4.6,Meal,scooter,19.35,45.0,0.0,clear sky,Moderate,10.34,26.5,JAP,3,31.02,0,clear sky,JAP,0
28.0,4.7,Buffet,motorcycle,22.88,43.0,0.0,clear sky,High,15.56,33.88333333,SUR,4,62.24,0,clear sky,SUR,0
39.0,4.7,Snack,motorcycle,22.96,42.0,0.0,clear sky,Low,5.17,15.71666667,VAD,2,10.34,0,clear sky,Other,0
20.0,4.8,Drinks,motorcycle,18.93,57.0,0.0,clear sky,Low,3.85,20.43333333,LUDH,2,7.7,0,clear sky,Other,0
36.0,4.9,Snack,motorcycle,22.85,43.0,0.0,clear sky,High,22.99,46.31666667,SUR,4,91.96,0,clear sky,SUR,1
20.0,5.0,Meal,scooter,22.3,54.0,0.0,clear sky,High,13.97,31.71666667,ALH,4,55.88,0,clear sky,Other,0
22.0,2.6,Meal,scooter,25.89,60.0,0.0,scattered clouds,High,18.36,34.21666667,GOA,4,73.44,0,clouds,Other,0
20.0,3.1,Meal,motorcycle,21.74,56.0,0.0,clear sky,Very High,28.06,58.95,ALH,5,140.29999999999998,0,clear sky,Other,1
21.0,4.6,Snack,motorcycle,26.86,44.0,0.0,smoke,Very High,26.9,64.13333333,MUM,5,134.5,0,smoke,MUM,1
29.0,4.6,Meal,motorcycle,21.32,65.0,0.0,broken clouds,Low,4.82,16.08333333,HYD,2,9.64,0,clouds,HYD,0
22.0,4.8,Buffet,motorcycle,21.24,67.0,0.0,broken clouds,Very Low,1.83,9.6,HYD,1,1.83,1,clouds,HYD,0
36.0,4.9,Snack,motorcycle,21.81,55.0,0.0,clear sky,High,8.86,35.55,KNP,4,35.44,0,clear sky,Other,0
25.0,4.1,Buffet,scooter,19.12,65.0,0.0,clear sky,Very High,21.42,53.35,PUNE,5,107.10000000000001,0,clear sky,PUNE,1
21.0,4.6,Drinks,scooter,19.41,93.0,0.0,mist,High,19.97,48.9,BANG,4,79.88,0,mist,BANG,1
23.0,5.0,Buffet,motorcycle,26.69,44.0,0.0,smoke,Very Low,2.81,17.65,MUM,1,2.81,1,smoke,MUM,0
22.0,4.8,Buffet,motorcycle,24.94,73.0,0.0,mist,Low,5.1,16.91666667,COIMB,2,10.2,0,mist,COIMB,0
27.0,4.8,Buffet,motorcycle,18.78,57.0,0.0,clear sky,High,20.52,36.33333333,LUDH,4,82.08,0,clear sky,Other,0
22.0,5.0,Buffet,motorcycle,17.1,72.0,0.0,haze,Low,4.63,14.45,INDO,2,9.26,0,haze,INDO,0
20.0,4.7,Meal,motorcycle,23.94,88.0,0.0,mist,Moderate,10.04,27.91666667,KOC,3,30.119999999999997,0,mist,Other,0
29.0,3.6,Buffet,motorcycle,18.18,81.0,0.0,broken clouds,Very Low,2.49,11.71666667,MYS,1,2.49,1,clouds,MYS,0
37.0,4.2,Snack,motorcycle,24.99,73.0,0.0,mist,Moderate,15.31,37.28333333,COIMB,3,45.93,0,mist,COIMB,0
29.0,4.6,Buffet,scooter,19.58,92.0,0.0,mist,Moderate,10.03,27.6,BANG,3,30.089999999999996,0,mist,BANG,0
37.0,4.6,Meal,scooter,18.39,82.0,0.0,broken clouds,High,22.81,45.31666667,MYS,4,91.24,0,clouds,MYS,1
29.0,4.6,Meal,scooter,18.26,82.0,0.0,broken clouds,Very High,21.05,47.63333333,MYS,5,105.25,0,clouds,MYS,1
21.0,4.7,Meal,scooter,21.05,65.0,0.0,broken clouds,Very High,32.22,53.48333333,HYD,5,161.1,0,clouds,HYD,1
32.0,4.7,Buffet,scooter,19.93,46.0,0.0,clear sky,High,16.42,35.65,JAP,4,65.68,0,clear sky,JAP,0
30.0,5.0,Snack,scooter,23.39,44.0,0.0,clear sky,Low,3.79,16.8,SUR,2,7.58,0,clear sky,SUR,0
37.0,4.3,Drinks,scooter,17.23,53.0,0.0,clear sky,Moderate,14.82,35.6,INDO,3,44.46,0,clear sky,INDO,0
29.0,4.6,Buffet,motorcycle,18.38,82.0,0.0,broken clouds,Moderate,16.12,30.88333333,MYS,3,48.36,0,clouds,MYS,0
22.0,4.8,Snack,motorcycle,19.77,68.0,0.0,haze,Moderate,9.59,26.56666667,JAP,3,28.77,0,haze,JAP,0
30.0,4.5,Drinks,motorcycle,21.78,51.0,0.0,clear sky,Moderate,13.01,35.76666667,AGR,3,39.03,0,clear sky,Other,0
28.0,4.7,Snack,scooter,17.16,72.0,0.0,haze,Moderate,8.33,26.38333333,INDO,3,24.990000000000002,0,haze,INDO,0
25.0,4.8,Buffet,motorcycle,19.79,93.0,0.0,mist,Moderate,11.52,35.33333333,BANG,3,34.56,0,mist,BANG,0
20.0,4.6,Drinks,motorcycle,17.14,72.0,0.0,haze,Moderate,11.75,36.61666667,INDO,3,35.25,0,haze,INDO,0
37.0,3.7,Meal,motorcycle,22.57,43.0,0.0,clear sky,High,18.92,32.16666667,VAD,4,75.68,0,clear sky,Other,0
31.0,4.9,Meal,motorcycle,18.34,81.0,0.0,broken clouds,Low,8.87,18.81666667,MYS,2,17.74,0,clouds,MYS,0
23.0,4.3,Meal,scooter,26.21,48.0,0.0,clear sky,Very High,21.47,48.4,MUM,5,107.35,0,clear sky,MUM,1
38.0,4.3,Drinks,motorcycle,27.04,44.0,0.0,smoke,Moderate,10.43,44.36666667,MUM,3,31.29,0,smoke,MUM,0
20.0,5.0,Drinks,motorcycle,24.9,73.0,0.0,mist,Low,6.39,28.93333333,COIMB,2,12.78,0,mist,COIMB,0
27.0,4.6,Meal,scooter,16.31,67.0,0.0,clear sky,High,20.99,38.31666667,RANCHI,4,83.96,0,clear sky,RANCHI,0
30.0,4.2,Drinks,motorcycle,19.26,64.0,0.0,clear sky,Low,6.14,25.55,PUNE,2,12.28,0,clear sky,PUNE,0
29.0,4.6,Snack,electric scooter,18.4,82.0,0.0,scattered clouds,Moderate,13.56,27.55,MYS,3,40.68,0,clouds,MYS,0
31.0,5.0,Snack,electric scooter,17.16,72.0,0.0,haze,Moderate,10.55,26.61666667,INDO,3,31.650000000000002,0,haze,INDO,0
33.0,4.9,Snack,scooter,26.99,44.0,0.0,smoke,Low,5.08,22.56666667,MUM,2,10.16,0,smoke,MUM,0
31.0,4.4,Snack,motorcycle,26.82,44.0,0.0,smoke,High,12.22,40.81666667,MUM,4,48.88,0,smoke,MUM,0
28.0,4.8,Meal,motorcycle,24.84,73.0,0.0,mist,Low,4.61,17.45,COIMB,2,9.22,0,mist,COIMB,0
35.0,4.5,Meal,motorcycle,22.98,42.0,0.0,clear sky,Very Low,2.5,6.6,VAD,1,2.5,1,clear sky,Other,0
31.0,4.8,Snack,motorcycle,21.2,65.0,0.0,broken clouds,Very High,53.49,60.75,HYD,5,267.45,0,clouds,HYD,1
33.0,4.7,Drinks,scooter,18.91,65.0,0.0,clear sky,High,17.3,50.73333333,PUNE,4,69.2,0,clear sky,PUNE,1
21.0,4.7,Drinks,motorcycle,27.05,48.0,0.0,clear sky,High,20.97,51.53333333,MUM,4,83.88,0,clear sky,MUM,1
25.0,4.6,Meal,scooter,19.02,65.0,0.0,clear sky,High,14.99,34.61666667,PUNE,4,59.96,0,clear sky,PUNE,0
28.0,4.5,Drinks,scooter,26.95,44.0,0.0,smoke,Moderate,9.24,44.58333333,MUM,3,27.72,0,smoke,MUM,0
32.0,4.6,Buffet,motorcycle,26.91,44.0,0.0,smoke,Moderate,6.86,28.36666667,MUM,3,20.580000000000002,0,smoke,MUM,0
38.0,4.9,Meal,scooter,18.04,81.0,0.0,scattered clouds,Very Low,2.15,9.116666667,MYS,1,2.15,1,clouds,MYS,0
20.0,4.9,Drinks,motorcycle,18.39,82.0,0.0,scattered clouds,Low,12.91,31.2,MYS,2,25.82,0,clouds,MYS,0
23.0,5.0,Buffet,electric scooter,23.0,83.0,0.0,haze,Very Low,2.46,13.45,KOL,1,2.46,1,haze,Other,0
27.0,4.6,Snack,scooter,25.14,73.0,0.0,mist,High,20.44,49.0,COIMB,4,81.76,0,mist,COIMB,1
38.0,4.5,Buffet,motorcycle,22.88,43.0,0.0,clear sky,Very High,24.59,48.0,SUR,5,122.95,0,clear sky,SUR,1
33.0,5.0,Buffet,scooter,17.28,53.0,0.0,clear sky,High,22.12,40.66666667,INDO,4,88.48,0,clear sky,INDO,0
21.0,4.7,Drinks,electric scooter,18.39,82.0,0.0,scattered clouds,High,20.69,44.35,MYS,4,82.76,0,clouds,MYS,0
21.0,2.6,Drinks,motorcycle,19.19,93.0,0.0,mist,High,16.45,46.6,BANG,4,65.8,0,mist,BANG,1
23.0,4.3,Snack,scooter,17.23,53.0,0.0,clear sky,Moderate,15.1,29.51666667,INDO,3,45.3,0,clear sky,INDO,0
27.0,4.0,Snack,motorcycle,18.55,58.0,0.0,clear sky,Very High,43.47,58.96666667,LUDH,5,217.35,0,clear sky,Other,1
38.0,4.3,Snack,motorcycle,26.93,44.0,0.0,smoke,High,12.72,42.35,MUM,4,50.88,0,smoke,MUM,0
20.0,4.9,Meal,motorcycle,23.21,43.0,0.0,clear sky,Low,5.58,13.51666667,SUR,2,11.16,0,clear sky,SUR,0
20.0,3.5,Drinks,scooter,26.86,44.0,0.0,smoke,Very High,26.66,70.86666667,MUM,5,133.3,0,smoke,MUM,1
32.0,4.8,Meal,motorcycle,23.54,44.0,0.0,clear sky,Low,8.02,19.15,SUR,2,16.04,0,clear sky,SUR,0
34.0,4.1,Drinks,motorcycle,19.04,65.0,0.0,clear sky,High,16.68,48.58333333,PUNE,4,66.72,0,clear sky,PUNE,1
34.0,4.7,Buffet,electric scooter,18.07,81.0,0.0,scattered clouds,Low,6.79,21.61666667,MYS,2,13.58,0,clouds,MYS,0
36.0,5.0,Drinks,motorcycle,19.8,46.0,0.0,clear sky,Very High,26.65,59.95,JAP,5,133.25,0,clear sky,JAP,1
20.0,5.0,Snack,motorcycle,19.19,65.0,0.0,clear sky,Low,3.7,16.96666667,PUNE,2,7.4,0,clear sky,PUNE,0
36.0,4.1,Buffet,motorcycle,13.4,77.0,0.0,clear sky,High,14.44,39.33333333,DEH,4,57.76,0,clear sky,Other,0
24.0,4.8,Meal,electric scooter,17.29,53.0,0.0,clear sky,Very High,23.69,46.21666667,INDO,5,118.45,0,clear sky,INDO,1
20.0,4.8,Snack,scooter,26.38,88.0,0.0,mist,Low,4.28,21.75,CHEN,2,8.56,0,mist,CHEN,0
37.0,4.0,Meal,motorcycle,19.28,65.0,0.0,clear sky,Very High,23.24,54.1,PUNE,5,116.19999999999999,0,clear sky,PUNE,1
31.0,5.0,Drinks,scooter,17.71,68.0,0.0,clear sky,Very Low,3.05,18.81666667,RANCHI,1,3.05,0,clear sky,RANCHI,0
24.0,4.5,Buffet,scooter,21.23,63.0,0.0,overcast clouds,High,20.3,47.35,HYD,4,81.2,0,clouds,HYD,1
25.0,4.3,Snack,motorcycle,19.22,65.0,0.0,clear sky,Low,3.35,15.08333333,PUNE,2,6.7,0,clear sky,PUNE,0
24.0,4.9,Meal,scooter,17.16,72.0,0.0,haze,Moderate,10.55,22.61666667,INDO,3,31.650000000000002,0,haze,INDO,0
20.0,4.8,Meal,motorcycle,19.61,92.0,0.0,mist,Low,9.67,15.88333333,BANG,2,19.34,0,mist,BANG,0
30.0,4.9,Snack,scooter,19.16,65.0,0.0,clear sky,Moderate,10.52,33.0,PUNE,3,31.56,0,clear sky,PUNE,0
29.0,4.6,Meal,motorcycle,27.04,48.0,0.0,clear sky,Very High,42.6,92.78333333,MUM,5,213.0,0,clear sky,MUM,1
38.0,3.6,Drinks,motorcycle,21.85,55.0,0.0,clear sky,Very High,31.86,59.58333333,ALH,5,159.3,0,clear sky,Other,1
38.0,4.3,Snack,scooter,19.05,65.0,0.0,clear sky,Moderate,11.01,27.98333333,PUNE,3,33.03,0,clear sky,PUNE,0
24.0,4.3,Snack,motorcycle,18.29,81.0,0.0,scattered clouds,Moderate,14.88,30.3,MYS,3,44.64,0,clouds,MYS,0
32.0,4.6,Buffet,motorcycle,19.61,93.0,0.0,mist,High,20.71,49.05,BANG,4,82.84,0,mist,BANG,1
22.0,4.5,Snack,motorcycle,18.33,82.0,0.0,broken clouds,Very High,18.38,51.51666667,MYS,5,91.89999999999999,0,clouds,MYS,1
35.0,4.6,Snack,motorcycle,19.9,46.0,0.0,clear sky,High,20.29,43.66666667,JAP,4,81.16,0,clear sky,JAP,0
33.0,4.1,Snack,motorcycle,22.99,83.0,0.0,haze,Moderate,8.58,28.25,KOL,3,25.740000000000002,0,haze,Other,0
25.0,4.8,Buffet,scooter,19.22,65.0,0.0,clear sky,High,17.64,43.98333333,PUNE,4,70.56,0,clear sky,PUNE,0
38.0,4.8,Snack,scooter,26.92,44.0,0.0,smoke,Very Low,2.15,18.96666667,MUM,1,2.15,1,smoke,MUM,0
23.0,4.8,Buffet,scooter,23.92,88.0,0.0,mist,High,16.75,43.21666667,KOC,4,67.0,0,mist,Other,0
32.0,4.1,Buffet,motorcycle,26.97,44.0,0.0,smoke,High,14.83,46.18333333,MUM,4,59.32,0,smoke,MUM,1
24.0,4.8,Drinks,scooter,26.52,88.0,0.0,mist,Moderate,9.36,36.83333333,CHEN,3,28.08,0,mist,CHEN,0
32.0,4.1,Snack,motorcycle,16.17,94.0,0.0,mist,Moderate,11.5,37.98333333,RANCHI,3,34.5,0,mist,RANCHI,0
32.0,4.6,Meal,motorcycle,18.34,57.0,0.0,clear sky,High,25.07,38.58333333,BHP,4,100.28,0,clear sky,Other,0
25.0,4.8,Drinks,motorcycle,21.23,64.0,0.0,overcast clouds,Very High,21.64,58.56666667,HYD,5,108.2,0,clouds,HYD,1
35.0,4.8,Meal,electric scooter,17.72,68.0,0.0,clear sky,Very Low,1.83,6.133333333,RANCHI,1,1.83,1,clear sky,RANCHI,0
33.0,5.0,Drinks,motorcycle,22.88,94.0,0.0,mist,High,18.89,52.23333333,KOC,4,75.56,0,mist,Other,1
27.0,5.0,Meal,scooter,22.78,43.0,0.0,clear sky,Moderate,12.86,23.55,VAD,3,38.58,0,clear sky,Other,0
28.0,4.5,Buffet,electric scooter,25.06,73.0,0.0,mist,High,14.51,37.03333333,COIMB,4,58.04,0,mist,COIMB,0
39.0,4.9,Drinks,scooter,22.97,43.0,0.0,clear sky,Very High,20.14,56.8,SUR,5,100.7,0,clear sky,SUR,1
21.0,4.8,Drinks,motorcycle,19.23,65.0,0.0,clear sky,Low,6.21,27.06666667,PUNE,2,12.42,0,clear sky,PUNE,0
32.0,5.0,Buffet,motorcycle,18.36,81.0,0.0,broken clouds,Moderate,12.88,32.31666667,MYS,3,38.64,0,clouds,MYS,0
20.0,4.9,Buffet,motorcycle,19.8,91.0,0.0,mist,Low,6.35,24.53333333,BANG,2,12.7,0,mist,BANG,0
28.0,4.6,Snack,motorcycle,16.2,94.0,0.0,mist,Moderate,11.07,36.66666667,RANCHI,3,33.21,0,mist,RANCHI,0
25.0,4.6,Drinks,motorcycle,16.16,67.0,0.0,clear sky,High,22.77,44.16666667,RANCHI,4,91.08,0,clear sky,RANCHI,0
22.0,4.7,Snack,motorcycle,19.77,91.0,0.0,mist,Moderate,8.09,30.91666667,BANG,3,24.27,0,mist,BANG,0
24.0,4.9,Snack,motorcycle,19.97,68.0,0.0,haze,Moderate,13.09,31.93333333,JAP,3,39.269999999999996,0,haze,JAP,0
31.0,4.9,Buffet,motorcycle,19.44,68.0,0.0,haze,Low,6.97,15.5,JAP,2,13.94,0,haze,JAP,0
30.0,5.0,Drinks,motorcycle,21.23,64.0,0.0,overcast clouds,Very High,21.64,58.56666667,HYD,5,108.2,0,clouds,HYD,1
38.0,4.7,Snack,scooter,16.16,94.0,0.0,mist,Moderate,18.12,37.2,RANCHI,3,54.36,0,mist,RANCHI,0
20.0,4.8,Drinks,motorcycle,21.68,56.0,0.0,clear sky,Moderate,15.46,39.58333333,KNP,3,46.38,0,clear sky,Other,0
35.0,4.9,Meal,motorcycle,23.54,44.0,0.0,clear sky,Low,8.01,19.1,SUR,2,16.02,0,clear sky,SUR,0
31.0,4.8,Meal,scooter,19.29,65.0,0.0,clear sky,Very High,19.84,46.31666667,PUNE,5,99.2,0,clear sky,PUNE,1
36.0,4.2,Drinks,motorcycle,19.75,91.0,0.0,mist,Very Low,2.41,21.63333333,BANG,1,2.41,1,mist,BANG,0
26.0,4.2,Drinks,motorcycle,25.46,44.0,0.0,smoke,Moderate,9.1,43.73333333,MUM,3,27.299999999999997,0,smoke,MUM,0
21.0,4.9,Meal,motorcycle,18.94,65.0,0.0,clear sky,High,21.63,43.5,PUNE,4,86.52,0,clear sky,PUNE,0
22.0,4.5,Meal,motorcycle,18.34,57.0,0.0,clear sky,Moderate,9.54,21.13333333,BHP,3,28.619999999999997,0,clear sky,Other,0
30.0,4.3,Snack,motorcycle,25.18,73.0,0.0,mist,Very High,24.96,56.25,COIMB,5,124.80000000000001,0,mist,COIMB,1
24.0,4.8,Snack,motorcycle,26.43,87.0,0.0,scattered clouds,Very High,22.95,67.95,CHEN,5,114.75,0,clouds,CHEN,1
21.0,4.2,Snack,motorcycle,18.4,82.0,0.0,broken clouds,High,29.68,50.05,MYS,4,118.72,0,clouds,MYS,1
29.0,4.6,Drinks,electric scooter,23.84,44.0,0.0,clear sky,Low,4.05,20.3,SUR,2,8.1,0,clear sky,SUR,0
20.0,4.7,Snack,motorcycle,24.88,61.0,0.0,scattered clouds,High,14.53,40.95,GOA,4,58.12,0,clouds,Other,0
22.0,4.8,Meal,motorcycle,27.03,48.0,0.0,clear sky,Moderate,6.37,25.71666667,MUM,3,19.11,0,clear sky,MUM,0
38.0,4.8,Buffet,motorcycle,25.07,73.0,0.0,mist,Low,8.84,25.41666667,COIMB,2,17.68,0,mist,COIMB,0
20.0,4.9,Drinks,scooter,19.6,92.0,0.0,mist,High,15.3,54.5,BANG,4,61.2,0,mist,BANG,1
26.0,4.7,Buffet,scooter,23.61,44.0,0.0,clear sky,Low,6.63,17.35,SUR,2,13.26,0,clear sky,SUR,0
33.0,4.2,Drinks,scooter,25.06,73.0,0.0,mist,Moderate,14.45,42.85,COIMB,3,43.349999999999994,0,mist,COIMB,0
24.0,4.2,Drinks,motorcycle,25.44,44.0,0.0,smoke,High,16.36,54.78333333,MUM,4,65.44,0,smoke,MUM,1
30.0,4.7,Drinks,scooter,23.88,78.0,0.0,mist,Very Low,2.29,20.18333333,COIMB,1,2.29,1,mist,COIMB,0
34.0,4.3,Drinks,scooter,21.37,64.0,0.0,broken clouds,High,13.04,42.63333333,HYD,4,52.16,0,clouds,HYD,0
25.0,4.8,Drinks,motorcycle,19.2,65.0,0.0,clear sky,High,18.69,44.58333333,PUNE,4,74.76,0,clear sky,PUNE,0
30.0,4.8,Snack,scooter,19.01,82.0,0.0,haze,Moderate,13.28,33.16666667,VAD,3,39.839999999999996,0,haze,Other,0
27.0,4.5,Meal,motorcycle,21.2,65.0,0.0,broken clouds,High,17.68,42.68333333,HYD,4,70.72,0,clouds,HYD,0
39.0,4.9,Meal,scooter,21.14,65.0,0.0,broken clouds,Very High,22.49,53.1,HYD,5,112.44999999999999,0,clouds,HYD,1
21.0,4.7,Meal,scooter,19.0,57.0,0.0,clear sky,Very Low,2.18,7.283333333,LUDH,1,2.18,1,clear sky,Other,0
21.0,4.9,Drinks,scooter,21.22,64.0,0.0,broken clouds,High,16.84,45.08333333,HYD,4,67.36,0,clouds,HYD,1
36.0,4.2,Snack,motorcycle,19.22,65.0,0.0,clear sky,Low,7.5,24.6,PUNE,2,15.0,0,clear sky,PUNE,0
29.0,4.8,Meal,scooter,26.47,87.0,0.0,scattered clouds,Very High,18.65,58.81666667,CHEN,5,93.25,0,clouds,CHEN,1
35.0,4.7,Meal,motorcycle,19.58,92.0,0.0,mist,High,15.01,36.46666667,BANG,4,60.04,0,mist,BANG,0
27.0,4.4,Meal,motorcycle,13.42,77.0,0.0,clear sky,Low,4.69,14.71666667,DEH,2,9.38,0,clear sky,Other,0
38.0,4.0,Meal,motorcycle,23.54,44.0,0.0,clear sky,Very Low,3.97,10.25,SUR,1,3.97,0,clear sky,SUR,0
23.0,4.8,Buffet,motorcycle,18.33,57.0,0.0,clear sky,Low,7.32,20.5,BHP,2,14.64,0,clear sky,Other,0
36.0,4.8,Buffet,motorcycle,19.25,68.0,0.0,haze,High,12.02,36.41666667,JAP,4,48.08,0,haze,JAP,0
30.0,4.3,Snack,motorcycle,26.41,73.0,0.0,scattered clouds,Very High,28.49,70.76666667,CHEN,5,142.45,0,clouds,CHEN,1
38.0,4.4,Snack,scooter,19.58,92.0,0.0,mist,High,15.01,40.46666667,BANG,4,60.04,0,mist,BANG,0
30.0,4.9,Buffet,motorcycle,26.53,87.0,0.0,mist,Low,8.36,24.41666667,CHEN,2,16.72,0,mist,CHEN,0
28.0,4.3,Drinks,motorcycle,23.0,43.0,0.0,clear sky,High,16.11,43.0,SUR,4,64.44,0,clear sky,SUR,0
24.0,4.6,Meal,motorcycle,21.13,65.0,0.0,broken clouds,Very High,25.72,50.0,HYD,5,128.6,0,clouds,HYD,1
29.0,4.6,Buffet,motorcycle,22.9,43.0,0.0,clear sky,High,14.64,34.6,SUR,4,58.56,0,clear sky,SUR,0
36.0,4.9,Meal,motorcycle,24.86,73.0,0.0,mist,Moderate,11.24,29.41666667,COIMB,3,33.72,0,mist,COIMB,0
31.0,4.1,Buffet,motorcycle,25.07,73.0,0.0,mist,Low,9.47,23.28333333,COIMB,2,18.94,0,mist,COIMB,0
34.0,5.0,Drinks,motorcycle,19.6,92.0,0.0,mist,High,15.37,53.31666667,BANG,4,61.48,0,mist,BANG,1
27.0,4.7,Snack,motorcycle,17.71,68.0,0.0,clear sky,Low,7.64,22.46666667,RANCHI,2,15.28,0,clear sky,RANCHI,0
32.0,4.1,Drinks,scooter,18.28,58.0,0.0,clear sky,High,21.25,51.16666667,BHP,4,85.0,0,clear sky,Other,1
35.0,4.8,Meal,motorcycle,18.94,65.0,0.0,clear sky,Moderate,12.65,27.25,PUNE,3,37.95,0,clear sky,PUNE,0
28.0,4.9,Buffet,scooter,19.55,93.0,0.0,mist,High,19.98,47.75,BANG,4,79.92,0,mist,BANG,1
25.0,4.7,Buffet,scooter,16.15,94.0,0.0,mist,High,15.26,36.18333333,RANCHI,4,61.04,0,mist,RANCHI,0
32.0,4.6,Meal,motorcycle,19.47,93.0,0.0,mist,Moderate,10.95,27.05,BANG,3,32.849999999999994,0,mist,BANG,0
37.0,4.8,Snack,motorcycle,18.98,65.0,0.0,clear sky,Moderate,9.99,25.31666667,PUNE,3,29.97,0,clear sky,PUNE,0
29.0,4.7,Buffet,scooter,19.61,68.0,0.0,haze,Low,4.22,14.0,JAP,2,8.44,0,haze,JAP,0
32.0,5.0,Snack,motorcycle,19.77,68.0,0.0,haze,Moderate,9.33,26.76666667,JAP,3,27.990000000000002,0,haze,JAP,0
25.0,4.7,Buffet,motorcycle,24.9,73.0,0.0,mist,Very Low,2.01,12.71666667,COIMB,1,2.01,1,mist,COIMB,0
33.0,3.9,Meal,scooter,16.05,82.0,0.0,mist,High,21.7,46.23333333,AURG,4,86.8,0,mist,Other,1
27.0,4.5,Buffet,motorcycle,19.97,68.0,0.0,haze,High,16.99,37.28333333,JAP,4,67.96,0,haze,JAP,0
37.0,4.8,Snack,scooter,26.31,88.0,0.0,scattered clouds,High,21.29,48.41666667,CHEN,4,85.16,0,clouds,CHEN,1
21.0,5.0,Buffet,motorcycle,17.86,82.0,0.0,mist,Low,6.37,20.86666667,AURG,2,12.74,0,mist,Other,0
27.0,4.9,Meal,scooter,26.86,44.0,0.0,smoke,Very High,29.4,64.23333333,MUM,5,147.0,0,smoke,MUM,1
29.0,4.8,Meal,scooter,21.4,64.0,0.0,broken clouds,High,13.99,33.4,HYD,4,55.96,0,clouds,HYD,0
35.0,5.0,Buffet,motorcycle,22.83,43.0,0.0,clear sky,Low,8.49,20.3,VAD,2,16.98,0,clear sky,Other,0
22.0,4.8,Drinks,scooter,16.15,94.0,0.0,mist,High,15.8,45.0,RANCHI,4,63.2,0,mist,RANCHI,0
37.0,4.9,Drinks,scooter,19.76,93.0,0.0,mist,High,13.05,46.43333333,BANG,4,52.2,0,mist,BANG,1
28.0,4.7,Snack,motorcycle,26.4,87.0,0.0,scattered clouds,Very High,24.59,68.83333333,CHEN,5,122.95,0,clouds,CHEN,1
31.0,4.9,Drinks,motorcycle,26.78,44.0,0.0,smoke,Very High,33.01,77.4,MUM,5,165.04999999999998,0,smoke,MUM,1
34.0,4.7,Buffet,motorcycle,18.78,65.0,0.0,clear sky,Very High,29.35,60.9,PUNE,5,146.75,0,clear sky,PUNE,1
31.0,4.6,Snack,motorcycle,17.56,68.0,0.0,clear sky,Low,7.54,21.16666667,RANCHI,2,15.08,0,clear sky,RANCHI,0
23.0,4.8,Snack,motorcycle,26.26,44.0,0.0,smoke,Very High,18.18,61.16666667,MUM,5,90.9,0,smoke,MUM,1
36.0,4.7,Buffet,scooter,17.15,72.0,0.0,haze,Low,4.19,17.31666667,INDO,2,8.38,0,haze,INDO,0
24.0,4.8,Drinks,motorcycle,18.3,81.0,0.0,broken clouds,Moderate,9.7,40.56666667,MYS,3,29.099999999999998,0,clouds,MYS,0
28.0,4.7,Drinks,motorcycle,26.22,44.0,0.0,smoke,High,11.92,46.56666667,MUM,4,47.68,0,smoke,MUM,1
23.0,4.6,Buffet,motorcycle,17.29,53.0,0.0,clear sky,Very High,23.69,48.11666667,INDO,5,118.45,0,clear sky,INDO,1
28.0,4.8,Drinks,motorcycle,19.61,93.0,0.0,mist,High,20.18,53.56666667,BANG,4,80.72,0,mist,BANG,1
25.0,4.8,Snack,motorcycle,26.47,87.0,0.0,scattered clouds,Very High,29.01,73.2,CHEN,5,145.05,0,clouds,CHEN,1
37.0,3.8,Drinks,motorcycle,25.27,73.0,0.0,mist,Very High,32.94,61.25,COIMB,5,164.7,0,mist,COIMB,1
39.0,4.1,Meal,scooter,17.08,82.0,0.0,mist,Very High,29.84,78.05,AURG,5,149.2,0,mist,Other,1
22.0,4.6,Meal,scooter,18.22,81.0,0.0,broken clouds,Low,6.85,20.46666667,MYS,2,13.7,0,clouds,MYS,0
31.0,4.9,Drinks,motorcycle,21.77,56.0,0.0,clear sky,High,17.86,53.16666667,KNP,4,71.44,0,clear sky,Other,1
33.0,4.9,Meal,scooter,22.99,83.0,0.0,haze,Very High,24.14,53.98333333,KOL,5,120.7,0,haze,Other,1
29.0,4.8,Drinks,motorcycle,23.03,83.0,0.0,haze,High,22.8,53.1,KOL,4,91.2,0,haze,Other,1
27.0,4.6,Meal,scooter,22.99,83.0,0.0,haze,Low,8.54,21.31666667,KOL,2,17.08,0,haze,Other,0
23.0,4.5,Buffet,motorcycle,18.99,82.0,0.0,haze,Low,9.84,21.98333333,VAD,2,19.68,0,haze,Other,0
28.0,4.4,Buffet,motorcycle,19.7,68.0,0.0,haze,Moderate,7.27,27.6,JAP,3,21.81,0,haze,JAP,0
23.0,4.8,Drinks,scooter,18.65,58.0,0.0,clear sky,High,18.58,52.8,LUDH,4,74.32,0,clear sky,Other,1
26.0,4.8,Buffet,motorcycle,25.03,73.0,0.0,mist,High,15.4,36.45,COIMB,4,61.6,0,mist,COIMB,0
31.0,4.9,Snack,scooter,17.09,72.0,0.0,haze,Moderate,11.77,32.23333333,INDO,3,35.31,0,haze,INDO,0
36.0,4.4,Snack,motorcycle,21.25,64.0,0.0,broken clouds,High,14.68,43.58333333,HYD,4,58.72,0,clouds,HYD,0
29.0,4.6,Meal,motorcycle,18.34,81.0,0.0,scattered clouds,Low,13.03,20.83333333,MYS,2,26.06,0,clouds,MYS,0
39.0,4.9,Snack,motorcycle,17.57,82.0,0.0,mist,Very High,17.67,53.73333333,AURG,5,88.35000000000001,0,mist,Other,1
31.0,4.7,Meal,motorcycle,23.46,43.0,0.0,clear sky,Very Low,1.75,6.233333333,SUR,1,1.75,1,clear sky,SUR,0
39.0,5.0,Buffet,motorcycle,19.37,93.0,0.0,mist,High,21.56,41.91666667,BANG,4,86.24,0,mist,BANG,0
34.0,4.7,Meal,motorcycle,19.97,47.0,0.0,clear sky,Very High,25.12,50.16666667,JAP,5,125.60000000000001,0,clear sky,JAP,1
38.0,4.8,Meal,scooter,14.69,77.0,0.0,clear sky,Moderate,9.83,22.41666667,DEH,3,29.490000000000002,0,clear sky,Other,0
20.0,4.6,Meal,motorcycle,17.72,68.0,0.0,clear sky,Moderate,10.37,25.5,RANCHI,3,31.11,0,clear sky,RANCHI,0
34.0,4.9,Meal,electric scooter,19.75,68.0,0.0,haze,Low,6.06,17.83333333,JAP,2,12.12,0,haze,JAP,0
37.0,4.3,Meal,motorcycle,19.23,46.0,0.0,clear sky,High,16.54,36.28333333,JAP,4,66.16,0,clear sky,JAP,0
30.0,4.4,Meal,motorcycle,19.36,65.0,0.0,clear sky,High,15.0,39.08333333,PUNE,4,60.0,0,clear sky,PUNE,0
24.0,4.0,Drinks,scooter,19.22,93.0,0.0,fog,Very High,29.36,67.68333333,BANG,5,146.8,0,other,BANG,1
22.0,4.7,Buffet,motorcycle,21.25,64.0,0.0,broken clouds,High,17.86,48.23333333,HYD,4,71.44,0,clouds,HYD,1
35.0,4.4,Snack,motorcycle,22.9,43.0,0.0,clear sky,High,14.66,37.06666667,SUR,4,58.64,0,clear sky,SUR,0
31.0,4.5,Buffet,motorcycle,17.17,72.0,0.0,haze,Low,5.86,22.55,INDO,2,11.72,0,haze,INDO,0
27.0,4.6,Drinks,motorcycle,17.12,72.0,0.0,haze,Moderate,12.3,32.13333333,INDO,3,36.900000000000006,0,haze,INDO,0
37.0,4.7,Buffet,scooter,21.71,55.0,0.0,clear sky,Moderate,11.29,27.05,KNP,3,33.87,0,clear sky,Other,0
31.0,4.1,Snack,scooter,26.41,92.0,0.0,scattered clouds,Very High,25.91,67.53333333,CHEN,5,129.55,0,clouds,CHEN,1
21.0,5.0,Buffet,scooter,18.17,81.0,0.0,broken clouds,Low,4.76,14.75,MYS,2,9.52,0,clouds,MYS,0
27.0,4.0,Drinks,scooter,25.02,73.0,0.0,mist,Low,8.27,32.13333333,COIMB,2,16.54,0,mist,COIMB,0
38.0,4.6,Drinks,scooter,26.5,88.0,0.0,mist,Low,6.21,30.9,CHEN,2,12.42,0,mist,CHEN,0
22.0,4.0,Meal,motorcycle,21.98,50.0,0.0,clear sky,Low,7.04,19.4,AGR,2,14.08,0,clear sky,Other,0
36.0,4.6,Buffet,scooter,19.73,68.0,0.0,haze,Low,6.11,19.48333333,JAP,2,12.22,0,haze,JAP,0
38.0,4.8,Drinks,scooter,19.72,46.0,0.0,clear sky,Moderate,15.73,38.61666667,JAP,3,47.19,0,clear sky,JAP,0
34.0,4.9,Drinks,scooter,19.77,68.0,0.0,haze,Moderate,8.78,33.36666667,JAP,3,26.339999999999996,0,haze,JAP,0
34.0,4.8,Snack,motorcycle,21.32,65.0,0.0,broken clouds,Moderate,9.41,27.43333333,HYD,3,28.23,0,clouds,HYD,0
20.0,4.7,Drinks,motorcycle,22.99,83.0,0.0,haze,Very High,29.85,66.81666667,KOL,5,149.25,0,haze,Other,1
31.0,4.7,Buffet,motorcycle,21.67,52.0,0.0,clear sky,High,10.5,43.31666667,AGR,4,42.0,0,clear sky,Other,0
25.0,5.0,Meal,motorcycle,24.87,73.0,0.0,mist,Very Low,2.29,10.31666667,COIMB,1,2.29,1,mist,COIMB,0
28.0,4.9,Drinks,motorcycle,18.43,82.0,0.0,broken clouds,Moderate,17.52,38.95,MYS,3,52.56,0,clouds,MYS,0
39.0,4.1,Drinks,motorcycle,22.81,43.0,0.0,clear sky,Very High,24.93,55.55,SUR,5,124.65,0,clear sky,SUR,1
33.0,4.9,Drinks,motorcycle,16.18,67.0,0.0,clear sky,High,22.93,45.15,RANCHI,4,91.72,0,clear sky,RANCHI,1
30.0,4.5,Meal,motorcycle,25.03,73.0,0.0,mist,High,15.4,34.45,COIMB,4,61.6,0,mist,COIMB,0
25.0,4.9,Snack,motorcycle,16.2,94.0,0.0,mist,Moderate,11.07,36.66666667,RANCHI,3,33.21,0,mist,RANCHI,0
38.0,4.9,Drinks,motorcycle,18.11,81.0,0.0,broken clouds,Low,7.04,25.71666667,MYS,2,14.08,0,clouds,MYS,0
22.0,4.8,Buffet,scooter,22.87,43.0,0.0,clear sky,High,17.94,39.15,SUR,4,71.76,0,clear sky,SUR,0
24.0,4.6,Meal,scooter,23.02,83.0,0.0,haze,Very High,23.97,53.2,KOL,5,119.85,0,haze,Other,1
31.0,4.7,Drinks,scooter,26.36,88.0,0.0,mist,Moderate,11.82,42.83333333,CHEN,3,35.46,0,mist,CHEN,0
26.0,4.9,Buffet,motorcycle,21.29,65.0,0.0,broken clouds,Low,5.78,21.76666667,HYD,2,11.56,0,clouds,HYD,0
23.0,5.0,Meal,scooter,21.15,66.0,0.0,broken clouds,Moderate,15.1,27.98333333,HYD,3,45.3,0,clouds,HYD,0
36.0,4.9,Snack,motorcycle,27.05,44.0,0.0,smoke,Low,4.2,24.66666667,MUM,2,8.4,0,smoke,MUM,0
20.0,4.8,Snack,motorcycle,22.17,55.0,0.0,clear sky,High,17.13,43.05,ALH,4,68.52,0,clear sky,Other,0
25.0,4.7,Snack,scooter,24.9,73.0,0.0,mist,Low,3.17,18.8,COIMB,2,6.34,0,mist,COIMB,0
25.0,4.7,Meal,motorcycle,22.97,43.0,0.0,clear sky,Moderate,13.57,28.53333333,SUR,3,40.71,0,clear sky,SUR,0
36.0,4.8,Meal,electric scooter,26.94,50.0,0.0,clear sky,Very High,24.73,53.76666667,MUM,5,123.65,0,clear sky,MUM,1
20.0,5.0,Drinks,motorcycle,19.0,57.0,0.0,clear sky,Very Low,2.08,15.96666667,LUDH,1,2.08,1,clear sky,Other,0
23.0,4.6,Buffet,motorcycle,23.11,43.0,0.0,clear sky,Low,6.42,17.43333333,SUR,2,12.84,0,clear sky,SUR,0
35.0,4.7,Buffet,scooter,19.83,68.0,0.0,haze,Very Low,2.43,8.966666667,JAP,1,2.43,1,haze,JAP,0
37.0,5.0,Buffet,scooter,21.71,51.0,0.0,clear sky,High,15.65,34.61666667,AGR,4,62.6,0,clear sky,Other,0
33.0,4.9,Meal,motorcycle,19.48,92.0,0.0,mist,Low,7.0,23.36666667,BANG,2,14.0,0,mist,BANG,0
22.0,4.2,Meal,motorcycle,21.25,65.0,0.0,broken clouds,Moderate,5.25,22.2,HYD,3,15.75,0,clouds,HYD,0
23.0,5.0,Buffet,motorcycle,16.27,94.0,0.0,mist,High,12.12,36.2,RANCHI,4,48.48,0,mist,RANCHI,0
34.0,4.7,Drinks,motorcycle,23.37,43.0,0.0,clear sky,Moderate,10.36,31.91666667,SUR,3,31.08,0,clear sky,SUR,0
27.0,4.7,Buffet,motorcycle,18.99,65.0,0.0,clear sky,High,16.78,43.61666667,PUNE,4,67.12,0,clear sky,PUNE,0
34.0,4.6,Drinks,motorcycle,18.04,81.0,0.0,scattered clouds,Low,4.49,23.83333333,MYS,2,8.98,0,clouds,MYS,0
33.0,4.6,Drinks,scooter,17.27,53.0,0.0,clear sky,High,21.74,47.06666667,INDO,4,86.96,0,clear sky,INDO,1
29.0,4.6,Snack,motorcycle,17.71,68.0,0.0,clear sky,Very Low,1.9,10.61666667,RANCHI,1,1.9,1,clear sky,RANCHI,0
39.0,4.8,Snack,motorcycle,21.29,65.0,0.0,broken clouds,Low,4.97,17.71666667,HYD,2,9.94,0,clouds,HYD,0
32.0,4.6,Snack,motorcycle,21.27,64.0,0.0,overcast clouds,High,20.79,49.11666667,HYD,4,83.16,0,clouds,HYD,1
21.0,4.7,Drinks,motorcycle,25.1,73.0,0.0,mist,Very High,24.39,58.5,COIMB,5,121.95,0,mist,COIMB,1
22.0,4.6,Drinks,electric scooter,27.05,44.0,0.0,smoke,High,25.07,57.68333333,MUM,4,100.28,0,smoke,MUM,1
35.0,5.0,Snack,scooter,26.52,87.0,0.0,mist,Low,4.84,22.03333333,CHEN,2,9.68,0,mist,CHEN,0
29.0,4.9,Drinks,motorcycle,19.52,93.0,0.0,mist,Moderate,16.12,42.53333333,BANG,3,48.36,0,mist,BANG,0
35.0,4.8,Drinks,motorcycle,25.89,83.0,0.0,mist,Low,6.64,28.31666667,GOA,2,13.28,0,mist,Other,0
30.0,4.8,Buffet,motorcycle,16.61,82.0,0.0,mist,Very High,27.54,72.83333333,AURG,5,137.7,0,mist,Other,1
29.0,4.6,Snack,motorcycle,19.2,65.0,0.0,clear sky,Moderate,10.42,28.48333333,PUNE,3,31.259999999999998,0,clear sky,PUNE,0
39.0,5.0,Snack,scooter,19.7,68.0,0.0,haze,Low,5.96,21.4,JAP,2,11.92,0,haze,JAP,0
30.0,4.9,Buffet,motorcycle,17.74,82.0,0.0,mist,Moderate,11.84,32.11666667,AURG,3,35.519999999999996,0,mist,Other,0
29.0,4.6,Buffet,motorcycle,21.29,64.0,0.0,broken clouds,Moderate,10.07,29.85,HYD,3,30.21,0,clouds,HYD,0
36.0,5.0,Snack,scooter,16.17,82.0,0.0,mist,High,15.46,40.46666667,AURG,4,61.84,0,mist,Other,0
35.0,4.5,Drinks,scooter,21.2,65.0,0.0,broken clouds,Moderate,11.6,39.11666667,HYD,3,34.8,0,clouds,HYD,0
29.0,4.6,Drinks,scooter,21.2,65.0,0.0,broken clouds,Very High,27.73,68.56666667,HYD,5,138.65,0,clouds,HYD,1
24.0,4.8,Meal,scooter,18.15,81.0,0.0,broken clouds,Very Low,3.15,10.98333333,MYS,1,3.15,0,clouds,MYS,0
29.0,4.8,Snack,scooter,26.36,44.0,0.0,smoke,Very High,30.61,84.46666667,MUM,5,153.05,0,smoke,MUM,1
36.0,4.6,Snack,motorcycle,23.21,43.0,0.0,clear sky,Low,5.58,17.86666667,SUR,2,11.16,0,clear sky,SUR,0
25.0,4.6,Snack,scooter,19.0,57.0,0.0,clear sky,Very Low,2.08,10.96666667,LUDH,1,2.08,1,clear sky,Other,0
35.0,4.4,Snack,electric scooter,21.56,52.0,0.0,clear sky,Moderate,19.67,31.85,AGR,3,59.010000000000005,0,clear sky,Other,0
26.0,4.8,Drinks,motorcycle,19.25,68.0,0.0,haze,High,12.21,43.41666667,JAP,4,48.84,0,haze,JAP,0
22.0,4.5,Drinks,motorcycle,21.27,66.0,0.0,broken clouds,Very Low,2.17,20.76666667,HYD,1,2.17,1,clouds,HYD,0
32.0,4.0,Drinks,motorcycle,19.26,65.0,0.0,clear sky,Very High,19.65,55.95,PUNE,5,98.25,0,clear sky,PUNE,1
23.0,4.6,Snack,scooter,19.77,91.0,0.0,mist,Moderate,8.23,31.91666667,BANG,3,24.69,0,mist,BANG,0
38.0,4.7,Snack,scooter,19.34,64.0,0.0,clear sky,Very Low,2.79,14.76666667,PUNE,1,2.79,1,clear sky,PUNE,0
26.0,4.9,Drinks,motorcycle,22.93,42.0,0.0,clear sky,Very Low,4.83,19.96666667,VAD,1,4.83,0,clear sky,Other,0
31.0,4.5,Buffet,scooter,19.6,92.0,0.0,mist,Very High,17.49,52.36666667,BANG,5,87.44999999999999,0,mist,BANG,1
21.0,4.6,Buffet,motorcycle,18.58,58.0,0.0,clear sky,Very High,40.94,58.55,LUDH,5,204.7,0,clear sky,Other,1
39.0,4.7,Buffet,scooter,17.29,53.0,0.0,clear sky,Very High,27.38,50.11666667,INDO,5,136.9,0,clear sky,INDO,1
21.0,4.9,Drinks,scooter,19.6,92.0,0.0,mist,Very High,17.49,59.36666667,BANG,5,87.44999999999999,0,mist,BANG,1
28.0,4.9,Drinks,scooter,16.17,94.0,0.0,mist,Moderate,11.5,42.98333333,RANCHI,3,34.5,0,mist,RANCHI,0
38.0,4.8,Snack,motorcycle,19.66,93.0,0.0,mist,High,16.69,49.05,BANG,4,66.76,0,mist,BANG,1
38.0,4.7,Drinks,motorcycle,18.25,81.0,0.0,broken clouds,Low,7.18,26.55,MYS,2,14.36,0,clouds,MYS,0
36.0,4.8,Drinks,motorcycle,26.69,44.0,0.0,smoke,Very Low,2.48,24.56666667,MUM,1,2.48,1,smoke,MUM,0
35.0,4.6,Meal,motorcycle,26.52,88.0,0.0,mist,High,16.51,34.86666667,CHEN,4,66.04,0,mist,CHEN,0
23.0,4.2,Drinks,motorcycle,17.24,53.0,0.0,clear sky,Very High,31.62,59.95,INDO,5,158.1,0,clear sky,INDO,1
26.0,4.8,Snack,motorcycle,16.14,94.0,0.0,mist,Moderate,18.28,35.56666667,RANCHI,3,54.84,0,mist,RANCHI,0
35.0,4.0,Drinks,motorcycle,24.8,73.0,0.0,mist,Low,8.02,31.6,COIMB,2,16.04,0,mist,COIMB,0
25.0,4.6,Drinks,scooter,19.19,93.0,0.0,mist,High,21.92,47.63333333,BANG,4,87.68,0,mist,BANG,1
39.0,4.7,Drinks,motorcycle,19.36,65.0,0.0,clear sky,High,14.96,47.6,PUNE,4,59.84,0,clear sky,PUNE,1
29.0,4.4,Meal,motorcycle,24.87,73.0,0.0,mist,Low,4.64,18.2,COIMB,2,9.28,0,mist,COIMB,0
34.0,5.0,Drinks,scooter,25.81,59.0,0.0,scattered clouds,Moderate,13.21,41.11666667,GOA,3,39.63,0,clouds,Other,0
27.0,4.9,Buffet,scooter,19.47,68.0,0.0,haze,Moderate,11.89,29.4,JAP,3,35.67,0,haze,JAP,0
31.0,4.9,Meal,motorcycle,17.11,72.0,0.0,haze,Low,4.18,13.15,INDO,2,8.36,0,haze,INDO,0
22.0,4.5,Snack,motorcycle,21.27,65.0,0.0,broken clouds,Very Low,2.53,12.4,HYD,1,2.53,1,clouds,HYD,0
37.0,4.6,Snack,motorcycle,26.59,44.0,0.0,smoke,Very High,22.07,69.58333333,MUM,5,110.35,0,smoke,MUM,1
39.0,4.8,Buffet,motorcycle,26.92,44.0,0.0,smoke,High,9.93,38.55,MUM,4,39.72,0,smoke,MUM,0
30.0,4.7,Buffet,motorcycle,19.41,65.0,0.0,clear sky,High,23.61,43.68333333,PUNE,4,94.44,0,clear sky,PUNE,0
27.0,4.5,Meal,electric scooter,19.27,65.0,0.0,clear sky,Low,7.91,20.95,PUNE,2,15.82,0,clear sky,PUNE,0
29.0,4.6,Buffet,motorcycle,22.84,43.0,0.0,clear sky,High,20.21,41.76666667,SUR,4,80.84,0,clear sky,SUR,0
39.0,4.7,Buffet,motorcycle,24.86,73.0,0.0,mist,Low,8.02,24.3,COIMB,2,16.04,0,mist,COIMB,0
29.0,4.8,Meal,scooter,18.71,58.0,0.0,clear sky,High,19.57,36.6,LUDH,4,78.28,0,clear sky,Other,0
29.0,4.6,Snack,motorcycle,18.4,82.0,0.0,broken clouds,High,25.83,43.58333333,MYS,4,103.32,0,clouds,MYS,0
35.0,4.3,Drinks,motorcycle,19.77,68.0,0.0,haze,Moderate,9.3,31.91666667,JAP,3,27.900000000000002,0,haze,JAP,0
37.0,4.9,Buffet,motorcycle,26.35,88.0,0.0,mist,Moderate,10.62,35.78333333,CHEN,3,31.86,0,mist,CHEN,0
35.0,4.2,Drinks,motorcycle,21.74,56.0,0.0,clear sky,High,24.75,54.76666667,ALH,4,99.0,0,clear sky,Other,1
23.0,4.6,Buffet,scooter,17.3,54.0,0.0,clear sky,Very High,30.35,57.63333333,INDO,5,151.75,0,clear sky,INDO,1
22.0,4.7,Snack,scooter,24.81,73.0,0.0,mist,Low,7.29,26.31666667,COIMB,2,14.58,0,mist,COIMB,0
21.0,4.4,Snack,motorcycle,17.82,82.0,0.0,mist,Low,5.99,20.78333333,AURG,2,11.98,0,mist,Other,0
29.0,4.6,Snack,scooter,19.45,93.0,0.0,mist,Very High,26.52,55.86666667,BANG,5,132.6,0,mist,BANG,1
35.0,4.6,Buffet,motorcycle,25.76,83.0,0.0,mist,Low,4.57,17.35,GOA,2,9.14,0,mist,Other,0
29.0,4.7,Snack,scooter,26.92,44.0,0.0,smoke,Moderate,9.93,39.65,MUM,3,29.79,0,smoke,MUM,0
36.0,4.7,Snack,scooter,17.08,72.0,0.0,haze,High,19.59,44.46666667,INDO,4,78.36,0,haze,INDO,0
34.0,3.6,Drinks,electric scooter,26.18,44.0,0.0,smoke,High,20.12,56.96666667,MUM,4,80.48,0,smoke,MUM,1
23.0,4.7,Snack,motorcycle,19.83,47.0,0.0,clear sky,Very High,29.61,50.78333333,JAP,5,148.05,0,clear sky,JAP,1
26.0,4.4,Meal,motorcycle,25.02,73.0,0.0,mist,Very High,23.03,49.4,COIMB,5,115.15,0,mist,COIMB,1
23.0,4.7,Buffet,scooter,19.41,93.0,0.0,mist,High,19.97,41.76666667,BANG,4,79.88,0,mist,BANG,0
31.0,4.6,Buffet,scooter,17.23,53.0,0.0,clear sky,Moderate,17.06,31.76666667,INDO,3,51.17999999999999,0,clear sky,INDO,0
35.0,4.9,Drinks,motorcycle,18.36,57.0,0.0,clear sky,Low,4.96,22.75,BHP,2,9.92,0,clear sky,Other,0
21.0,4.9,Buffet,motorcycle,18.31,57.0,0.0,clear sky,Moderate,11.87,26.4,BHP,3,35.61,0,clear sky,Other,0
27.0,4.9,Meal,scooter,18.82,57.0,0.0,clear sky,High,15.41,34.56666667,LUDH,4,61.64,0,clear sky,Other,0
26.0,4.2,Buffet,motorcycle,24.95,73.0,0.0,mist,Very Low,3.79,14.73333333,COIMB,1,3.79,0,mist,COIMB,0
28.0,4.6,Drinks,electric scooter,26.45,88.0,0.0,mist,Very Low,4.41,22.9,CHEN,1,4.41,0,mist,CHEN,0
29.0,4.5,Meal,scooter,19.74,93.0,0.0,mist,Low,5.0,20.78333333,BANG,2,10.0,0,mist,BANG,0
35.0,4.6,Buffet,motorcycle,17.03,72.0,0.0,haze,Moderate,7.32,24.41666667,INDO,3,21.96,0,haze,INDO,0
25.0,4.5,Drinks,motorcycle,26.4,92.0,0.0,scattered clouds,Very High,27.98,77.9,CHEN,5,139.9,0,clouds,CHEN,1
20.0,5.0,Snack,motorcycle,17.71,68.0,0.0,clear sky,Low,3.79,18.18333333,RANCHI,2,7.58,0,clear sky,RANCHI,0
37.0,4.9,Drinks,motorcycle,18.03,81.0,0.0,broken clouds,Low,4.42,22.88333333,MYS,2,8.84,0,clouds,MYS,0
29.0,4.6,Meal,motorcycle,19.24,64.0,0.0,clear sky,Very Low,4.82,10.78333333,PUNE,1,4.82,0,clear sky,PUNE,0
32.0,4.8,Meal,motorcycle,16.27,94.0,0.0,mist,High,10.34,36.1,RANCHI,4,41.36,0,mist,RANCHI,0
35.0,4.3,Drinks,motorcycle,18.38,82.0,0.0,broken clouds,Moderate,16.46,38.88333333,MYS,3,49.38,0,clouds,MYS,0
29.0,4.6,Buffet,scooter,18.9,68.0,0.0,broken clouds,Very High,29.02,49.06666667,HYD,5,145.1,0,clouds,HYD,1
20.0,4.8,Drinks,scooter,26.87,44.0,0.0,smoke,High,18.4,49.73333333,MUM,4,73.6,0,smoke,MUM,1
37.0,4.7,Snack,scooter,18.27,82.0,0.0,scattered clouds,Moderate,19.45,31.4,MYS,3,58.349999999999994,0,clouds,MYS,0
20.0,4.4,Meal,motorcycle,19.64,68.0,0.0,haze,Low,4.13,14.05,JAP,2,8.26,0,haze,JAP,0
35.0,4.9,Buffet,scooter,21.5,53.0,0.0,clear sky,High,28.62,38.88333333,AGR,4,114.48,0,clear sky,Other,0
23.0,4.8,Meal,motorcycle,22.99,83.0,0.0,haze,Low,6.3,18.41666667,KOL,2,12.6,0,haze,Other,0
27.0,4.8,Drinks,motorcycle,18.07,81.0,0.0,scattered clouds,Very Low,2.83,19.36666667,MYS,1,2.83,1,clouds,MYS,0
35.0,4.9,Drinks,scooter,19.9,46.0,0.0,clear sky,High,18.36,42.91666667,JAP,4,73.44,0,clear sky,JAP,0
38.0,4.9,Drinks,motorcycle,17.08,72.0,0.0,haze,High,19.59,49.53333333,INDO,4,78.36,0,haze,INDO,1
21.0,4.9,Drinks,motorcycle,19.22,65.0,0.0,clear sky,High,17.64,50.76666667,PUNE,4,70.56,0,clear sky,PUNE,1
26.0,4.9,Buffet,motorcycle,17.75,68.0,0.0,clear sky,Moderate,16.28,30.28333333,RANCHI,3,48.84,0,clear sky,RANCHI,0
22.0,5.0,Snack,motorcycle,25.0,73.0,0.0,mist,High,16.76,41.25,COIMB,4,67.04,0,mist,COIMB,0
37.0,4.6,Drinks,motorcycle,27.05,48.0,0.0,clear sky,High,20.97,50.86666667,MUM,4,83.88,0,clear sky,MUM,1
29.0,4.6,Meal,scooter,22.87,43.0,0.0,clear sky,High,17.58,35.48333333,SUR,4,70.32,0,clear sky,SUR,0
33.0,4.3,Buffet,scooter,19.04,93.0,0.0,fog,High,29.74,49.16666667,BANG,4,118.96,0,other,BANG,1
38.0,4.8,Meal,electric scooter,22.92,42.0,0.0,clear sky,Low,5.52,12.5,VAD,2,11.04,0,clear sky,Other,0
38.0,4.6,Drinks,scooter,23.0,84.0,0.0,scattered clouds,Very Low,2.55,19.6,KOC,1,2.55,1,clouds,Other,0
28.0,4.9,Meal,motorcycle,23.21,43.0,0.0,clear sky,Low,5.58,13.71666667,SUR,2,11.16,0,clear sky,SUR,0
39.0,4.6,Snack,scooter,25.86,59.0,0.0,scattered clouds,Moderate,10.72,30.88333333,GOA,3,32.160000000000004,0,clouds,Other,0
20.0,4.7,Meal,motorcycle,26.44,87.0,0.0,scattered clouds,Very High,20.49,64.1,CHEN,5,102.44999999999999,0,clouds,CHEN,1
31.0,4.5,Meal,motorcycle,19.55,92.0,0.0,mist,Low,11.2,16.91666667,BANG,2,22.4,0,mist,BANG,0
30.0,4.6,Meal,motorcycle,22.25,54.0,0.0,clear sky,Moderate,9.52,22.16666667,ALH,3,28.56,0,clear sky,Other,0
20.0,4.2,Snack,motorcycle,19.01,65.0,0.0,clear sky,High,18.15,47.9,PUNE,4,72.6,0,clear sky,PUNE,1
34.0,4.8,Meal,motorcycle,26.9,44.0,0.0,smoke,Very High,28.96,59.68333333,MUM,5,144.8,0,smoke,MUM,1
34.0,4.9,Buffet,scooter,18.28,81.0,0.0,scattered clouds,Low,9.89,24.13333333,MYS,2,19.78,0,clouds,MYS,0
36.0,4.7,Drinks,motorcycle,25.97,60.0,0.0,scattered clouds,High,23.69,49.36666667,GOA,4,94.76,0,clouds,Other,1
32.0,4.8,Drinks,motorcycle,19.54,92.0,0.0,mist,Very Low,2.42,22.43333333,BANG,1,2.42,1,mist,BANG,0
29.0,4.6,Snack,motorcycle,16.11,67.0,0.0,clear sky,High,26.18,49.83333333,RANCHI,4,104.72,0,clear sky,RANCHI,1
36.0,4.6,Drinks,motorcycle,17.16,72.0,0.0,haze,Moderate,10.95,32.31666667,INDO,3,32.849999999999994,0,haze,INDO,0
23.0,4.5,Meal,motorcycle,19.47,93.0,0.0,mist,Moderate,11.2,27.23333333,BANG,3,33.599999999999994,0,mist,BANG,0
24.0,4.9,Buffet,motorcycle,19.57,68.0,0.0,haze,High,14.79,40.26666667,JAP,4,59.16,0,haze,JAP,0
20.0,4.1,Meal,motorcycle,8.2,80.0,0.0,clear sky,Very High,33.79,80.6,DEH,5,168.95,0,clear sky,Other,1
21.0,4.6,Drinks,motorcycle,17.22,53.0,0.0,clear sky,Very High,27.03,60.21666667,INDO,5,135.15,0,clear sky,INDO,1
29.0,4.9,Meal,scooter,26.4,92.0,0.0,scattered clouds,Very High,26.31,64.16666667,CHEN,5,131.54999999999998,0,clouds,CHEN,1
33.0,4.8,Snack,motorcycle,19.2,65.0,0.0,clear sky,Moderate,8.69,28.48333333,PUNE,3,26.07,0,clear sky,PUNE,0
28.0,4.7,Meal,motorcycle,26.35,88.0,0.0,mist,High,17.95,46.98333333,CHEN,4,71.8,0,mist,CHEN,1
35.0,4.9,Meal,motorcycle,26.4,88.0,0.0,scattered clouds,Very High,21.6,62.31666667,CHEN,5,108.0,0,clouds,CHEN,1
28.0,4.8,Snack,motorcycle,26.06,49.0,0.0,clear sky,Very High,35.56,92.35,MUM,5,177.8,0,clear sky,MUM,1
22.0,4.9,Drinks,motorcycle,26.54,88.0,0.0,mist,Moderate,11.72,38.41666667,CHEN,3,35.160000000000004,0,mist,CHEN,0
36.0,4.9,Snack,scooter,16.2,94.0,0.0,mist,Moderate,9.38,30.68333333,RANCHI,3,28.14,0,mist,RANCHI,0
30.0,4.9,Meal,scooter,24.86,73.0,0.0,mist,Moderate,10.5,31.56666667,COIMB,3,31.5,0,mist,COIMB,0
28.0,4.7,Buffet,electric scooter,23.16,43.0,0.0,clear sky,Moderate,11.45,27.15,SUR,3,34.349999999999994,0,clear sky,SUR,0
26.0,4.7,Meal,scooter,18.34,57.0,0.0,clear sky,Moderate,9.54,21.13333333,BHP,3,28.619999999999997,0,clear sky,Other,0
36.0,4.6,Drinks,motorcycle,18.07,81.0,0.0,scattered clouds,Very Low,2.83,19.36666667,MYS,1,2.83,1,clouds,MYS,0
25.0,4.6,Snack,motorcycle,19.25,65.0,0.0,clear sky,High,12.37,36.43333333,PUNE,4,49.48,0,clear sky,PUNE,0
21.0,4.7,Meal,motorcycle,19.6,68.0,0.0,haze,High,15.29,37.55,JAP,4,61.16,0,haze,JAP,0
20.0,4.8,Buffet,motorcycle,26.38,92.0,0.0,scattered clouds,Very High,25.39,67.83333333,CHEN,5,126.95,0,clouds,CHEN,1
32.0,4.5,Drinks,motorcycle,25.0,73.0,0.0,mist,Moderate,13.17,37.4,COIMB,3,39.51,0,mist,COIMB,0
24.0,4.6,Meal,motorcycle,17.16,72.0,0.0,haze,Moderate,10.95,23.3,INDO,3,32.849999999999994,0,haze,INDO,0
37.0,3.7,Drinks,scooter,25.0,73.0,0.0,mist,High,16.98,50.53333333,COIMB,4,67.92,0,mist,COIMB,1
36.0,4.7,Buffet,electric scooter,26.46,88.0,0.0,mist,Low,6.1,22.41666667,CHEN,2,12.2,0,mist,CHEN,0
25.0,4.8,Snack,motorcycle,19.51,68.0,0.0,haze,Moderate,11.53,30.56666667,JAP,3,34.589999999999996,0,haze,JAP,0
37.0,4.5,Buffet,scooter,21.38,64.0,0.0,broken clouds,Moderate,11.48,30.8,HYD,3,34.44,0,clouds,HYD,0
25.0,4.8,Meal,motorcycle,17.9,82.0,0.0,mist,Low,9.04,21.9,AURG,2,18.08,0,mist,Other,0
21.0,4.8,Meal,motorcycle,19.75,91.0,0.0,mist,Very Low,2.41,12.63333333,BANG,1,2.41,1,mist,BANG,0
30.0,4.9,Snack,motorcycle,19.5,93.0,0.0,mist,High,18.14,39.06666667,BANG,4,72.56,0,mist,BANG,0
36.0,4.5,Meal,scooter,17.03,72.0,0.0,haze,Moderate,11.67,31.3,INDO,3,35.01,0,haze,INDO,0
20.0,4.7,Drinks,motorcycle,18.9,57.0,0.0,clear sky,Moderate,11.82,33.1,LUDH,3,35.46,0,clear sky,Other,0
22.0,5.0,Drinks,electric scooter,19.98,56.0,0.0,clear sky,Very High,27.08,58.9,KNP,5,135.39999999999998,0,clear sky,Other,1
21.0,4.9,Snack,motorcycle,22.99,83.0,0.0,haze,High,13.85,41.96666667,KOL,4,55.4,0,haze,Other,0
36.0,4.9,Buffet,scooter,26.66,44.0,0.0,smoke,High,10.22,39.08333333,MUM,4,40.88,0,smoke,MUM,0
28.0,4.7,Meal,scooter,26.43,88.0,0.0,scattered clouds,Very High,18.22,55.18333333,CHEN,5,91.1,0,clouds,CHEN,1
36.0,4.6,Snack,motorcycle,19.26,64.0,0.0,clear sky,Low,4.97,20.46666667,PUNE,2,9.94,0,clear sky,PUNE,0
38.0,4.0,Buffet,scooter,15.66,76.0,0.0,clear sky,Low,7.09,18.3,DEH,2,14.18,0,clear sky,Other,0
33.0,4.9,Buffet,motorcycle,18.1,81.0,0.0,broken clouds,Low,7.95,18.28333333,MYS,2,15.9,0,clouds,MYS,0
29.0,5.0,Meal,motorcycle,19.57,68.0,0.0,haze,Low,4.38,12.95,JAP,2,8.76,0,haze,JAP,0
21.0,5.0,Drinks,motorcycle,18.12,81.0,0.0,broken clouds,High,16.95,49.15,MYS,4,67.8,0,clouds,MYS,1
31.0,3.5,Buffet,electric scooter,18.38,82.0,0.0,broken clouds,Moderate,16.12,30.38333333,MYS,3,48.36,0,clouds,MYS,0
25.0,4.9,Snack,motorcycle,19.58,68.0,0.0,haze,Low,6.14,22.0,JAP,2,12.28,0,haze,JAP,0
20.0,4.7,Drinks,scooter,18.28,81.0,0.0,scattered clouds,Moderate,9.8,32.0,MYS,3,29.400000000000002,0,clouds,MYS,0
23.0,4.4,Drinks,motorcycle,23.01,94.0,0.0,mist,High,17.1,51.23333333,KOC,4,68.4,0,mist,Other,1
31.0,5.0,Meal,motorcycle,19.19,93.0,0.0,mist,High,21.89,38.26666667,BANG,4,87.56,0,mist,BANG,0
32.0,5.0,Snack,scooter,17.16,72.0,0.0,haze,Moderate,9.33,27.8,INDO,3,27.990000000000002,0,haze,INDO,0
37.0,4.7,Drinks,scooter,22.75,43.0,0.0,clear sky,Very High,30.26,57.23333333,SUR,5,151.3,0,clear sky,SUR,1
28.0,4.7,Meal,motorcycle,27.02,44.0,0.0,smoke,Moderate,10.39,33.86666667,MUM,3,31.17,0,smoke,MUM,0
23.0,5.0,Snack,motorcycle,17.19,72.0,0.0,haze,Moderate,11.53,32.6,INDO,3,34.589999999999996,0,haze,INDO,0
36.0,4.6,Meal,motorcycle,19.75,91.0,0.0,mist,Low,5.39,22.25,BANG,2,10.78,0,mist,BANG,0
25.0,4.5,Drinks,scooter,18.54,58.0,0.0,clear sky,Very High,43.08,61.18333333,LUDH,5,215.39999999999998,0,clear sky,Other,1
23.0,4.9,Buffet,motorcycle,21.74,56.0,0.0,clear sky,Very High,26.51,50.33333333,ALH,5,132.55,0,clear sky,Other,1
31.0,4.7,Meal,motorcycle,19.7,68.0,0.0,haze,Low,5.86,15.7,JAP,2,11.72,0,haze,JAP,0
35.0,4.6,Buffet,motorcycle,19.7,91.0,0.0,mist,Low,6.93,23.6,BANG,2,13.86,0,mist,BANG,0
39.0,4.7,Snack,scooter,22.99,83.0,0.0,haze,High,15.8,43.03333333,KOL,4,63.2,0,haze,Other,0
20.0,4.6,Buffet,scooter,24.92,73.0,0.0,mist,Moderate,11.58,28.51666667,COIMB,3,34.74,0,mist,COIMB,0
35.0,4.9,Drinks,motorcycle,17.14,72.0,0.0,haze,Moderate,9.65,38.7,INDO,3,28.950000000000003,0,haze,INDO,0
31.0,4.7,Buffet,motorcycle,26.29,88.0,0.0,mist,Low,4.92,23.33333333,CHEN,2,9.84,0,mist,CHEN,0
22.0,4.8,Buffet,scooter,23.54,44.0,0.0,clear sky,Very Low,3.3,10.73333333,SUR,1,3.3,0,clear sky,SUR,0
30.0,4.6,Drinks,motorcycle,19.14,65.0,0.0,clear sky,Moderate,11.98,36.86666667,PUNE,3,35.94,0,clear sky,PUNE,0
22.0,4.7,Meal,scooter,18.9,57.0,0.0,clear sky,Moderate,11.67,22.96666667,LUDH,3,35.01,0,clear sky,Other,0
30.0,4.8,Meal,motorcycle,22.9,94.0,0.0,mist,Low,5.88,18.68333333,KOC,2,11.76,0,mist,Other,0
34.0,4.9,Drinks,motorcycle,22.92,94.0,0.0,mist,Low,6.56,26.25,KOC,2,13.12,0,mist,Other,0
34.0,4.8,Meal,motorcycle,23.16,43.0,0.0,clear sky,Moderate,12.44,26.2,SUR,3,37.32,0,clear sky,SUR,0
37.0,4.8,Meal,electric scooter,18.32,58.0,0.0,clear sky,High,15.54,35.3,BHP,4,62.16,0,clear sky,Other,0
29.0,4.6,Drinks,motorcycle,22.99,83.0,0.0,haze,Moderate,9.14,35.68333333,KOL,3,27.42,0,haze,Other,0
34.0,4.6,Drinks,motorcycle,17.25,53.0,0.0,clear sky,High,19.16,43.93333333,INDO,4,76.64,0,clear sky,INDO,0
33.0,4.4,Snack,motorcycle,21.8,55.0,0.0,clear sky,High,16.69,41.76666667,KNP,4,66.76,0,clear sky,Other,0
39.0,4.6,Snack,motorcycle,24.97,59.0,0.0,scattered clouds,Moderate,11.17,35.18333333,GOA,3,33.51,0,clouds,Other,0
29.0,4.6,Snack,motorcycle,26.86,48.0,0.0,clear sky,Very High,35.71,87.01666667,MUM,5,178.55,0,clear sky,MUM,1
32.0,4.7,Drinks,motorcycle,24.9,73.0,0.0,mist,Low,4.08,24.46666667,COIMB,2,8.16,0,mist,COIMB,0
32.0,4.9,Meal,motorcycle,18.35,58.0,0.0,clear sky,Moderate,10.9,26.86666667,BHP,3,32.7,0,clear sky,Other,0
34.0,4.6,Buffet,motorcycle,19.19,65.0,0.0,clear sky,Moderate,11.3,27.73333333,PUNE,3,33.900000000000006,0,clear sky,PUNE,0
24.0,4.6,Snack,scooter,19.94,47.0,0.0,clear sky,Very High,28.26,50.16666667,JAP,5,141.3,0,clear sky,JAP,1
33.0,5.0,Drinks,motorcycle,21.27,64.0,0.0,overcast clouds,High,21.58,55.43333333,HYD,4,86.32,0,clouds,HYD,1
24.0,5.0,Drinks,motorcycle,23.03,83.0,0.0,haze,High,19.29,52.31666667,KOL,4,77.16,0,haze,Other,1
39.0,4.1,Buffet,motorcycle,27.05,48.0,0.0,clear sky,Moderate,8.85,25.78333333,MUM,3,26.549999999999997,0,clear sky,MUM,0
36.0,4.7,Snack,motorcycle,17.71,68.0,0.0,clear sky,Very Low,3.05,13.81666667,RANCHI,1,3.05,0,clear sky,RANCHI,0
33.0,4.6,Drinks,motorcycle,22.76,43.0,0.0,clear sky,Very High,27.93,62.46666667,SUR,5,139.65,0,clear sky,SUR,1
21.0,4.6,Buffet,electric scooter,22.95,94.0,0.0,mist,Very Low,2.42,14.11666667,KOC,1,2.42,1,mist,Other,0
26.0,4.1,Buffet,motorcycle,17.12,72.0,0.0,haze,Moderate,12.03,31.78333333,INDO,3,36.089999999999996,0,haze,INDO,0
21.0,5.0,Snack,scooter,26.42,88.0,0.0,mist,Low,6.3,22.03333333,CHEN,2,12.6,0,mist,CHEN,0
34.0,4.4,Drinks,motorcycle,19.76,91.0,0.0,mist,Low,6.53,30.56666667,BANG,2,13.06,0,mist,BANG,0
25.0,4.9,Snack,motorcycle,27.01,44.0,0.0,smoke,Moderate,11.59,36.21666667,MUM,3,34.769999999999996,0,smoke,MUM,0
37.0,4.8,Buffet,motorcycle,21.78,51.0,0.0,clear sky,Moderate,8.61,27.4,AGR,3,25.83,0,clear sky,Other,0
29.0,4.5,Meal,scooter,23.89,44.0,0.0,clear sky,Very Low,1.96,7.45,SUR,1,1.96,1,clear sky,SUR,0
33.0,4.6,Snack,scooter,21.57,52.0,0.0,clear sky,High,20.61,35.0,AGR,4,82.44,0,clear sky,Other,0
22.0,4.6,Buffet,motorcycle,17.13,72.0,0.0,haze,High,16.66,37.31666667,INDO,4,66.64,0,haze,INDO,0
36.0,4.9,Meal,motorcycle,19.39,65.0,0.0,clear sky,High,26.07,44.46666667,PUNE,4,104.28,0,clear sky,PUNE,0
25.0,4.6,Snack,motorcycle,17.08,72.0,0.0,haze,Low,5.67,21.23333333,INDO,2,11.34,0,haze,INDO,0
21.0,4.9,Buffet,motorcycle,26.45,87.0,0.0,scattered clouds,Very High,20.12,62.8,CHEN,5,100.60000000000001,0,clouds,CHEN,1
33.0,4.8,Buffet,motorcycle,22.47,44.0,0.0,clear sky,High,20.91,41.93333333,VAD,4,83.64,0,clear sky,Other,0
32.0,4.6,Buffet,scooter,18.17,81.0,0.0,broken clouds,Low,4.56,18.68333333,MYS,2,9.12,0,clouds,MYS,0
36.0,4.9,Meal,electric scooter,17.08,72.0,0.0,haze,High,13.17,32.81666667,INDO,4,52.68,0,haze,INDO,0
27.0,5.0,Buffet,motorcycle,19.2,65.0,0.0,clear sky,Moderate,8.69,26.48333333,PUNE,3,26.07,0,clear sky,PUNE,0
36.0,4.8,Meal,scooter,19.67,68.0,0.0,haze,Moderate,10.48,25.28333333,JAP,3,31.44,0,haze,JAP,0
22.0,4.9,Snack,motorcycle,25.98,60.0,0.0,scattered clouds,High,10.51,37.8,GOA,4,42.04,0,clouds,Other,0
36.0,4.9,Buffet,scooter,19.45,93.0,0.0,mist,Very High,26.52,52.48333333,BANG,5,132.6,0,mist,BANG,1
21.0,4.6,Drinks,scooter,23.1,43.0,0.0,clear sky,Low,6.71,24.91666667,SUR,2,13.42,0,clear sky,SUR,0
32.0,4.8,Meal,motorcycle,17.75,68.0,0.0,clear sky,Moderate,13.04,22.56666667,RANCHI,3,39.12,0,clear sky,RANCHI,0
21.0,4.6,Meal,motorcycle,25.02,73.0,0.0,mist,Very High,23.03,49.41666667,COIMB,5,115.15,0,mist,COIMB,1
37.0,4.6,Meal,scooter,22.24,54.0,0.0,clear sky,High,15.17,35.3,ALH,4,60.68,0,clear sky,Other,0
36.0,4.9,Buffet,scooter,22.85,43.0,0.0,clear sky,High,21.81,44.31666667,SUR,4,87.24,0,clear sky,SUR,0
21.0,4.8,Buffet,motorcycle,19.9,68.0,0.0,haze,Moderate,14.46,30.8,JAP,3,43.38,0,haze,JAP,0
28.0,4.6,Snack,scooter,24.81,73.0,0.0,mist,Moderate,9.72,30.81666667,COIMB,3,29.160000000000004,0,mist,COIMB,0
22.0,4.3,Drinks,motorcycle,26.34,87.0,0.0,scattered clouds,Very High,25.0,58.83333333,CHEN,5,125.0,0,clouds,CHEN,1
25.0,4.7,Meal,motorcycle,19.47,93.0,0.0,mist,Moderate,11.59,28.51666667,BANG,3,34.769999999999996,0,mist,BANG,0
24.0,4.3,Buffet,motorcycle,17.56,68.0,0.0,clear sky,Low,7.54,19.16666667,RANCHI,2,15.08,0,clear sky,RANCHI,0
38.0,4.7,Buffet,scooter,24.87,73.0,0.0,mist,Low,6.47,24.85,COIMB,2,12.94,0,mist,COIMB,0
33.0,4.5,Drinks,scooter,19.97,68.0,0.0,haze,High,16.37,42.53333333,JAP,4,65.48,0,haze,JAP,0
30.0,4.6,Snack,motorcycle,19.29,65.0,0.0,clear sky,Very High,23.65,63.35,PUNE,5,118.25,0,clear sky,PUNE,1
38.0,4.9,Snack,motorcycle,19.08,65.0,0.0,clear sky,High,15.21,40.85,PUNE,4,60.84,0,clear sky,PUNE,0
20.0,5.0,Snack,scooter,19.5,93.0,0.0,mist,High,17.64,38.75,BANG,4,70.56,0,mist,BANG,0
34.0,4.4,Snack,motorcycle,21.32,65.0,0.0,broken clouds,High,22.25,44.36666667,HYD,4,89.0,0,clouds,HYD,0
21.0,4.9,Drinks,scooter,18.19,82.0,0.0,broken clouds,High,26.02,51.53333333,MYS,4,104.08,0,clouds,MYS,1
31.0,4.7,Drinks,electric scooter,21.55,52.0,0.0,clear sky,High,22.61,42.96666667,AGR,4,90.44,0,clear sky,Other,0
31.0,4.7,Snack,motorcycle,19.99,68.0,0.0,haze,Moderate,14.29,35.25,JAP,3,42.87,0,haze,JAP,0
21.0,4.5,Meal,scooter,26.99,48.0,0.0,clear sky,Very High,25.54,56.68333333,MUM,5,127.69999999999999,0,clear sky,MUM,1
22.0,4.8,Snack,motorcycle,25.14,73.0,0.0,mist,High,16.73,41.73333333,COIMB,4,66.92,0,mist,COIMB,0
37.0,4.4,Meal,motorcycle,27.05,44.0,0.0,smoke,Moderate,7.77,26.63333333,MUM,3,23.31,0,smoke,MUM,0
25.0,4.9,Meal,motorcycle,27.05,48.0,0.0,clear sky,High,23.45,45.0,MUM,4,93.8,0,clear sky,MUM,0
36.0,4.8,Snack,scooter,19.5,93.0,0.0,mist,High,17.64,38.75,BANG,4,70.56,0,mist,BANG,0
30.0,4.6,Meal,scooter,18.95,68.0,0.0,haze,Moderate,11.83,28.88333333,JAP,3,35.49,0,haze,JAP,0
27.0,4.8,Buffet,motorcycle,21.1,65.0,0.0,broken clouds,Very High,28.13,65.56666667,HYD,5,140.65,0,clouds,HYD,1
34.0,4.6,Buffet,motorcycle,19.6,92.0,0.0,mist,Low,4.9,18.33333333,BANG,2,9.8,0,mist,BANG,0
30.0,4.6,Meal,scooter,18.99,82.0,0.0,haze,Moderate,12.93,27.85,VAD,3,38.79,0,haze,Other,0
28.0,5.0,Snack,scooter,19.56,45.0,0.0,clear sky,Very High,20.22,51.2,JAP,5,101.1,0,clear sky,JAP,1
24.0,4.7,Snack,motorcycle,19.07,57.0,0.0,clear sky,Low,5.83,16.93333333,LUDH,2,11.66,0,clear sky,Other,0
23.0,4.9,Drinks,motorcycle,19.7,93.0,0.0,mist,Moderate,8.74,35.55,BANG,3,26.22,0,mist,BANG,0
35.0,4.0,Drinks,motorcycle,25.0,73.0,0.0,mist,Moderate,13.85,39.76666667,COIMB,3,41.55,0,mist,COIMB,0
26.0,4.8,Snack,motorcycle,22.85,43.0,0.0,clear sky,High,22.99,48.03333333,SUR,4,91.96,0,clear sky,SUR,1
30.0,4.8,Buffet,motorcycle,19.01,82.0,0.0,haze,Moderate,12.51,31.53333333,VAD,3,37.53,0,haze,Other,0
29.0,4.9,Meal,motorcycle,16.31,75.0,0.0,clear sky,Low,5.24,14.05,DEH,2,10.48,0,clear sky,Other,0
34.0,4.7,Buffet,motorcycle,27.05,48.0,0.0,clear sky,High,15.94,47.0,MUM,4,63.76,0,clear sky,MUM,1
22.0,4.8,Meal,motorcycle,25.0,73.0,0.0,mist,Moderate,13.46,27.9,COIMB,3,40.38,0,mist,COIMB,0
38.0,4.6,Drinks,scooter,19.61,92.0,0.0,mist,Low,9.67,24.88333333,BANG,2,19.34,0,mist,BANG,0
34.0,5.0,Drinks,electric scooter,19.77,91.0,0.0,mist,Low,6.74,32.48333333,BANG,2,13.48,0,mist,BANG,0
24.0,4.9,Buffet,motorcycle,24.95,73.0,0.0,mist,Low,4.82,18.46666667,COIMB,2,9.64,0,mist,COIMB,0
24.0,4.6,Drinks,scooter,24.84,73.0,0.0,mist,Moderate,8.14,36.36666667,COIMB,3,24.42,0,mist,COIMB,0
37.0,4.8,Snack,motorcycle,18.38,82.0,0.0,broken clouds,Moderate,16.09,31.66666667,MYS,3,48.269999999999996,0,clouds,MYS,0
29.0,4.8,Buffet,scooter,18.37,81.0,0.0,broken clouds,Moderate,9.71,27.93333333,MYS,3,29.130000000000003,0,clouds,MYS,0
37.0,4.3,Buffet,motorcycle,19.44,91.0,0.0,mist,Low,7.08,23.28333333,BANG,2,14.16,0,mist,BANG,0
37.0,4.6,Meal,electric scooter,21.27,64.0,0.0,broken clouds,Low,4.88,13.58333333,HYD,2,9.76,0,clouds,HYD,0
33.0,4.8,Meal,scooter,19.68,68.0,0.0,haze,Very Low,2.06,7.833333333,JAP,1,2.06,1,haze,JAP,0
33.0,4.7,Meal,motorcycle,21.45,64.0,0.0,broken clouds,Moderate,12.75,30.83333333,HYD,3,38.25,0,clouds,HYD,0
30.0,4.7,Buffet,motorcycle,21.13,66.0,0.0,broken clouds,Low,10.27,18.7,HYD,2,20.54,0,clouds,HYD,0
20.0,4.9,Buffet,motorcycle,21.12,65.0,0.0,broken clouds,Very High,32.56,57.8,HYD,5,162.8,0,clouds,HYD,1
27.0,4.9,Drinks,motorcycle,25.19,73.0,0.0,mist,High,25.22,57.31666667,COIMB,4,100.88,0,mist,COIMB,1
37.0,4.9,Buffet,scooter,19.51,68.0,0.0,haze,Moderate,11.43,29.6,JAP,3,34.29,0,haze,JAP,0
27.0,4.5,Meal,scooter,22.85,43.0,0.0,clear sky,Very High,25.39,48.1,SUR,5,126.95,0,clear sky,SUR,1
31.0,4.7,Meal,motorcycle,26.42,88.0,0.0,mist,Low,7.27,20.13333333,CHEN,2,14.54,0,mist,CHEN,0
29.0,4.6,Meal,scooter,25.5,44.0,0.0,smoke,Very High,24.82,70.71666667,MUM,5,124.1,0,smoke,MUM,1
21.0,5.0,Buffet,scooter,22.93,42.0,0.0,clear sky,Very Low,2.74,10.15,VAD,1,2.74,1,clear sky,Other,0
38.0,4.7,Buffet,motorcycle,21.55,52.0,0.0,clear sky,Moderate,18.18,29.26666667,AGR,3,54.54,0,clear sky,Other,0
29.0,4.6,Meal,scooter,18.99,82.0,0.0,haze,High,16.24,32.85,VAD,4,64.96,0,haze,Other,0
39.0,4.3,Meal,electric scooter,16.21,94.0,0.0,mist,High,18.52,35.81666667,RANCHI,4,74.08,0,mist,RANCHI,0
34.0,5.0,Drinks,scooter,23.87,88.0,0.0,mist,High,17.3,46.6,KOC,4,69.2,0,mist,Other,1
26.0,4.7,Buffet,motorcycle,19.04,93.0,0.0,fog,High,29.24,49.23333333,BANG,4,116.96,0,other,BANG,1
27.0,4.4,Snack,motorcycle,19.59,68.0,0.0,haze,Very Low,2.54,12.61666667,JAP,1,2.54,1,haze,JAP,0
36.0,4.1,Buffet,motorcycle,18.87,57.0,0.0,clear sky,Moderate,9.57,23.73333333,LUDH,3,28.71,0,clear sky,Other,0
27.0,4.7,Snack,scooter,18.53,58.0,0.0,clear sky,Very High,43.73,58.55,LUDH,5,218.64999999999998,0,clear sky,Other,1
29.0,4.6,Meal,motorcycle,18.04,81.0,0.0,scattered clouds,Low,4.63,16.08333333,MYS,2,9.26,0,clouds,MYS,0
25.0,4.9,Drinks,electric scooter,23.02,83.0,0.0,haze,Very High,25.57,57.5,KOL,5,127.85,0,haze,Other,1
25.0,4.6,Drinks,scooter,22.98,42.0,0.0,clear sky,Very Low,2.5,15.6,VAD,1,2.5,1,clear sky,Other,0
20.0,4.6,Meal,scooter,22.99,43.0,0.0,clear sky,Moderate,14.17,30.5,SUR,3,42.51,0,clear sky,SUR,0
23.0,4.5,Drinks,electric scooter,16.29,67.0,0.0,clear sky,High,19.03,43.43333333,RANCHI,4,76.12,0,clear sky,RANCHI,0
38.0,4.9,Buffet,electric scooter,18.86,65.0,0.0,few clouds,Very High,22.96,53.28333333,PUNE,5,114.80000000000001,0,clouds,PUNE,1
36.0,4.6,Drinks,scooter,19.77,68.0,0.0,haze,Moderate,8.78,33.26666667,JAP,3,26.339999999999996,0,haze,JAP,0
33.0,4.2,Drinks,motorcycle,19.26,64.0,0.0,clear sky,Low,4.66,26.13333333,PUNE,2,9.32,0,clear sky,PUNE,0
20.0,4.9,Snack,scooter,27.02,44.0,0.0,smoke,Low,5.02,28.0,MUM,2,10.04,0,smoke,MUM,0
33.0,5.0,Drinks,scooter,19.66,91.0,0.0,mist,Moderate,8.96,37.6,BANG,3,26.880000000000003,0,mist,BANG,0
23.0,4.6,Meal,motorcycle,19.41,65.0,0.0,clear sky,High,22.85,40.1,PUNE,4,91.4,0,clear sky,PUNE,0
29.0,4.6,Meal,motorcycle,18.31,57.0,0.0,clear sky,High,14.88,37.96666667,BHP,4,59.52,0,clear sky,Other,0
30.0,4.8,Buffet,scooter,17.9,68.0,0.0,clear sky,High,15.62,36.55,RANCHI,4,62.48,0,clear sky,RANCHI,0
37.0,4.8,Drinks,motorcycle,16.14,94.0,0.0,mist,Moderate,15.88,38.23333333,RANCHI,3,47.64,0,mist,RANCHI,0
21.0,4.8,Drinks,scooter,22.84,43.0,0.0,clear sky,High,20.21,48.43333333,SUR,4,80.84,0,clear sky,SUR,1
39.0,4.0,Buffet,motorcycle,16.21,94.0,0.0,mist,Moderate,15.71,33.05,RANCHI,3,47.13,0,mist,RANCHI,0
39.0,4.7,Buffet,motorcycle,18.4,82.0,0.0,scattered clouds,Moderate,17.73,26.78333333,MYS,3,53.19,0,clouds,MYS,0
31.0,4.5,Drinks,motorcycle,18.46,82.0,0.0,broken clouds,High,16.9,44.33333333,MYS,4,67.6,0,clouds,MYS,0
34.0,5.0,Snack,scooter,19.48,65.0,0.0,clear sky,Very High,29.08,57.63333333,PUNE,5,145.39999999999998,0,clear sky,PUNE,1
31.0,4.7,Snack,scooter,18.3,81.0,0.0,broken clouds,Moderate,9.7,35.56666667,MYS,3,29.099999999999998,0,clouds,MYS,0
26.0,5.0,Drinks,motorcycle,16.27,94.0,0.0,mist,Moderate,11.66,42.68333333,RANCHI,3,34.980000000000004,0,mist,RANCHI,0
36.0,5.0,Meal,motorcycle,17.23,53.0,0.0,clear sky,High,19.08,34.88333333,INDO,4,76.32,0,clear sky,INDO,0
24.0,4.9,Meal,motorcycle,18.19,81.0,0.0,scattered clouds,Moderate,7.25,27.88333333,MYS,3,21.75,0,clouds,MYS,0
30.0,4.6,Drinks,motorcycle,21.74,56.0,0.0,clear sky,Very High,27.62,65.76666667,ALH,5,138.1,0,clear sky,Other,1
39.0,4.2,Meal,scooter,25.0,73.0,0.0,mist,High,18.48,38.86666667,COIMB,4,73.92,0,mist,COIMB,0
20.0,4.8,Meal,scooter,21.23,64.0,0.0,overcast clouds,Very High,22.36,49.65,HYD,5,111.8,0,clouds,HYD,1
30.0,4.8,Meal,motorcycle,19.81,68.0,0.0,haze,Moderate,10.87,29.38333333,JAP,3,32.61,0,haze,JAP,0
36.0,4.6,Snack,motorcycle,17.75,68.0,0.0,clear sky,Moderate,17.1,29.21666667,RANCHI,3,51.300000000000004,0,clear sky,RANCHI,0
37.0,4.8,Buffet,motorcycle,26.36,88.0,0.0,mist,High,12.24,41.16666667,CHEN,4,48.96,0,mist,CHEN,0
38.0,5.0,Drinks,scooter,19.54,92.0,0.0,mist,Very Low,2.42,22.43333333,BANG,1,2.42,1,mist,BANG,0
39.0,4.4,Drinks,motorcycle,19.49,68.0,0.0,haze,Very Low,2.44,18.06666667,JAP,1,2.44,1,haze,JAP,0
29.0,4.5,Buffet,electric scooter,24.9,73.0,0.0,mist,Very Low,3.04,14.96666667,COIMB,1,3.04,0,mist,COIMB,0
36.0,4.9,Drinks,motorcycle,22.66,43.0,0.0,clear sky,Moderate,13.66,37.78333333,VAD,3,40.980000000000004,0,clear sky,Other,0
26.0,4.5,Buffet,scooter,26.4,73.0,0.0,scattered clouds,Very High,28.99,69.23333333,CHEN,5,144.95,0,clouds,CHEN,1
22.0,5.0,Buffet,motorcycle,24.92,73.0,0.0,mist,High,17.39,39.2,COIMB,4,69.56,0,mist,COIMB,0
38.0,4.9,Snack,scooter,19.4,68.0,0.0,haze,Low,5.11,21.85,JAP,2,10.22,0,haze,JAP,0
23.0,4.9,Buffet,motorcycle,18.91,82.0,0.0,haze,High,27.44,42.16666667,VAD,4,109.76,0,haze,Other,0
30.0,4.6,Meal,motorcycle,25.14,73.0,0.0,mist,High,21.67,45.41666667,COIMB,4,86.68,0,mist,COIMB,1
30.0,4.8,Snack,motorcycle,22.95,94.0,0.0,mist,Low,7.44,25.93333333,KOC,2,14.88,0,mist,Other,0
31.0,4.9,Buffet,motorcycle,23.11,43.0,0.0,clear sky,Low,7.6,18.91666667,SUR,2,15.2,0,clear sky,SUR,0
23.0,4.8,Meal,scooter,21.08,65.0,0.0,broken clouds,Very High,25.63,54.55,HYD,5,128.15,0,clouds,HYD,1
28.0,4.6,Snack,scooter,24.87,73.0,0.0,mist,High,14.7,41.16666667,COIMB,4,58.8,0,mist,COIMB,0
34.0,4.7,Snack,motorcycle,18.3,81.0,0.0,broken clouds,Very High,18.25,51.16666667,MYS,5,91.25,0,clouds,MYS,1
29.0,4.5,Meal,electric scooter,18.25,81.0,0.0,broken clouds,Low,7.0,16.0,MYS,2,14.0,0,clouds,MYS,0
29.0,4.7,Snack,motorcycle,18.02,82.0,0.0,broken clouds,High,25.47,42.96666667,MYS,4,101.88,0,clouds,MYS,0
34.0,4.8,Buffet,scooter,19.29,45.0,0.0,clear sky,High,12.04,39.31666667,JAP,4,48.16,0,clear sky,JAP,0
25.0,4.7,Meal,scooter,26.42,87.0,0.0,scattered clouds,Very High,21.39,60.85,CHEN,5,106.95,0,clouds,CHEN,1
27.0,5.0,Buffet,scooter,21.25,65.0,0.0,broken clouds,High,16.05,41.36666667,HYD,4,64.2,0,clouds,HYD,0
20.0,4.8,Buffet,motorcycle,27.03,44.0,0.0,smoke,Very High,27.15,67.13333333,MUM,5,135.75,0,smoke,MUM,1
22.0,4.6,Drinks,scooter,19.22,65.0,0.0,clear sky,High,12.48,43.56666667,PUNE,4,49.92,0,clear sky,PUNE,0
31.0,4.0,Drinks,motorcycle,17.16,72.0,0.0,haze,Low,8.16,28.48333333,INDO,2,16.32,0,haze,INDO,0
37.0,4.8,Drinks,motorcycle,21.12,65.0,0.0,broken clouds,Very High,21.49,56.5,HYD,5,107.44999999999999,0,clouds,HYD,1
29.0,4.6,Meal,scooter,19.14,65.0,0.0,clear sky,Very High,20.33,57.15,PUNE,5,101.64999999999999,0,clear sky,PUNE,1
31.0,4.7,Snack,motorcycle,17.27,53.0,0.0,clear sky,High,16.93,38.01666667,INDO,4,67.72,0,clear sky,INDO,0
31.0,4.9,Meal,scooter,19.65,92.0,0.0,mist,Low,3.6,14.98333333,BANG,2,7.2,0,mist,BANG,0
25.0,4.8,Drinks,motorcycle,19.05,65.0,0.0,clear sky,High,16.48,48.86666667,PUNE,4,65.92,0,clear sky,PUNE,1
21.0,4.6,Drinks,motorcycle,23.01,83.0,0.0,haze,Moderate,14.25,36.65,KOL,3,42.75,0,haze,Other,0
29.0,4.2,Drinks,motorcycle,19.98,46.0,0.0,clear sky,High,16.57,43.7,JAP,4,66.28,0,clear sky,JAP,0
39.0,3.7,Meal,scooter,17.19,72.0,0.0,haze,High,19.3,45.28333333,INDO,4,77.2,0,haze,INDO,1
34.0,4.9,Buffet,scooter,22.3,54.0,0.0,clear sky,Moderate,7.92,25.33333333,ALH,3,23.759999999999998,0,clear sky,Other,0
38.0,4.8,Snack,motorcycle,19.23,93.0,0.0,fog,High,22.61,52.16666667,BANG,4,90.44,0,other,BANG,1
24.0,4.7,Snack,electric scooter,18.15,81.0,0.0,broken clouds,Low,4.92,18.28333333,MYS,2,9.84,0,clouds,MYS,0
25.0,5.0,Meal,electric scooter,19.7,93.0,0.0,mist,Moderate,9.05,26.55,BANG,3,27.150000000000002,0,mist,BANG,0
34.0,4.8,Buffet,motorcycle,19.75,68.0,0.0,haze,Low,6.25,19.8,JAP,2,12.5,0,haze,JAP,0
39.0,4.9,Buffet,scooter,18.93,57.0,0.0,clear sky,Low,7.72,18.55,LUDH,2,15.44,0,clear sky,Other,0
32.0,4.4,Drinks,scooter,19.07,47.0,0.0,clear sky,Very High,34.12,70.5,JAP,5,170.6,0,clear sky,JAP,1
22.0,4.5,Buffet,motorcycle,19.23,65.0,0.0,clear sky,Moderate,10.52,25.16666667,PUNE,3,31.56,0,clear sky,PUNE,0
28.0,4.6,Drinks,motorcycle,21.23,64.0,0.0,overcast clouds,Very High,22.36,58.65,HYD,5,111.8,0,clouds,HYD,1
25.0,4.7,Buffet,motorcycle,23.89,44.0,0.0,clear sky,Very Low,1.95,10.0,SUR,1,1.95,1,clear sky,SUR,0
28.0,4.6,Drinks,motorcycle,12.01,81.0,0.0,clear sky,Very High,54.78,140.0,DEH,5,273.9,0,clear sky,Other,1
27.0,4.9,Snack,scooter,16.22,67.0,0.0,clear sky,High,22.26,46.88333333,RANCHI,4,89.04,0,clear sky,RANCHI,1
22.0,4.9,Meal,motorcycle,19.6,92.0,0.0,mist,High,15.21,42.2,BANG,4,60.84,0,mist,BANG,0
33.0,4.7,Drinks,motorcycle,19.01,82.0,0.0,haze,Moderate,13.47,38.38333333,VAD,3,40.410000000000004,0,haze,Other,0
32.0,4.4,Buffet,motorcycle,19.23,65.0,0.0,clear sky,Very High,27.49,50.55,PUNE,5,137.45,0,clear sky,PUNE,1
39.0,4.8,Drinks,scooter,19.54,92.0,0.0,mist,Very Low,2.42,22.43333333,BANG,1,2.42,1,mist,BANG,0
33.0,4.6,Drinks,scooter,21.77,55.0,0.0,clear sky,Low,7.63,28.46666667,KNP,2,15.26,0,clear sky,Other,0
24.0,4.6,Meal,electric scooter,26.48,87.0,0.0,scattered clouds,Very High,30.52,77.45,CHEN,5,152.6,0,clouds,CHEN,1
36.0,4.7,Buffet,motorcycle,22.97,43.0,0.0,clear sky,High,14.57,36.81666667,SUR,4,58.28,0,clear sky,SUR,0
20.0,4.5,Snack,electric scooter,16.08,67.0,0.0,clear sky,High,22.87,44.65,RANCHI,4,91.48,0,clear sky,RANCHI,0
36.0,4.9,Drinks,motorcycle,17.21,53.0,0.0,clear sky,High,14.73,44.21666667,INDO,4,58.92,0,clear sky,INDO,0
35.0,4.1,Buffet,motorcycle,19.93,47.0,0.0,clear sky,High,27.31,43.93333333,JAP,4,109.24,0,clear sky,JAP,0
35.0,4.3,Buffet,motorcycle,19.21,65.0,0.0,clear sky,Moderate,12.05,28.35,PUNE,3,36.150000000000006,0,clear sky,PUNE,0
29.0,4.6,Snack,motorcycle,16.11,68.0,0.0,clear sky,Moderate,15.31,32.23333333,RANCHI,3,45.93,0,clear sky,RANCHI,0
28.0,3.9,Meal,motorcycle,22.96,42.0,0.0,clear sky,Very Low,2.39,8.466666667,VAD,1,2.39,1,clear sky,Other,0
28.0,4.6,Snack,motorcycle,23.04,83.0,0.0,scattered clouds,Moderate,5.78,33.1,KOC,3,17.34,0,clouds,Other,0
34.0,4.6,Meal,scooter,21.82,55.0,0.0,clear sky,Very Low,1.55,7.3,KNP,1,1.55,1,clear sky,Other,0
28.0,4.3,Buffet,scooter,17.29,53.0,0.0,clear sky,High,26.6,47.5,INDO,4,106.4,0,clear sky,INDO,1
39.0,4.7,Meal,scooter,19.98,56.0,0.0,clear sky,High,25.54,43.7,KNP,4,102.16,0,clear sky,Other,0
39.0,4.6,Snack,motorcycle,22.98,83.0,0.0,haze,High,16.23,39.28333333,KOL,4,64.92,0,haze,Other,0
24.0,4.9,Meal,scooter,22.99,83.0,0.0,haze,Moderate,6.62,23.93333333,KOL,3,19.86,0,haze,Other,0
29.0,4.2,Buffet,motorcycle,17.08,72.0,0.0,haze,Low,5.67,19.23333333,INDO,2,11.34,0,haze,INDO,0
29.0,4.7,Buffet,motorcycle,19.37,65.0,0.0,clear sky,High,17.66,43.13333333,PUNE,4,70.64,0,clear sky,PUNE,0
36.0,4.9,Drinks,motorcycle,19.6,68.0,0.0,haze,Low,3.76,21.05,JAP,2,7.52,0,haze,JAP,0
30.0,4.8,Snack,motorcycle,20.03,56.0,0.0,clear sky,Very High,30.72,72.61666667,KNP,5,153.6,0,clear sky,Other,1
28.0,4.9,Meal,scooter,22.89,94.0,0.0,mist,Moderate,13.65,31.58333333,KOC,3,40.95,0,mist,Other,0
37.0,3.7,Drinks,scooter,21.05,65.0,0.0,broken clouds,Very High,35.51,68.01666667,HYD,5,177.54999999999998,0,clouds,HYD,1
21.0,4.9,Meal,scooter,23.21,43.0,0.0,clear sky,Low,5.58,13.36666667,SUR,2,11.16,0,clear sky,SUR,0
26.0,3.4,Meal,scooter,26.47,87.0,0.0,scattered clouds,Very High,20.7,58.23333333,CHEN,5,103.5,0,clouds,CHEN,1
23.0,4.7,Drinks,motorcycle,18.47,82.0,0.0,broken clouds,High,27.11,48.88333333,MYS,4,108.44,0,clouds,MYS,1
21.0,4.8,Drinks,motorcycle,25.06,73.0,0.0,mist,Moderate,14.79,40.31666667,COIMB,3,44.37,0,mist,COIMB,0
38.0,4.8,Meal,motorcycle,19.7,90.0,0.0,mist,Low,4.23,16.51666667,BANG,2,8.46,0,mist,BANG,0
38.0,4.7,Snack,electric scooter,24.86,73.0,0.0,mist,Low,7.02,27.83333333,COIMB,2,14.04,0,mist,COIMB,0
26.0,4.8,Snack,motorcycle,23.11,43.0,0.0,clear sky,Moderate,13.93,34.21666667,SUR,3,41.79,0,clear sky,SUR,0
31.0,4.7,Buffet,motorcycle,19.18,65.0,0.0,clear sky,Moderate,9.65,27.08333333,PUNE,3,28.950000000000003,0,clear sky,PUNE,0
35.0,4.8,Meal,motorcycle,17.1,72.0,0.0,haze,Moderate,8.77,24.63333333,INDO,3,26.31,0,haze,INDO,0
25.0,4.7,Snack,motorcycle,25.03,73.0,0.0,mist,High,18.08,44.63333333,COIMB,4,72.32,0,mist,COIMB,0
27.0,4.6,Meal,motorcycle,18.26,82.0,0.0,broken clouds,Very High,21.05,47.88333333,MYS,5,105.25,0,clouds,MYS,1
34.0,4.5,Buffet,motorcycle,22.45,44.0,0.0,clear sky,High,24.05,39.46666667,VAD,4,96.2,0,clear sky,Other,0
26.0,4.5,Buffet,motorcycle,23.97,44.0,0.0,clear sky,Very Low,3.12,12.25,SUR,1,3.12,0,clear sky,SUR,0
28.0,5.0,Drinks,motorcycle,17.12,72.0,0.0,haze,Low,9.11,30.0,INDO,2,18.22,0,haze,INDO,0
30.0,4.5,Drinks,scooter,18.23,82.0,0.0,scattered clouds,Moderate,20.5,35.05,MYS,3,61.5,0,clouds,MYS,0
28.0,4.7,Meal,scooter,18.95,65.0,0.0,clear sky,High,16.76,38.7,PUNE,4,67.04,0,clear sky,PUNE,0
26.0,4.9,Snack,motorcycle,19.25,65.0,0.0,clear sky,High,12.37,36.43333333,PUNE,4,49.48,0,clear sky,PUNE,0
34.0,4.1,Meal,scooter,16.05,94.0,0.0,mist,Moderate,14.22,24.78333333,RANCHI,3,42.660000000000004,0,mist,RANCHI,0
34.0,4.8,Drinks,scooter,19.08,65.0,0.0,clear sky,High,12.64,41.55,PUNE,4,50.56,0,clear sky,PUNE,0
20.0,4.1,Snack,motorcycle,26.55,87.0,0.0,mist,Moderate,9.89,31.28333333,CHEN,3,29.67,0,mist,CHEN,0
31.0,4.6,Meal,motorcycle,18.57,57.0,0.0,clear sky,Low,6.63,18.21666667,BHP,2,13.26,0,clear sky,Other,0
32.0,4.7,Snack,motorcycle,24.84,73.0,0.0,mist,High,15.4,38.25,COIMB,4,61.6,0,mist,COIMB,0
28.0,4.1,Drinks,motorcycle,19.39,65.0,0.0,clear sky,High,26.07,54.03333333,PUNE,4,104.28,0,clear sky,PUNE,1
29.0,4.1,Meal,motorcycle,18.06,58.0,0.0,clear sky,High,19.66,41.88333333,BHP,4,78.64,0,clear sky,Other,0
33.0,4.0,Snack,motorcycle,26.88,44.0,0.0,smoke,Very Low,2.12,17.08333333,MUM,1,2.12,1,smoke,MUM,0
35.0,4.6,Buffet,motorcycle,26.51,87.0,0.0,mist,Moderate,12.43,33.6,CHEN,3,37.29,0,mist,CHEN,0
34.0,4.8,Drinks,motorcycle,21.77,56.0,0.0,clear sky,Moderate,13.12,39.55,KNP,3,39.36,0,clear sky,Other,0
24.0,4.6,Buffet,motorcycle,16.23,94.0,0.0,mist,Moderate,17.83,34.15,RANCHI,3,53.489999999999995,0,mist,RANCHI,0
35.0,4.7,Buffet,scooter,26.75,44.0,0.0,smoke,Very High,23.19,57.85,MUM,5,115.95,0,smoke,MUM,1
27.0,4.8,Drinks,motorcycle,23.39,43.0,0.0,clear sky,Very Low,3.09,16.06666667,SUR,1,3.09,0,clear sky,SUR,0
23.0,4.6,Meal,motorcycle,17.23,53.0,0.0,clear sky,Moderate,16.86,28.7,INDO,3,50.58,0,clear sky,INDO,0
31.0,4.8,Buffet,scooter,21.01,64.0,0.0,broken clouds,Very High,27.48,58.4,HYD,5,137.4,0,clouds,HYD,1
25.0,4.5,Drinks,motorcycle,22.99,83.0,0.0,haze,High,19.02,51.95,KOL,4,76.08,0,haze,Other,1
29.0,4.6,Drinks,motorcycle,26.52,88.0,0.0,mist,High,16.23,47.9,CHEN,4,64.92,0,mist,CHEN,1
34.0,4.9,Meal,scooter,19.9,68.0,0.0,haze,Moderate,14.46,28.3,JAP,3,43.38,0,haze,JAP,0
39.0,4.6,Meal,scooter,16.68,82.0,0.0,mist,Very High,32.26,82.73333333,AURG,5,161.29999999999998,0,mist,Other,1
20.0,4.8,Snack,motorcycle,21.67,52.0,0.0,clear sky,Moderate,7.2,32.88333333,AGR,3,21.6,0,clear sky,Other,0
22.0,4.9,Meal,scooter,19.67,68.0,0.0,haze,Moderate,10.48,24.76666667,JAP,3,31.44,0,haze,JAP,0
22.0,4.6,Drinks,scooter,23.23,43.0,0.0,clear sky,Moderate,9.44,32.38333333,SUR,3,28.32,0,clear sky,SUR,0
37.0,5.0,Snack,scooter,21.35,64.0,0.0,broken clouds,Moderate,13.23,34.28333333,HYD,3,39.69,0,clouds,HYD,0
31.0,4.2,Drinks,motorcycle,17.18,72.0,0.0,haze,High,17.09,48.33333333,INDO,4,68.36,0,haze,INDO,1
33.0,4.5,Meal,scooter,18.14,58.0,0.0,clear sky,High,18.77,37.41666667,BHP,4,75.08,0,clear sky,Other,0
31.0,4.5,Snack,scooter,19.06,65.0,0.0,clear sky,High,14.85,38.88333333,PUNE,4,59.4,0,clear sky,PUNE,0
38.0,4.9,Buffet,motorcycle,22.97,43.0,0.0,clear sky,High,14.57,36.81666667,SUR,4,58.28,0,clear sky,SUR,0
21.0,4.9,Meal,motorcycle,18.43,82.0,0.0,broken clouds,High,19.64,41.28333333,MYS,4,78.56,0,clouds,MYS,0
39.0,4.6,Drinks,motorcycle,19.49,93.0,0.0,mist,High,14.96,46.91666667,BANG,4,59.84,0,mist,BANG,1
28.0,4.1,Buffet,motorcycle,22.81,43.0,0.0,clear sky,High,23.65,46.1,SUR,4,94.6,0,clear sky,SUR,1
22.0,4.9,Meal,motorcycle,25.99,59.0,0.0,scattered clouds,Moderate,14.73,30.71666667,GOA,3,44.19,0,clouds,Other,0
37.0,4.3,Buffet,motorcycle,22.96,42.0,0.0,clear sky,Very Low,2.39,10.46666667,VAD,1,2.39,1,clear sky,Other,0
26.0,4.9,Buffet,motorcycle,21.01,64.0,0.0,broken clouds,Very High,22.59,52.05,HYD,5,112.95,0,clouds,HYD,1
23.0,4.2,Meal,motorcycle,26.06,49.0,0.0,clear sky,Very High,35.56,89.23333333,MUM,5,177.8,0,clear sky,MUM,1
31.0,4.6,Buffet,motorcycle,21.42,65.0,0.0,broken clouds,Moderate,8.38,28.78333333,HYD,3,25.14,0,clouds,HYD,0
30.0,4.6,Buffet,scooter,25.48,58.0,0.0,scattered clouds,Low,6.32,22.6,GOA,2,12.64,0,clouds,Other,0
26.0,4.2,Buffet,motorcycle,16.27,94.0,0.0,mist,High,12.12,36.2,RANCHI,4,48.48,0,mist,RANCHI,0
28.0,4.5,Meal,motorcycle,18.85,57.0,0.0,clear sky,High,21.26,31.58333333,LUDH,4,85.04,0,clear sky,Other,0
23.0,4.3,Buffet,motorcycle,26.51,87.0,0.0,mist,Moderate,12.43,33.6,CHEN,3,37.29,0,mist,CHEN,0
26.0,4.8,Snack,scooter,25.18,73.0,0.0,mist,Very High,24.82,54.7,COIMB,5,124.1,0,mist,COIMB,1
21.0,5.0,Meal,motorcycle,24.9,73.0,0.0,mist,Low,3.17,14.81666667,COIMB,2,6.34,0,mist,COIMB,0
29.0,4.6,Drinks,scooter,18.42,57.0,0.0,clear sky,High,28.01,52.35,BHP,4,112.04,0,clear sky,Other,1
32.0,4.8,Drinks,motorcycle,21.38,64.0,0.0,broken clouds,Moderate,11.48,37.7,HYD,3,34.44,0,clouds,HYD,0
29.0,4.8,Meal,scooter,19.2,65.0,0.0,clear sky,Low,6.21,18.06666667,PUNE,2,12.42,0,clear sky,PUNE,0
29.0,4.1,Meal,motorcycle,25.06,73.0,0.0,mist,Low,9.16,23.53333333,COIMB,2,18.32,0,mist,COIMB,0
30.0,4.8,Buffet,scooter,18.43,81.0,0.0,broken clouds,Moderate,13.56,24.11666667,MYS,3,40.68,0,clouds,MYS,0
26.0,4.9,Snack,motorcycle,16.05,94.0,0.0,mist,Very Low,2.28,15.18333333,RANCHI,1,2.28,1,mist,RANCHI,0
33.0,4.8,Meal,motorcycle,26.45,87.0,0.0,mist,Low,8.31,22.95,CHEN,2,16.62,0,mist,CHEN,0
29.0,4.6,Meal,electric scooter,16.14,94.0,0.0,mist,Low,8.3,23.86666667,RANCHI,2,16.6,0,mist,RANCHI,0
33.0,4.0,Snack,scooter,19.99,68.0,0.0,haze,Moderate,13.63,34.2,JAP,3,40.89,0,haze,JAP,0
21.0,4.5,Buffet,motorcycle,19.83,68.0,0.0,haze,Moderate,13.36,27.9,JAP,3,40.08,0,haze,JAP,0
20.0,3.6,Meal,motorcycle,18.15,81.0,0.0,broken clouds,Very Low,3.15,10.98333333,MYS,1,3.15,0,clouds,MYS,0
30.0,4.6,Buffet,scooter,26.49,87.0,0.0,mist,Moderate,10.95,34.7,CHEN,3,32.849999999999994,0,mist,CHEN,0
29.0,4.7,Meal,scooter,18.96,68.0,0.0,haze,Low,11.47,21.13333333,JAP,2,22.94,0,haze,JAP,0
29.0,4.8,Meal,scooter,18.17,81.0,0.0,scattered clouds,Moderate,8.24,28.21666667,MYS,3,24.72,0,clouds,MYS,0
28.0,4.6,Snack,motorcycle,16.05,94.0,0.0,mist,Low,8.76,27.7,RANCHI,2,17.52,0,mist,RANCHI,0
28.0,4.7,Buffet,motorcycle,26.4,88.0,0.0,mist,Moderate,8.51,26.63333333,CHEN,3,25.53,0,mist,CHEN,0
23.0,4.9,Buffet,motorcycle,19.38,68.0,0.0,haze,Low,8.9,18.11666667,JAP,2,17.8,0,haze,JAP,0
27.0,4.6,Drinks,scooter,21.91,50.0,0.0,clear sky,Very Low,3.06,17.88333333,AGR,1,3.06,0,clear sky,Other,0
25.0,4.8,Snack,scooter,17.18,53.0,0.0,clear sky,Moderate,12.85,31.08333333,INDO,3,38.55,0,clear sky,INDO,0
26.0,5.0,Drinks,motorcycle,21.92,54.0,0.0,clear sky,Low,8.66,27.3,KNP,2,17.32,0,clear sky,Other,0
21.0,4.6,Meal,scooter,18.98,65.0,0.0,clear sky,High,18.2,40.16666667,PUNE,4,72.8,0,clear sky,PUNE,0
38.0,3.8,Drinks,scooter,26.81,48.0,0.0,clear sky,High,14.75,44.51666667,MUM,4,59.0,0,clear sky,MUM,0
22.0,4.9,Snack,motorcycle,8.2,82.0,0.0,clear sky,Very High,58.67,153.4333333,DEH,5,293.35,0,clear sky,Other,1
27.0,4.2,Meal,motorcycle,21.14,65.0,0.0,broken clouds,High,14.67,39.76666667,HYD,4,58.68,0,clouds,HYD,0
20.0,4.8,Drinks,motorcycle,17.67,68.0,0.0,clear sky,Low,6.99,28.91666667,RANCHI,2,13.98,0,clear sky,RANCHI,0
35.0,4.7,Buffet,motorcycle,19.49,91.0,0.0,mist,Moderate,6.02,26.31666667,BANG,3,18.06,0,mist,BANG,0
38.0,4.6,Drinks,motorcycle,17.14,54.0,0.0,clear sky,Very High,28.87,57.46666667,INDO,5,144.35,0,clear sky,INDO,1
30.0,4.8,Snack,motorcycle,24.84,73.0,0.0,mist,Moderate,8.14,29.56666667,COIMB,3,24.42,0,mist,COIMB,0
30.0,4.4,Snack,motorcycle,19.49,68.0,0.0,haze,Very Low,2.44,13.06666667,JAP,1,2.44,1,haze,JAP,0
30.0,4.7,Snack,electric scooter,21.19,65.0,0.0,broken clouds,Very High,30.66,67.7,HYD,5,153.3,0,clouds,HYD,1
27.0,4.9,Drinks,scooter,17.23,53.0,0.0,clear sky,Moderate,16.68,36.93333333,INDO,3,50.04,0,clear sky,INDO,0
39.0,4.6,Drinks,scooter,19.08,57.0,0.0,clear sky,Very Low,2.81,15.63333333,LUDH,1,2.81,1,clear sky,Other,0
29.0,4.8,Buffet,electric scooter,25.01,73.0,0.0,mist,High,16.24,39.33333333,COIMB,4,64.96,0,mist,COIMB,0
31.0,4.9,Meal,motorcycle,21.18,64.0,0.0,broken clouds,High,18.49,41.03333333,HYD,4,73.96,0,clouds,HYD,0
27.0,4.6,Snack,scooter,18.12,81.0,0.0,scattered clouds,Low,7.48,26.36666667,MYS,2,14.96,0,clouds,MYS,0
38.0,4.9,Drinks,scooter,27.0,44.0,0.0,smoke,Very Low,2.15,23.96666667,MUM,1,2.15,1,smoke,MUM,0
21.0,4.6,Drinks,scooter,17.22,53.0,0.0,clear sky,High,22.38,47.61666667,INDO,4,89.52,0,clear sky,INDO,1
36.0,5.0,Snack,scooter,19.17,93.0,0.0,mist,Very High,28.15,60.65,BANG,5,140.75,0,mist,BANG,1
21.0,5.0,Meal,motorcycle,15.75,76.0,0.0,clear sky,Low,6.76,14.35,DEH,2,13.52,0,clear sky,Other,0
25.0,4.7,Snack,motorcycle,19.7,92.0,0.0,mist,High,11.88,39.26666667,BANG,4,47.52,0,mist,BANG,0
20.0,4.9,Buffet,motorcycle,26.37,88.0,0.0,mist,Low,11.34,25.3,CHEN,2,22.68,0,mist,CHEN,0
27.0,4.9,Buffet,scooter,22.99,84.0,0.0,scattered clouds,Low,4.81,19.3,KOC,2,9.62,0,clouds,Other,0
32.0,4.9,Meal,motorcycle,26.55,87.0,0.0,mist,Moderate,10.01,24.46666667,CHEN,3,30.03,0,mist,CHEN,0
28.0,5.0,Buffet,scooter,22.97,83.0,0.0,haze,Low,6.07,18.16666667,KOL,2,12.14,0,haze,Other,0
34.0,4.9,Snack,scooter,21.15,66.0,0.0,broken clouds,Moderate,12.29,31.98333333,HYD,3,36.87,0,clouds,HYD,0
35.0,4.8,Buffet,scooter,26.36,87.0,0.0,scattered clouds,Very High,26.35,59.7,CHEN,5,131.75,0,clouds,CHEN,1
38.0,4.3,Buffet,motorcycle,22.98,83.0,0.0,haze,High,23.61,47.03333333,KOL,4,94.44,0,haze,Other,1
35.0,4.1,Meal,scooter,24.83,73.0,0.0,mist,Moderate,8.81,28.16666667,COIMB,3,26.43,0,mist,COIMB,0
27.0,5.0,Snack,scooter,18.43,82.0,0.0,broken clouds,Moderate,17.61,33.21666667,MYS,3,52.83,0,clouds,MYS,0
39.0,5.0,Drinks,electric scooter,19.64,93.0,0.0,mist,High,15.89,44.26666667,BANG,4,63.56,0,mist,BANG,0
33.0,4.4,Drinks,motorcycle,6.77,80.0,0.0,clear sky,Very High,35.72,91.2,DEH,5,178.6,0,clear sky,Other,1
28.0,3.8,Snack,motorcycle,26.69,44.0,0.0,smoke,Very High,15.62,59.66666667,MUM,5,78.1,0,smoke,MUM,1
35.0,4.7,Snack,electric scooter,26.98,44.0,0.0,smoke,Low,6.64,27.31666667,MUM,2,13.28,0,smoke,MUM,0
21.0,4.8,Meal,scooter,25.0,73.0,0.0,mist,Moderate,13.39,30.4,COIMB,3,40.17,0,mist,COIMB,0
34.0,5.0,Drinks,motorcycle,26.49,87.0,0.0,mist,Moderate,10.95,41.7,CHEN,3,32.849999999999994,0,mist,CHEN,0
25.0,4.4,Drinks,motorcycle,22.83,43.0,0.0,clear sky,Low,9.07,29.13333333,VAD,2,18.14,0,clear sky,Other,0
23.0,4.6,Snack,motorcycle,18.41,57.0,0.0,clear sky,Very Low,2.74,12.98333333,BHP,1,2.74,1,clear sky,Other,0
27.0,5.0,Buffet,motorcycle,24.97,73.0,0.0,mist,High,15.83,39.08333333,COIMB,4,63.32,0,mist,COIMB,0
20.0,5.0,Meal,motorcycle,26.38,88.0,0.0,mist,Moderate,8.86,29.16666667,CHEN,3,26.58,0,mist,CHEN,0
33.0,5.0,Snack,motorcycle,19.0,82.0,0.0,haze,Low,7.4,19.05,VAD,2,14.8,0,haze,Other,0
30.0,4.8,Meal,motorcycle,18.07,81.0,0.0,broken clouds,Moderate,8.67,24.88333333,MYS,3,26.009999999999998,0,clouds,MYS,0
25.0,4.5,Drinks,motorcycle,23.11,43.0,0.0,clear sky,High,14.03,40.23333333,SUR,4,56.12,0,clear sky,SUR,0
38.0,4.6,Snack,scooter,18.2,81.0,0.0,broken clouds,Low,5.01,19.71666667,MYS,2,10.02,0,clouds,MYS,0
25.0,4.5,Meal,motorcycle,21.33,65.0,0.0,broken clouds,Moderate,9.41,23.58333333,HYD,3,28.23,0,clouds,HYD,0
33.0,4.8,Drinks,scooter,26.4,73.0,0.0,scattered clouds,Very High,28.99,76.23333333,CHEN,5,144.95,0,clouds,CHEN,1
38.0,4.9,Snack,scooter,16.2,94.0,0.0,mist,Moderate,11.07,36.66666667,RANCHI,3,33.21,0,mist,RANCHI,0
32.0,3.7,Snack,scooter,26.4,88.0,0.0,scattered clouds,Very High,21.6,66.31666667,CHEN,5,108.0,0,clouds,CHEN,1
36.0,4.6,Meal,motorcycle,18.84,68.0,0.0,haze,Very High,21.55,51.68333333,JAP,5,107.75,0,haze,JAP,1
22.0,4.8,Snack,motorcycle,21.75,55.0,0.0,clear sky,Moderate,12.7,32.15,KNP,3,38.099999999999994,0,clear sky,Other,0
37.0,4.8,Buffet,scooter,19.74,68.0,0.0,haze,Low,7.87,21.4,JAP,2,15.74,0,haze,JAP,0
21.0,4.9,Snack,motorcycle,21.14,65.0,0.0,broken clouds,Very High,22.49,57.15,HYD,5,112.44999999999999,0,clouds,HYD,1
23.0,5.0,Meal,motorcycle,23.9,88.0,0.0,mist,Very High,30.29,50.9,KOC,5,151.45,0,mist,Other,1
24.0,4.9,Buffet,scooter,27.01,44.0,0.0,smoke,High,16.88,47.5,MUM,4,67.52,0,smoke,MUM,1
33.0,4.8,Meal,electric scooter,16.25,94.0,0.0,mist,High,23.65,48.73333333,RANCHI,4,94.6,0,mist,RANCHI,1
26.0,4.6,Snack,motorcycle,19.49,93.0,0.0,mist,Very High,25.11,57.36666667,BANG,5,125.55,0,mist,BANG,1
30.0,4.2,Snack,scooter,18.8,65.0,0.0,clear sky,Very High,19.44,61.35,PUNE,5,97.2,0,clear sky,PUNE,1
31.0,4.7,Meal,scooter,19.0,82.0,0.0,haze,Low,7.4,15.05,VAD,2,14.8,0,haze,Other,0
30.0,4.9,Meal,motorcycle,23.15,43.0,0.0,clear sky,Moderate,8.48,22.2,SUR,3,25.44,0,clear sky,SUR,0
27.0,4.8,Buffet,motorcycle,22.89,43.0,0.0,clear sky,High,24.21,47.18333333,SUR,4,96.84,0,clear sky,SUR,1
33.0,4.9,Drinks,motorcycle,19.01,82.0,0.0,haze,Very Low,2.01,14.45,VAD,1,2.01,1,haze,Other,0
25.0,5.0,Buffet,scooter,26.42,88.0,0.0,mist,Low,5.86,23.5,CHEN,2,11.72,0,mist,CHEN,0
32.0,4.9,Drinks,motorcycle,16.03,94.0,0.0,mist,Very Low,2.26,20.8,RANCHI,1,2.26,1,mist,RANCHI,0
31.0,5.0,Snack,motorcycle,19.01,82.0,0.0,haze,Low,10.23,23.91666667,VAD,2,20.46,0,haze,Other,0
36.0,4.6,Meal,electric scooter,19.55,92.0,0.0,mist,Low,5.6,16.91666667,BANG,2,11.2,0,mist,BANG,0
38.0,4.7,Snack,scooter,26.93,49.0,0.0,clear sky,Moderate,13.01,33.91666667,MUM,3,39.03,0,clear sky,MUM,0
25.0,4.7,Drinks,motorcycle,19.55,92.0,0.0,mist,High,16.31,50.08333333,BANG,4,65.24,0,mist,BANG,1
31.0,4.8,Drinks,motorcycle,21.36,64.0,0.0,broken clouds,High,16.12,47.01666667,HYD,4,64.48,0,clouds,HYD,1
22.0,4.6,Drinks,scooter,21.27,64.0,0.0,overcast clouds,High,20.07,54.18333333,HYD,4,80.28,0,clouds,HYD,1
36.0,4.6,Drinks,motorcycle,19.06,65.0,0.0,clear sky,High,12.6,40.86666667,PUNE,4,50.4,0,clear sky,PUNE,0
38.0,4.8,Meal,motorcycle,19.02,65.0,0.0,clear sky,High,14.16,34.61666667,PUNE,4,56.64,0,clear sky,PUNE,0
31.0,4.9,Meal,motorcycle,17.73,68.0,0.0,clear sky,Low,7.62,20.03333333,RANCHI,2,15.24,0,clear sky,RANCHI,0
26.0,4.9,Drinks,scooter,19.42,93.0,0.0,mist,Very High,23.73,58.28333333,BANG,5,118.65,0,mist,BANG,1
22.0,4.5,Drinks,motorcycle,19.8,68.0,0.0,haze,Very Low,2.43,15.96666667,JAP,1,2.43,1,haze,JAP,0
26.0,4.8,Buffet,motorcycle,26.92,44.0,0.0,smoke,Low,5.42,24.2,MUM,2,10.84,0,smoke,MUM,0
39.0,4.6,Meal,motorcycle,21.08,65.0,0.0,broken clouds,Very High,30.47,71.36666667,HYD,5,152.35,0,clouds,HYD,1
21.0,4.6,Meal,motorcycle,19.52,93.0,0.0,mist,Very High,24.77,63.56666667,BANG,5,123.85,0,mist,BANG,1
22.0,4.9,Drinks,motorcycle,16.25,67.0,0.0,clear sky,High,19.03,43.4,RANCHI,4,76.12,0,clear sky,RANCHI,0
34.0,4.7,Meal,motorcycle,24.92,73.0,0.0,mist,Low,6.76,22.18333333,COIMB,2,13.52,0,mist,COIMB,0
26.0,4.6,Drinks,motorcycle,19.01,82.0,0.0,haze,Moderate,12.86,33.31666667,VAD,3,38.58,0,haze,Other,0
32.0,4.9,Meal,electric scooter,25.01,73.0,0.0,mist,Moderate,15.45,33.11666667,COIMB,3,46.349999999999994,0,mist,COIMB,0
33.0,4.3,Meal,motorcycle,16.01,94.0,0.0,mist,Low,7.64,21.46666667,RANCHI,2,15.28,0,mist,RANCHI,0
20.0,4.1,Snack,electric scooter,26.43,88.0,0.0,scattered clouds,Very High,20.64,59.18333333,CHEN,5,103.2,0,clouds,CHEN,1
30.0,4.8,Meal,motorcycle,23.24,43.0,0.0,clear sky,Low,7.54,19.9,SUR,2,15.08,0,clear sky,SUR,0
28.0,4.4,Meal,motorcycle,21.93,50.0,0.0,clear sky,Low,4.46,13.13333333,AGR,2,8.92,0,clear sky,Other,0
31.0,4.1,Drinks,scooter,24.97,73.0,0.0,mist,High,15.72,44.58333333,COIMB,4,62.88,0,mist,COIMB,0
36.0,4.1,Drinks,scooter,17.18,72.0,0.0,haze,Moderate,13.4,36.03333333,INDO,3,40.2,0,haze,INDO,0
34.0,5.0,Drinks,scooter,17.95,82.0,0.0,broken clouds,High,22.84,45.18333333,MYS,4,91.36,0,clouds,MYS,1
32.0,4.5,Buffet,motorcycle,25.8,59.0,0.0,scattered clouds,High,17.43,40.1,GOA,4,69.72,0,clouds,Other,0
35.0,4.7,Buffet,motorcycle,19.9,68.0,0.0,haze,High,16.93,35.25,JAP,4,67.72,0,haze,JAP,0
31.0,4.5,Buffet,motorcycle,18.99,65.0,0.0,few clouds,Moderate,9.33,27.11666667,PUNE,3,27.990000000000002,0,clouds,PUNE,0
27.0,5.0,Snack,motorcycle,19.83,68.0,0.0,haze,Moderate,12.6,29.18333333,JAP,3,37.8,0,haze,JAP,0
35.0,4.8,Snack,motorcycle,16.42,82.0,0.0,mist,High,15.07,41.3,AURG,4,60.28,0,mist,Other,0
37.0,4.9,Meal,motorcycle,19.23,65.0,0.0,clear sky,Moderate,12.37,27.21666667,PUNE,3,37.11,0,clear sky,PUNE,0
29.0,4.6,Buffet,motorcycle,23.22,43.0,0.0,clear sky,Low,7.59,20.56666667,SUR,2,15.18,0,clear sky,SUR,0
31.0,4.9,Snack,motorcycle,16.08,94.0,0.0,mist,Low,3.8,21.55,RANCHI,2,7.6,0,mist,RANCHI,0
26.0,4.9,Snack,motorcycle,23.0,83.0,0.0,haze,Moderate,11.77,28.71666667,KOL,3,35.31,0,haze,Other,0
36.0,4.6,Buffet,motorcycle,17.12,72.0,0.0,haze,Low,7.46,23.61666667,INDO,2,14.92,0,haze,INDO,0
21.0,5.0,Drinks,motorcycle,25.86,60.0,0.0,few clouds,Very High,27.01,56.26666667,GOA,5,135.05,0,clouds,Other,1
21.0,4.7,Meal,scooter,24.86,73.0,0.0,mist,Moderate,11.62,31.78333333,COIMB,3,34.86,0,mist,COIMB,0
31.0,4.1,Buffet,motorcycle,26.4,88.0,0.0,scattered clouds,Very High,21.6,64.31666667,CHEN,5,108.0,0,clouds,CHEN,1
36.0,4.4,Snack,motorcycle,21.25,64.0,0.0,broken clouds,High,14.97,44.08333333,HYD,4,59.88,0,clouds,HYD,0
37.0,4.8,Snack,scooter,19.41,93.0,0.0,mist,High,19.97,43.76666667,BANG,4,79.88,0,mist,BANG,0
25.0,4.5,Snack,motorcycle,23.11,43.0,0.0,clear sky,Moderate,13.93,34.66666667,SUR,3,41.79,0,clear sky,SUR,0
27.0,4.6,Buffet,motorcycle,21.03,64.0,0.0,broken clouds,Very High,26.8,64.38333333,HYD,5,134.0,0,clouds,HYD,1
38.0,4.9,Buffet,motorcycle,22.98,42.0,0.0,clear sky,Very Low,3.98,10.6,VAD,1,3.98,0,clear sky,Other,0
39.0,4.8,Meal,motorcycle,26.37,88.0,0.0,mist,Moderate,9.7,24.6,CHEN,3,29.099999999999998,0,mist,CHEN,0
37.0,4.2,Buffet,scooter,17.15,72.0,0.0,haze,High,16.74,38.23333333,INDO,4,66.96,0,haze,INDO,0
38.0,4.3,Snack,motorcycle,17.26,53.0,0.0,clear sky,High,21.76,42.68333333,INDO,4,87.04,0,clear sky,INDO,0
27.0,4.6,Meal,scooter,22.88,43.0,0.0,clear sky,High,17.94,36.51666667,SUR,4,71.76,0,clear sky,SUR,0
22.0,4.8,Snack,electric scooter,19.02,57.0,0.0,clear sky,Low,5.26,15.21666667,LUDH,2,10.52,0,clear sky,Other,0
34.0,4.6,Snack,electric scooter,21.06,64.0,0.0,broken clouds,Very High,24.11,59.86666667,HYD,5,120.55,0,clouds,HYD,1
25.0,4.8,Drinks,motorcycle,23.92,88.0,0.0,mist,Very Low,2.07,21.66666667,KOC,1,2.07,1,mist,Other,0
28.0,4.5,Buffet,scooter,16.19,94.0,0.0,mist,Very Low,1.79,10.1,RANCHI,1,1.79,1,mist,RANCHI,0
25.0,5.0,Meal,motorcycle,18.02,82.0,0.0,broken clouds,High,25.47,38.66666667,MYS,4,101.88,0,clouds,MYS,0
36.0,4.0,Drinks,motorcycle,19.9,68.0,0.0,haze,Moderate,15.47,39.38333333,JAP,3,46.410000000000004,0,haze,JAP,0
38.0,5.0,Meal,motorcycle,19.0,82.0,0.0,haze,Low,8.12,16.43333333,VAD,2,16.24,0,haze,Other,0
21.0,4.7,Drinks,motorcycle,19.33,65.0,0.0,clear sky,High,16.78,54.08333333,PUNE,4,67.12,0,clear sky,PUNE,1
25.0,5.0,Snack,scooter,22.92,94.0,0.0,mist,Moderate,14.94,37.68333333,KOC,3,44.82,0,mist,Other,0
21.0,4.7,Drinks,scooter,19.23,65.0,0.0,clear sky,Low,6.71,25.06666667,PUNE,2,13.42,0,clear sky,PUNE,0
37.0,4.9,Meal,motorcycle,21.32,64.0,0.0,broken clouds,High,13.63,32.66666667,HYD,4,54.52,0,clouds,HYD,0
21.0,5.0,Buffet,motorcycle,21.45,64.0,0.0,broken clouds,Moderate,11.47,30.05,HYD,3,34.410000000000004,0,clouds,HYD,0
39.0,4.4,Drinks,scooter,22.85,43.0,0.0,clear sky,High,20.55,48.48333333,SUR,4,82.2,0,clear sky,SUR,1
38.0,4.7,Buffet,scooter,16.17,94.0,0.0,mist,High,12.12,36.2,RANCHI,4,48.48,0,mist,RANCHI,0
21.0,4.6,Drinks,scooter,18.45,82.0,0.0,scattered clouds,Moderate,16.31,33.53333333,MYS,3,48.92999999999999,0,clouds,MYS,0
39.0,4.4,Meal,motorcycle,21.33,67.0,0.0,broken clouds,Very High,28.06,53.66666667,HYD,5,140.29999999999998,0,clouds,HYD,1
32.0,3.9,Drinks,motorcycle,27.0,44.0,0.0,smoke,High,14.83,52.85,MUM,4,59.32,0,smoke,MUM,1
38.0,4.6,Buffet,scooter,23.72,44.0,0.0,clear sky,Low,3.84,13.73333333,SUR,2,7.68,0,clear sky,SUR,0
37.0,4.7,Buffet,motorcycle,17.17,72.0,0.0,haze,Low,5.86,22.55,INDO,2,11.72,0,haze,INDO,0
34.0,4.8,Snack,scooter,17.18,72.0,0.0,haze,Moderate,13.4,31.03333333,INDO,3,40.2,0,haze,INDO,0
32.0,4.5,Snack,motorcycle,21.25,64.0,0.0,broken clouds,High,14.97,43.93333333,HYD,4,59.88,0,clouds,HYD,0
31.0,4.8,Meal,scooter,19.7,68.0,0.0,haze,Low,5.96,17.3,JAP,2,11.92,0,haze,JAP,0
38.0,4.3,Meal,motorcycle,19.6,93.0,0.0,mist,Low,5.53,15.15,BANG,2,11.06,0,mist,BANG,0
32.0,4.7,Drinks,motorcycle,19.95,93.0,0.0,mist,High,11.06,43.05,BANG,4,44.24,0,mist,BANG,0
27.0,4.1,Meal,motorcycle,27.05,48.0,0.0,clear sky,Moderate,8.85,23.96666667,MUM,3,26.549999999999997,0,clear sky,MUM,0
20.0,4.6,Drinks,scooter,19.83,47.0,0.0,clear sky,High,27.58,52.53333333,JAP,4,110.32,0,clear sky,JAP,1
33.0,4.2,Drinks,motorcycle,26.27,88.0,0.0,mist,Low,2.89,24.26666667,CHEN,2,5.78,1,mist,CHEN,0
24.0,4.6,Snack,scooter,21.14,65.0,0.0,broken clouds,Low,3.17,16.71666667,HYD,2,6.34,0,clouds,HYD,0
25.0,4.6,Snack,scooter,26.52,88.0,0.0,mist,Moderate,9.26,31.83333333,CHEN,3,27.78,0,mist,CHEN,0
22.0,4.8,Drinks,scooter,18.13,81.0,0.0,broken clouds,Very Low,3.01,18.61666667,MYS,1,3.01,0,clouds,MYS,0
27.0,5.0,Meal,motorcycle,17.12,72.0,0.0,haze,Moderate,9.33,24.46666667,INDO,3,27.990000000000002,0,haze,INDO,0
36.0,4.6,Drinks,scooter,19.27,65.0,0.0,clear sky,Moderate,9.31,32.25,PUNE,3,27.93,0,clear sky,PUNE,0
34.0,3.4,Drinks,motorcycle,17.22,53.0,0.0,clear sky,Very High,31.11,59.41666667,INDO,5,155.55,0,clear sky,INDO,1
25.0,4.7,Drinks,scooter,27.0,44.0,0.0,smoke,High,14.32,46.05,MUM,4,57.28,0,smoke,MUM,1
37.0,4.9,Buffet,scooter,19.56,68.0,0.0,haze,Low,6.46,17.46666667,JAP,2,12.92,0,haze,JAP,0
24.0,4.8,Snack,scooter,22.85,43.0,0.0,clear sky,Very High,25.4,52.13333333,SUR,5,127.0,0,clear sky,SUR,1
31.0,4.6,Snack,scooter,18.1,81.0,0.0,broken clouds,Very Low,2.65,12.05,MYS,1,2.65,1,clouds,MYS,0
26.0,4.6,Meal,scooter,19.36,93.0,0.0,mist,High,23.65,48.41666667,BANG,4,94.6,0,mist,BANG,1
23.0,4.9,Meal,scooter,23.22,43.0,0.0,clear sky,Low,6.42,15.9,SUR,2,12.84,0,clear sky,SUR,0
39.0,4.2,Buffet,motorcycle,18.19,58.0,0.0,clear sky,High,18.72,44.66666667,BHP,4,74.88,0,clear sky,Other,0
35.0,5.0,Drinks,scooter,19.47,93.0,0.0,mist,Moderate,10.38,36.03333333,BANG,3,31.14,0,mist,BANG,0
39.0,4.8,Snack,scooter,25.75,83.0,0.0,mist,Low,8.6,25.9,GOA,2,17.2,0,mist,Other,0
26.0,4.8,Buffet,scooter,18.21,81.0,0.0,broken clouds,Low,7.2,21.51666667,MYS,2,14.4,0,clouds,MYS,0
27.0,4.5,Drinks,motorcycle,17.12,72.0,0.0,haze,Moderate,12.96,39.98333333,INDO,3,38.88,0,haze,INDO,0
28.0,4.9,Snack,scooter,16.26,67.0,0.0,clear sky,High,18.15,37.05,RANCHI,4,72.6,0,clear sky,RANCHI,0
37.0,4.0,Drinks,motorcycle,26.39,88.0,0.0,scattered clouds,High,12.17,42.85,CHEN,4,48.68,0,clouds,CHEN,0
25.0,4.6,Drinks,motorcycle,19.94,46.0,0.0,clear sky,High,17.7,46.93333333,JAP,4,70.8,0,clear sky,JAP,1
31.0,4.6,Meal,scooter,26.46,88.0,0.0,mist,Very Low,2.15,10.26666667,CHEN,1,2.15,1,mist,CHEN,0
27.0,5.0,Meal,electric scooter,21.23,64.0,0.0,overcast clouds,High,21.05,46.26666667,HYD,4,84.2,0,clouds,HYD,1
34.0,4.4,Drinks,electric scooter,27.0,44.0,0.0,smoke,Moderate,8.49,39.85,MUM,3,25.47,0,smoke,MUM,0
23.0,4.9,Snack,motorcycle,22.24,54.0,0.0,clear sky,Low,5.51,17.86666667,ALH,2,11.02,0,clear sky,Other,0
28.0,4.6,Meal,motorcycle,19.6,93.0,0.0,mist,Low,5.53,15.15,BANG,2,11.06,0,mist,BANG,0
36.0,4.1,Drinks,motorcycle,22.9,43.0,0.0,clear sky,High,17.73,44.06666667,SUR,4,70.92,0,clear sky,SUR,0
27.0,4.4,Buffet,motorcycle,19.22,93.0,0.0,fog,High,23.64,41.61666667,BANG,4,94.56,0,other,BANG,0
39.0,4.6,Drinks,motorcycle,19.45,93.0,0.0,mist,Very High,25.27,62.21666667,BANG,5,126.35,0,mist,BANG,1
31.0,4.2,Buffet,motorcycle,18.42,81.0,0.0,scattered clouds,Moderate,18.74,32.38333333,MYS,3,56.22,0,clouds,MYS,0
32.0,4.9,Buffet,motorcycle,18.98,93.0,0.0,fog,Very High,30.05,61.6,BANG,5,150.25,0,other,BANG,1
36.0,4.3,Meal,motorcycle,25.05,73.0,0.0,mist,High,20.02,43.25,COIMB,4,80.08,0,mist,COIMB,0
20.0,4.2,Snack,motorcycle,16.42,82.0,0.0,mist,High,15.53,41.05,AURG,4,62.12,0,mist,Other,0
29.0,4.9,Snack,motorcycle,26.32,88.0,0.0,scattered clouds,Very High,37.64,59.5,CHEN,5,188.2,0,clouds,CHEN,1
28.0,4.2,Snack,motorcycle,26.99,44.0,0.0,smoke,Low,5.08,23.98333333,MUM,2,10.16,0,smoke,MUM,0
31.0,3.5,Buffet,scooter,19.07,93.0,0.0,fog,High,26.16,45.06666667,BANG,4,104.64,0,other,BANG,1
29.0,4.6,Meal,motorcycle,21.32,65.0,0.0,broken clouds,High,16.42,35.13333333,HYD,4,65.68,0,clouds,HYD,0
24.0,4.6,Meal,motorcycle,18.94,82.0,0.0,haze,High,23.45,39.35,VAD,4,93.8,0,haze,Other,0
21.0,4.4,Meal,motorcycle,21.33,65.0,0.0,broken clouds,High,19.08,40.7,HYD,4,76.32,0,clouds,HYD,0
29.0,4.6,Buffet,electric scooter,19.2,93.0,0.0,mist,Very High,29.57,72.56666667,BANG,5,147.85,0,mist,BANG,1
38.0,3.6,Buffet,motorcycle,26.49,87.0,0.0,mist,High,13.34,40.05,CHEN,4,53.36,0,mist,CHEN,0
22.0,4.1,Snack,motorcycle,21.21,65.0,0.0,broken clouds,Very High,23.87,57.61666667,HYD,5,119.35000000000001,0,clouds,HYD,1
26.0,4.7,Meal,scooter,21.29,66.0,0.0,broken clouds,High,14.61,35.88333333,HYD,4,58.44,0,clouds,HYD,0
30.0,4.7,Buffet,scooter,16.17,94.0,0.0,mist,Moderate,11.64,35.36666667,RANCHI,3,34.92,0,mist,RANCHI,0
31.0,4.4,Drinks,motorcycle,19.04,93.0,0.0,fog,High,29.32,54.56666667,BANG,4,117.28,0,other,BANG,1
36.0,5.0,Meal,electric scooter,16.01,94.0,0.0,mist,Low,7.89,21.28333333,RANCHI,2,15.78,0,mist,RANCHI,0
39.0,4.9,Snack,motorcycle,17.19,72.0,0.0,haze,High,16.78,39.16666667,INDO,4,67.12,0,haze,INDO,0
34.0,4.7,Snack,motorcycle,24.86,73.0,0.0,mist,Low,7.83,27.91666667,COIMB,2,15.66,0,mist,COIMB,0
24.0,4.4,Meal,motorcycle,18.86,65.0,0.0,few clouds,Very High,22.96,51.05,PUNE,5,114.80000000000001,0,clouds,PUNE,1
20.0,5.0,Buffet,motorcycle,19.97,56.0,0.0,clear sky,Very High,29.63,59.03333333,KNP,5,148.15,0,clear sky,Other,1
39.0,4.7,Drinks,scooter,22.76,43.0,0.0,clear sky,High,22.99,50.4,SUR,4,91.96,0,clear sky,SUR,1
27.0,4.7,Snack,motorcycle,19.94,68.0,0.0,haze,Moderate,15.07,35.41666667,JAP,3,45.21,0,haze,JAP,0
26.0,5.0,Snack,motorcycle,22.25,54.0,0.0,clear sky,Moderate,9.29,29.0,ALH,3,27.869999999999997,0,clear sky,Other,0
28.0,4.9,Snack,scooter,27.0,44.0,0.0,smoke,Low,3.2,26.55,MUM,2,6.4,0,smoke,MUM,0
33.0,4.7,Buffet,motorcycle,18.34,82.0,0.0,broken clouds,High,15.88,39.73333333,MYS,4,63.52,0,clouds,MYS,0
33.0,4.9,Buffet,motorcycle,17.08,72.0,0.0,haze,Very Low,2.2,12.71666667,INDO,1,2.2,1,haze,INDO,0
25.0,4.8,Drinks,motorcycle,19.1,65.0,0.0,clear sky,Moderate,14.79,39.75,PUNE,3,44.37,0,clear sky,PUNE,0
21.0,4.7,Drinks,motorcycle,19.89,92.0,0.0,mist,Moderate,10.97,39.71666667,BANG,3,32.910000000000004,0,mist,BANG,0
33.0,4.5,Snack,motorcycle,17.23,53.0,0.0,clear sky,High,19.08,38.88333333,INDO,4,76.32,0,clear sky,INDO,0
20.0,4.8,Drinks,motorcycle,25.12,73.0,0.0,mist,High,20.42,55.55,COIMB,4,81.68,0,mist,COIMB,1
33.0,4.3,Meal,motorcycle,12.95,78.0,0.0,clear sky,High,16.01,43.96666667,DEH,4,64.04,0,clear sky,Other,0
27.0,4.6,Drinks,motorcycle,23.44,44.0,0.0,clear sky,Low,8.62,29.33333333,SUR,2,17.24,0,clear sky,SUR,0
29.0,4.6,Drinks,motorcycle,26.93,48.0,0.0,clear sky,Very High,26.84,69.91666667,MUM,5,134.2,0,clear sky,MUM,1
28.0,4.9,Meal,motorcycle,22.86,43.0,0.0,clear sky,High,16.63,33.83333333,SUR,4,66.52,0,clear sky,SUR,0
33.0,4.7,Meal,motorcycle,19.23,93.0,0.0,fog,High,22.64,46.55,BANG,4,90.56,0,other,BANG,1
22.0,4.8,Meal,scooter,19.67,93.0,0.0,mist,Very High,21.16,55.56666667,BANG,5,105.8,0,mist,BANG,1
29.0,4.6,Snack,motorcycle,26.54,49.0,0.0,clear sky,Very High,54.46,111.0666667,MUM,5,272.3,0,clear sky,MUM,1
34.0,4.8,Snack,motorcycle,16.25,94.0,0.0,mist,Moderate,14.53,36.81666667,RANCHI,3,43.589999999999996,0,mist,RANCHI,0
37.0,4.6,Buffet,scooter,21.22,65.0,0.0,broken clouds,Low,6.97,19.98333333,HYD,2,13.94,0,clouds,HYD,0
36.0,4.3,Drinks,motorcycle,23.84,44.0,0.0,clear sky,Low,4.05,20.3,SUR,2,8.1,0,clear sky,SUR,0
39.0,4.7,Drinks,motorcycle,19.29,65.0,0.0,clear sky,Very High,23.65,67.71666667,PUNE,5,118.25,0,clear sky,PUNE,1
23.0,4.9,Drinks,scooter,16.01,94.0,0.0,mist,Low,7.95,27.1,RANCHI,2,15.9,0,mist,RANCHI,0
22.0,4.8,Drinks,scooter,26.43,88.0,0.0,mist,Low,6.92,27.91666667,CHEN,2,13.84,0,mist,CHEN,0
22.0,4.9,Snack,scooter,18.2,81.0,0.0,broken clouds,Low,4.76,16.75,MYS,2,9.52,0,clouds,MYS,0
26.0,4.9,Drinks,scooter,16.1,94.0,0.0,mist,Moderate,7.99,34.28333333,RANCHI,3,23.97,0,mist,RANCHI,0
38.0,4.8,Snack,motorcycle,19.07,93.0,0.0,fog,High,27.36,52.08333333,BANG,4,109.44,0,other,BANG,1
22.0,4.9,Snack,motorcycle,24.94,73.0,0.0,mist,Moderate,10.37,28.76666667,COIMB,3,31.11,0,mist,COIMB,0
21.0,5.0,Meal,motorcycle,21.79,55.0,0.0,clear sky,Moderate,7.23,30.53333333,KNP,3,21.69,0,clear sky,Other,0
24.0,4.8,Buffet,scooter,18.22,81.0,0.0,broken clouds,Moderate,11.3,26.86666667,MYS,3,33.900000000000006,0,clouds,MYS,0
26.0,5.0,Buffet,motorcycle,23.0,83.0,0.0,haze,Moderate,8.73,24.05,KOL,3,26.19,0,haze,Other,0
22.0,4.6,Buffet,scooter,21.45,64.0,0.0,broken clouds,Moderate,11.07,28.78333333,HYD,3,33.21,0,clouds,HYD,0
27.0,4.7,Drinks,motorcycle,26.36,88.0,0.0,mist,High,11.32,48.16666667,CHEN,4,45.28,0,mist,CHEN,1
31.0,4.7,Drinks,motorcycle,18.86,57.0,0.0,clear sky,Moderate,12.73,35.88333333,LUDH,3,38.19,0,clear sky,Other,0
23.0,4.9,Meal,scooter,22.46,42.0,0.0,clear sky,High,14.26,36.33333333,BHP,4,57.04,0,clear sky,Other,0
27.0,4.7,Drinks,electric scooter,20.38,67.0,0.0,clear sky,Very Low,2.65,16.05,MYS,1,2.65,1,clear sky,MYS,0
32.0,4.9,Snack,motorcycle,21.27,78.0,0.0,mist,High,10.37,39.71666667,RANCHI,4,41.48,0,mist,RANCHI,0
32.0,4.6,Meal,motorcycle,22.99,43.0,0.0,clear sky,High,18.27,36.18333333,KNP,4,73.08,0,clear sky,Other,0
30.0,4.7,Meal,motorcycle,24.06,57.0,0.0,haze,Low,5.27,13.95,HYD,2,10.54,0,haze,HYD,0
34.0,4.6,Drinks,scooter,20.7,66.0,0.0,clear sky,Very Low,2.66,17.05,MYS,1,2.66,1,clear sky,MYS,0
25.0,4.3,Meal,motorcycle,22.17,74.0,0.0,haze,Very High,17.99,47.66666667,BANG,5,89.94999999999999,0,haze,BANG,1
24.0,4.8,Buffet,motorcycle,26.01,57.0,0.0,haze,Very Low,4.0,11.6,VAD,1,4.0,0,haze,Other,0
27.0,4.6,Meal,motorcycle,20.48,68.0,0.0,clear sky,Low,6.29,15.58333333,MYS,2,12.58,0,clear sky,MYS,0
37.0,4.8,Meal,motorcycle,22.54,74.0,0.0,haze,Very High,25.31,51.88333333,BANG,5,126.55,0,haze,BANG,1
39.0,4.1,Meal,motorcycle,23.56,46.0,0.0,haze,Low,5.56,16.01666667,JAP,2,11.12,0,haze,JAP,0
37.0,4.7,Drinks,motorcycle,21.05,78.0,0.0,mist,Very Low,2.28,20.18333333,RANCHI,1,2.28,1,mist,RANCHI,0
30.0,4.7,Buffet,motorcycle,24.93,43.0,0.0,clear sky,Moderate,11.52,28.86666667,SUR,3,34.56,0,clear sky,SUR,0
29.0,4.5,Meal,motorcycle,24.95,73.0,0.0,mist,Low,4.43,16.16666667,SUR,2,8.86,0,mist,SUR,0
21.0,4.6,Buffet,electric scooter,23.18,73.0,0.0,haze,High,11.88,37.76666667,BANG,4,47.52,0,haze,BANG,0
28.0,4.9,Meal,motorcycle,29.05,54.0,0.0,smoke,Very High,48.72,55.3,MUM,5,243.6,0,smoke,MUM,1
34.0,4.3,Buffet,motorcycle,23.84,57.0,0.0,haze,Moderate,12.79,32.08333333,HYD,3,38.37,0,haze,HYD,0
21.0,4.9,Buffet,motorcycle,25.99,57.0,0.0,haze,High,16.43,35.18333333,VAD,4,65.72,0,haze,Other,0
38.0,4.1,Buffet,motorcycle,21.03,78.0,0.0,mist,Moderate,10.22,28.41666667,RANCHI,3,30.660000000000004,0,mist,RANCHI,0
22.0,4.7,Buffet,scooter,25.86,65.0,0.0,haze,Low,6.39,19.93333333,COIMB,2,12.78,0,haze,COIMB,0
34.0,4.7,Drinks,motorcycle,26.14,65.0,0.0,haze,Very High,27.2,58.43333333,COIMB,5,136.0,0,haze,COIMB,1
35.0,4.6,Buffet,motorcycle,25.47,42.0,0.0,clear sky,High,19.51,40.93333333,KNP,4,78.04,0,clear sky,Other,0
29.0,4.6,Buffet,scooter,21.19,78.0,0.0,mist,Very Low,3.1,11.61666667,RANCHI,1,3.1,0,mist,RANCHI,0
23.0,4.8,Snack,motorcycle,22.13,43.0,0.0,clear sky,Moderate,9.0,27.01666667,BHP,3,27.0,0,clear sky,Other,0
20.0,4.8,Drinks,scooter,21.18,78.0,0.0,mist,Moderate,15.7,39.33333333,RANCHI,3,47.099999999999994,0,mist,RANCHI,0
39.0,4.7,Meal,scooter,21.7,73.0,0.0,haze,High,29.32,42.2,BANG,4,117.28,0,haze,BANG,0
38.0,4.8,Meal,scooter,23.77,57.0,0.0,haze,Moderate,13.03,26.95,HYD,3,39.089999999999996,0,haze,HYD,0
32.0,4.6,Meal,motorcycle,26.95,89.0,0.0,mist,Low,9.07,23.9,KOC,2,18.14,0,mist,Other,0
22.0,4.8,Buffet,scooter,28.49,81.0,0.0,mist,Low,4.97,19.75,CHEN,2,9.94,0,mist,CHEN,0
33.0,4.7,Buffet,motorcycle,23.93,28.0,0.0,clear sky,High,16.42,35.58333333,JAP,4,65.68,0,clear sky,JAP,0
31.0,4.9,Snack,motorcycle,23.87,57.0,0.0,haze,Moderate,11.32,31.66666667,HYD,3,33.96,0,haze,HYD,0
27.0,4.8,Snack,scooter,25.92,57.0,0.0,haze,High,20.91,44.83333333,VAD,4,83.64,0,haze,Other,0
21.0,4.5,Snack,motorcycle,20.78,60.0,0.0,haze,Very High,22.42,62.91666667,AURG,5,112.10000000000001,0,haze,Other,1
28.0,5.0,Snack,scooter,24.04,57.0,0.0,haze,Very Low,3.85,14.88333333,HYD,1,3.85,0,haze,HYD,0
26.0,4.6,Drinks,electric scooter,20.8,67.0,0.0,clear sky,Moderate,17.61,37.08333333,MYS,3,52.83,0,clear sky,MYS,0
26.0,4.6,Snack,motorcycle,22.91,46.0,0.0,haze,High,17.05,43.25,JAP,4,68.2,0,haze,JAP,0
29.0,4.8,Meal,motorcycle,23.12,60.0,0.0,haze,Moderate,12.87,30.51666667,INDO,3,38.61,0,haze,INDO,0
25.0,5.0,Buffet,scooter,17.44,76.0,0.0,clear sky,Very Low,2.01,7.65,DEH,1,2.01,1,clear sky,Other,0
24.0,4.6,Meal,motorcycle,22.91,49.0,0.0,clear sky,Moderate,11.89,29.8,PUNE,3,35.67,0,clear sky,PUNE,0
29.0,4.6,Snack,electric scooter,28.42,54.0,0.0,smoke,High,13.3,49.6,MUM,4,53.2,0,smoke,MUM,1
28.0,4.8,Buffet,motorcycle,24.16,46.0,0.0,haze,Very Low,2.37,10.88333333,JAP,1,2.37,1,haze,JAP,0
39.0,4.2,Buffet,electric scooter,21.15,60.0,0.0,haze,High,16.62,48.3,AURG,4,66.48,0,haze,Other,1
34.0,4.8,Buffet,motorcycle,25.69,42.0,0.0,clear sky,Very Low,2.02,8.783333333,KNP,1,2.02,1,clear sky,Other,0
35.0,4.6,Buffet,motorcycle,28.49,82.0,0.0,overcast clouds,Very High,30.77,77.31666667,CHEN,5,153.85,0,clouds,CHEN,1
22.0,4.6,Drinks,motorcycle,23.07,60.0,0.0,haze,Moderate,9.69,33.36666667,INDO,3,29.07,0,haze,INDO,0
33.0,4.8,Snack,electric scooter,23.8,57.0,0.0,haze,High,18.46,45.03333333,HYD,4,73.84,0,haze,HYD,1
26.0,4.8,Buffet,scooter,25.99,57.0,0.0,haze,Moderate,13.87,29.46666667,VAD,3,41.61,0,haze,Other,0
35.0,4.8,Drinks,scooter,28.49,54.0,0.0,smoke,High,16.26,56.03333333,MUM,4,65.04,0,smoke,MUM,1
36.0,4.9,Drinks,scooter,23.12,46.0,0.0,haze,Moderate,9.97,33.18333333,JAP,3,29.910000000000004,0,haze,JAP,0
38.0,4.8,Drinks,motorcycle,23.23,44.0,0.0,clear sky,Moderate,15.1,33.68333333,INDO,3,45.3,0,clear sky,INDO,0
37.0,5.0,Drinks,scooter,20.54,67.0,0.0,clear sky,Very Low,2.15,16.11666667,MYS,1,2.15,1,clear sky,MYS,0
33.0,4.2,Buffet,motorcycle,28.9,50.0,0.0,clear sky,Moderate,11.67,30.35,MUM,3,35.01,0,clear sky,MUM,0
38.0,4.9,Meal,motorcycle,20.7,67.0,0.0,clear sky,Very High,18.38,46.51666667,MYS,5,91.89999999999999,0,clear sky,MYS,1
22.0,4.6,Meal,scooter,28.0,65.0,0.0,haze,Very High,30.43,61.5,KOL,5,152.15,0,haze,Other,1
33.0,5.0,Drinks,electric scooter,23.89,29.0,0.0,clear sky,Very High,25.21,63.96666667,JAP,5,126.05000000000001,0,clear sky,JAP,1
22.0,4.8,Snack,scooter,28.71,70.0,0.0,scattered clouds,Moderate,10.09,27.53333333,GOA,3,30.27,0,clouds,Other,0
37.0,4.7,Drinks,motorcycle,24.9,42.0,0.0,clear sky,Very High,33.95,59.48333333,SUR,5,169.75,0,clear sky,SUR,1
28.0,4.1,Buffet,motorcycle,28.49,81.0,0.0,mist,Very Low,2.29,15.38333333,CHEN,1,2.29,1,mist,CHEN,0
35.0,4.8,Drinks,scooter,23.81,29.0,0.0,clear sky,Very High,31.17,65.36666667,JAP,5,155.85000000000002,0,clear sky,JAP,1
24.0,4.8,Meal,motorcycle,28.97,54.0,0.0,smoke,Moderate,7.29,31.25,MUM,3,21.87,0,smoke,MUM,0
22.0,4.9,Buffet,electric scooter,29.0,54.0,0.0,smoke,High,14.7,39.88333333,MUM,4,58.8,0,smoke,MUM,0
25.0,4.8,Meal,scooter,25.94,65.0,0.0,haze,Moderate,12.76,25.4,COIMB,3,38.28,0,haze,COIMB,0
22.0,4.8,Meal,scooter,22.88,74.0,0.0,haze,Moderate,10.03,23.65,BANG,3,30.089999999999996,0,haze,BANG,0
33.0,4.8,Drinks,motorcycle,26.0,65.0,0.0,haze,High,16.82,43.68333333,COIMB,4,67.28,0,haze,COIMB,0
29.0,4.6,Buffet,motorcycle,22.45,74.0,0.0,haze,Moderate,15.8,32.81666667,BANG,3,47.400000000000006,0,haze,BANG,0
29.0,4.6,Snack,scooter,25.88,65.0,0.0,haze,Low,8.02,24.28333333,COIMB,2,16.04,0,haze,COIMB,0
37.0,4.1,Drinks,motorcycle,24.94,73.0,0.0,mist,Very Low,1.6,17.26666667,SUR,1,1.6,1,mist,SUR,0
28.0,5.0,Buffet,motorcycle,22.51,48.0,0.0,clear sky,High,21.63,45.73333333,PUNE,4,86.52,0,clear sky,PUNE,1
38.0,4.6,Drinks,scooter,23.16,60.0,0.0,haze,Moderate,13.34,38.6,INDO,3,40.019999999999996,0,haze,INDO,0
24.0,4.7,Buffet,scooter,24.92,73.0,0.0,mist,Low,7.63,24.26666667,SUR,2,15.26,0,mist,SUR,0
33.0,4.8,Drinks,motorcycle,23.79,57.0,0.0,haze,Moderate,10.71,35.28333333,HYD,3,32.13,0,haze,HYD,0
22.0,4.7,Drinks,motorcycle,27.5,54.0,0.0,smoke,Very High,24.72,79.71666667,MUM,5,123.6,0,smoke,MUM,1
30.0,4.4,Drinks,motorcycle,21.02,60.0,0.0,haze,Very High,14.66,57.31666667,AURG,5,73.3,0,haze,Other,1
37.0,4.5,Meal,scooter,23.02,48.0,0.0,clear sky,Low,7.32,16.43333333,PUNE,2,14.64,0,clear sky,PUNE,0
21.0,4.8,Buffet,motorcycle,22.97,43.0,0.0,clear sky,High,23.89,41.1,KNP,4,95.56,0,clear sky,Other,0
39.0,4.0,Meal,electric scooter,28.97,54.0,0.0,smoke,Moderate,9.58,32.61666667,MUM,3,28.740000000000002,0,smoke,MUM,0
36.0,4.2,Snack,motorcycle,28.38,82.0,0.0,mist,Low,8.13,27.56666667,CHEN,2,16.26,0,mist,CHEN,0
35.0,4.5,Buffet,motorcycle,26.01,65.0,0.0,haze,High,16.18,38.15,COIMB,4,64.72,0,haze,COIMB,0
37.0,4.2,Buffet,motorcycle,26.98,89.0,0.0,mist,Moderate,12.46,35.45,KOC,3,37.38,0,mist,Other,0
39.0,3.7,Meal,electric scooter,23.37,39.0,0.0,clear sky,Very High,42.21,52.35,LUDH,5,211.05,0,clear sky,Other,1
24.0,4.7,Snack,scooter,25.99,57.0,0.0,haze,High,16.0,36.61666667,VAD,4,64.0,0,haze,Other,0
27.0,4.8,Buffet,motorcycle,24.9,42.0,0.0,clear sky,Very High,24.93,48.08333333,SUR,5,124.65,0,clear sky,SUR,1
28.0,3.2,Meal,motorcycle,26.99,89.0,0.0,mist,Very High,28.81,50.75,KOC,5,144.04999999999998,0,mist,Other,1
31.0,4.7,Buffet,scooter,23.9,28.0,0.0,clear sky,High,18.36,36.01666667,JAP,4,73.44,0,clear sky,JAP,0
33.0,4.7,Drinks,scooter,24.04,57.0,0.0,haze,Low,5.97,24.38333333,HYD,2,11.94,0,haze,HYD,0
35.0,4.9,Buffet,motorcycle,25.99,57.0,0.0,haze,Low,6.62,15.63333333,VAD,2,13.24,0,haze,Other,0
37.0,4.1,Snack,motorcycle,20.55,67.0,0.0,clear sky,Low,7.2,22.51666667,MYS,2,14.4,0,clear sky,MYS,0
33.0,4.8,Meal,motorcycle,22.27,50.0,0.0,clear sky,Low,5.74,14.05,PUNE,2,11.48,0,clear sky,PUNE,0
25.0,5.0,Meal,scooter,28.49,54.0,0.0,smoke,High,16.26,47.0,MUM,4,65.04,0,smoke,MUM,1
21.0,4.8,Meal,motorcycle,22.32,74.0,0.0,haze,Very High,36.08,65.71666667,BANG,5,180.39999999999998,0,haze,BANG,1
32.0,4.9,Buffet,scooter,24.98,73.0,0.0,mist,Very Low,2.41,12.33333333,SUR,1,2.41,1,mist,SUR,0
38.0,4.5,Snack,motorcycle,23.17,60.0,0.0,haze,High,16.54,39.75,INDO,4,66.16,0,haze,INDO,0
34.0,4.4,Snack,scooter,23.8,28.0,0.0,clear sky,Very High,26.62,55.28333333,JAP,5,133.1,0,clear sky,JAP,1
29.0,4.1,Drinks,motorcycle,21.03,78.0,0.0,mist,Low,4.98,26.15,RANCHI,2,9.96,0,mist,RANCHI,0
24.0,4.6,Drinks,motorcycle,23.32,43.0,0.0,clear sky,High,25.66,51.58333333,INDO,4,102.64,0,clear sky,INDO,1
24.0,4.2,Meal,motorcycle,20.54,67.0,0.0,clear sky,Very Low,3.28,7.566666667,MYS,1,3.28,0,clear sky,MYS,0
37.0,4.6,Buffet,motorcycle,26.2,65.0,0.0,haze,High,21.79,44.96666667,COIMB,4,87.16,0,haze,COIMB,0
23.0,4.8,Snack,motorcycle,20.75,67.0,0.0,clear sky,Moderate,10.51,25.7,MYS,3,31.53,0,clear sky,MYS,0
35.0,4.8,Drinks,motorcycle,20.8,67.0,0.0,clear sky,Moderate,16.46,37.45,MYS,3,49.38,0,clear sky,MYS,0
21.0,4.5,Snack,scooter,25.99,57.0,0.0,haze,Very Low,4.83,15.96666667,VAD,1,4.83,0,haze,Other,0
38.0,4.7,Drinks,motorcycle,22.74,46.0,0.0,haze,Moderate,8.95,37.96666667,JAP,3,26.849999999999998,0,haze,JAP,0
22.0,4.6,Meal,motorcycle,23.8,46.0,0.0,haze,High,16.11,33.53333333,JAP,4,64.44,0,haze,JAP,0
35.0,3.7,Meal,motorcycle,28.33,67.0,0.0,scattered clouds,High,24.13,40.8,GOA,4,96.52,0,clouds,Other,0
33.0,4.7,Drinks,motorcycle,28.79,69.0,0.0,scattered clouds,Moderate,12.33,36.03333333,GOA,3,36.99,0,clouds,Other,0
34.0,4.7,Drinks,motorcycle,22.45,74.0,0.0,haze,Moderate,12.97,40.16666667,BANG,3,38.910000000000004,0,haze,BANG,0
35.0,4.9,Buffet,motorcycle,27.75,54.0,0.0,smoke,Very High,35.66,80.0,MUM,5,178.29999999999998,0,smoke,MUM,1
33.0,4.7,Meal,scooter,21.87,74.0,0.0,haze,High,23.86,41.96666667,BANG,4,95.44,0,haze,BANG,0
23.0,4.9,Buffet,scooter,23.58,47.0,0.0,clear sky,High,23.64,40.93333333,PUNE,4,94.56,0,clear sky,PUNE,0
38.0,5.0,Buffet,motorcycle,22.49,74.0,0.0,haze,Moderate,13.6,33.38333333,BANG,3,40.8,0,haze,BANG,0
20.0,5.0,Drinks,motorcycle,20.64,67.0,0.0,clear sky,Moderate,15.36,34.31666667,MYS,3,46.08,0,clear sky,MYS,0
21.0,4.6,Buffet,motorcycle,25.88,65.0,0.0,haze,Moderate,11.24,29.43333333,COIMB,3,33.72,0,haze,COIMB,0
23.0,4.7,Drinks,motorcycle,20.58,60.0,0.0,haze,Very High,29.08,75.73333333,AURG,5,145.39999999999998,0,haze,Other,1
36.0,4.7,Buffet,motorcycle,28.49,81.0,0.0,mist,Very High,16.28,54.58333333,CHEN,5,81.4,0,mist,CHEN,1
34.0,4.6,Meal,motorcycle,27.99,65.0,0.0,haze,Moderate,8.32,26.01666667,KOL,3,24.96,0,haze,Other,0
21.0,4.6,Buffet,scooter,22.36,74.0,0.0,haze,High,23.73,48.78333333,BANG,4,94.92,0,haze,BANG,1
27.0,5.0,Snack,scooter,28.34,81.0,0.0,mist,Moderate,11.38,37.78333333,CHEN,3,34.14,0,mist,CHEN,0
32.0,4.9,Buffet,scooter,20.96,78.0,0.0,mist,Moderate,10.07,28.1,RANCHI,3,30.21,0,mist,RANCHI,0
22.0,4.6,Buffet,scooter,28.14,54.0,0.0,smoke,High,11.79,39.61666667,MUM,4,47.16,0,smoke,MUM,0
32.0,4.9,Snack,electric scooter,28.56,81.0,0.0,mist,Moderate,14.29,37.86666667,CHEN,3,42.87,0,mist,CHEN,0
20.0,4.5,Meal,scooter,26.01,57.0,0.0,haze,Very Low,2.9,11.45,VAD,1,2.9,1,haze,Other,0
26.0,4.8,Snack,motorcycle,23.77,57.0,0.0,haze,Very High,22.45,52.76666667,HYD,5,112.25,0,haze,HYD,1
29.0,4.6,Snack,motorcycle,25.97,57.0,0.0,haze,Moderate,18.1,35.36666667,VAD,3,54.300000000000004,0,haze,Other,0
34.0,4.7,Drinks,scooter,28.36,81.0,0.0,mist,Moderate,9.08,38.26666667,CHEN,3,27.240000000000002,0,mist,CHEN,0
38.0,4.6,Drinks,motorcycle,25.62,42.0,0.0,clear sky,High,19.1,54.73333333,KNP,4,76.4,0,clear sky,Other,1
31.0,4.7,Snack,electric scooter,21.03,78.0,0.0,mist,Low,6.75,24.81666667,RANCHI,2,13.5,0,mist,RANCHI,0
35.0,4.9,Drinks,motorcycle,23.58,47.0,0.0,clear sky,High,22.85,48.13333333,PUNE,4,91.4,0,clear sky,PUNE,1
32.0,4.7,Snack,motorcycle,24.94,73.0,0.0,mist,Very Low,2.69,13.25,SUR,1,2.69,1,mist,SUR,0
22.0,4.2,Drinks,motorcycle,23.09,60.0,0.0,haze,Very Low,2.31,18.36666667,INDO,1,2.31,1,haze,INDO,0
26.0,4.6,Drinks,scooter,23.94,57.0,0.0,haze,Moderate,9.27,35.9,HYD,3,27.81,0,haze,HYD,0
29.0,4.6,Snack,motorcycle,28.43,82.0,0.0,overcast clouds,Very High,22.1,53.46666667,CHEN,5,110.5,0,clouds,CHEN,1
38.0,4.9,Buffet,scooter,23.67,46.0,0.0,haze,Moderate,10.65,26.3,JAP,3,31.950000000000003,0,haze,JAP,0
39.0,4.3,Snack,motorcycle,23.16,60.0,0.0,haze,High,17.09,43.28333333,INDO,4,68.36,0,haze,INDO,0
38.0,4.6,Drinks,motorcycle,20.5,68.0,0.0,clear sky,High,26.27,47.05,MYS,4,105.08,0,clear sky,MYS,1
22.0,4.9,Meal,scooter,24.95,73.0,0.0,mist,Low,7.64,20.96666667,SUR,2,15.28,0,mist,SUR,0
37.0,4.9,Buffet,scooter,25.97,57.0,0.0,haze,Moderate,17.83,32.53333333,VAD,3,53.489999999999995,0,haze,Other,0
29.0,5.0,Snack,scooter,23.54,57.0,0.0,haze,Very High,32.22,67.61666667,HYD,5,161.1,0,haze,HYD,1
27.0,4.8,Drinks,motorcycle,26.05,65.0,0.0,haze,Moderate,15.17,39.71666667,COIMB,3,45.51,0,haze,COIMB,0
29.0,4.9,Meal,scooter,22.18,42.0,0.0,clear sky,Very Low,3.12,8.183333333,BHP,1,3.12,0,clear sky,Other,0
35.0,4.6,Buffet,scooter,20.85,63.0,0.0,scattered clouds,High,23.58,48.38333333,RANCHI,4,94.32,0,clouds,RANCHI,1
33.0,5.0,Buffet,scooter,28.29,54.0,0.0,smoke,Low,4.36,21.45,MUM,2,8.72,0,smoke,MUM,0
32.0,4.7,Drinks,motorcycle,23.97,46.0,0.0,haze,High,16.19,42.51666667,JAP,4,64.76,0,haze,JAP,0
33.0,3.8,Meal,motorcycle,22.14,74.0,0.0,haze,High,26.2,35.2,BANG,4,104.8,0,haze,BANG,0
34.0,4.9,Meal,motorcycle,23.9,57.0,0.0,haze,Low,4.87,19.36666667,HYD,2,9.74,0,haze,HYD,0
26.0,4.6,Drinks,motorcycle,27.97,65.0,0.0,haze,Very High,23.56,57.6,KOL,5,117.8,0,haze,Other,1
38.0,4.4,Drinks,motorcycle,23.16,60.0,0.0,haze,Moderate,13.4,36.05,INDO,3,40.2,0,haze,INDO,0
20.0,4.8,Snack,scooter,23.88,57.0,0.0,haze,Moderate,8.18,31.58333333,HYD,3,24.54,0,haze,HYD,0
22.0,4.1,Snack,motorcycle,26.11,65.0,0.0,haze,High,17.69,38.73333333,COIMB,4,70.76,0,haze,COIMB,0
35.0,4.7,Snack,scooter,23.97,28.0,0.0,clear sky,High,15.0,36.7,JAP,4,60.0,0,clear sky,JAP,0
27.0,4.1,Meal,motorcycle,28.39,81.0,0.0,mist,Very Low,2.57,13.78333333,CHEN,1,2.57,1,mist,CHEN,0
28.0,4.9,Snack,motorcycle,28.49,81.0,0.0,mist,Moderate,9.27,33.36666667,CHEN,3,27.81,0,mist,CHEN,0
36.0,4.8,Buffet,motorcycle,23.77,46.0,0.0,haze,Moderate,9.53,24.91666667,JAP,3,28.589999999999996,0,haze,JAP,0
32.0,4.7,Buffet,motorcycle,24.18,46.0,0.0,haze,High,15.66,34.61666667,JAP,4,62.64,0,haze,JAP,0
36.0,4.3,Snack,motorcycle,21.21,78.0,0.0,mist,High,17.3,44.11666667,RANCHI,4,69.2,0,mist,RANCHI,0
36.0,4.7,Snack,scooter,20.7,66.0,0.0,clear sky,Low,4.48,15.9,MYS,2,8.96,0,clear sky,MYS,0
23.0,4.9,Buffet,motorcycle,21.05,78.0,0.0,mist,Low,8.21,24.08333333,RANCHI,2,16.42,0,mist,RANCHI,0
28.0,5.0,Drinks,motorcycle,24.02,46.0,0.0,haze,High,18.91,47.16666667,JAP,4,75.64,0,haze,JAP,1
27.0,4.7,Buffet,motorcycle,22.86,49.0,0.0,clear sky,Moderate,8.58,26.48333333,PUNE,3,25.740000000000002,0,clear sky,PUNE,0
26.0,4.6,Buffet,motorcycle,26.01,57.0,0.0,haze,Moderate,11.75,26.61666667,VAD,3,35.25,0,haze,Other,0
35.0,4.7,Buffet,motorcycle,21.03,78.0,0.0,mist,Low,7.64,23.46666667,RANCHI,2,15.28,0,mist,RANCHI,0
24.0,4.5,Drinks,motorcycle,28.99,54.0,0.0,smoke,Low,4.39,34.2,MUM,2,8.78,0,smoke,MUM,0
35.0,4.0,Buffet,motorcycle,23.29,46.0,0.0,haze,Moderate,14.53,31.51666667,JAP,3,43.589999999999996,0,haze,JAP,0
25.0,4.9,Buffet,electric scooter,22.68,50.0,0.0,clear sky,Low,4.42,16.68333333,PUNE,2,8.84,0,clear sky,PUNE,0
35.0,4.3,Drinks,motorcycle,22.86,49.0,0.0,clear sky,Moderate,10.18,35.33333333,PUNE,3,30.54,0,clear sky,PUNE,0
35.0,4.7,Meal,motorcycle,29.01,54.0,0.0,smoke,Moderate,12.12,33.35,MUM,3,36.36,0,smoke,MUM,0
20.0,4.6,Snack,motorcycle,16.05,79.0,0.0,clear sky,Low,5.07,16.2,DEH,2,10.14,0,clear sky,Other,0
38.0,3.7,Snack,scooter,23.74,57.0,0.0,haze,High,22.23,38.96666667,HYD,4,88.92,0,haze,HYD,0
38.0,4.8,Drinks,scooter,23.22,44.0,0.0,clear sky,High,19.6,46.3,INDO,4,78.4,0,clear sky,INDO,1
29.0,4.9,Drinks,scooter,25.06,44.0,0.0,clear sky,High,29.05,49.48333333,ALH,4,116.2,0,clear sky,Other,1
28.0,5.0,Buffet,motorcycle,25.99,57.0,0.0,haze,Moderate,14.01,33.71666667,VAD,3,42.03,0,haze,Other,0
39.0,4.7,Drinks,motorcycle,23.46,47.0,0.0,clear sky,Very High,26.96,62.03333333,PUNE,5,134.8,0,clear sky,PUNE,1
30.0,5.0,Snack,scooter,26.11,65.0,0.0,haze,High,21.09,46.63333333,COIMB,4,84.36,0,haze,COIMB,1
29.0,4.7,Drinks,scooter,28.36,81.0,0.0,mist,Moderate,6.51,34.11666667,CHEN,3,19.53,0,mist,CHEN,0
30.0,5.0,Buffet,scooter,23.17,60.0,0.0,haze,Moderate,13.86,30.2,INDO,3,41.58,0,haze,INDO,0
21.0,4.6,Meal,motorcycle,25.88,65.0,0.0,haze,Low,7.51,19.61666667,COIMB,2,15.02,0,haze,COIMB,0
20.0,4.8,Meal,electric scooter,23.9,57.0,0.0,haze,Moderate,11.17,25.15,HYD,3,33.51,0,haze,HYD,0
21.0,5.0,Meal,scooter,22.92,49.0,0.0,clear sky,Very Low,2.06,7.55,PUNE,1,2.06,1,clear sky,PUNE,0
24.0,4.8,Snack,scooter,24.07,46.0,0.0,haze,Very High,38.54,52.75,JAP,5,192.7,0,haze,JAP,1
29.0,4.0,Buffet,motorcycle,24.94,73.0,0.0,mist,Moderate,11.3,30.53333333,SUR,3,33.900000000000006,0,mist,SUR,0
29.0,4.7,Meal,scooter,28.47,82.0,0.0,overcast clouds,Very High,19.23,58.76666667,CHEN,5,96.15,0,clouds,CHEN,1
26.0,4.7,Buffet,motorcycle,25.01,73.0,0.0,mist,Very Low,3.42,12.96666667,SUR,1,3.42,0,mist,SUR,0
26.0,4.0,Meal,motorcycle,26.11,65.0,0.0,haze,High,17.58,35.9,COIMB,4,70.32,0,haze,COIMB,0
25.0,4.1,Meal,motorcycle,25.87,65.0,0.0,haze,Low,4.64,16.2,COIMB,2,9.28,0,haze,COIMB,0
33.0,4.8,Snack,motorcycle,26.0,57.0,0.0,haze,Low,5.53,17.53333333,VAD,2,11.06,0,haze,Other,0
27.0,4.6,Buffet,motorcycle,29.0,54.0,0.0,smoke,Moderate,8.14,30.31666667,MUM,3,24.42,0,smoke,MUM,0
22.0,4.9,Buffet,scooter,25.99,57.0,0.0,haze,Moderate,13.87,29.46666667,VAD,3,41.61,0,haze,Other,0
30.0,4.4,Snack,scooter,26.24,65.0,0.0,haze,Very High,24.84,54.08333333,COIMB,5,124.2,0,haze,COIMB,1
31.0,4.6,Meal,scooter,22.44,50.0,0.0,clear sky,Moderate,9.99,21.33333333,PUNE,3,29.97,0,clear sky,PUNE,0
28.0,4.9,Meal,motorcycle,20.61,67.0,0.0,clear sky,Moderate,14.61,28.45,MYS,3,43.83,0,clear sky,MYS,0
20.0,4.9,Drinks,scooter,22.97,60.0,0.0,haze,Moderate,11.52,31.36666667,INDO,3,34.56,0,haze,INDO,0
35.0,4.1,Buffet,motorcycle,11.16,87.0,0.0,clear sky,Very High,25.3,64.5,DEH,5,126.5,0,clear sky,Other,1
31.0,5.0,Buffet,scooter,23.08,60.0,0.0,haze,Very Low,1.97,11.81666667,INDO,1,1.97,1,haze,INDO,0
22.0,4.8,Drinks,motorcycle,24.94,73.0,0.0,mist,Moderate,9.53,35.26666667,SUR,3,28.589999999999996,0,mist,SUR,0
29.0,4.6,Buffet,motorcycle,22.94,49.0,0.0,clear sky,Low,7.5,22.6,PUNE,2,15.0,0,clear sky,PUNE,0
37.0,5.0,Snack,motorcycle,23.07,60.0,0.0,haze,High,16.29,36.63333333,INDO,4,65.16,0,haze,INDO,0
33.0,4.7,Meal,scooter,24.92,73.0,0.0,mist,Low,6.42,18.86666667,SUR,2,12.84,0,mist,SUR,0
39.0,4.9,Meal,scooter,23.83,46.0,0.0,haze,Moderate,13.36,25.91666667,JAP,3,40.08,0,haze,JAP,0
33.0,4.9,Drinks,electric scooter,25.95,37.0,0.0,clear sky,High,7.93,44.66666667,AGR,4,31.72,0,clear sky,Other,0
32.0,4.3,Buffet,motorcycle,23.73,57.0,0.0,haze,Low,6.97,19.98333333,HYD,2,13.94,0,haze,HYD,0
39.0,4.9,Buffet,scooter,28.97,54.0,0.0,smoke,Low,2.98,18.91666667,MUM,2,5.96,1,smoke,MUM,0
25.0,4.9,Meal,electric scooter,23.22,44.0,0.0,clear sky,High,18.76,36.03333333,INDO,4,75.04,0,clear sky,INDO,0
26.0,5.0,Buffet,motorcycle,24.94,43.0,0.0,clear sky,High,15.72,35.03333333,SUR,4,62.88,0,clear sky,SUR,0
39.0,4.3,Drinks,motorcycle,22.46,50.0,0.0,clear sky,High,14.01,44.0,PUNE,4,56.04,0,clear sky,PUNE,0
21.0,4.9,Snack,scooter,20.81,67.0,0.0,clear sky,Very High,18.25,50.15,MYS,5,91.25,0,clear sky,MYS,1
32.0,4.9,Drinks,electric scooter,22.96,48.0,0.0,clear sky,Moderate,7.29,30.28333333,PUNE,3,21.87,0,clear sky,PUNE,0
35.0,4.9,Snack,motorcycle,28.48,82.0,0.0,overcast clouds,Very High,17.27,57.41666667,CHEN,5,86.35,0,clouds,CHEN,1
25.0,4.6,Drinks,motorcycle,23.03,48.0,0.0,clear sky,High,15.58,44.8,PUNE,4,62.32,0,clear sky,PUNE,0
35.0,4.7,Buffet,scooter,12.02,84.0,0.0,clear sky,Very High,20.17,64.01666667,DEH,5,100.85000000000001,0,clear sky,Other,1
33.0,4.8,Snack,motorcycle,28.54,81.0,0.0,mist,Moderate,9.26,31.83333333,CHEN,3,27.78,0,mist,CHEN,0
24.0,4.9,Buffet,motorcycle,28.34,66.0,0.0,scattered clouds,High,27.83,43.51666667,GOA,4,111.32,0,clouds,Other,0
20.0,5.0,Meal,electric scooter,25.88,65.0,0.0,haze,Moderate,10.5,29.56666667,COIMB,3,31.5,0,haze,COIMB,0
36.0,5.0,Meal,motorcycle,22.83,74.0,0.0,haze,Low,9.77,20.3,BANG,2,19.54,0,haze,BANG,0
23.0,4.8,Meal,motorcycle,24.92,73.0,0.0,mist,Low,10.18,23.98333333,SUR,2,20.36,0,mist,SUR,0
20.0,2.7,Meal,scooter,28.45,86.0,0.0,overcast clouds,Very High,29.98,67.15,CHEN,5,149.9,0,clouds,CHEN,1
34.0,4.8,Drinks,scooter,28.02,65.0,0.0,haze,Moderate,15.3,39.4,KOL,3,45.900000000000006,0,haze,Other,0
21.0,4.1,Drinks,scooter,29.05,52.0,0.0,clear sky,Very High,41.2,101.1333333,MUM,5,206.0,0,clear sky,MUM,1
28.0,4.7,Meal,scooter,21.99,60.0,0.0,haze,Low,4.95,16.38333333,AURG,2,9.9,0,haze,Other,0
28.0,4.7,Buffet,motorcycle,23.32,43.0,0.0,clear sky,High,25.48,47.8,INDO,4,101.92,0,clear sky,INDO,1
25.0,4.4,Snack,scooter,21.25,78.0,0.0,mist,High,23.65,52.81666667,RANCHI,4,94.6,0,mist,RANCHI,1
29.0,4.8,Meal,motorcycle,28.46,75.0,0.0,overcast clouds,Very High,28.49,67.26666667,CHEN,5,142.45,0,clouds,CHEN,1
37.0,4.5,Meal,scooter,22.54,74.0,0.0,haze,Very High,22.79,52.13333333,BANG,5,113.94999999999999,0,haze,BANG,1
29.0,5.0,Drinks,electric scooter,24.95,73.0,0.0,mist,Moderate,11.01,37.06666667,SUR,3,33.03,0,mist,SUR,0
26.0,5.0,Drinks,motorcycle,23.03,60.0,0.0,haze,Low,6.41,28.31666667,INDO,2,12.82,0,haze,INDO,0
29.0,5.0,Drinks,motorcycle,28.36,81.0,0.0,overcast clouds,Very High,37.93,65.0,CHEN,5,189.65,0,clouds,CHEN,1
36.0,4.7,Buffet,motorcycle,22.94,49.0,0.0,clear sky,Low,6.03,19.9,PUNE,2,12.06,0,clear sky,PUNE,0
24.0,4.6,Snack,scooter,28.38,81.0,0.0,mist,Moderate,9.03,33.21666667,CHEN,3,27.089999999999996,0,mist,CHEN,0
32.0,4.7,Drinks,motorcycle,23.16,60.0,0.0,haze,Moderate,10.95,32.23333333,INDO,3,32.849999999999994,0,haze,INDO,0
25.0,4.8,Drinks,scooter,23.16,60.0,0.0,haze,Moderate,7.01,31.23333333,INDO,3,21.03,0,haze,INDO,0
36.0,4.9,Meal,electric scooter,23.88,29.0,0.0,clear sky,High,25.29,43.78333333,JAP,4,101.16,0,clear sky,JAP,0
39.0,4.7,Drinks,scooter,26.01,57.0,0.0,haze,Very Low,2.39,18.46666667,VAD,1,2.39,1,haze,Other,0
31.0,4.0,Drinks,motorcycle,22.54,74.0,0.0,haze,Very High,22.53,59.98333333,BANG,5,112.65,0,haze,BANG,1
34.0,4.9,Buffet,motorcycle,22.96,48.0,0.0,clear sky,Moderate,8.28,25.81666667,PUNE,3,24.839999999999996,0,clear sky,PUNE,0
27.0,4.9,Snack,scooter,28.81,54.0,0.0,smoke,High,14.37,46.15,MUM,4,57.48,0,smoke,MUM,1
21.0,4.6,Drinks,motorcycle,24.16,57.0,0.0,haze,Moderate,8.2,31.76666667,HYD,3,24.599999999999998,0,haze,HYD,0
25.0,4.2,Snack,motorcycle,23.1,49.0,0.0,clear sky,Very Low,2.3,13.58333333,PUNE,1,2.3,1,clear sky,PUNE,0
37.0,4.4,Drinks,scooter,20.8,67.0,0.0,clear sky,Low,14.28,27.9,MYS,2,28.56,0,clear sky,MYS,0
28.0,4.3,Meal,motorcycle,28.91,54.0,0.0,smoke,Moderate,6.86,26.33333333,MUM,3,20.580000000000002,0,smoke,MUM,0
25.0,4.1,Buffet,motorcycle,24.92,43.0,0.0,clear sky,Very High,24.59,48.0,SUR,5,122.95,0,clear sky,SUR,1
21.0,4.9,Snack,electric scooter,23.8,57.0,0.0,haze,Low,5.78,23.76666667,HYD,2,11.56,0,haze,HYD,0
22.0,4.3,Buffet,electric scooter,28.84,54.0,0.0,smoke,High,19.61,46.48333333,MUM,4,78.44,0,smoke,MUM,1
34.0,3.6,Snack,scooter,23.37,39.0,0.0,clear sky,Very High,43.47,58.26666667,LUDH,5,217.35,0,clear sky,Other,1
23.0,4.7,Meal,scooter,26.01,57.0,0.0,haze,Moderate,13.47,29.9,VAD,3,40.410000000000004,0,haze,Other,0
39.0,4.4,Snack,scooter,23.04,42.0,0.0,clear sky,Very High,27.53,58.96666667,KNP,5,137.65,0,clear sky,Other,1
31.0,4.8,Meal,motorcycle,22.91,48.0,0.0,clear sky,Very High,28.81,63.35,PUNE,5,144.04999999999998,0,clear sky,PUNE,1
33.0,4.6,Drinks,motorcycle,28.56,81.0,0.0,mist,Low,7.78,30.36666667,CHEN,2,15.56,0,mist,CHEN,0
27.0,4.8,Buffet,motorcycle,23.8,28.0,0.0,clear sky,Very High,26.65,53.31666667,JAP,5,133.25,0,clear sky,JAP,1
38.0,4.9,Buffet,motorcycle,24.91,42.0,0.0,clear sky,High,17.3,37.55,SUR,4,69.2,0,clear sky,SUR,0
27.0,4.9,Snack,motorcycle,21.94,43.0,0.0,clear sky,High,20.99,44.88333333,BHP,4,83.96,0,clear sky,Other,0
22.0,4.8,Meal,scooter,22.46,42.0,0.0,clear sky,High,12.2,31.41666667,BHP,4,48.8,0,clear sky,Other,0
38.0,4.8,Drinks,motorcycle,23.69,57.0,0.0,haze,Very High,21.71,57.6,HYD,5,108.55000000000001,0,haze,HYD,1
32.0,4.4,Meal,motorcycle,27.99,65.0,0.0,haze,Moderate,12.94,25.98333333,KOL,3,38.82,0,haze,Other,0
20.0,4.9,Drinks,motorcycle,22.96,48.0,0.0,clear sky,Moderate,12.05,35.46666667,PUNE,3,36.150000000000006,0,clear sky,PUNE,0
26.0,4.9,Drinks,motorcycle,23.97,46.0,0.0,haze,High,17.59,44.23333333,JAP,4,70.36,0,haze,JAP,0
21.0,4.6,Drinks,motorcycle,23.03,48.0,0.0,clear sky,Moderate,14.37,39.78333333,PUNE,3,43.11,0,clear sky,PUNE,0
29.0,4.6,Buffet,scooter,20.61,67.0,0.0,clear sky,Low,6.08,19.05,MYS,2,12.16,0,clear sky,MYS,0
26.0,4.9,Snack,motorcycle,21.94,74.0,0.0,haze,Very High,22.47,59.85,BANG,5,112.35,0,haze,BANG,1
23.0,4.7,Buffet,electric scooter,28.87,54.0,0.0,smoke,High,15.35,42.98333333,MUM,4,61.4,0,smoke,MUM,0
26.0,4.9,Drinks,scooter,23.08,60.0,0.0,haze,Low,6.17,29.41666667,INDO,2,12.34,0,haze,INDO,0
29.0,4.6,Meal,bicycle,28.81,54.0,0.0,smoke,High,14.37,42.11666667,MUM,4,57.48,0,smoke,MUM,0
24.0,4.3,Buffet,motorcycle,27.0,79.0,0.0,clear sky,Very Low,2.55,10.7,KOC,1,2.55,1,clear sky,Other,0
39.0,4.8,Snack,motorcycle,20.7,67.0,0.0,clear sky,High,22.37,45.61666667,MYS,4,89.48,0,clear sky,MYS,1
21.0,4.9,Snack,scooter,23.1,60.0,0.0,haze,Very Low,2.11,12.65,INDO,1,2.11,1,haze,INDO,0
29.0,4.6,Snack,motorcycle,25.99,65.0,0.0,haze,High,14.95,42.53333333,COIMB,4,59.8,0,haze,COIMB,0
35.0,4.8,Buffet,motorcycle,26.01,57.0,0.0,haze,Moderate,12.86,26.41666667,VAD,3,38.58,0,haze,Other,0
26.0,4.6,Snack,motorcycle,25.62,42.0,0.0,clear sky,Very High,20.31,52.11666667,KNP,5,101.55,0,clear sky,Other,1
20.0,4.6,Snack,scooter,21.56,73.0,0.0,haze,High,26.95,50.28333333,BANG,4,107.8,0,haze,BANG,1
24.0,4.8,Snack,scooter,28.29,54.0,0.0,smoke,Low,4.36,23.45,MUM,2,8.72,0,smoke,MUM,0
39.0,4.0,Drinks,scooter,26.9,89.0,0.0,mist,Moderate,10.44,34.8,KOC,3,31.32,0,mist,Other,0
32.0,4.6,Drinks,scooter,23.9,46.0,0.0,haze,High,16.87,42.58333333,JAP,4,67.48,0,haze,JAP,0
33.0,4.8,Drinks,scooter,26.12,65.0,0.0,haze,High,20.35,52.28333333,COIMB,4,81.4,0,haze,COIMB,1
39.0,4.6,Meal,motorcycle,28.4,82.0,0.0,mist,Moderate,8.86,29.16666667,CHEN,3,26.58,0,mist,CHEN,0
37.0,4.1,Meal,motorcycle,23.77,57.0,0.0,haze,Very Low,1.83,7.6,HYD,1,1.83,1,haze,HYD,0
20.0,4.7,Drinks,motorcycle,28.45,82.0,0.0,overcast clouds,Very High,22.64,68.93333333,CHEN,5,113.2,0,clouds,CHEN,1
21.0,4.5,Snack,motorcycle,24.94,43.0,0.0,clear sky,High,14.52,35.56666667,SUR,4,58.08,0,clear sky,SUR,0
22.0,4.9,Meal,motorcycle,28.42,67.0,0.0,scattered clouds,High,21.05,40.13333333,GOA,4,84.2,0,clouds,Other,0
37.0,4.5,Snack,motorcycle,23.77,57.0,0.0,haze,High,20.2,46.28333333,HYD,4,80.8,0,haze,HYD,1
30.0,4.6,Snack,motorcycle,29.04,51.0,0.0,clear sky,Very High,23.41,56.78333333,MUM,5,117.05,0,clear sky,MUM,1
34.0,4.7,Drinks,scooter,22.77,74.0,0.0,haze,High,18.45,46.13333333,BANG,4,73.8,0,haze,BANG,1
39.0,4.4,Buffet,motorcycle,20.58,68.0,0.0,clear sky,High,25.83,40.05,MYS,4,103.32,0,clear sky,MYS,0
31.0,4.9,Snack,motorcycle,22.86,74.0,0.0,haze,Low,6.04,25.75,BANG,2,12.08,0,haze,BANG,0
30.0,4.6,Drinks,motorcycle,22.37,46.0,0.0,haze,Very High,20.79,60.28333333,JAP,5,103.94999999999999,0,haze,JAP,1
33.0,4.7,Meal,motorcycle,20.8,67.0,0.0,clear sky,Low,14.29,18.96666667,MYS,2,28.58,0,clear sky,MYS,0
29.0,4.6,Snack,scooter,26.01,57.0,0.0,haze,Low,9.79,25.06666667,VAD,2,19.58,0,haze,Other,0
35.0,3.7,Buffet,scooter,20.61,67.0,0.0,clear sky,High,16.95,41.15,MYS,4,67.8,0,clear sky,MYS,0
21.0,4.8,Drinks,electric scooter,28.52,54.0,0.0,smoke,Very High,19.04,65.9,MUM,5,95.19999999999999,0,smoke,MUM,1
36.0,4.8,Meal,electric scooter,24.94,73.0,0.0,mist,Very Low,1.6,8.266666667,SUR,1,1.6,1,mist,SUR,0
24.0,4.5,Snack,electric scooter,25.62,42.0,0.0,clear sky,High,13.77,38.3,KNP,4,55.08,0,clear sky,Other,0
30.0,3.7,Meal,scooter,22.71,48.0,0.0,clear sky,High,16.78,41.61666667,PUNE,4,67.12,0,clear sky,PUNE,0
26.0,4.1,Meal,motorcycle,28.9,54.0,0.0,smoke,Moderate,7.96,30.65,MUM,3,23.88,0,smoke,MUM,0
38.0,4.1,Snack,motorcycle,23.77,38.0,0.0,clear sky,High,16.7,40.66666667,LUDH,4,66.8,0,clear sky,Other,0
34.0,4.9,Buffet,motorcycle,23.61,46.0,0.0,haze,Low,8.25,21.08333333,JAP,2,16.5,0,haze,JAP,0
21.0,2.8,Meal,electric scooter,28.56,54.0,0.0,smoke,Very High,17.65,54.48333333,MUM,5,88.25,0,smoke,MUM,1
20.0,4.8,Meal,motorcycle,28.71,54.0,0.0,smoke,Moderate,9.79,35.75,MUM,3,29.369999999999997,0,smoke,MUM,0
38.0,4.6,Buffet,electric scooter,23.21,73.0,0.0,haze,Moderate,8.96,29.5,BANG,3,26.880000000000003,0,haze,BANG,0
20.0,4.9,Drinks,motorcycle,25.92,57.0,0.0,haze,High,21.29,51.48333333,VAD,4,85.16,0,haze,Other,1
24.0,4.8,Snack,electric scooter,28.75,54.0,0.0,smoke,Very High,23.19,57.38333333,MUM,5,115.95,0,smoke,MUM,1
39.0,5.0,Meal,scooter,28.4,82.0,0.0,overcast clouds,High,22.03,48.38333333,CHEN,4,88.12,0,clouds,CHEN,1
38.0,4.9,Meal,motorcycle,23.09,73.0,0.0,haze,High,19.58,41.11666667,BANG,4,78.32,0,haze,BANG,0
39.0,4.0,Drinks,scooter,25.65,42.0,0.0,clear sky,Moderate,11.99,35.03333333,KNP,3,35.97,0,clear sky,Other,0
36.0,4.9,Meal,scooter,23.16,60.0,0.0,haze,Very Low,2.22,11.36666667,INDO,1,2.22,1,haze,INDO,0
38.0,4.4,Buffet,motorcycle,23.2,60.0,0.0,haze,Moderate,14.3,30.98333333,INDO,3,42.900000000000006,0,haze,INDO,0
39.0,4.2,Drinks,motorcycle,20.8,67.0,0.0,clear sky,Moderate,18.2,38.15,MYS,3,54.599999999999994,0,clear sky,MYS,0
25.0,4.5,Drinks,scooter,25.97,65.0,0.0,haze,Moderate,11.89,35.41666667,COIMB,3,35.67,0,haze,COIMB,0
36.0,4.8,Snack,motorcycle,17.44,76.0,0.0,clear sky,Low,6.88,21.5,DEH,2,13.76,0,clear sky,Other,0
23.0,4.6,Meal,scooter,23.32,43.0,0.0,clear sky,Very High,28.77,51.41666667,INDO,5,143.85,0,clear sky,INDO,1
23.0,5.0,Buffet,scooter,21.94,74.0,0.0,haze,Very High,22.56,57.85,BANG,5,112.8,0,haze,BANG,1
38.0,4.4,Buffet,scooter,23.75,46.0,0.0,haze,Low,6.05,19.98333333,JAP,2,12.1,0,haze,JAP,0
33.0,4.8,Meal,motorcycle,23.96,28.0,0.0,clear sky,High,14.89,31.31666667,JAP,4,59.56,0,clear sky,JAP,0
29.0,4.6,Snack,motorcycle,21.21,63.0,0.0,scattered clouds,High,21.92,48.3,RANCHI,4,87.68,0,clouds,RANCHI,1
36.0,4.9,Meal,motorcycle,28.4,86.0,0.0,overcast clouds,Very High,26.14,53.51666667,CHEN,5,130.7,0,clouds,CHEN,1
38.0,4.8,Snack,scooter,25.92,65.0,0.0,haze,Moderate,13.49,32.53333333,COIMB,3,40.47,0,haze,COIMB,0
23.0,4.6,Drinks,scooter,28.14,54.0,0.0,smoke,High,11.79,46.58333333,MUM,4,47.16,0,smoke,MUM,1
22.0,4.7,Snack,motorcycle,23.68,46.0,0.0,haze,Low,5.96,21.53333333,JAP,2,11.92,0,haze,JAP,0
22.0,4.7,Drinks,scooter,22.86,74.0,0.0,haze,Low,6.04,30.75,BANG,2,12.08,0,haze,BANG,0
30.0,4.7,Buffet,motorcycle,24.95,73.0,0.0,mist,Very Low,2.22,11.56666667,SUR,1,2.22,1,mist,SUR,0
38.0,4.3,Meal,motorcycle,23.88,28.0,0.0,clear sky,High,20.37,42.08333333,JAP,4,81.48,0,clear sky,JAP,0
22.0,4.6,Drinks,motorcycle,22.04,43.0,0.0,clear sky,Very High,31.79,63.86666667,BHP,5,158.95,0,clear sky,Other,1
20.0,5.0,Buffet,motorcycle,28.4,81.0,0.0,mist,Moderate,11.01,31.15,CHEN,3,33.03,0,mist,CHEN,0
33.0,3.5,Drinks,scooter,28.52,82.0,0.0,overcast clouds,Very High,26.98,80.21666667,CHEN,5,134.9,0,clouds,CHEN,1
22.0,4.8,Drinks,motorcycle,23.1,60.0,0.0,haze,Low,6.53,27.58333333,INDO,2,13.06,0,haze,INDO,0
29.0,4.8,Meal,motorcycle,24.93,43.0,0.0,clear sky,High,17.99,35.73333333,SUR,4,71.96,0,clear sky,SUR,0
29.0,4.9,Snack,scooter,28.38,81.0,0.0,mist,Moderate,9.03,33.21666667,CHEN,3,27.089999999999996,0,mist,CHEN,0
20.0,4.8,Snack,scooter,29.05,54.0,0.0,smoke,High,19.11,45.86666667,MUM,4,76.44,0,smoke,MUM,1
24.0,5.0,Snack,scooter,22.92,49.0,0.0,clear sky,Low,4.29,17.81666667,PUNE,2,8.58,0,clear sky,PUNE,0
23.0,4.5,Meal,electric scooter,28.98,70.0,0.0,scattered clouds,Low,6.01,17.03333333,GOA,2,12.02,0,clouds,Other,0
50.0,4.7,Meal,electric scooter,22.86,74.0,0.0,haze,Very High,27.03,55.8,BANG,5,135.15,0,haze,BANG,1
21.0,4.7,Meal,electric scooter,23.32,43.0,0.0,clear sky,High,22.02,43.41666667,INDO,4,88.08,0,clear sky,INDO,0
35.0,4.6,Snack,scooter,23.03,48.0,0.0,clear sky,High,15.37,40.51666667,PUNE,4,61.48,0,clear sky,PUNE,0
21.0,4.7,Buffet,motorcycle,20.8,67.0,0.0,clear sky,Moderate,16.37,24.63333333,MYS,3,49.11,0,clear sky,MYS,0
36.0,4.5,Snack,motorcycle,28.96,52.0,0.0,clear sky,High,18.24,37.8,MUM,4,72.96,0,clear sky,MUM,0
29.0,4.8,Drinks,scooter,23.38,46.0,0.0,haze,Low,8.0,25.5,JAP,2,16.0,0,haze,JAP,0
27.0,4.9,Drinks,scooter,25.88,65.0,0.0,haze,Low,4.59,23.2,COIMB,2,9.18,0,haze,COIMB,0
27.0,4.9,Drinks,scooter,23.17,60.0,0.0,haze,Moderate,12.32,34.91666667,INDO,3,36.96,0,haze,INDO,0
34.0,4.3,Drinks,motorcycle,21.03,78.0,0.0,mist,Very Low,2.26,20.8,RANCHI,1,2.26,1,mist,RANCHI,0
29.0,4.7,Drinks,motorcycle,28.44,82.0,0.0,overcast clouds,Very High,29.04,80.68333333,CHEN,5,145.2,0,clouds,CHEN,1
26.0,4.8,Snack,motorcycle,25.87,65.0,0.0,haze,Low,4.92,18.6,COIMB,2,9.84,0,haze,COIMB,0
35.0,4.9,Snack,motorcycle,27.0,89.0,0.0,mist,High,16.03,43.55,KOC,4,64.12,0,mist,Other,0
25.0,5.0,Buffet,scooter,23.68,57.0,0.0,haze,Very High,40.03,55.55,HYD,5,200.15,0,haze,HYD,1
35.0,4.5,Drinks,motorcycle,24.05,57.0,0.0,haze,Low,5.97,24.86666667,HYD,2,11.94,0,haze,HYD,0
26.0,4.7,Snack,motorcycle,29.01,54.0,0.0,smoke,Moderate,9.97,36.95,MUM,3,29.910000000000004,0,smoke,MUM,0
29.0,4.7,Meal,electric scooter,23.84,57.0,0.0,haze,High,16.25,39.36666667,HYD,4,65.0,0,haze,HYD,0
38.0,5.0,Drinks,motorcycle,20.61,67.0,0.0,clear sky,Moderate,12.81,39.9,MYS,3,38.43,0,clear sky,MYS,0
30.0,4.9,Meal,motorcycle,23.3,44.0,0.0,clear sky,Very High,30.35,55.45,INDO,5,151.75,0,clear sky,INDO,1
21.0,4.9,Snack,motorcycle,23.72,39.0,0.0,clear sky,High,17.3,40.31666667,LUDH,4,69.2,0,clear sky,Other,0
38.0,4.9,Buffet,scooter,22.52,74.0,0.0,haze,High,19.23,39.06666667,BANG,4,76.92,0,haze,BANG,0
20.0,5.0,Snack,scooter,22.05,74.0,0.0,haze,Very High,28.45,54.66666667,BANG,5,142.25,0,haze,BANG,1
32.0,4.3,Drinks,motorcycle,28.38,81.0,0.0,mist,Low,5.86,30.5,CHEN,2,11.72,0,mist,CHEN,0
25.0,4.6,Meal,motorcycle,23.77,46.0,0.0,haze,Moderate,14.17,28.4,JAP,3,42.51,0,haze,JAP,0
36.0,4.8,Buffet,scooter,21.04,78.0,0.0,mist,Very Low,3.05,14.81666667,RANCHI,1,3.05,0,mist,RANCHI,0
29.0,4.8,Snack,scooter,20.61,67.0,0.0,clear sky,Moderate,9.16,26.38333333,MYS,3,27.48,0,clear sky,MYS,0
25.0,4.8,Drinks,scooter,25.19,43.0,0.0,clear sky,High,17.18,44.76666667,ALH,4,68.72,0,clear sky,Other,0
33.0,4.8,Snack,motorcycle,26.06,65.0,0.0,haze,Moderate,9.87,27.38333333,COIMB,3,29.61,0,haze,COIMB,0
26.0,4.9,Buffet,motorcycle,28.48,76.0,0.0,overcast clouds,Very High,24.42,66.28333333,CHEN,5,122.10000000000001,0,clouds,CHEN,1
21.0,4.6,Meal,scooter,22.77,74.0,0.0,haze,High,17.66,43.03333333,BANG,4,70.64,0,haze,BANG,0
31.0,4.8,Drinks,scooter,24.08,57.0,0.0,haze,Moderate,9.22,34.66666667,HYD,3,27.660000000000004,0,haze,HYD,0
32.0,4.4,Snack,motorcycle,24.89,42.0,0.0,clear sky,Very High,27.93,57.65,SUR,5,139.65,0,clear sky,SUR,1
35.0,4.9,Meal,scooter,29.01,53.0,0.0,clear sky,High,10.56,31.36666667,MUM,4,42.24,0,clear sky,MUM,0
20.0,4.8,Snack,motorcycle,26.05,65.0,0.0,haze,High,20.02,45.25,COIMB,4,80.08,0,haze,COIMB,1
39.0,4.8,Buffet,motorcycle,26.08,65.0,0.0,haze,Very High,24.44,49.9,COIMB,5,122.2,0,haze,COIMB,1
39.0,5.0,Meal,scooter,25.82,65.0,0.0,haze,Very Low,2.29,9.183333333,COIMB,1,2.29,1,haze,COIMB,0
29.0,4.0,Meal,motorcycle,22.47,50.0,0.0,clear sky,Low,4.47,14.15,PUNE,2,8.94,0,clear sky,PUNE,0
37.0,4.5,Drinks,motorcycle,20.62,67.0,0.0,clear sky,High,22.84,44.16666667,MYS,4,91.36,0,clear sky,MYS,0
26.0,4.6,Meal,scooter,25.99,57.0,0.0,haze,Moderate,13.56,31.08333333,VAD,3,40.68,0,haze,Other,0
25.0,4.5,Meal,motorcycle,20.61,67.0,0.0,clear sky,Low,6.85,19.55,MYS,2,13.7,0,clear sky,MYS,0
20.0,5.0,Drinks,motorcycle,28.85,54.0,0.0,smoke,Moderate,8.46,40.9,MUM,3,25.380000000000003,0,smoke,MUM,0
29.0,4.9,Snack,motorcycle,23.23,44.0,0.0,clear sky,Very High,31.11,54.38333333,INDO,5,155.55,0,clear sky,INDO,1
25.0,4.6,Snack,scooter,23.6,46.0,0.0,clear sky,Very High,29.32,66.85,PUNE,5,146.6,0,clear sky,PUNE,1
29.0,4.8,Drinks,scooter,28.42,81.0,0.0,mist,Low,5.08,24.36666667,CHEN,2,10.16,0,mist,CHEN,0
28.0,4.7,Meal,scooter,23.17,60.0,0.0,haze,Moderate,12.14,26.0,INDO,3,36.42,0,haze,INDO,0
22.0,4.9,Snack,motorcycle,23.32,43.0,0.0,clear sky,High,26.6,49.48333333,INDO,4,106.4,0,clear sky,INDO,1
29.0,4.6,Buffet,scooter,22.96,48.0,0.0,clear sky,High,15.99,40.78333333,PUNE,4,63.96,0,clear sky,PUNE,0
38.0,4.8,Drinks,electric scooter,24.99,73.0,0.0,mist,Very Low,3.28,21.01666667,SUR,1,3.28,0,mist,SUR,0
34.0,4.7,Meal,scooter,24.92,73.0,0.0,mist,Moderate,8.48,25.1,SUR,3,25.44,0,mist,SUR,0
30.0,4.1,Buffet,motorcycle,28.4,82.0,0.0,overcast clouds,High,22.03,50.38333333,CHEN,4,88.12,0,clouds,CHEN,1
37.0,4.3,Buffet,scooter,28.81,73.0,0.0,broken clouds,High,23.3,37.83333333,GOA,4,93.2,0,clouds,Other,0
34.0,3.5,Snack,scooter,23.9,28.0,0.0,clear sky,High,18.36,37.9,JAP,4,73.44,0,clear sky,JAP,0
37.0,3.8,Snack,scooter,23.53,29.0,0.0,clear sky,Very High,31.93,67.55,JAP,5,159.65,0,clear sky,JAP,1
21.0,4.9,Buffet,scooter,23.77,57.0,0.0,haze,Very Low,3.09,12.88333333,HYD,1,3.09,0,haze,HYD,0
33.0,4.1,Meal,scooter,21.16,61.0,0.0,scattered clouds,High,22.77,38.66666667,RANCHI,4,91.08,0,clouds,RANCHI,0
36.0,3.7,Meal,scooter,21.07,64.0,0.0,scattered clouds,High,18.92,33.13333333,RANCHI,4,75.68,0,clouds,RANCHI,0
29.0,4.9,Drinks,scooter,25.86,37.0,0.0,clear sky,Low,3.4,22.48333333,AGR,2,6.8,0,clear sky,Other,0
35.0,4.7,Drinks,scooter,28.55,81.0,0.0,mist,Low,6.17,27.03333333,CHEN,2,12.34,0,mist,CHEN,0
30.0,4.6,Drinks,scooter,21.05,78.0,0.0,mist,Low,8.76,32.7,RANCHI,2,17.52,0,mist,RANCHI,0
34.0,3.8,Meal,scooter,23.46,39.0,0.0,clear sky,Very High,43.47,52.83333333,LUDH,5,217.35,0,clear sky,Other,1
27.0,4.8,Snack,scooter,23.13,73.0,0.0,haze,Very Low,2.12,13.81666667,BANG,1,2.12,1,haze,BANG,0
33.0,4.9,Snack,motorcycle,25.65,42.0,0.0,clear sky,Moderate,11.87,33.06666667,KNP,3,35.61,0,clear sky,Other,0
27.0,4.7,Snack,motorcycle,22.58,74.0,0.0,haze,Moderate,8.64,29.35,BANG,3,25.92,0,haze,BANG,0
28.0,4.4,Meal,motorcycle,25.99,57.0,0.0,haze,Very Low,4.93,11.23333333,VAD,1,4.93,0,haze,Other,0
27.0,4.1,Meal,scooter,23.94,57.0,0.0,haze,High,15.45,39.45,HYD,4,61.8,0,haze,HYD,0
23.0,4.8,Snack,scooter,26.87,89.0,0.0,mist,Moderate,16.08,37.53333333,KOC,3,48.239999999999995,0,mist,Other,0
25.0,5.0,Buffet,scooter,23.03,60.0,0.0,haze,Very Low,2.18,13.71666667,INDO,1,2.18,1,haze,INDO,0
24.0,4.9,Drinks,scooter,21.21,78.0,0.0,mist,High,17.33,49.0,RANCHI,4,69.32,0,mist,RANCHI,1
29.0,5.0,Buffet,motorcycle,22.75,49.0,0.0,clear sky,High,17.7,38.21666667,PUNE,4,70.8,0,clear sky,PUNE,0
26.0,4.8,Buffet,motorcycle,23.9,28.0,0.0,clear sky,High,18.36,35.9,JAP,4,73.44,0,clear sky,JAP,0
38.0,4.2,Drinks,motorcycle,26.1,65.0,0.0,haze,High,22.51,49.36666667,COIMB,4,90.04,0,haze,COIMB,1
37.0,4.6,Meal,scooter,29.05,54.0,0.0,smoke,Low,4.2,20.66666667,MUM,2,8.4,0,smoke,MUM,0
37.0,4.7,Meal,motorcycle,22.86,74.0,0.0,haze,High,16.69,43.1,BANG,4,66.76,0,haze,BANG,0
25.0,4.9,Buffet,electric scooter,23.81,38.0,0.0,clear sky,Low,9.16,21.2,LUDH,2,18.32,0,clear sky,Other,0
39.0,4.1,Drinks,motorcycle,23.79,29.0,0.0,clear sky,Very High,30.85,65.95,JAP,5,154.25,0,clear sky,JAP,1
30.0,4.6,Drinks,electric scooter,23.49,73.0,0.0,haze,Low,5.65,27.35,BANG,2,11.3,0,haze,BANG,0
32.0,4.6,Meal,scooter,27.0,79.0,0.0,clear sky,Very Low,2.0,6.85,KOC,1,2.0,1,clear sky,Other,0
30.0,4.8,Drinks,motorcycle,26.98,89.0,0.0,mist,Very High,26.03,64.13333333,KOC,5,130.15,0,mist,Other,1
22.0,4.6,Drinks,scooter,23.02,48.0,0.0,clear sky,Very Low,2.25,16.16666667,PUNE,1,2.25,1,clear sky,PUNE,0
35.0,4.8,Buffet,motorcycle,25.54,38.0,0.0,clear sky,Very High,31.68,50.3,AGR,5,158.4,0,clear sky,Other,1
34.0,4.7,Meal,motorcycle,20.81,67.0,0.0,clear sky,Moderate,16.81,30.33333333,MYS,3,50.42999999999999,0,clear sky,MYS,0
29.0,4.6,Snack,scooter,25.0,73.0,0.0,mist,Low,8.56,27.55,SUR,2,17.12,0,mist,SUR,0
38.0,4.7,Meal,electric scooter,21.06,78.0,0.0,mist,Very Low,2.37,10.0,RANCHI,1,2.37,1,mist,RANCHI,0
30.0,4.6,Snack,motorcycle,24.93,43.0,0.0,clear sky,High,17.99,39.93333333,SUR,4,71.96,0,clear sky,SUR,0
32.0,4.9,Drinks,motorcycle,25.95,65.0,0.0,haze,Moderate,13.76,40.28333333,COIMB,3,41.28,0,haze,COIMB,0
24.0,4.4,Snack,motorcycle,25.95,65.0,0.0,haze,High,17.37,37.5,COIMB,4,69.48,0,haze,COIMB,0
25.0,4.0,Buffet,motorcycle,28.44,82.0,0.0,overcast clouds,Very High,32.2,77.15,CHEN,5,161.0,0,clouds,CHEN,1
38.0,4.9,Snack,scooter,28.94,70.0,0.0,scattered clouds,Very Low,2.72,13.05,GOA,1,2.72,1,clouds,Other,0
32.0,3.5,Snack,motorcycle,28.5,82.0,0.0,overcast clouds,Very High,29.43,73.7,CHEN,5,147.15,0,clouds,CHEN,1
23.0,4.6,Snack,motorcycle,23.7,57.0,0.0,haze,High,22.48,50.61666667,HYD,4,89.92,0,haze,HYD,1
38.0,4.3,Drinks,motorcycle,24.93,43.0,0.0,clear sky,High,15.56,43.03333333,SUR,4,62.24,0,clear sky,SUR,0
22.0,4.4,Drinks,motorcycle,23.55,57.0,0.0,haze,Moderate,13.61,32.43333333,HYD,3,40.83,0,haze,HYD,0
28.0,4.8,Meal,motorcycle,21.26,78.0,0.0,mist,High,16.38,39.46666667,RANCHI,4,65.52,0,mist,RANCHI,0
34.0,4.7,Meal,motorcycle,28.42,81.0,0.0,mist,Low,2.55,14.28333333,CHEN,2,5.1,1,mist,CHEN,0
39.0,4.9,Meal,motorcycle,28.01,65.0,0.0,haze,Low,5.77,12.91666667,KOL,2,11.54,0,haze,Other,0
39.0,4.8,Drinks,motorcycle,24.95,73.0,0.0,mist,Moderate,11.12,36.36666667,SUR,3,33.36,0,mist,SUR,0
37.0,5.0,Drinks,motorcycle,20.55,67.0,0.0,clear sky,Very Low,3.01,17.61666667,MYS,1,3.01,0,clear sky,MYS,0
26.0,4.9,Buffet,electric scooter,22.52,74.0,0.0,haze,Moderate,11.86,32.73333333,BANG,3,35.58,0,haze,BANG,0
20.0,4.5,Buffet,motorcycle,23.17,60.0,0.0,haze,Moderate,12.44,26.2,INDO,3,37.32,0,haze,INDO,0
33.0,4.6,Meal,motorcycle,25.99,57.0,0.0,haze,Very Low,4.93,11.23333333,VAD,1,4.93,0,haze,Other,0
38.0,4.0,Drinks,scooter,20.81,67.0,0.0,clear sky,Moderate,10.3,34.65,MYS,3,30.900000000000002,0,clear sky,MYS,0
29.0,4.6,Drinks,scooter,21.26,63.0,0.0,scattered clouds,High,18.0,43.88333333,RANCHI,4,72.0,0,clouds,RANCHI,0
37.0,3.5,Buffet,scooter,23.81,38.0,0.0,clear sky,High,21.26,33.58333333,LUDH,4,85.04,0,clear sky,Other,0
32.0,4.1,Drinks,electric scooter,24.94,73.0,0.0,mist,Low,6.63,27.35,SUR,2,13.26,0,mist,SUR,0
36.0,4.6,Drinks,motorcycle,28.99,54.0,0.0,smoke,Low,3.46,27.73333333,MUM,2,6.92,0,smoke,MUM,0
21.0,4.9,Snack,motorcycle,23.81,57.0,0.0,haze,Very Low,3.86,15.11666667,HYD,1,3.86,0,haze,HYD,0
26.0,4.7,Buffet,motorcycle,25.66,42.0,0.0,clear sky,Low,9.25,22.63333333,KNP,2,18.5,0,clear sky,Other,0
22.0,4.6,Drinks,scooter,28.45,86.0,0.0,overcast clouds,Very High,25.91,73.03333333,CHEN,5,129.55,0,clouds,CHEN,1
26.0,4.7,Snack,motorcycle,23.08,60.0,0.0,haze,Very Low,2.2,14.71666667,INDO,1,2.2,1,haze,INDO,0
21.0,4.7,Drinks,scooter,24.99,73.0,0.0,mist,Low,7.31,28.5,SUR,2,14.62,0,mist,SUR,0
29.0,4.6,Drinks,motorcycle,28.35,81.0,0.0,mist,High,13.58,47.66666667,CHEN,4,54.32,0,mist,CHEN,1
37.0,4.8,Buffet,motorcycle,29.0,54.0,0.0,smoke,Low,3.2,24.55,MUM,2,6.4,0,smoke,MUM,0
28.0,4.8,Snack,motorcycle,23.43,73.0,0.0,haze,High,13.98,41.71666667,BANG,4,55.92,0,haze,BANG,0
35.0,4.8,Buffet,scooter,24.92,73.0,0.0,mist,Low,8.23,25.95,SUR,2,16.46,0,mist,SUR,0
29.0,4.5,Buffet,electric scooter,23.95,46.0,0.0,haze,Moderate,12.74,27.21666667,JAP,3,38.22,0,haze,JAP,0
22.0,4.8,Buffet,electric scooter,23.1,49.0,0.0,clear sky,Moderate,8.57,25.06666667,PUNE,3,25.71,0,clear sky,PUNE,0
21.0,4.8,Buffet,motorcycle,24.93,73.0,0.0,mist,Moderate,12.56,30.53333333,SUR,3,37.68,0,mist,SUR,0
39.0,4.7,Buffet,scooter,28.5,82.0,0.0,overcast clouds,Very High,29.99,81.23333333,CHEN,5,149.95,0,clouds,CHEN,1
35.0,4.5,Drinks,scooter,27.73,54.0,0.0,smoke,Very High,31.67,71.48333333,MUM,5,158.35000000000002,0,smoke,MUM,1
32.0,4.1,Drinks,motorcycle,23.78,57.0,0.0,haze,Low,4.88,22.58333333,HYD,2,9.76,0,haze,HYD,0
38.0,4.8,Meal,scooter,23.88,57.0,0.0,haze,High,16.83,45.6,HYD,4,67.32,0,haze,HYD,1
36.0,4.0,Drinks,motorcycle,26.27,65.0,0.0,haze,Very High,32.94,58.15,COIMB,5,164.7,0,haze,COIMB,1
20.0,5.0,Snack,motorcycle,21.05,78.0,0.0,mist,Low,6.03,21.06666667,RANCHI,2,12.06,0,mist,RANCHI,0
35.0,4.3,Drinks,motorcycle,27.01,79.0,0.0,clear sky,Very Low,2.47,15.88333333,KOC,1,2.47,1,clear sky,Other,0
20.0,4.7,Snack,motorcycle,23.67,46.0,0.0,haze,Very Low,1.97,10.68333333,JAP,1,1.97,1,haze,JAP,0
21.0,4.7,Snack,scooter,21.26,63.0,0.0,scattered clouds,High,17.44,38.21666667,RANCHI,4,69.76,0,clouds,RANCHI,0
21.0,4.7,Meal,motorcycle,25.99,57.0,0.0,haze,Moderate,12.93,27.88333333,VAD,3,38.79,0,haze,Other,0
31.0,4.2,Buffet,scooter,22.52,74.0,0.0,haze,High,19.23,38.51666667,BANG,4,76.92,0,haze,BANG,0
30.0,4.8,Snack,scooter,22.73,74.0,0.0,haze,High,17.91,49.93333333,BANG,4,71.64,0,haze,BANG,1
36.0,4.8,Meal,scooter,23.62,46.0,0.0,haze,Low,3.76,12.05,JAP,2,7.52,0,haze,JAP,0
31.0,4.7,Meal,motorcycle,28.6,74.0,0.0,mist,Low,7.79,23.06666667,GOA,2,15.58,0,mist,Other,0
25.0,4.3,Snack,motorcycle,25.86,65.0,0.0,haze,Low,6.39,22.53333333,COIMB,2,12.78,0,haze,COIMB,0
30.0,4.4,Snack,motorcycle,20.62,67.0,0.0,clear sky,Moderate,21.84,33.5,MYS,3,65.52,0,clear sky,MYS,0
39.0,4.7,Meal,motorcycle,28.97,52.0,0.0,clear sky,High,21.95,44.06666667,MUM,4,87.8,0,clear sky,MUM,0
22.0,4.8,Buffet,electric scooter,23.36,73.0,0.0,haze,Moderate,8.11,30.31666667,BANG,3,24.33,0,haze,BANG,0
35.0,4.4,Buffet,scooter,28.69,66.0,0.0,broken clouds,High,24.53,43.23333333,GOA,4,98.12,0,clouds,Other,0
37.0,4.5,Drinks,motorcycle,23.21,44.0,0.0,clear sky,Very High,20.09,55.73333333,INDO,5,100.45,0,clear sky,INDO,1
31.0,4.0,Meal,motorcycle,20.66,60.0,0.0,haze,Very High,26.04,49.53333333,AURG,5,130.2,0,haze,Other,1
34.0,4.8,Drinks,scooter,21.22,63.0,0.0,scattered clouds,High,22.26,53.85,RANCHI,4,89.04,0,clouds,RANCHI,1
20.0,4.9,Snack,motorcycle,28.53,82.0,0.0,mist,Moderate,8.93,32.25,CHEN,3,26.79,0,mist,CHEN,0
24.0,4.8,Drinks,motorcycle,25.84,65.0,0.0,haze,Moderate,8.06,32.35,COIMB,3,24.18,0,haze,COIMB,0
30.0,4.1,Drinks,motorcycle,23.26,73.0,0.0,haze,Moderate,10.27,33.85,BANG,3,30.81,0,haze,BANG,0
22.0,4.8,Buffet,motorcycle,23.24,44.0,0.0,clear sky,High,19.05,38.95,INDO,4,76.2,0,clear sky,INDO,0
20.0,4.7,Drinks,motorcycle,20.61,67.0,0.0,clear sky,Moderate,10.08,36.01666667,MYS,3,30.240000000000002,0,clear sky,MYS,0
31.0,4.9,Buffet,scooter,25.99,65.0,0.0,haze,Moderate,13.88,31.21666667,COIMB,3,41.64,0,haze,COIMB,0
24.0,4.6,Meal,motorcycle,28.75,69.0,0.0,scattered clouds,Moderate,14.28,30.35,GOA,3,42.839999999999996,0,clouds,Other,0
26.0,4.5,Buffet,motorcycle,28.94,70.0,0.0,broken clouds,High,12.54,37.28333333,GOA,4,50.16,0,clouds,Other,0
31.0,4.9,Buffet,scooter,28.55,81.0,0.0,mist,Low,4.53,17.0,CHEN,2,9.06,0,mist,CHEN,0
25.0,4.8,Drinks,motorcycle,21.21,78.0,0.0,mist,High,18.52,44.9,RANCHI,4,74.08,0,mist,RANCHI,0
23.0,4.8,Buffet,motorcycle,23.16,60.0,0.0,haze,Very Low,2.44,11.71666667,INDO,1,2.44,1,haze,INDO,0
26.0,4.8,Meal,motorcycle,22.46,42.0,0.0,clear sky,High,13.89,36.06666667,BHP,4,55.56,0,clear sky,Other,0
32.0,4.1,Buffet,motorcycle,25.98,57.0,0.0,haze,Moderate,15.72,33.7,VAD,3,47.160000000000004,0,haze,Other,0
38.0,4.3,Drinks,motorcycle,26.06,65.0,0.0,haze,Low,9.16,30.53333333,COIMB,2,18.32,0,haze,COIMB,0
25.0,4.8,Drinks,motorcycle,22.63,74.0,0.0,haze,Low,2.7,21.71666667,BANG,2,5.4,1,haze,BANG,0
34.0,4.2,Snack,motorcycle,23.23,44.0,0.0,clear sky,High,19.08,38.88333333,INDO,4,76.32,0,clear sky,INDO,0
32.0,4.6,Buffet,motorcycle,28.97,54.0,0.0,smoke,Moderate,12.16,34.46666667,MUM,3,36.480000000000004,0,smoke,MUM,0
28.0,4.5,Drinks,motorcycle,21.17,78.0,0.0,mist,High,15.49,43.73333333,RANCHI,4,61.96,0,mist,RANCHI,0
36.0,4.0,Drinks,scooter,25.19,43.0,0.0,clear sky,High,15.56,43.16666667,ALH,4,62.24,0,clear sky,Other,0
38.0,4.8,Buffet,scooter,28.01,65.0,0.0,haze,High,17.29,39.93333333,KOL,4,69.16,0,haze,Other,0
20.0,4.9,Meal,scooter,23.21,60.0,0.0,haze,High,16.64,33.13333333,INDO,4,66.56,0,haze,INDO,0
37.0,4.8,Buffet,motorcycle,21.29,63.0,0.0,scattered clouds,Moderate,12.82,25.11666667,RANCHI,3,38.46,0,clouds,RANCHI,0
23.0,4.7,Snack,motorcycle,20.8,67.0,0.0,clear sky,Moderate,13.56,25.11666667,MYS,3,40.68,0,clear sky,MYS,0
21.0,4.9,Buffet,scooter,24.94,73.0,0.0,mist,High,16.89,39.6,SUR,4,67.56,0,mist,SUR,0
32.0,4.7,Drinks,motorcycle,22.55,41.0,0.0,clear sky,Moderate,19.96,38.46666667,BHP,3,59.88,0,clear sky,Other,0
37.0,4.9,Meal,motorcycle,25.97,37.0,0.0,clear sky,Low,6.38,16.83333333,AGR,2,12.76,0,clear sky,Other,0
29.0,4.9,Meal,motorcycle,23.3,44.0,0.0,clear sky,Very High,30.35,55.45,INDO,5,151.75,0,clear sky,INDO,1
28.0,4.8,Snack,motorcycle,23.86,38.0,0.0,clear sky,Moderate,12.66,33.13333333,LUDH,3,37.980000000000004,0,clear sky,Other,0
22.0,4.7,Drinks,scooter,22.15,74.0,0.0,haze,High,18.4,43.73333333,BANG,4,73.6,0,haze,BANG,0
39.0,4.2,Drinks,electric scooter,25.62,42.0,0.0,clear sky,High,14.22,42.56666667,KNP,4,56.88,0,clear sky,Other,0
36.0,4.8,Buffet,scooter,21.82,60.0,0.0,haze,Low,8.59,23.18333333,AURG,2,17.18,0,haze,Other,0
24.0,4.9,Drinks,scooter,24.96,73.0,0.0,mist,Low,5.03,25.3,SUR,2,10.06,0,mist,SUR,0
38.0,3.8,Buffet,motorcycle,28.59,54.0,0.0,smoke,Very High,22.14,67.53333333,MUM,5,110.7,0,smoke,MUM,1
29.0,4.6,Snack,motorcycle,25.97,57.0,0.0,haze,Moderate,18.17,35.58333333,VAD,3,54.510000000000005,0,haze,Other,0
33.0,4.8,Meal,scooter,23.09,48.0,0.0,clear sky,High,15.98,41.61666667,PUNE,4,63.92,0,clear sky,PUNE,0
35.0,4.8,Meal,scooter,28.86,54.0,0.0,smoke,Very High,29.04,61.41666667,MUM,5,145.2,0,smoke,MUM,1
26.0,5.0,Meal,motorcycle,22.91,74.0,0.0,haze,Low,5.6,15.61666667,BANG,2,11.2,0,haze,BANG,0
27.0,4.9,Meal,motorcycle,23.72,28.0,0.0,clear sky,High,17.26,31.11666667,JAP,4,69.04,0,clear sky,JAP,0
28.0,4.6,Meal,scooter,21.6,60.0,0.0,haze,Moderate,12.37,25.45,AURG,3,37.11,0,haze,Other,0
28.0,3.3,Buffet,scooter,28.45,82.0,0.0,overcast clouds,High,18.38,44.95,CHEN,4,73.52,0,clouds,CHEN,0
27.0,4.8,Drinks,motorcycle,25.97,37.0,0.0,clear sky,Moderate,8.63,33.73333333,AGR,3,25.89,0,clear sky,Other,0
28.0,5.0,Buffet,motorcycle,28.75,54.0,0.0,smoke,Very High,16.91,57.91666667,MUM,5,84.55,0,smoke,MUM,1
25.0,4.5,Drinks,scooter,16.05,79.0,0.0,clear sky,Low,5.2,21.2,DEH,2,10.4,0,clear sky,Other,0
35.0,4.7,Snack,motorcycle,28.9,68.0,0.0,broken clouds,High,22.97,50.73333333,GOA,4,91.88,0,clouds,Other,1
24.0,4.2,Meal,scooter,22.89,48.0,0.0,clear sky,Very High,21.17,48.45,PUNE,5,105.85000000000001,0,clear sky,PUNE,1
27.0,4.5,Meal,motorcycle,24.93,73.0,0.0,mist,Low,6.42,18.98333333,SUR,2,12.84,0,mist,SUR,0
35.0,4.7,Drinks,motorcycle,25.99,65.0,0.0,haze,High,17.97,43.63333333,COIMB,4,71.88,0,haze,COIMB,0
27.0,4.9,Snack,scooter,23.58,46.0,0.0,haze,Low,6.46,19.48333333,JAP,2,12.92,0,haze,JAP,0
31.0,5.0,Buffet,electric scooter,23.03,48.0,0.0,clear sky,Moderate,10.22,27.86666667,PUNE,3,30.660000000000004,0,clear sky,PUNE,0
26.0,4.8,Meal,motorcycle,23.03,48.0,0.0,clear sky,Moderate,10.05,25.6,PUNE,3,30.150000000000002,0,clear sky,PUNE,0
28.0,4.7,Meal,motorcycle,20.61,67.0,0.0,clear sky,Low,6.79,15.48333333,MYS,2,13.58,0,clear sky,MYS,0
36.0,4.1,Meal,scooter,25.84,65.0,0.0,haze,Moderate,8.06,23.35,COIMB,3,24.18,0,haze,COIMB,0
35.0,4.7,Drinks,motorcycle,21.25,78.0,0.0,mist,High,23.65,57.75,RANCHI,4,94.6,0,mist,RANCHI,1
23.0,4.8,Buffet,motorcycle,24.93,73.0,0.0,mist,Moderate,14.17,35.38333333,SUR,3,42.51,0,mist,SUR,0
20.0,4.1,Buffet,motorcycle,23.08,60.0,0.0,haze,High,13.69,35.48333333,INDO,4,54.76,0,haze,INDO,0
35.0,4.3,Buffet,motorcycle,23.95,28.0,0.0,clear sky,High,20.53,43.83333333,JAP,4,82.12,0,clear sky,JAP,0
28.0,4.9,Snack,motorcycle,28.42,81.0,0.0,mist,Low,5.08,19.36666667,CHEN,2,10.16,0,mist,CHEN,0
36.0,5.0,Meal,motorcycle,22.86,74.0,0.0,haze,Very High,24.77,61.28333333,BANG,5,123.85,0,haze,BANG,1
25.0,4.7,Drinks,scooter,23.08,60.0,0.0,haze,Low,6.09,28.71666667,INDO,2,12.18,0,haze,INDO,0
23.0,4.9,Drinks,electric scooter,28.93,54.0,0.0,smoke,High,10.35,47.38333333,MUM,4,41.4,0,smoke,MUM,1
27.0,4.7,Buffet,motorcycle,24.95,73.0,0.0,mist,Moderate,10.6,27.85,SUR,3,31.799999999999997,0,mist,SUR,0
31.0,4.6,Snack,motorcycle,25.3,44.0,0.0,clear sky,High,16.02,37.18333333,ALH,4,64.08,0,clear sky,Other,0
21.0,4.2,Drinks,motorcycle,23.68,46.0,0.0,haze,Low,3.98,22.3,JAP,2,7.96,0,haze,JAP,0
33.0,4.6,Meal,electric scooter,21.69,73.0,0.0,haze,High,23.97,41.26666667,BANG,4,95.88,0,haze,BANG,0
31.0,4.8,Meal,motorcycle,22.58,74.0,0.0,haze,High,11.84,39.61666667,BANG,4,47.36,0,haze,BANG,0
32.0,4.9,Drinks,scooter,24.99,73.0,0.0,mist,Very Low,1.85,18.56666667,SUR,1,1.85,1,mist,SUR,0
21.0,4.5,Snack,motorcycle,20.23,67.0,0.0,clear sky,High,25.51,45.08333333,MYS,4,102.04,0,clear sky,MYS,1
39.0,3.5,Buffet,motorcycle,23.68,57.0,0.0,haze,High,16.52,44.26666667,HYD,4,66.08,0,haze,HYD,0
37.0,4.8,Drinks,scooter,25.0,73.0,0.0,mist,Moderate,13.46,41.7,SUR,3,40.38,0,mist,SUR,0
31.0,4.6,Snack,motorcycle,28.53,81.0,0.0,mist,High,16.51,38.86666667,CHEN,4,66.04,0,mist,CHEN,0
33.0,5.0,Snack,motorcycle,26.19,65.0,0.0,haze,High,25.22,50.31666667,COIMB,4,100.88,0,haze,COIMB,1
29.0,4.9,Buffet,motorcycle,23.09,48.0,0.0,clear sky,High,18.87,43.25,PUNE,4,75.48,0,clear sky,PUNE,0
25.0,4.8,Snack,motorcycle,23.58,47.0,0.0,clear sky,High,22.85,42.65,PUNE,4,91.4,0,clear sky,PUNE,0
33.0,4.7,Snack,scooter,23.64,57.0,0.0,haze,Very Low,2.62,14.86666667,HYD,1,2.62,1,haze,HYD,0
26.0,5.0,Buffet,motorcycle,23.55,57.0,0.0,haze,Very High,25.61,53.95,HYD,5,128.05,0,haze,HYD,1
28.0,4.7,Meal,motorcycle,29.01,54.0,0.0,smoke,Moderate,14.28,34.45,MUM,3,42.839999999999996,0,smoke,MUM,0
37.0,5.0,Buffet,motorcycle,26.08,65.0,0.0,haze,Moderate,14.03,31.75,COIMB,3,42.089999999999996,0,haze,COIMB,0
26.0,4.8,Buffet,scooter,26.01,57.0,0.0,haze,Moderate,11.75,26.6,VAD,3,35.25,0,haze,Other,0
38.0,4.9,Snack,motorcycle,20.38,67.0,0.0,clear sky,Very Low,3.15,13.98333333,MYS,1,3.15,0,clear sky,MYS,0
30.0,4.6,Buffet,motorcycle,23.18,44.0,0.0,clear sky,High,17.05,40.41666667,INDO,4,68.2,0,clear sky,INDO,0
32.0,4.9,Buffet,motorcycle,22.97,48.0,0.0,clear sky,Very High,29.83,69.93333333,PUNE,5,149.14999999999998,0,clear sky,PUNE,1
27.0,4.9,Snack,scooter,28.47,81.0,0.0,mist,Very Low,1.88,12.16666667,CHEN,1,1.88,1,mist,CHEN,0
23.0,4.9,Drinks,scooter,29.05,53.0,0.0,clear sky,Very High,32.34,83.03333333,MUM,5,161.70000000000002,0,clear sky,MUM,1
35.0,4.6,Buffet,electric scooter,28.4,86.0,0.0,overcast clouds,Very High,26.14,55.51666667,CHEN,5,130.7,0,clouds,CHEN,1
35.0,4.8,Buffet,scooter,21.05,78.0,0.0,mist,Moderate,10.0,26.5,RANCHI,3,30.0,0,mist,RANCHI,0
35.0,4.3,Snack,scooter,25.94,57.0,0.0,haze,High,23.45,43.36666667,VAD,4,93.8,0,haze,Other,0
29.0,4.6,Snack,scooter,25.84,65.0,0.0,haze,Moderate,8.14,29.36666667,COIMB,3,24.42,0,haze,COIMB,0
20.0,4.8,Snack,motorcycle,22.59,74.0,0.0,haze,Moderate,11.15,31.1,BANG,3,33.45,0,haze,BANG,0
28.0,4.6,Buffet,motorcycle,26.01,65.0,0.0,haze,High,16.24,37.3,COIMB,4,64.96,0,haze,COIMB,0
28.0,4.8,Drinks,scooter,28.4,81.0,0.0,mist,Moderate,9.7,33.6,CHEN,3,29.099999999999998,0,mist,CHEN,0
27.0,4.8,Drinks,motorcycle,28.04,54.0,0.0,smoke,Very High,16.77,68.73333333,MUM,5,83.85,0,smoke,MUM,1
24.0,4.7,Drinks,electric scooter,23.69,57.0,0.0,haze,Very High,30.66,72.6,HYD,5,153.3,0,haze,HYD,1
39.0,4.4,Snack,motorcycle,28.52,82.0,0.0,overcast clouds,Very High,30.52,81.95,CHEN,5,152.6,0,clouds,CHEN,1
28.0,5.0,Snack,motorcycle,23.39,47.0,0.0,clear sky,High,17.13,45.2,PUNE,4,68.52,0,clear sky,PUNE,1
39.0,4.1,Meal,scooter,23.39,47.0,0.0,clear sky,Very High,19.73,50.11666667,PUNE,5,98.65,0,clear sky,PUNE,1
34.0,4.3,Snack,motorcycle,23.81,46.0,0.0,haze,Moderate,10.87,29.41666667,JAP,3,32.61,0,haze,JAP,0
29.0,4.8,Drinks,scooter,25.84,65.0,0.0,haze,Low,4.9,23.53333333,COIMB,2,9.8,0,haze,COIMB,0
29.0,5.0,Drinks,scooter,25.71,42.0,0.0,clear sky,Moderate,10.26,32.66666667,KNP,3,30.78,0,clear sky,Other,0
31.0,4.7,Meal,motorcycle,23.09,48.0,0.0,clear sky,High,12.48,33.91666667,PUNE,4,49.92,0,clear sky,PUNE,0
35.0,4.1,Meal,motorcycle,22.36,74.0,0.0,haze,High,20.88,45.63333333,BANG,4,83.52,0,haze,BANG,1
25.0,4.9,Buffet,motorcycle,25.84,65.0,0.0,haze,Low,9.36,23.58333333,COIMB,2,18.72,0,haze,COIMB,0
38.0,4.4,Drinks,motorcycle,25.02,44.0,0.0,clear sky,Very High,31.86,59.71666667,ALH,5,159.3,0,clear sky,Other,1
29.0,4.6,Meal,motorcycle,28.46,81.0,0.0,mist,Very Low,2.29,13.38333333,CHEN,1,2.29,1,mist,CHEN,0
37.0,4.6,Buffet,scooter,24.93,42.0,0.0,clear sky,High,16.73,36.53333333,SUR,4,66.92,0,clear sky,SUR,0
28.0,4.3,Buffet,motorcycle,24.05,38.0,0.0,clear sky,Low,5.65,15.0,LUDH,2,11.3,0,clear sky,Other,0
25.0,4.9,Buffet,motorcycle,23.11,60.0,0.0,haze,Moderate,18.25,32.63333333,INDO,3,54.75,0,haze,INDO,0
28.0,4.9,Meal,motorcycle,21.25,63.0,0.0,scattered clouds,High,19.08,36.98333333,RANCHI,4,76.32,0,clouds,RANCHI,0
22.0,5.0,Buffet,motorcycle,28.57,81.0,0.0,mist,Moderate,12.07,31.41666667,CHEN,3,36.21,0,mist,CHEN,0
29.0,4.6,Meal,motorcycle,25.91,57.0,0.0,haze,High,24.93,40.63333333,VAD,4,99.72,0,haze,Other,0
23.0,4.8,Snack,motorcycle,21.25,63.0,0.0,scattered clouds,High,19.08,40.96666667,RANCHI,4,76.32,0,clouds,RANCHI,0
35.0,4.7,Meal,motorcycle,25.96,37.0,0.0,clear sky,Moderate,20.74,24.85,AGR,3,62.22,0,clear sky,Other,0
30.0,4.6,Meal,electric scooter,20.61,67.0,0.0,clear sky,Moderate,9.8,21.13333333,MYS,3,29.400000000000002,0,clear sky,MYS,0
31.0,4.8,Snack,motorcycle,25.99,57.0,0.0,haze,Moderate,13.04,29.8,VAD,3,39.12,0,haze,Other,0
24.0,5.0,Meal,motorcycle,23.94,29.0,0.0,clear sky,High,28.09,45.58333333,JAP,4,112.36,0,clear sky,JAP,1
38.0,4.6,Drinks,scooter,25.93,65.0,0.0,haze,Very Low,3.04,19.96666667,COIMB,1,3.04,0,haze,COIMB,0
23.0,4.6,Buffet,motorcycle,28.97,74.0,0.0,mist,Low,9.51,25.68333333,GOA,2,19.02,0,mist,Other,0
22.0,4.6,Drinks,motorcycle,28.99,54.0,0.0,smoke,Moderate,7.88,35.53333333,MUM,3,23.64,0,smoke,MUM,0
33.0,4.5,Snack,motorcycle,23.58,47.0,0.0,clear sky,Very High,28.93,55.35,PUNE,5,144.65,0,clear sky,PUNE,1
24.0,4.8,Buffet,scooter,23.26,73.0,0.0,haze,High,13.11,38.78333333,BANG,4,52.44,0,haze,BANG,0
33.0,4.8,Meal,scooter,28.4,82.0,0.0,mist,Moderate,8.86,29.16666667,CHEN,3,26.58,0,mist,CHEN,0
26.0,4.4,Drinks,motorcycle,23.15,74.0,0.0,haze,High,18.36,54.38333333,BANG,4,73.44,0,haze,BANG,1
24.0,4.6,Drinks,motorcycle,20.55,67.0,0.0,clear sky,Low,4.96,23.1,MYS,2,9.92,0,clear sky,MYS,0
36.0,4.5,Drinks,scooter,28.49,81.0,0.0,mist,Moderate,11.98,39.51666667,CHEN,3,35.94,0,mist,CHEN,0
29.0,4.4,Snack,scooter,22.77,74.0,0.0,haze,High,17.57,46.1,BANG,4,70.28,0,haze,BANG,1
26.0,4.5,Buffet,scooter,21.18,78.0,0.0,mist,Moderate,19.02,35.75,RANCHI,3,57.06,0,mist,RANCHI,0
23.0,4.7,Snack,motorcycle,22.75,49.0,0.0,clear sky,High,17.7,39.65,PUNE,4,70.8,0,clear sky,PUNE,0
24.0,4.7,Snack,scooter,25.99,65.0,0.0,haze,Moderate,13.88,33.21666667,COIMB,3,41.64,0,haze,COIMB,0
24.0,4.9,Buffet,scooter,24.92,73.0,0.0,mist,Low,9.13,25.1,SUR,2,18.26,0,mist,SUR,0
38.0,4.1,Drinks,motorcycle,25.46,43.0,0.0,clear sky,Moderate,6.95,30.03333333,ALH,3,20.85,0,clear sky,Other,0
28.0,4.6,Drinks,motorcycle,26.1,37.0,0.0,clear sky,Low,9.42,25.86666667,AGR,2,18.84,0,clear sky,Other,0
30.0,4.1,Drinks,motorcycle,23.8,28.0,0.0,clear sky,Very High,26.62,60.33333333,JAP,5,133.1,0,clear sky,JAP,1
29.0,4.9,Meal,motorcycle,28.79,67.0,0.0,broken clouds,Very High,28.11,50.36666667,GOA,5,140.55,0,clouds,Other,1
26.0,4.8,Drinks,electric scooter,22.99,74.0,0.0,haze,Low,4.96,22.88333333,BANG,2,9.92,0,haze,BANG,0
27.0,4.9,Buffet,motorcycle,22.91,49.0,0.0,clear sky,Moderate,10.6,29.11666667,PUNE,3,31.799999999999997,0,clear sky,PUNE,0
27.0,4.6,Drinks,motorcycle,28.35,82.0,0.0,overcast clouds,Very High,23.8,60.81666667,CHEN,5,119.0,0,clouds,CHEN,1
23.0,4.7,Drinks,motorcycle,26.01,65.0,0.0,haze,High,16.18,45.1,COIMB,4,64.72,0,haze,COIMB,1
32.0,4.3,Meal,motorcycle,22.98,48.0,0.0,clear sky,Very High,20.33,60.96666667,PUNE,5,101.64999999999999,0,clear sky,PUNE,1
23.0,4.9,Snack,motorcycle,23.4,46.0,0.0,haze,Moderate,11.36,30.33333333,JAP,3,34.08,0,haze,JAP,0
31.0,4.0,Buffet,motorcycle,20.51,67.0,0.0,clear sky,High,23.28,35.11666667,MYS,4,93.12,0,clear sky,MYS,0
39.0,4.1,Drinks,motorcycle,20.61,67.0,0.0,clear sky,Moderate,12.88,38.23333333,MYS,3,38.64,0,clear sky,MYS,0
23.0,4.8,Buffet,motorcycle,26.01,65.0,0.0,haze,Moderate,12.91,29.91666667,COIMB,3,38.730000000000004,0,haze,COIMB,0
23.0,4.7,Snack,scooter,20.23,67.0,0.0,clear sky,High,26.19,42.1,MYS,4,104.76,0,clear sky,MYS,0
31.0,4.6,Meal,motorcycle,28.81,53.0,0.0,clear sky,High,14.75,32.06666667,MUM,4,59.0,0,clear sky,MUM,0
25.0,4.6,Buffet,motorcycle,24.95,73.0,0.0,mist,Very High,20.14,52.6,SUR,5,100.7,0,mist,SUR,1
21.0,4.9,Buffet,motorcycle,23.67,39.0,0.0,clear sky,Very High,24.23,53.11666667,LUDH,5,121.15,0,clear sky,Other,1
30.0,4.2,Drinks,scooter,21.23,63.0,0.0,scattered clouds,High,21.4,51.46666667,RANCHI,4,85.6,0,clouds,RANCHI,1
36.0,4.4,Snack,motorcycle,25.99,65.0,0.0,haze,Moderate,15.31,35.23333333,COIMB,3,45.93,0,haze,COIMB,0
39.0,4.1,Snack,motorcycle,22.51,48.0,0.0,clear sky,High,21.63,47.7,PUNE,4,86.52,0,clear sky,PUNE,1
32.0,4.7,Meal,electric scooter,21.09,78.0,0.0,mist,Moderate,10.79,28.7,RANCHI,3,32.37,0,mist,RANCHI,0
29.0,5.0,Meal,scooter,23.9,46.0,0.0,haze,Moderate,15.53,30.76666667,JAP,3,46.589999999999996,0,haze,JAP,0
20.0,4.6,Drinks,motorcycle,23.93,28.0,0.0,clear sky,High,16.25,42.76666667,JAP,4,65.0,0,clear sky,JAP,0
22.0,4.8,Buffet,motorcycle,24.59,88.0,0.0,few clouds,High,19.02,45.21666667,KOC,4,76.08,0,clouds,Other,1
23.0,4.7,Snack,motorcycle,23.07,60.0,0.0,haze,Low,4.26,20.4,INDO,2,8.52,0,haze,INDO,0
34.0,4.7,Buffet,scooter,25.53,38.0,0.0,clear sky,High,28.62,39.51666667,AGR,4,114.48,0,clear sky,Other,0
29.0,5.0,Drinks,motorcycle,23.97,46.0,0.0,haze,Moderate,12.55,37.05,JAP,3,37.650000000000006,0,haze,JAP,0
31.0,5.0,Snack,scooter,27.98,65.0,0.0,haze,Moderate,6.14,26.1,KOL,3,18.419999999999998,0,haze,Other,0
22.0,4.7,Meal,scooter,20.8,67.0,0.0,clear sky,Moderate,16.25,27.61666667,MYS,3,48.75,0,clear sky,MYS,0
37.0,4.2,Drinks,electric scooter,28.36,82.0,0.0,overcast clouds,High,14.27,56.2,CHEN,4,57.08,0,clouds,CHEN,1
35.0,4.7,Snack,motorcycle,23.21,44.0,0.0,clear sky,Moderate,16.86,32.7,INDO,3,50.58,0,clear sky,INDO,0
23.0,4.9,Snack,scooter,22.86,74.0,0.0,haze,High,15.95,44.41666667,BANG,4,63.8,0,haze,BANG,0
33.0,4.1,Meal,motorcycle,25.0,73.0,0.0,mist,Moderate,13.46,31.83333333,SUR,3,40.38,0,mist,SUR,0
33.0,4.6,Meal,electric scooter,24.93,73.0,0.0,mist,Low,5.44,16.98333333,SUR,2,10.88,0,mist,SUR,0
33.0,4.0,Buffet,motorcycle,20.81,67.0,0.0,clear sky,Very High,18.25,48.15,MYS,5,91.25,0,clear sky,MYS,1
27.0,4.6,Snack,motorcycle,28.36,54.0,0.0,smoke,Very High,30.61,84.21666667,MUM,5,153.05,0,smoke,MUM,1
35.0,4.9,Drinks,motorcycle,25.97,65.0,0.0,haze,Moderate,11.89,35.4,COIMB,3,35.67,0,haze,COIMB,0
26.0,4.1,Snack,electric scooter,24.94,73.0,0.0,mist,High,16.11,41.0,SUR,4,64.44,0,mist,SUR,0
30.0,3.8,Meal,scooter,23.21,60.0,0.0,haze,Moderate,15.88,30.31666667,INDO,3,47.64,0,haze,INDO,0
23.0,4.8,Buffet,electric scooter,24.97,73.0,0.0,mist,Low,6.65,21.06666667,SUR,2,13.3,0,mist,SUR,0
21.0,4.7,Meal,motorcycle,22.99,73.0,0.0,haze,Very Low,1.79,6.6,BANG,1,1.79,1,haze,BANG,0
28.0,4.6,Drinks,scooter,23.1,49.0,0.0,clear sky,Moderate,9.82,32.01666667,PUNE,3,29.46,0,clear sky,PUNE,0
37.0,4.7,Buffet,electric scooter,22.66,74.0,0.0,haze,Moderate,10.3,25.83333333,BANG,3,30.900000000000002,0,haze,BANG,0
26.0,4.7,Snack,scooter,21.27,78.0,0.0,mist,High,10.34,40.1,RANCHI,4,41.36,0,mist,RANCHI,0
35.0,4.8,Snack,motorcycle,24.91,86.0,0.0,clear sky,Moderate,12.71,29.83333333,KOC,3,38.13,0,clear sky,Other,0
34.0,4.7,Drinks,motorcycle,17.44,76.0,0.0,clear sky,Very Low,3.63,17.96666667,DEH,1,3.63,0,clear sky,Other,0
32.0,4.9,Drinks,motorcycle,25.02,44.0,0.0,clear sky,Very High,24.75,55.26666667,ALH,5,123.75,0,clear sky,Other,1
26.0,4.7,Buffet,scooter,20.55,67.0,0.0,clear sky,Low,4.96,16.1,MYS,2,9.92,0,clear sky,MYS,0
29.0,4.7,Snack,scooter,24.99,73.0,0.0,mist,Very Low,3.3,15.75,SUR,1,3.3,0,mist,SUR,0
38.0,4.5,Snack,motorcycle,25.53,38.0,0.0,clear sky,High,28.62,41.88333333,AGR,4,114.48,0,clear sky,Other,0
29.0,4.2,Buffet,motorcycle,23.81,46.0,0.0,haze,Moderate,10.7,31.1,JAP,3,32.099999999999994,0,haze,JAP,0
26.0,4.3,Meal,motorcycle,22.68,49.0,0.0,clear sky,Moderate,13.2,26.05,PUNE,3,39.599999999999994,0,clear sky,PUNE,0
35.0,4.9,Drinks,motorcycle,25.93,57.0,0.0,haze,High,24.44,49.1,VAD,4,97.76,0,haze,Other,1
26.0,4.8,Snack,scooter,23.9,38.0,0.0,clear sky,Moderate,11.5,26.1,LUDH,3,34.5,0,clear sky,Other,0
29.0,4.8,Drinks,scooter,23.13,60.0,0.0,haze,High,16.66,44.31666667,INDO,4,66.64,0,haze,INDO,0
22.0,5.0,Snack,motorcycle,24.92,73.0,0.0,mist,Low,9.13,27.18333333,SUR,2,18.26,0,mist,SUR,0
29.0,4.6,Meal,bicycle,23.39,47.0,0.0,clear sky,High,14.96,37.26666667,PUNE,4,59.84,0,clear sky,PUNE,0
22.0,5.0,Drinks,scooter,23.78,57.0,0.0,haze,Low,4.88,22.58333333,HYD,2,9.76,0,haze,HYD,0
26.0,4.9,Meal,motorcycle,23.67,46.0,0.0,haze,Very Low,1.97,6.683333333,JAP,1,1.97,1,haze,JAP,0
22.0,4.9,Meal,scooter,23.73,57.0,0.0,haze,Low,6.97,17.98333333,HYD,2,13.94,0,haze,HYD,0
37.0,4.6,Buffet,motorcycle,20.61,67.0,0.0,clear sky,High,13.43,36.0,MYS,4,53.72,0,clear sky,MYS,0
35.0,4.7,Buffet,scooter,26.08,65.0,0.0,haze,Moderate,14.78,31.28333333,COIMB,3,44.339999999999996,0,haze,COIMB,0
23.0,5.0,Drinks,scooter,24.91,73.0,0.0,mist,Very Low,2.2,20.58333333,SUR,1,2.2,1,mist,SUR,0
20.0,4.1,Meal,scooter,23.83,29.0,0.0,clear sky,Very High,29.44,46.73333333,JAP,5,147.20000000000002,0,clear sky,JAP,1
29.0,4.6,Meal,electric scooter,23.65,57.0,0.0,haze,Very High,22.49,53.15,HYD,5,112.44999999999999,0,haze,HYD,1
33.0,4.9,Meal,scooter,20.61,67.0,0.0,clear sky,High,16.95,39.1,MYS,4,67.8,0,clear sky,MYS,0
22.0,4.2,Meal,motorcycle,26.01,65.0,0.0,haze,Moderate,7.94,24.13333333,COIMB,3,23.82,0,haze,COIMB,0
33.0,3.9,Meal,scooter,23.46,39.0,0.0,clear sky,Very High,44.75,54.91666667,LUDH,5,223.75,0,clear sky,Other,1
37.0,4.7,Snack,scooter,28.44,82.0,0.0,overcast clouds,Very High,22.5,64.65,CHEN,5,112.5,0,clouds,CHEN,1
20.0,4.9,Meal,motorcycle,21.17,78.0,0.0,mist,High,15.49,34.75,RANCHI,4,61.96,0,mist,RANCHI,0
36.0,4.8,Drinks,electric scooter,23.69,57.0,0.0,haze,Very High,30.66,72.46666667,HYD,5,153.3,0,haze,HYD,1
37.0,4.4,Meal,scooter,22.68,49.0,0.0,clear sky,High,15.81,33.1,PUNE,4,63.24,0,clear sky,PUNE,0
23.0,2.8,Snack,motorcycle,23.81,38.0,0.0,clear sky,Moderate,14.5,33.73333333,LUDH,3,43.5,0,clear sky,Other,0
29.0,4.6,Buffet,motorcycle,28.86,54.0,0.0,smoke,Very High,26.66,63.58333333,MUM,5,133.3,0,smoke,MUM,1
20.0,4.6,Buffet,motorcycle,24.95,73.0,0.0,mist,Low,6.21,19.46666667,SUR,2,12.42,0,mist,SUR,0
25.0,4.9,Meal,scooter,20.38,67.0,0.0,clear sky,Very Low,3.15,9.983333333,MYS,1,3.15,0,clear sky,MYS,0
23.0,4.1,Buffet,scooter,20.8,67.0,0.0,clear sky,Moderate,16.25,29.6,MYS,3,48.75,0,clear sky,MYS,0
28.0,4.9,Buffet,scooter,23.71,57.0,0.0,haze,Moderate,11.31,32.15,HYD,3,33.93,0,haze,HYD,0
32.0,4.6,Drinks,motorcycle,28.99,54.0,0.0,smoke,Moderate,10.12,39.4,MUM,3,30.36,0,smoke,MUM,0
26.0,4.5,Meal,motorcycle,23.8,57.0,0.0,haze,Moderate,8.45,22.35,HYD,3,25.349999999999998,0,haze,HYD,0
29.0,4.6,Buffet,motorcycle,28.36,81.0,0.0,mist,High,16.71,48.31666667,CHEN,4,66.84,0,mist,CHEN,1
22.0,4.6,Drinks,motorcycle,21.04,78.0,0.0,mist,Low,3.87,27.1,RANCHI,2,7.74,0,mist,RANCHI,0
27.0,4.9,Drinks,scooter,26.08,65.0,0.0,haze,Moderate,14.78,38.28333333,COIMB,3,44.339999999999996,0,haze,COIMB,0
28.0,4.9,Drinks,scooter,23.15,60.0,0.0,haze,High,16.74,45.33333333,INDO,4,66.96,0,haze,INDO,1
26.0,4.8,Meal,motorcycle,26.03,57.0,0.0,haze,Low,8.46,19.11666667,VAD,2,16.92,0,haze,Other,0
26.0,4.7,Meal,motorcycle,20.23,67.0,0.0,clear sky,High,26.19,38.16666667,MYS,4,104.76,0,clear sky,MYS,0
20.0,5.0,Snack,electric scooter,28.92,54.0,0.0,smoke,Very Low,2.15,18.96666667,MUM,1,2.15,1,smoke,MUM,0
25.0,4.5,Snack,electric scooter,28.81,70.0,0.0,scattered clouds,Very Low,2.76,16.38333333,GOA,1,2.76,1,clouds,Other,0
21.0,3.7,Drinks,motorcycle,22.98,74.0,0.0,haze,High,12.58,42.21666667,BANG,4,50.32,0,haze,BANG,0
31.0,4.0,Drinks,motorcycle,28.98,54.0,0.0,smoke,Moderate,7.3,36.06666667,MUM,3,21.9,0,smoke,MUM,0
25.0,3.2,Meal,scooter,20.7,67.0,0.0,clear sky,Very High,26.72,51.65,MYS,5,133.6,0,clear sky,MYS,1
29.0,4.6,Snack,scooter,23.83,46.0,0.0,haze,Moderate,12.43,29.46666667,JAP,3,37.29,0,haze,JAP,0
35.0,4.7,Drinks,scooter,23.82,57.0,0.0,haze,Very Low,2.13,17.38333333,HYD,1,2.13,1,haze,HYD,0
36.0,4.1,Buffet,motorcycle,25.99,57.0,0.0,haze,Moderate,13.82,33.36666667,VAD,3,41.46,0,haze,Other,0
23.0,5.0,Meal,motorcycle,24.93,43.0,0.0,clear sky,High,17.73,35.25,SUR,4,70.92,0,clear sky,SUR,0
32.0,4.7,Snack,electric scooter,25.96,57.0,0.0,haze,Moderate,16.86,33.68333333,VAD,3,50.58,0,haze,Other,0
22.0,4.9,Buffet,motorcycle,23.68,46.0,0.0,haze,Low,6.11,17.68333333,JAP,2,12.22,0,haze,JAP,0
30.0,4.7,Drinks,scooter,28.43,75.0,0.0,overcast clouds,Very High,29.14,80.86666667,CHEN,5,145.7,0,clouds,CHEN,1
21.0,4.2,Meal,electric scooter,28.49,82.0,0.0,overcast clouds,Very High,30.86,75.31666667,CHEN,5,154.3,0,clouds,CHEN,1
30.0,3.7,Meal,scooter,20.58,68.0,0.0,clear sky,High,19.64,40.28333333,MYS,4,78.56,0,clear sky,MYS,0
26.0,4.9,Buffet,motorcycle,23.95,28.0,0.0,clear sky,High,20.18,43.16666667,JAP,4,80.72,0,clear sky,JAP,0
20.0,4.6,Meal,scooter,20.56,68.0,0.0,clear sky,Very High,19.25,55.68333333,MYS,5,96.25,0,clear sky,MYS,1
35.0,4.7,Drinks,motorcycle,23.18,60.0,0.0,haze,High,17.09,48.36666667,INDO,4,68.36,0,haze,INDO,1
25.0,4.6,Drinks,scooter,25.44,42.0,0.0,clear sky,Moderate,11.41,33.31666667,KNP,3,34.230000000000004,0,clear sky,Other,0
32.0,4.0,Snack,motorcycle,20.55,67.0,0.0,clear sky,Low,4.74,16.7,MYS,2,9.48,0,clear sky,MYS,0
20.0,4.8,Drinks,motorcycle,23.09,60.0,0.0,haze,Moderate,11.77,37.23333333,INDO,3,35.31,0,haze,INDO,0
21.0,4.7,Snack,motorcycle,23.81,38.0,0.0,clear sky,Moderate,13.1,30.51666667,LUDH,3,39.3,0,clear sky,Other,0
25.0,4.7,Meal,motorcycle,25.96,65.0,0.0,haze,Moderate,11.45,26.41666667,COIMB,3,34.349999999999994,0,haze,COIMB,0
31.0,5.0,Meal,scooter,25.86,65.0,0.0,haze,Low,6.22,20.96666667,COIMB,2,12.44,0,haze,COIMB,0
32.0,4.8,Meal,motorcycle,20.62,67.0,0.0,clear sky,Moderate,20.5,23.8,MYS,3,61.5,0,clear sky,MYS,0
25.0,4.0,Meal,motorcycle,27.99,65.0,0.0,haze,Moderate,10.14,30.1,KOL,3,30.42,0,haze,Other,0
27.0,4.6,Drinks,scooter,23.96,57.0,0.0,haze,Moderate,12.95,37.93333333,HYD,3,38.849999999999994,0,haze,HYD,0
32.0,4.2,Drinks,motorcycle,20.38,67.0,0.0,clear sky,Low,4.9,21.88333333,MYS,2,9.8,0,clear sky,MYS,0
24.0,4.8,Meal,motorcycle,26.01,57.0,0.0,haze,Very Low,4.0,9.6,VAD,1,4.0,0,haze,Other,0
34.0,4.5,Drinks,motorcycle,28.49,81.0,0.0,mist,Very High,19.89,67.15,CHEN,5,99.45,0,mist,CHEN,1
25.0,4.7,Buffet,motorcycle,28.86,54.0,0.0,smoke,Very High,29.59,63.13333333,MUM,5,147.95,0,smoke,MUM,1
25.0,5.0,Meal,motorcycle,24.95,73.0,0.0,mist,Moderate,13.54,31.45,SUR,3,40.62,0,mist,SUR,0
38.0,4.8,Snack,scooter,23.61,46.0,0.0,haze,Low,8.25,22.96666667,JAP,2,16.5,0,haze,JAP,0
24.0,4.6,Snack,scooter,21.14,78.0,0.0,mist,Low,5.55,25.03333333,RANCHI,2,11.1,0,mist,RANCHI,0
35.0,4.7,Meal,scooter,23.55,57.0,0.0,haze,Very High,25.61,52.13333333,HYD,5,128.05,0,haze,HYD,1
21.0,4.7,Snack,motorcycle,24.99,73.0,0.0,mist,Low,7.31,23.58333333,SUR,2,14.62,0,mist,SUR,0
29.0,4.6,Buffet,motorcycle,23.71,57.0,0.0,haze,Moderate,11.31,32.16666667,HYD,3,33.93,0,haze,HYD,0
38.0,4.9,Buffet,motorcycle,20.61,67.0,0.0,clear sky,Low,10.28,21.9,MYS,2,20.56,0,clear sky,MYS,0
21.0,4.9,Meal,scooter,23.71,57.0,0.0,haze,Very High,53.49,56.48333333,HYD,5,267.45,0,haze,HYD,1
27.0,4.9,Snack,motorcycle,23.26,44.0,0.0,clear sky,High,18.57,37.91666667,INDO,4,74.28,0,clear sky,INDO,0
30.0,4.0,Snack,motorcycle,25.94,65.0,0.0,haze,Low,5.1,16.81666667,COIMB,2,10.2,0,haze,COIMB,0
29.0,4.6,Meal,scooter,24.99,73.0,0.0,mist,Low,7.64,21.0,SUR,2,15.28,0,mist,SUR,0
21.0,4.5,Drinks,scooter,23.4,46.0,0.0,haze,Low,5.11,26.85,JAP,2,10.22,0,haze,JAP,0
21.0,4.6,Meal,motorcycle,28.38,81.0,0.0,mist,Moderate,9.03,29.21666667,CHEN,3,27.089999999999996,0,mist,CHEN,0
32.0,3.9,Meal,scooter,13.72,89.0,0.0,clear sky,Very High,33.83,80.0,DEH,5,169.14999999999998,0,clear sky,Other,1
24.0,4.8,Meal,motorcycle,23.9,57.0,0.0,haze,Low,2.92,12.91666667,HYD,2,5.84,1,haze,HYD,0
22.0,5.0,Meal,motorcycle,23.9,57.0,0.0,haze,High,14.93,37.81666667,HYD,4,59.72,0,haze,HYD,0
26.0,4.4,Drinks,scooter,22.14,74.0,0.0,haze,Very High,25.19,61.01666667,BANG,5,125.95,0,haze,BANG,1
38.0,4.8,Buffet,motorcycle,23.23,44.0,0.0,clear sky,Moderate,15.81,27.41666667,INDO,3,47.43,0,clear sky,INDO,0
37.0,4.7,Drinks,scooter,24.94,73.0,0.0,mist,Low,9.35,32.35,SUR,2,18.7,0,mist,SUR,0
38.0,4.2,Meal,motorcycle,23.73,57.0,0.0,haze,High,17.95,45.2,HYD,4,71.8,0,haze,HYD,1
35.0,4.6,Meal,motorcycle,23.36,73.0,0.0,haze,Low,5.39,19.11666667,BANG,2,10.78,0,haze,BANG,0
33.0,4.8,Drinks,scooter,23.96,57.0,0.0,haze,Moderate,11.47,37.05,HYD,3,34.410000000000004,0,haze,HYD,0
29.0,3.4,Drinks,motorcycle,26.0,65.0,0.0,haze,High,16.98,48.53333333,COIMB,4,67.92,0,haze,COIMB,1
33.0,4.8,Meal,scooter,23.1,60.0,0.0,haze,Low,6.53,18.58333333,INDO,2,13.06,0,haze,INDO,0
28.0,4.7,Drinks,motorcycle,22.15,74.0,0.0,haze,High,18.4,43.1,BANG,4,73.6,0,haze,BANG,0
27.0,4.5,Snack,motorcycle,23.78,57.0,0.0,haze,High,19.64,47.56666667,HYD,4,78.56,0,haze,HYD,1
22.0,4.0,Meal,motorcycle,23.71,57.0,0.0,haze,High,17.68,42.68333333,HYD,4,70.72,0,haze,HYD,0
29.0,4.6,Drinks,electric scooter,28.43,82.0,0.0,overcast clouds,Very High,22.32,71.65,CHEN,5,111.6,0,clouds,CHEN,1
36.0,4.7,Meal,motorcycle,25.99,65.0,0.0,haze,High,14.95,38.53333333,COIMB,4,59.8,0,haze,COIMB,0
37.0,4.7,Buffet,motorcycle,23.11,60.0,0.0,haze,High,23.47,47.11666667,INDO,4,93.88,0,haze,INDO,1
29.0,4.6,Buffet,motorcycle,21.9,60.0,0.0,haze,Very Low,2.5,11.18333333,AURG,1,2.5,1,haze,Other,0
21.0,4.8,Snack,motorcycle,23.21,60.0,0.0,haze,High,18.3,38.25,INDO,4,73.2,0,haze,INDO,0
24.0,4.8,Meal,electric scooter,23.09,73.0,0.0,haze,High,17.36,44.46666667,BANG,4,69.44,0,haze,BANG,0
23.0,4.9,Buffet,scooter,28.6,70.0,0.0,scattered clouds,Low,7.62,23.4,GOA,2,15.24,0,clouds,Other,0
24.0,4.9,Snack,motorcycle,23.58,47.0,0.0,clear sky,Very High,28.93,54.78333333,PUNE,5,144.65,0,clear sky,PUNE,1
22.0,4.9,Snack,motorcycle,28.57,81.0,0.0,mist,Very Low,3.21,15.63333333,CHEN,1,3.21,0,mist,CHEN,0
29.0,4.6,Meal,electric scooter,23.59,46.0,0.0,haze,Low,5.66,14.28333333,JAP,2,11.32,0,haze,JAP,0
20.0,5.0,Snack,scooter,20.54,67.0,0.0,clear sky,Very Low,2.24,12.03333333,MYS,1,2.24,1,clear sky,MYS,0
32.0,4.6,Meal,motorcycle,25.48,43.0,0.0,clear sky,High,16.35,36.76666667,ALH,4,65.4,0,clear sky,Other,0
31.0,4.3,Snack,motorcycle,22.54,74.0,0.0,haze,Very High,22.54,52.85,BANG,5,112.69999999999999,0,haze,BANG,1
32.0,5.0,Drinks,motorcycle,28.0,65.0,0.0,haze,Low,9.09,30.0,KOL,2,18.18,0,haze,Other,0
37.0,5.0,Snack,motorcycle,17.9,75.0,0.0,clear sky,Very Low,1.75,9.233333333,DEH,1,1.75,1,clear sky,Other,0
20.0,4.8,Drinks,motorcycle,20.29,68.0,0.0,clear sky,High,25.16,45.76666667,MYS,4,100.64,0,clear sky,MYS,1
38.0,4.3,Meal,scooter,23.35,27.0,0.0,clear sky,Moderate,10.34,27.38333333,JAP,3,31.02,0,clear sky,JAP,0
27.0,4.0,Meal,scooter,26.2,65.0,0.0,haze,High,21.79,42.83333333,COIMB,4,87.16,0,haze,COIMB,0
36.0,4.5,Drinks,motorcycle,24.93,73.0,0.0,mist,Low,7.48,29.5,SUR,2,14.96,0,mist,SUR,0
25.0,4.7,Snack,scooter,23.08,60.0,0.0,haze,Very Low,2.21,14.33333333,INDO,1,2.21,1,haze,INDO,0
35.0,4.8,Drinks,motorcycle,23.16,60.0,0.0,haze,Moderate,10.95,32.35,INDO,3,32.849999999999994,0,haze,INDO,0
30.0,4.8,Drinks,electric scooter,28.47,81.0,0.0,mist,Very High,16.48,61.71666667,CHEN,5,82.4,0,mist,CHEN,1
26.0,4.9,Drinks,scooter,22.44,50.0,0.0,clear sky,Moderate,12.65,36.25,PUNE,3,37.95,0,clear sky,PUNE,0
38.0,5.0,Drinks,scooter,25.97,65.0,0.0,haze,Moderate,11.89,35.4,COIMB,3,35.67,0,haze,COIMB,0
35.0,4.8,Snack,scooter,28.4,81.0,0.0,mist,Moderate,11.46,33.15,CHEN,3,34.38,0,mist,CHEN,0
28.0,4.9,Snack,scooter,22.97,42.0,0.0,clear sky,Very High,29.83,59.05,KNP,5,149.14999999999998,0,clear sky,Other,1
24.0,4.1,Buffet,motorcycle,22.58,74.0,0.0,haze,High,11.84,41.61666667,BANG,4,47.36,0,haze,BANG,0
32.0,4.6,Drinks,motorcycle,23.11,60.0,0.0,haze,High,17.07,47.15,INDO,4,68.28,0,haze,INDO,1
34.0,4.7,Snack,motorcycle,28.95,50.0,0.0,clear sky,Moderate,10.26,29.71666667,MUM,3,30.78,0,clear sky,MUM,0
21.0,4.7,Meal,motorcycle,23.07,60.0,0.0,haze,High,16.38,33.33333333,INDO,4,65.52,0,haze,INDO,0
30.0,4.1,Meal,motorcycle,26.01,65.0,0.0,haze,Moderate,14.16,27.41666667,COIMB,3,42.480000000000004,0,haze,COIMB,0
32.0,4.8,Drinks,motorcycle,24.94,73.0,0.0,mist,Low,6.97,28.2,SUR,2,13.94,0,mist,SUR,0
33.0,3.9,Drinks,scooter,26.06,65.0,0.0,haze,High,14.51,42.03333333,COIMB,4,58.04,0,haze,COIMB,0
35.0,4.9,Snack,motorcycle,24.99,73.0,0.0,mist,Low,8.02,26.16666667,SUR,2,16.04,0,mist,SUR,0
30.0,4.8,Snack,motorcycle,25.97,65.0,0.0,haze,Moderate,11.74,29.0,COIMB,3,35.22,0,haze,COIMB,0
39.0,4.5,Drinks,scooter,22.69,49.0,0.0,clear sky,High,12.84,46.26666667,PUNE,4,51.36,0,clear sky,PUNE,1
33.0,4.8,Drinks,motorcycle,21.1,78.0,0.0,mist,Moderate,7.99,34.28333333,RANCHI,3,23.97,0,mist,RANCHI,0
26.0,4.5,Drinks,motorcycle,22.13,43.0,0.0,clear sky,Moderate,11.5,37.03333333,BHP,3,34.5,0,clear sky,Other,0
21.0,4.7,Meal,motorcycle,23.62,46.0,0.0,haze,Low,3.77,12.31666667,JAP,2,7.54,0,haze,JAP,0
20.0,4.6,Meal,scooter,21.18,78.0,0.0,mist,Moderate,19.02,33.43333333,RANCHI,3,57.06,0,mist,RANCHI,0
37.0,4.0,Buffet,motorcycle,21.26,63.0,0.0,scattered clouds,High,18.15,36.61666667,RANCHI,4,72.6,0,clouds,RANCHI,0
26.0,4.9,Meal,electric scooter,23.45,57.0,0.0,haze,Very High,28.04,57.73333333,HYD,5,140.2,0,haze,HYD,1
22.0,4.5,Drinks,motorcycle,23.85,57.0,0.0,haze,Moderate,14.95,37.75,HYD,3,44.849999999999994,0,haze,HYD,0
28.0,4.9,Snack,scooter,22.96,48.0,0.0,clear sky,High,15.99,42.78333333,PUNE,4,63.96,0,clear sky,PUNE,0
37.0,3.5,Buffet,scooter,25.95,65.0,0.0,haze,High,13.62,34.08333333,COIMB,4,54.48,0,haze,COIMB,0
21.0,4.3,Snack,motorcycle,23.08,60.0,0.0,haze,Very Low,2.21,14.33333333,INDO,1,2.21,1,haze,INDO,0
30.0,4.8,Buffet,scooter,23.44,46.0,0.0,haze,Low,6.05,15.11666667,JAP,2,12.1,0,haze,JAP,0
34.0,4.2,Meal,scooter,21.25,78.0,0.0,mist,High,16.14,35.88333333,RANCHI,4,64.56,0,mist,RANCHI,0
30.0,4.3,Snack,motorcycle,28.99,70.0,0.0,broken clouds,High,19.0,49.83333333,GOA,4,76.0,0,clouds,Other,1
21.0,4.9,Drinks,motorcycle,20.75,67.0,0.0,clear sky,Low,13.53,26.98333333,MYS,2,27.06,0,clear sky,MYS,0
20.0,4.5,Meal,scooter,24.01,92.0,0.0,broken clouds,Very High,30.42,54.11666667,KOC,5,152.10000000000002,0,clouds,Other,1
28.0,4.7,Buffet,scooter,23.6,57.0,0.0,haze,Very High,28.13,68.46666667,HYD,5,140.65,0,haze,HYD,1
32.0,4.2,Buffet,motorcycle,22.09,74.0,0.0,haze,Very High,25.35,56.95,BANG,5,126.75,0,haze,BANG,1
29.0,4.6,Snack,scooter,21.25,63.0,0.0,scattered clouds,High,19.03,40.16666667,RANCHI,4,76.12,0,clouds,RANCHI,0
35.0,4.8,Snack,motorcycle,23.0,73.0,0.0,haze,Low,4.17,22.16666667,BANG,2,8.34,0,haze,BANG,0
26.0,4.8,Snack,motorcycle,21.01,78.0,0.0,mist,Very Low,2.31,16.5,RANCHI,1,2.31,1,mist,RANCHI,0
21.0,4.8,Meal,scooter,21.27,78.0,0.0,mist,Moderate,11.64,33.36666667,RANCHI,3,34.92,0,mist,RANCHI,0
32.0,5.0,Snack,motorcycle,23.35,27.0,0.0,clear sky,Moderate,10.34,31.38333333,JAP,3,31.02,0,clear sky,JAP,0
22.0,4.4,Snack,scooter,23.53,29.0,0.0,clear sky,Very High,31.94,66.51666667,JAP,5,159.70000000000002,0,clear sky,JAP,1
27.0,4.2,Meal,motorcycle,22.48,50.0,0.0,clear sky,Low,3.7,12.96666667,PUNE,2,7.4,0,clear sky,PUNE,0
23.0,4.9,Drinks,motorcycle,22.98,48.0,0.0,clear sky,High,18.15,52.9,PUNE,4,72.6,0,clear sky,PUNE,1
37.0,4.9,Buffet,motorcycle,13.72,89.0,0.0,clear sky,Very High,45.47,107.3,DEH,5,227.35,0,clear sky,Other,1
36.0,4.8,Buffet,electric scooter,27.99,65.0,0.0,haze,Very High,29.96,57.51666667,KOL,5,149.8,0,haze,Other,1
24.0,4.8,Buffet,motorcycle,25.01,73.0,0.0,mist,Low,8.08,22.46666667,SUR,2,16.16,0,mist,SUR,0
34.0,3.5,Buffet,scooter,23.23,44.0,0.0,clear sky,Moderate,15.1,26.86666667,INDO,3,45.3,0,clear sky,INDO,0
37.0,4.7,Drinks,motorcycle,23.64,39.0,0.0,clear sky,Very High,19.81,55.86666667,LUDH,5,99.05,0,clear sky,Other,1
28.0,4.5,Snack,motorcycle,23.2,60.0,0.0,haze,Moderate,13.4,35.86666667,INDO,3,40.2,0,haze,INDO,0
29.0,4.9,Drinks,motorcycle,21.14,78.0,0.0,mist,Low,6.09,32.56666667,RANCHI,2,12.18,0,mist,RANCHI,0
34.0,4.6,Buffet,electric scooter,26.01,57.0,0.0,haze,Low,11.54,23.83333333,VAD,2,23.08,0,haze,Other,0
33.0,4.5,Buffet,motorcycle,21.08,78.0,0.0,mist,Low,5.84,20.06666667,RANCHI,2,11.68,0,mist,RANCHI,0
35.0,4.8,Drinks,motorcycle,20.29,68.0,0.0,clear sky,High,25.0,47.48333333,MYS,4,100.0,0,clear sky,MYS,1
26.0,4.8,Drinks,motorcycle,23.56,46.0,0.0,haze,Moderate,10.23,33.05,JAP,3,30.69,0,haze,JAP,0
34.0,4.2,Meal,electric scooter,26.06,65.0,0.0,haze,Moderate,12.88,30.5,COIMB,3,38.64,0,haze,COIMB,0
30.0,4.9,Meal,scooter,23.18,60.0,0.0,haze,Moderate,12.9,25.26666667,INDO,3,38.7,0,haze,INDO,0
32.0,4.7,Meal,scooter,25.86,65.0,0.0,haze,Moderate,10.47,28.68333333,COIMB,3,31.410000000000004,0,haze,COIMB,0
28.0,4.9,Meal,electric scooter,23.08,60.0,0.0,haze,Moderate,8.6,23.83333333,INDO,3,25.799999999999997,0,haze,INDO,0
25.0,4.6,Buffet,motorcycle,22.82,74.0,0.0,haze,High,16.42,37.95,BANG,4,65.68,0,haze,BANG,0
27.0,4.6,Buffet,motorcycle,23.17,60.0,0.0,haze,Moderate,14.82,33.0,INDO,3,44.46,0,haze,INDO,0
24.0,4.9,Snack,electric scooter,23.22,43.0,0.0,clear sky,Very High,26.83,54.46666667,INDO,5,134.14999999999998,0,clear sky,INDO,1
29.0,1.0,Drinks,bicycle,28.56,81.0,0.0,mist,Low,4.84,27.03333333,CHEN,2,9.68,0,mist,CHEN,0
31.0,4.6,Buffet,electric scooter,28.81,53.0,0.0,clear sky,High,14.75,36.01666667,MUM,4,59.0,0,clear sky,MUM,0
20.0,4.9,Buffet,scooter,23.17,60.0,0.0,haze,Moderate,12.32,28.06666667,INDO,3,36.96,0,haze,INDO,0
32.0,4.9,Buffet,motorcycle,28.58,69.0,0.0,scattered clouds,High,14.38,35.66666667,GOA,4,57.52,0,clouds,Other,0
32.0,4.1,Buffet,scooter,25.95,65.0,0.0,haze,High,17.81,38.53333333,COIMB,4,71.24,0,haze,COIMB,0
23.0,5.0,Buffet,motorcycle,27.44,54.0,0.0,smoke,High,16.36,48.65,MUM,4,65.44,0,smoke,MUM,1
28.0,4.8,Drinks,motorcycle,28.44,82.0,0.0,overcast clouds,Very High,22.5,69.65,CHEN,5,112.5,0,clouds,CHEN,1
22.0,4.7,Buffet,scooter,25.62,42.0,0.0,clear sky,Very Low,1.87,8.733333333,ALH,1,1.87,1,clear sky,Other,0
27.0,5.0,Drinks,motorcycle,27.99,65.0,0.0,haze,Very High,30.82,73.16666667,KOL,5,154.1,0,haze,Other,1
35.0,4.9,Snack,electric scooter,23.83,57.0,0.0,haze,High,14.33,42.63333333,HYD,4,57.32,0,haze,HYD,0
33.0,4.0,Snack,scooter,22.46,42.0,0.0,clear sky,Moderate,7.69,26.95,BHP,3,23.07,0,clear sky,Other,0
33.0,4.5,Snack,motorcycle,23.09,48.0,0.0,clear sky,High,15.98,44.6,PUNE,4,63.92,0,clear sky,PUNE,0
37.0,4.0,Snack,scooter,25.85,65.0,0.0,haze,Low,6.4,20.75,COIMB,2,12.8,0,haze,COIMB,0
38.0,5.0,Drinks,scooter,28.49,82.0,0.0,overcast clouds,High,12.17,43.35,CHEN,4,48.68,0,clouds,CHEN,0
28.0,5.0,Meal,electric scooter,25.95,65.0,0.0,haze,High,17.37,33.5,COIMB,4,69.48,0,haze,COIMB,0
37.0,4.0,Drinks,motorcycle,24.59,88.0,0.0,few clouds,High,15.29,42.93333333,KOC,4,61.16,0,clouds,Other,0
37.0,4.6,Meal,scooter,28.88,54.0,0.0,smoke,Very Low,2.12,13.08333333,MUM,1,2.12,1,smoke,MUM,0
36.0,4.7,Drinks,scooter,28.85,54.0,0.0,smoke,High,12.1,47.16666667,MUM,4,48.4,0,smoke,MUM,1
31.0,4.1,Drinks,motorcycle,21.94,43.0,0.0,clear sky,High,20.99,49.61666667,BHP,4,83.96,0,clear sky,Other,1
39.0,4.6,Meal,scooter,22.91,74.0,0.0,haze,High,14.22,37.88333333,BANG,4,56.88,0,haze,BANG,0
30.0,4.7,Snack,motorcycle,23.32,43.0,0.0,clear sky,High,26.6,49.5,INDO,4,106.4,0,clear sky,INDO,1
28.0,4.8,Snack,motorcycle,22.98,48.0,0.0,clear sky,High,16.48,44.53333333,PUNE,4,65.92,0,clear sky,PUNE,0
35.0,4.6,Snack,scooter,23.11,60.0,0.0,haze,Moderate,18.25,34.38333333,INDO,3,54.75,0,haze,INDO,0
29.0,4.3,Meal,motorcycle,26.32,79.0,0.0,clear sky,Very Low,2.85,10.73333333,KOC,1,2.85,1,clear sky,Other,0
26.0,4.5,Buffet,electric scooter,23.83,57.0,0.0,haze,Moderate,9.36,25.73333333,HYD,3,28.08,0,haze,HYD,0
21.0,4.8,Drinks,motorcycle,22.74,46.0,0.0,haze,Moderate,9.13,37.71666667,JAP,3,27.39,0,haze,JAP,0
34.0,4.8,Buffet,motorcycle,25.99,65.0,0.0,haze,Moderate,11.96,28.1,COIMB,3,35.88,0,haze,COIMB,0
34.0,4.6,Snack,scooter,24.92,43.0,0.0,clear sky,High,22.71,48.65,SUR,4,90.84,0,clear sky,SUR,1
23.0,4.8,Snack,motorcycle,25.81,65.0,0.0,haze,Moderate,9.4,28.81666667,COIMB,3,28.200000000000003,0,haze,COIMB,0
24.0,4.6,Snack,motorcycle,23.61,46.0,0.0,haze,Low,3.87,16.0,JAP,2,7.74,0,haze,JAP,0
30.0,4.2,Buffet,motorcycle,24.94,73.0,0.0,mist,Moderate,10.58,27.68333333,SUR,3,31.740000000000002,0,mist,SUR,0
36.0,4.9,Buffet,scooter,24.16,57.0,0.0,haze,Moderate,8.2,24.76666667,HYD,3,24.599999999999998,0,haze,HYD,0
36.0,4.5,Snack,scooter,23.12,60.0,0.0,haze,Moderate,12.96,35.01666667,INDO,3,38.88,0,haze,INDO,0
20.0,4.6,Snack,motorcycle,22.48,74.0,0.0,haze,High,12.74,36.26666667,BANG,4,50.96,0,haze,BANG,0
33.0,4.7,Snack,scooter,24.95,73.0,0.0,mist,High,16.08,41.03333333,SUR,4,64.32,0,mist,SUR,0
39.0,4.9,Buffet,electric scooter,23.39,47.0,0.0,clear sky,Very High,19.4,49.38333333,PUNE,5,97.0,0,clear sky,PUNE,1
21.0,4.9,Meal,motorcycle,25.48,43.0,0.0,clear sky,High,17.3,37.95,ALH,4,69.2,0,clear sky,Other,0
39.0,5.0,Drinks,scooter,23.27,73.0,0.0,haze,High,17.1,49.55,BANG,4,68.4,0,haze,BANG,1
32.0,4.2,Snack,scooter,23.47,47.0,0.0,clear sky,Very High,25.16,50.8,PUNE,5,125.8,0,clear sky,PUNE,1
31.0,4.6,Snack,motorcycle,22.1,74.0,0.0,haze,Very High,25.32,57.85,BANG,5,126.6,0,haze,BANG,1
30.0,4.6,Snack,motorcycle,25.96,37.0,0.0,clear sky,Moderate,12.05,30.15,AGR,3,36.150000000000006,0,clear sky,Other,0
27.0,4.8,Snack,motorcycle,28.86,69.0,0.0,scattered clouds,Moderate,10.72,30.88333333,GOA,3,32.160000000000004,0,clouds,Other,0
36.0,4.8,Drinks,scooter,23.06,60.0,0.0,haze,Very Low,1.95,16.71666667,INDO,1,1.95,1,haze,INDO,0
30.0,4.8,Meal,scooter,24.99,73.0,0.0,mist,Low,7.31,19.56666667,SUR,2,14.62,0,mist,SUR,0
22.0,4.8,Drinks,motorcycle,23.95,28.0,0.0,clear sky,High,20.53,51.31666667,JAP,4,82.12,0,clear sky,JAP,1
21.0,4.7,Meal,motorcycle,23.67,46.0,0.0,haze,Moderate,8.53,22.15,JAP,3,25.589999999999996,0,haze,JAP,0
24.0,4.9,Snack,motorcycle,20.55,67.0,0.0,clear sky,Low,4.76,15.75,MYS,2,9.52,0,clear sky,MYS,0
28.0,5.0,Snack,scooter,25.19,43.0,0.0,clear sky,High,16.18,40.06666667,ALH,4,64.72,0,clear sky,Other,0
24.0,4.9,Buffet,scooter,22.59,74.0,0.0,haze,Moderate,11.16,29.15,BANG,3,33.480000000000004,0,haze,BANG,0
31.0,4.6,Buffet,motorcycle,23.8,57.0,0.0,haze,High,15.79,38.43333333,HYD,4,63.16,0,haze,HYD,0
29.0,5.0,Snack,scooter,25.62,42.0,0.0,clear sky,High,15.68,43.51666667,KNP,4,62.72,0,clear sky,Other,0
31.0,5.0,Buffet,motorcycle,23.13,73.0,0.0,haze,Very Low,2.12,11.81666667,BANG,1,2.12,1,haze,BANG,0
22.0,4.6,Meal,motorcycle,23.45,73.0,0.0,haze,Low,3.06,13.75,BANG,2,6.12,0,haze,BANG,0
37.0,4.3,Snack,motorcycle,23.78,57.0,0.0,haze,High,18.23,45.76666667,HYD,4,72.92,0,haze,HYD,1
39.0,4.8,Snack,motorcycle,29.01,54.0,0.0,smoke,Moderate,14.28,39.5,MUM,3,42.839999999999996,0,smoke,MUM,0
25.0,4.9,Buffet,scooter,22.64,50.0,0.0,clear sky,Moderate,9.31,25.25,PUNE,3,27.93,0,clear sky,PUNE,0
22.0,4.8,Snack,motorcycle,25.98,57.0,0.0,haze,High,15.98,36.53333333,VAD,4,63.92,0,haze,Other,0
28.0,3.9,Drinks,motorcycle,29.0,54.0,0.0,smoke,Low,6.09,33.3,MUM,2,12.18,0,smoke,MUM,0
29.0,4.6,Meal,motorcycle,23.8,28.0,0.0,clear sky,Very High,28.37,51.46666667,JAP,5,141.85,0,clear sky,JAP,1
32.0,4.8,Meal,motorcycle,28.43,75.0,0.0,overcast clouds,Very High,29.54,71.86666667,CHEN,5,147.7,0,clouds,CHEN,1
29.0,4.6,Buffet,scooter,24.92,73.0,0.0,mist,Moderate,9.01,26.36666667,SUR,3,27.03,0,mist,SUR,0
30.0,4.1,Drinks,motorcycle,23.41,73.0,0.0,haze,Low,2.7,23.75,BANG,2,5.4,1,haze,BANG,0
29.0,4.7,Meal,motorcycle,25.98,57.0,0.0,haze,High,16.42,33.55,VAD,4,65.68,0,haze,Other,0
23.0,4.5,Drinks,motorcycle,23.81,57.0,0.0,haze,Very Low,2.48,17.4,HYD,1,2.48,1,haze,HYD,0
37.0,4.9,Snack,motorcycle,20.61,67.0,0.0,clear sky,Low,8.87,21.76666667,MYS,2,17.74,0,clear sky,MYS,0
32.0,4.7,Drinks,motorcycle,23.13,73.0,0.0,haze,Very Low,2.12,18.81666667,BANG,1,2.12,1,haze,BANG,0
30.0,4.5,Drinks,motorcycle,23.15,74.0,0.0,haze,Very High,21.25,58.25,BANG,5,106.25,0,haze,BANG,1
26.0,4.6,Drinks,motorcycle,22.52,74.0,0.0,haze,Moderate,12.04,40.28333333,BANG,3,36.12,0,haze,BANG,0
21.0,4.7,Meal,motorcycle,23.88,57.0,0.0,haze,Moderate,9.34,24.45,HYD,3,28.02,0,haze,HYD,0
29.0,4.3,Meal,motorcycle,28.71,54.0,0.0,smoke,High,21.55,49.28333333,MUM,4,86.2,0,smoke,MUM,1
35.0,4.7,Meal,motorcycle,28.92,54.0,0.0,smoke,Very Low,2.15,14.96666667,MUM,1,2.15,1,smoke,MUM,0
22.0,4.8,Buffet,electric scooter,24.95,73.0,0.0,mist,High,16.08,38.33333333,SUR,4,64.32,0,mist,SUR,0
27.0,4.4,Snack,motorcycle,22.92,49.0,0.0,clear sky,Very Low,2.06,11.55,PUNE,1,2.06,1,clear sky,PUNE,0
24.0,5.0,Buffet,motorcycle,22.66,74.0,0.0,haze,Moderate,8.24,24.61666667,BANG,3,24.72,0,haze,BANG,0
23.0,4.7,Meal,motorcycle,23.81,57.0,0.0,haze,High,14.76,39.06666667,HYD,4,59.04,0,haze,HYD,0
23.0,4.9,Drinks,electric scooter,23.03,48.0,0.0,clear sky,High,16.11,49.78333333,PUNE,4,64.44,0,clear sky,PUNE,1
39.0,4.8,Meal,motorcycle,23.08,73.0,0.0,haze,High,13.33,36.0,BANG,4,53.32,0,haze,BANG,0
22.0,3.3,Meal,electric scooter,23.88,57.0,0.0,haze,High,16.42,34.91666667,HYD,4,65.68,0,haze,HYD,0
24.0,4.5,Drinks,scooter,24.94,73.0,0.0,mist,Moderate,9.44,33.76666667,SUR,3,28.32,0,mist,SUR,0
34.0,4.0,Snack,scooter,23.33,73.0,0.0,haze,Low,6.68,22.31666667,BANG,2,13.36,0,haze,BANG,0
33.0,4.7,Snack,motorcycle,22.92,28.0,0.0,clear sky,High,16.68,38.83333333,JAP,4,66.72,0,clear sky,JAP,0
20.0,4.7,Drinks,motorcycle,23.79,57.0,0.0,haze,Moderate,10.42,35.61666667,HYD,3,31.259999999999998,0,haze,HYD,0
36.0,4.9,Buffet,scooter,26.27,65.0,0.0,haze,Very High,31.46,49.15,COIMB,5,157.3,0,haze,COIMB,1
20.0,4.8,Snack,motorcycle,26.12,65.0,0.0,haze,High,16.73,39.73333333,COIMB,4,66.92,0,haze,COIMB,0
25.0,4.5,Meal,scooter,23.73,57.0,0.0,haze,Low,4.71,19.88333333,HYD,2,9.42,0,haze,HYD,0
31.0,4.2,Snack,motorcycle,28.43,81.0,0.0,mist,Very Low,2.83,16.78333333,CHEN,1,2.83,1,mist,CHEN,0
37.0,4.8,Snack,motorcycle,23.68,46.0,0.0,haze,Low,6.11,19.7,JAP,2,12.22,0,haze,JAP,0
29.0,4.6,Snack,motorcycle,23.66,29.0,0.0,clear sky,Very High,30.99,52.73333333,JAP,5,154.95,0,clear sky,JAP,1
28.0,5.0,Meal,scooter,25.99,65.0,0.0,haze,Low,6.51,15.4,COIMB,2,13.02,0,haze,COIMB,0
29.0,4.6,Meal,motorcycle,22.46,50.0,0.0,clear sky,Low,8.39,20.33333333,PUNE,2,16.78,0,clear sky,PUNE,0
24.0,4.7,Meal,scooter,25.54,38.0,0.0,clear sky,Very High,40.33,54.3,AGR,5,201.64999999999998,0,clear sky,Other,1
37.0,4.7,Drinks,motorcycle,28.47,82.0,0.0,overcast clouds,Very High,22.95,77.86666667,CHEN,5,114.75,0,clouds,CHEN,1
37.0,4.9,Buffet,scooter,26.26,65.0,0.0,haze,High,29.81,47.05,COIMB,4,119.24,0,haze,COIMB,1
29.0,4.6,Buffet,motorcycle,23.02,48.0,0.0,clear sky,High,8.03,33.18333333,PUNE,4,32.12,0,clear sky,PUNE,0
29.0,4.8,Meal,motorcycle,22.93,60.0,0.0,haze,Low,9.47,20.86666667,INDO,2,18.94,0,haze,INDO,0
20.0,4.4,Drinks,motorcycle,23.14,60.0,0.0,haze,High,14.82,43.41666667,INDO,4,59.28,0,haze,INDO,0
23.0,4.7,Drinks,scooter,22.91,46.0,0.0,haze,Moderate,7.27,38.7,JAP,3,21.81,0,haze,JAP,0
22.0,4.8,Meal,scooter,26.0,57.0,0.0,haze,Low,5.52,14.36666667,VAD,2,11.04,0,haze,Other,0
24.0,4.9,Snack,motorcycle,20.48,68.0,0.0,clear sky,Very Low,1.84,10.88333333,MYS,1,1.84,1,clear sky,MYS,0
39.0,3.9,Meal,scooter,27.99,65.0,0.0,haze,Very High,16.15,48.28333333,KOL,5,80.75,0,haze,Other,1
24.0,5.0,Meal,motorcycle,25.97,65.0,0.0,haze,Moderate,11.89,29.88333333,COIMB,3,35.67,0,haze,COIMB,0
27.0,4.5,Drinks,motorcycle,26.26,65.0,0.0,haze,High,30.43,54.6,COIMB,4,121.72,0,haze,COIMB,1
23.0,4.7,Drinks,scooter,24.01,57.0,0.0,haze,Very Low,3.31,19.96666667,HYD,1,3.31,0,haze,HYD,0
23.0,4.6,Drinks,motorcycle,20.7,66.0,0.0,clear sky,Low,4.48,21.73333333,MYS,2,8.96,0,clear sky,MYS,0
21.0,4.7,Snack,scooter,22.54,74.0,0.0,haze,Very High,22.94,57.13333333,BANG,5,114.7,0,haze,BANG,1
36.0,4.6,Drinks,motorcycle,26.0,57.0,0.0,haze,Low,6.97,26.03333333,VAD,2,13.94,0,haze,Other,0
32.0,4.1,Meal,scooter,22.97,48.0,0.0,clear sky,Very High,29.83,74.75,PUNE,5,149.14999999999998,0,clear sky,PUNE,1
30.0,4.6,Drinks,scooter,28.51,82.0,0.0,overcast clouds,Very High,17.95,66.58333333,CHEN,5,89.75,0,clouds,CHEN,1
23.0,4.1,Snack,motorcycle,25.99,57.0,0.0,haze,High,16.42,39.53333333,VAD,4,65.68,0,haze,Other,0
34.0,4.9,Buffet,scooter,25.99,57.0,0.0,haze,Moderate,13.91,32.48333333,VAD,3,41.730000000000004,0,haze,Other,0
29.0,4.7,Drinks,motorcycle,28.5,81.0,0.0,mist,Very Low,1.93,21.0,CHEN,1,1.93,1,mist,CHEN,0
34.0,4.5,Drinks,motorcycle,22.91,49.0,0.0,clear sky,High,13.0,46.21666667,PUNE,4,52.0,0,clear sky,PUNE,1
26.0,4.2,Snack,scooter,23.17,74.0,0.0,haze,Very High,20.85,72.71666667,BANG,5,104.25,0,haze,BANG,1
25.0,4.2,Meal,scooter,29.04,51.0,0.0,clear sky,Very High,24.56,63.68333333,MUM,5,122.8,0,clear sky,MUM,1
36.0,4.2,Buffet,scooter,21.93,43.0,0.0,clear sky,High,17.02,39.88333333,BHP,4,68.08,0,clear sky,Other,0
26.0,4.6,Drinks,motorcycle,21.14,78.0,0.0,mist,High,14.12,43.73333333,RANCHI,4,56.48,0,mist,RANCHI,0
32.0,4.7,Buffet,motorcycle,23.47,47.0,0.0,clear sky,Very High,28.56,64.35,PUNE,5,142.79999999999998,0,clear sky,PUNE,1
37.0,4.6,Meal,motorcycle,23.03,48.0,0.0,clear sky,High,14.37,37.06666667,PUNE,4,57.48,0,clear sky,PUNE,0
21.0,4.7,Meal,scooter,23.02,48.0,0.0,clear sky,Low,4.34,14.45,PUNE,2,8.68,0,clear sky,PUNE,0
34.0,4.6,Snack,scooter,28.97,54.0,0.0,smoke,Moderate,7.29,39.08333333,MUM,3,21.87,0,smoke,MUM,0
27.0,4.8,Buffet,scooter,20.55,67.0,0.0,clear sky,Low,7.18,20.55,MYS,2,14.36,0,clear sky,MYS,0
23.0,4.5,Drinks,motorcycle,25.19,43.0,0.0,clear sky,High,18.18,52.8,ALH,4,72.72,0,clear sky,Other,1
29.0,4.8,Buffet,motorcycle,27.99,65.0,0.0,haze,High,12.89,42.6,KOL,4,51.56,0,haze,Other,0
37.0,4.8,Snack,motorcycle,25.94,65.0,0.0,haze,High,17.81,47.16666667,COIMB,4,71.24,0,haze,COIMB,1
20.0,4.5,Snack,motorcycle,28.49,86.0,0.0,overcast clouds,Very High,26.14,56.01666667,CHEN,5,130.7,0,clouds,CHEN,1
38.0,4.5,Snack,scooter,28.81,69.0,0.0,scattered clouds,High,17.48,44.11666667,GOA,4,69.92,0,clouds,Other,0
30.0,4.9,Drinks,electric scooter,23.94,57.0,0.0,haze,Moderate,8.03,35.78333333,HYD,3,24.089999999999996,0,haze,HYD,0
30.0,4.6,Drinks,scooter,20.61,67.0,0.0,clear sky,Moderate,10.28,32.3,MYS,3,30.839999999999996,0,clear sky,MYS,0
34.0,4.6,Drinks,motorcycle,23.68,63.0,0.0,overcast clouds,Very High,17.33,59.88333333,HYD,5,86.64999999999999,0,clouds,HYD,1
38.0,4.6,Drinks,scooter,26.01,57.0,0.0,haze,Moderate,11.09,33.76666667,VAD,3,33.269999999999996,0,haze,Other,0
38.0,4.1,Buffet,motorcycle,28.68,70.0,0.0,scattered clouds,Very Low,2.43,11.93333333,GOA,1,2.43,1,clouds,Other,0
22.0,4.8,Drinks,motorcycle,20.81,67.0,0.0,clear sky,High,13.86,48.81666667,MYS,4,55.44,0,clear sky,MYS,1
23.0,4.5,Buffet,motorcycle,20.61,67.0,0.0,clear sky,High,10.91,33.46666667,MYS,4,43.64,0,clear sky,MYS,0
24.0,4.9,Snack,electric scooter,26.0,65.0,0.0,haze,High,18.48,44.68333333,COIMB,4,73.92,0,haze,COIMB,0
35.0,4.7,Meal,motorcycle,23.83,46.0,0.0,haze,High,14.29,38.71666667,JAP,4,57.16,0,haze,JAP,0
36.0,4.2,Buffet,motorcycle,23.59,46.0,0.0,haze,Very Low,2.54,11.96666667,JAP,1,2.54,1,haze,JAP,0
32.0,4.6,Snack,motorcycle,28.0,65.0,0.0,haze,Moderate,12.65,31.81666667,KOL,3,37.95,0,haze,Other,0
38.0,4.4,Buffet,motorcycle,22.86,49.0,0.0,clear sky,Moderate,10.4,32.9,PUNE,3,31.200000000000003,0,clear sky,PUNE,0
25.0,3.7,Drinks,motorcycle,24.08,57.0,0.0,haze,Moderate,9.15,36.23333333,HYD,3,27.450000000000003,0,haze,HYD,0
30.0,4.4,Buffet,motorcycle,22.48,50.0,0.0,clear sky,Low,3.7,17.83333333,PUNE,2,7.4,0,clear sky,PUNE,0
35.0,4.4,Drinks,scooter,21.18,78.0,0.0,mist,High,18.49,48.78333333,RANCHI,4,73.96,0,mist,RANCHI,1
24.0,4.1,Snack,motorcycle,22.86,74.0,0.0,haze,Very High,24.79,75.1,BANG,5,123.94999999999999,0,haze,BANG,1
33.0,4.7,Meal,motorcycle,22.69,41.0,0.0,clear sky,Moderate,12.66,27.48333333,BHP,3,37.980000000000004,0,clear sky,Other,0
29.0,4.6,Snack,motorcycle,22.94,49.0,0.0,clear sky,Moderate,10.74,34.56666667,PUNE,3,32.22,0,clear sky,PUNE,0
34.0,3.3,Meal,motorcycle,8.24,91.0,0.0,clear sky,Very High,54.27,138.7333333,DEH,5,271.35,0,clear sky,Other,1
32.0,4.4,Snack,motorcycle,25.79,73.0,0.0,haze,High,16.05,43.4,COIMB,4,64.2,0,haze,COIMB,0
30.0,4.3,Buffet,motorcycle,23.17,74.0,0.0,haze,Very High,20.85,70.76666667,BANG,5,104.25,0,haze,BANG,1
35.0,4.1,Buffet,motorcycle,22.94,60.0,0.0,haze,Moderate,10.64,31.9,HYD,3,31.92,0,haze,HYD,0
37.0,4.6,Snack,motorcycle,22.29,44.0,0.0,clear sky,Very High,27.38,54.51666667,INDO,5,136.9,0,clear sky,INDO,1
38.0,4.7,Snack,motorcycle,24.18,46.0,0.0,haze,High,16.14,37.08333333,JAP,4,64.56,0,haze,JAP,0
30.0,4.4,Meal,scooter,22.98,48.0,0.0,clear sky,Very High,20.33,66.31666667,PUNE,5,101.64999999999999,0,clear sky,PUNE,1
24.0,4.8,Buffet,scooter,24.0,29.0,0.0,clear sky,Very High,25.82,60.21666667,JAP,5,129.1,0,clear sky,JAP,1
23.0,4.7,Drinks,motorcycle,22.94,49.0,0.0,clear sky,Moderate,7.5,32.83333333,PUNE,3,22.5,0,clear sky,PUNE,0
31.0,4.6,Buffet,motorcycle,11.16,87.0,0.0,clear sky,Very High,36.47,96.05,DEH,5,182.35,0,clear sky,Other,1
20.0,5.0,Drinks,motorcycle,23.9,46.0,0.0,haze,High,16.75,52.96666667,JAP,4,67.0,0,haze,JAP,1
32.0,4.7,Buffet,scooter,23.9,46.0,0.0,haze,High,11.29,38.93333333,JAP,4,45.16,0,haze,JAP,0
31.0,4.5,Snack,scooter,23.88,57.0,0.0,haze,Moderate,8.02,34.53333333,HYD,3,24.06,0,haze,HYD,0
34.0,4.0,Snack,scooter,24.92,73.0,0.0,mist,Moderate,8.23,29.16666667,SUR,3,24.69,0,mist,SUR,0
20.0,4.8,Snack,scooter,26.08,73.0,0.0,haze,High,19.16,48.38333333,COIMB,4,76.64,0,haze,COIMB,1
29.0,4.9,Snack,motorcycle,28.57,81.0,0.0,mist,Very Low,3.21,16.96666667,CHEN,1,3.21,0,mist,CHEN,0
37.0,4.8,Drinks,motorcycle,26.01,57.0,0.0,haze,Low,5.17,23.41666667,VAD,2,10.34,0,haze,Other,0
29.0,2.9,Meal,motorcycle,27.99,49.0,0.0,clear sky,Very High,25.98,49.76666667,MUM,5,129.9,0,clear sky,MUM,1
20.0,4.8,Meal,electric scooter,22.77,60.0,0.0,haze,High,16.3,45.33333333,HYD,4,65.2,0,haze,HYD,1
37.0,4.9,Snack,motorcycle,20.38,67.0,0.0,clear sky,Low,5.14,17.65,MYS,2,10.28,0,clear sky,MYS,0
33.0,4.7,Drinks,motorcycle,22.62,60.0,0.0,haze,Very High,30.75,86.33333333,HYD,5,153.75,0,haze,HYD,1
38.0,4.0,Drinks,scooter,23.93,38.0,0.0,clear sky,Low,8.12,29.83333333,LUDH,2,16.24,0,clear sky,Other,0
29.0,4.6,Meal,motorcycle,21.6,60.0,0.0,haze,Moderate,12.37,29.28333333,AURG,3,37.11,0,haze,Other,0
24.0,4.8,Meal,motorcycle,24.93,43.0,0.0,clear sky,Very High,24.21,47.81666667,SUR,5,121.05000000000001,0,clear sky,SUR,1
27.0,4.7,Snack,motorcycle,24.0,29.0,0.0,clear sky,Very High,25.82,62.15,JAP,5,129.1,0,clear sky,JAP,1
28.0,4.8,Snack,motorcycle,23.01,46.0,0.0,haze,Very High,17.36,54.9,JAP,5,86.8,0,haze,JAP,1
24.0,4.6,Buffet,scooter,22.91,60.0,0.0,haze,Moderate,8.38,31.83333333,HYD,3,25.14,0,haze,HYD,0
20.0,4.6,Drinks,electric scooter,22.72,60.0,0.0,haze,Very High,17.68,58.31666667,HYD,5,88.4,0,haze,HYD,1
35.0,3.5,Meal,scooter,22.64,60.0,0.0,haze,Very High,25.29,56.03333333,HYD,5,126.44999999999999,0,haze,HYD,1
30.0,4.8,Snack,scooter,25.86,65.0,0.0,haze,Low,2.99,16.68333333,COIMB,2,5.98,1,haze,COIMB,0
39.0,4.1,Buffet,scooter,28.43,82.0,0.0,overcast clouds,Very High,23.8,52.26666667,CHEN,5,119.0,0,clouds,CHEN,1
33.0,3.8,Drinks,electric scooter,22.91,49.0,0.0,clear sky,High,14.96,53.03333333,PUNE,4,59.84,0,clear sky,PUNE,1
21.0,4.7,Meal,scooter,25.68,42.0,0.0,clear sky,Moderate,7.63,23.41666667,KNP,3,22.89,0,clear sky,Other,0
37.0,3.6,Drinks,scooter,22.97,42.0,0.0,clear sky,Very High,28.6,73.8,KNP,5,143.0,0,clear sky,Other,1
33.0,4.8,Drinks,scooter,22.91,48.0,0.0,clear sky,Very High,29.35,78.81666667,PUNE,5,146.75,0,clear sky,PUNE,1
22.0,4.5,Meal,scooter,23.8,57.0,0.0,haze,Moderate,8.45,25.95,HYD,3,25.349999999999998,0,haze,HYD,0
29.0,4.6,Snack,motorcycle,28.43,82.0,0.0,overcast clouds,Very High,23.8,54.26666667,CHEN,5,119.0,0,clouds,CHEN,1
38.0,4.7,Meal,motorcycle,24.93,43.0,0.0,clear sky,High,21.96,43.91666667,SUR,4,87.84,0,clear sky,SUR,0
22.0,4.1,Meal,motorcycle,26.0,65.0,0.0,haze,Moderate,13.34,31.21666667,COIMB,3,40.019999999999996,0,haze,COIMB,0
38.0,4.1,Snack,motorcycle,23.56,28.0,0.0,clear sky,Very High,19.5,55.36666667,JAP,5,97.5,0,clear sky,JAP,1
37.0,4.1,Drinks,motorcycle,28.01,65.0,0.0,haze,Very High,20.52,59.36666667,KOL,5,102.6,0,haze,Other,1
36.0,4.9,Snack,motorcycle,23.39,47.0,0.0,clear sky,Very High,19.12,58.66666667,PUNE,5,95.60000000000001,0,clear sky,PUNE,1
30.0,5.0,Buffet,scooter,23.09,60.0,0.0,haze,Very Low,2.19,12.81666667,INDO,1,2.19,1,haze,INDO,0
26.0,4.8,Snack,motorcycle,23.57,46.0,0.0,haze,High,13.52,45.2,JAP,4,54.08,0,haze,JAP,1
29.0,4.7,Meal,scooter,22.91,46.0,0.0,haze,Low,6.96,15.91666667,JAP,2,13.92,0,haze,JAP,0
36.0,4.8,Buffet,motorcycle,28.01,57.0,0.0,smoke,Low,2.19,26.08333333,MUM,2,4.38,1,smoke,MUM,0
36.0,4.8,Snack,motorcycle,22.16,60.0,0.0,haze,Low,2.22,16.08333333,INDO,2,4.44,1,haze,INDO,0
26.0,4.8,Drinks,motorcycle,26.01,73.0,0.0,haze,High,19.24,55.55,COIMB,4,76.96,0,haze,COIMB,1
25.0,4.7,Buffet,scooter,25.02,44.0,0.0,clear sky,Very High,23.59,50.1,ALH,5,117.95,0,clear sky,Other,1
30.0,4.5,Drinks,scooter,23.29,27.0,0.0,clear sky,High,12.04,46.8,JAP,4,48.16,0,clear sky,JAP,1
24.0,4.7,Meal,motorcycle,22.14,60.0,0.0,haze,High,16.98,38.01666667,INDO,4,67.92,0,haze,INDO,0
36.0,4.6,Buffet,motorcycle,8.24,91.0,0.0,clear sky,Very High,46.64,118.9166667,DEH,5,233.2,0,clear sky,Other,1
39.0,5.0,Buffet,motorcycle,28.02,65.0,0.0,haze,Moderate,9.23,28.86666667,KOL,3,27.69,0,haze,Other,0
27.0,5.0,Buffet,motorcycle,28.44,81.0,0.0,overcast clouds,Very High,16.35,54.76666667,CHEN,5,81.75,0,clouds,CHEN,1
27.0,4.9,Meal,motorcycle,22.71,60.0,0.0,haze,High,12.94,41.4,HYD,4,51.76,0,haze,HYD,0
30.0,4.2,Meal,scooter,20.29,68.0,0.0,clear sky,High,21.9,31.75,MYS,4,87.6,0,clear sky,MYS,0
28.0,4.9,Meal,motorcycle,21.03,78.0,0.0,mist,Moderate,7.34,30.3,RANCHI,3,22.02,0,mist,RANCHI,0
26.0,4.4,Buffet,motorcycle,26.01,73.0,0.0,haze,Moderate,7.94,27.56666667,COIMB,3,23.82,0,haze,COIMB,0
29.0,4.6,Meal,motorcycle,24.94,73.0,0.0,mist,Low,7.0,21.85,SUR,2,14.0,0,mist,SUR,0
36.0,4.8,Meal,motorcycle,23.6,46.0,0.0,haze,Low,4.0,13.08333333,JAP,2,8.0,0,haze,JAP,0
39.0,4.3,Snack,scooter,20.81,67.0,0.0,clear sky,High,15.09,35.26666667,MYS,4,60.36,0,clear sky,MYS,0
35.0,4.3,Meal,motorcycle,21.03,78.0,0.0,mist,Moderate,6.75,27.48333333,RANCHI,3,20.25,0,mist,RANCHI,0
36.0,5.0,Meal,scooter,22.76,73.0,0.0,haze,High,9.54,42.31666667,BANG,4,38.16,0,haze,BANG,0
27.0,5.0,Meal,scooter,23.77,57.0,0.0,haze,Moderate,16.2,27.85,HYD,3,48.599999999999994,0,haze,HYD,0
31.0,4.8,Snack,motorcycle,21.82,60.0,0.0,haze,Moderate,8.45,27.13333333,AURG,3,25.349999999999998,0,haze,Other,0
22.0,4.9,Snack,motorcycle,24.92,73.0,0.0,mist,Moderate,12.79,33.55,SUR,3,38.37,0,mist,SUR,0
21.0,4.9,Drinks,motorcycle,22.37,74.0,0.0,haze,Moderate,9.38,37.83333333,BANG,3,28.14,0,haze,BANG,0
32.0,4.7,Buffet,electric scooter,22.94,60.0,0.0,haze,High,15.02,40.46666667,HYD,4,60.08,0,haze,HYD,0
32.0,4.7,Drinks,motorcycle,25.92,73.0,0.0,haze,Low,3.9,21.86666667,COIMB,2,7.8,0,haze,COIMB,0
23.0,4.6,Buffet,motorcycle,22.09,60.0,0.0,haze,Moderate,13.25,33.63333333,INDO,3,39.75,0,haze,INDO,0
29.0,4.6,Buffet,motorcycle,22.91,49.0,0.0,clear sky,High,13.26,41.88333333,PUNE,4,53.04,0,clear sky,PUNE,0
29.0,4.8,Buffet,motorcycle,22.86,74.0,0.0,haze,High,16.05,47.05,BANG,4,64.2,0,haze,BANG,1
24.0,4.2,Drinks,scooter,28.03,65.0,0.0,haze,Moderate,14.09,38.61666667,KOL,3,42.269999999999996,0,haze,Other,0
39.0,4.8,Meal,scooter,26.1,73.0,0.0,haze,High,18.06,35.85,COIMB,4,72.24,0,haze,COIMB,0
36.0,4.9,Buffet,motorcycle,25.46,43.0,0.0,clear sky,Very Low,1.75,8.133333333,ALH,1,1.75,1,clear sky,Other,0
38.0,4.3,Meal,motorcycle,22.14,60.0,0.0,haze,Moderate,12.79,30.53333333,INDO,3,38.37,0,haze,INDO,0
20.0,4.7,Buffet,motorcycle,20.09,83.0,0.0,mist,Moderate,8.81,33.1,RANCHI,3,26.43,0,mist,RANCHI,0
29.0,4.7,Drinks,motorcycle,22.94,60.0,0.0,haze,High,15.02,47.48333333,HYD,4,60.08,0,haze,HYD,1
34.0,4.9,Snack,motorcycle,26.01,57.0,0.0,haze,Low,5.22,18.58333333,VAD,2,10.44,0,haze,Other,0
36.0,4.3,Drinks,motorcycle,24.92,73.0,0.0,mist,Moderate,9.3,35.41666667,SUR,3,27.900000000000002,0,mist,SUR,0
30.0,4.7,Snack,motorcycle,23.48,28.0,0.0,clear sky,Very High,25.07,67.61666667,JAP,5,125.35,0,clear sky,JAP,1
20.0,4.5,Drinks,motorcycle,24.93,43.0,0.0,clear sky,High,19.68,50.96666667,SUR,4,78.72,0,clear sky,SUR,1
23.0,4.6,Drinks,scooter,24.93,43.0,0.0,clear sky,High,18.0,48.76666667,SUR,4,72.0,0,clear sky,SUR,1
28.0,4.6,Snack,motorcycle,22.24,44.0,0.0,clear sky,Very High,31.62,57.4,INDO,5,158.1,0,clear sky,INDO,1
33.0,4.7,Meal,scooter,23.73,46.0,0.0,haze,Moderate,5.63,23.18333333,JAP,3,16.89,0,haze,JAP,0
32.0,4.7,Drinks,motorcycle,25.02,44.0,0.0,clear sky,Very High,19.8,58.55,ALH,5,99.0,0,clear sky,Other,1
30.0,4.4,Snack,motorcycle,26.11,65.0,0.0,haze,High,21.09,49.81666667,COIMB,4,84.36,0,haze,COIMB,1
31.0,4.9,Drinks,motorcycle,26.01,57.0,0.0,haze,Moderate,13.28,39.71666667,VAD,3,39.839999999999996,0,haze,Other,0
22.0,4.8,Buffet,motorcycle,26.25,73.0,0.0,haze,Very High,31.46,51.91666667,COIMB,5,157.3,0,haze,COIMB,1
29.0,4.9,Snack,scooter,24.95,73.0,0.0,mist,High,16.07,46.98333333,SUR,4,64.28,0,mist,SUR,1
36.0,4.0,Meal,motorcycle,24.92,73.0,0.0,mist,Moderate,13.46,33.18333333,SUR,3,40.38,0,mist,SUR,0
29.0,4.9,Drinks,scooter,22.82,60.0,0.0,haze,High,16.69,48.26666667,HYD,4,66.76,0,haze,HYD,1
36.0,4.4,Buffet,electric scooter,27.59,57.0,0.0,smoke,Very High,22.07,71.56666667,MUM,5,110.35,0,smoke,MUM,1
34.0,4.2,Snack,electric scooter,25.8,73.0,0.0,haze,Moderate,8.02,30.51666667,COIMB,3,24.06,0,haze,COIMB,0
24.0,4.9,Snack,motorcycle,22.65,60.0,0.0,haze,Very High,22.49,63.06666667,HYD,5,112.44999999999999,0,haze,HYD,1
30.0,4.8,Buffet,motorcycle,24.94,73.0,0.0,mist,Low,6.64,21.55,SUR,2,13.28,0,mist,SUR,0
20.0,4.7,Buffet,scooter,25.48,43.0,0.0,clear sky,High,17.14,43.15,ALH,4,68.56,0,clear sky,Other,0
35.0,4.3,Buffet,motorcycle,27.98,57.0,0.0,smoke,Moderate,6.5,32.38333333,MUM,3,19.5,0,smoke,MUM,0
28.0,4.7,Snack,scooter,22.18,60.0,0.0,haze,Low,3.93,18.96666667,INDO,2,7.86,0,haze,INDO,0
21.0,4.8,Meal,motorcycle,22.2,60.0,0.0,haze,Moderate,14.3,29.85,INDO,3,42.900000000000006,0,haze,INDO,0
27.0,4.0,Buffet,motorcycle,20.81,67.0,0.0,clear sky,High,15.21,33.71666667,MYS,4,60.84,0,clear sky,MYS,0
38.0,4.6,Drinks,scooter,25.96,73.0,0.0,haze,Moderate,11.45,37.4,COIMB,3,34.349999999999994,0,haze,COIMB,0
35.0,4.6,Drinks,motorcycle,23.1,49.0,0.0,clear sky,Low,2.41,24.38333333,PUNE,2,4.82,1,clear sky,PUNE,0
37.0,4.3,Buffet,scooter,24.92,73.0,0.0,mist,Moderate,8.4,27.65,SUR,3,25.200000000000003,0,mist,SUR,0
28.0,4.7,Snack,motorcycle,25.95,37.0,0.0,clear sky,High,8.24,38.56666667,AGR,4,32.96,0,clear sky,Other,0
38.0,4.4,Snack,motorcycle,26.11,73.0,0.0,haze,Very High,23.71,56.31666667,COIMB,5,118.55000000000001,0,haze,COIMB,1
31.0,4.7,Snack,motorcycle,20.8,67.0,0.0,clear sky,High,18.2,37.98333333,MYS,4,72.8,0,clear sky,MYS,0
32.0,4.5,Drinks,electric scooter,24.95,73.0,0.0,mist,Moderate,12.11,41.75,SUR,3,36.33,0,mist,SUR,0
25.0,4.6,Meal,scooter,23.32,43.0,0.0,clear sky,High,25.66,43.03333333,INDO,4,102.64,0,clear sky,INDO,0
29.0,4.7,Buffet,scooter,22.91,73.0,0.0,haze,Low,5.6,23.13333333,BANG,2,11.2,0,haze,BANG,0
38.0,4.3,Snack,motorcycle,28.54,82.0,0.0,overcast clouds,Very High,18.22,66.35,CHEN,5,91.1,0,clouds,CHEN,1
26.0,4.5,Meal,motorcycle,22.49,74.0,0.0,haze,High,12.05,36.1,BANG,4,48.2,0,haze,BANG,0
23.0,4.8,Drinks,motorcycle,28.01,57.0,0.0,smoke,High,12.06,48.98333333,MUM,4,48.24,0,smoke,MUM,1
36.0,4.7,Drinks,electric scooter,26.11,65.0,0.0,haze,High,16.73,46.96666667,COIMB,4,66.92,0,haze,COIMB,1
20.0,4.9,Drinks,scooter,11.16,87.0,0.0,clear sky,Very High,30.04,88.85,DEH,5,150.2,0,clear sky,Other,1
35.0,4.9,Buffet,motorcycle,24.93,43.0,0.0,clear sky,High,18.0,41.73333333,SUR,4,72.0,0,clear sky,SUR,0
30.0,4.0,Drinks,motorcycle,25.78,73.0,0.0,haze,High,13.92,42.46666667,COIMB,4,55.68,0,haze,COIMB,0
36.0,4.6,Snack,scooter,21.01,60.0,0.0,haze,Very High,28.48,77.2,AURG,5,142.4,0,haze,Other,1
29.0,4.6,Meal,scooter,22.69,74.0,0.0,haze,High,11.41,35.65,BANG,4,45.64,0,haze,BANG,0
33.0,4.2,Snack,motorcycle,24.96,73.0,0.0,mist,Low,4.02,21.5,SUR,2,8.04,0,mist,SUR,0
38.0,4.8,Snack,scooter,22.68,50.0,0.0,clear sky,Low,4.42,21.61666667,PUNE,2,8.84,0,clear sky,PUNE,0
29.0,4.8,Drinks,scooter,20.15,63.0,0.0,scattered clouds,High,19.69,50.96666667,RANCHI,4,78.76,0,clouds,RANCHI,1
27.0,4.6,Drinks,motorcycle,22.97,43.0,0.0,clear sky,Very High,23.89,57.01666667,KNP,5,119.45,0,clear sky,Other,1
21.0,4.8,Drinks,motorcycle,24.16,46.0,0.0,haze,Low,5.53,23.63333333,JAP,2,11.06,0,haze,JAP,0
37.0,4.2,Buffet,scooter,16.05,79.0,0.0,clear sky,Moderate,11.05,32.38333333,DEH,3,33.150000000000006,0,clear sky,Other,0
33.0,4.8,Drinks,scooter,23.94,46.0,0.0,haze,High,14.9,50.28333333,JAP,4,59.6,0,haze,JAP,1
37.0,4.2,Buffet,scooter,23.58,47.0,0.0,clear sky,Very High,22.85,53.35,PUNE,5,114.25,0,clear sky,PUNE,1
24.0,4.8,Drinks,motorcycle,22.91,49.0,0.0,clear sky,High,11.89,43.11666667,PUNE,4,47.56,0,clear sky,PUNE,0
38.0,4.7,Meal,motorcycle,24.0,29.0,0.0,clear sky,Very High,25.25,57.78333333,JAP,5,126.25,0,clear sky,JAP,1
23.0,4.5,Meal,motorcycle,22.74,60.0,0.0,haze,High,12.73,35.63333333,HYD,4,50.92,0,haze,HYD,0
28.0,4.8,Buffet,motorcycle,20.09,83.0,0.0,mist,High,11.31,39.71666667,RANCHI,4,45.24,0,mist,RANCHI,0
33.0,4.7,Meal,scooter,22.79,60.0,0.0,haze,Low,5.75,18.18333333,HYD,2,11.5,0,haze,HYD,0
34.0,4.8,Buffet,motorcycle,20.04,83.0,0.0,mist,Low,3.05,19.51666667,RANCHI,2,6.1,0,mist,RANCHI,0
28.0,4.2,Snack,motorcycle,27.97,65.0,0.0,haze,Very High,24.36,59.53333333,KOL,5,121.8,0,haze,Other,1
39.0,5.0,Buffet,motorcycle,17.24,78.0,0.0,clear sky,Moderate,9.52,27.13333333,DEH,3,28.56,0,clear sky,Other,0
36.0,4.7,Meal,motorcycle,29.0,54.0,0.0,smoke,Moderate,6.81,29.61666667,MUM,3,20.43,0,smoke,MUM,0
34.0,4.9,Snack,motorcycle,22.46,50.0,0.0,clear sky,Low,8.31,24.88333333,PUNE,2,16.62,0,clear sky,PUNE,0
20.0,4.6,Snack,scooter,24.97,73.0,0.0,mist,Low,6.65,26.1,SUR,2,13.3,0,mist,SUR,0
23.0,4.0,Drinks,motorcycle,21.03,78.0,0.0,mist,Low,5.58,30.65,RANCHI,2,11.16,0,mist,RANCHI,0
29.0,4.6,Meal,motorcycle,26.06,73.0,0.0,haze,Moderate,14.79,31.26666667,COIMB,3,44.37,0,haze,COIMB,0
29.0,5.0,Snack,motorcycle,21.44,60.0,0.0,haze,Very High,17.36,53.21666667,AURG,5,86.8,0,haze,Other,1
27.0,4.8,Buffet,motorcycle,22.81,74.0,0.0,haze,Very High,18.16,50.55,BANG,5,90.8,0,haze,BANG,1
28.0,4.5,Buffet,scooter,23.39,47.0,0.0,clear sky,Very High,16.89,55.75,PUNE,5,84.45,0,clear sky,PUNE,1
30.0,4.6,Snack,motorcycle,28.5,82.0,0.0,overcast clouds,Very High,19.45,65.3,CHEN,5,97.25,0,clouds,CHEN,1
29.0,4.8,Buffet,motorcycle,22.77,73.0,0.0,haze,High,7.0,35.95,BANG,4,28.0,0,haze,BANG,0
27.0,5.0,Buffet,scooter,25.88,65.0,0.0,haze,Moderate,7.02,25.63333333,COIMB,3,21.06,0,haze,COIMB,0
28.0,4.5,Meal,motorcycle,25.99,57.0,0.0,haze,Moderate,13.63,31.33333333,VAD,3,40.89,0,haze,Other,0
28.0,4.2,Buffet,motorcycle,22.1,60.0,0.0,haze,Very Low,2.11,12.43333333,INDO,1,2.11,1,haze,INDO,0
35.0,4.9,Meal,scooter,28.7,70.0,0.0,broken clouds,High,12.82,37.48333333,GOA,4,51.28,0,clouds,Other,0
26.0,4.6,Buffet,scooter,28.53,82.0,0.0,overcast clouds,Very High,28.74,78.38333333,CHEN,5,143.7,0,clouds,CHEN,1
26.0,4.4,Meal,motorcycle,24.01,57.0,0.0,haze,Very Low,3.31,10.93333333,HYD,1,3.31,0,haze,HYD,0
38.0,4.7,Snack,scooter,28.51,86.0,0.0,overcast clouds,Very High,30.4,76.8,CHEN,5,152.0,0,clouds,CHEN,1
21.0,4.6,Meal,scooter,20.8,67.0,0.0,clear sky,Moderate,13.56,26.15,MYS,3,40.68,0,clear sky,MYS,0
28.0,4.9,Buffet,scooter,23.59,46.0,0.0,haze,Very Low,2.42,13.38333333,JAP,1,2.42,1,haze,JAP,0
24.0,4.7,Buffet,scooter,23.08,60.0,0.0,haze,Very Low,1.96,13.76666667,INDO,1,1.96,1,haze,INDO,0
35.0,4.8,Buffet,motorcycle,20.1,83.0,0.0,mist,Low,4.41,22.03333333,RANCHI,2,8.82,0,mist,RANCHI,0
33.0,4.6,Drinks,motorcycle,20.55,67.0,0.0,clear sky,Moderate,6.61,30.16666667,MYS,3,19.830000000000002,0,clear sky,MYS,0
31.0,4.7,Buffet,motorcycle,22.86,74.0,0.0,haze,High,16.05,48.01666667,BANG,4,64.2,0,haze,BANG,1
39.0,4.7,Snack,motorcycle,24.91,42.0,0.0,clear sky,Very High,21.05,51.56666667,SUR,5,105.25,0,clear sky,SUR,1
21.0,4.3,Meal,motorcycle,28.05,49.0,0.0,clear sky,Moderate,8.85,26.95,MUM,3,26.549999999999997,0,clear sky,MUM,0
35.0,4.5,Buffet,motorcycle,23.03,48.0,0.0,clear sky,High,15.58,42.81666667,PUNE,4,62.32,0,clear sky,PUNE,0
24.0,4.5,Snack,scooter,22.96,48.0,0.0,clear sky,Low,6.27,23.53333333,PUNE,2,12.54,0,clear sky,PUNE,0
29.0,4.6,Drinks,motorcycle,23.4,46.0,0.0,haze,Moderate,10.09,36.68333333,JAP,3,30.27,0,haze,JAP,0
29.0,4.6,Snack,motorcycle,23.46,47.0,0.0,clear sky,Very High,25.88,65.76666667,PUNE,5,129.4,0,clear sky,PUNE,1
39.0,4.5,Drinks,motorcycle,22.98,48.0,0.0,clear sky,Very High,19.34,71.58333333,PUNE,5,96.7,0,clear sky,PUNE,1
33.0,4.6,Buffet,motorcycle,28.51,82.0,0.0,overcast clouds,Very High,18.23,62.11666667,CHEN,5,91.15,0,clouds,CHEN,1
23.0,5.0,Buffet,motorcycle,28.45,81.0,0.0,overcast clouds,High,21.53,46.95,CHEN,4,86.12,0,clouds,CHEN,1
22.0,4.9,Meal,scooter,25.98,73.0,0.0,haze,High,16.91,37.91666667,COIMB,4,67.64,0,haze,COIMB,0
33.0,4.9,Drinks,motorcycle,23.56,27.0,0.0,clear sky,Very High,20.4,63.85,JAP,5,102.0,0,clear sky,JAP,1
36.0,4.6,Snack,motorcycle,25.62,42.0,0.0,clear sky,High,16.95,45.0,KNP,4,67.8,0,clear sky,Other,0
37.0,4.6,Snack,electric scooter,20.61,67.0,0.0,clear sky,Moderate,8.46,27.91666667,MYS,3,25.380000000000003,0,clear sky,MYS,0
29.0,4.5,Drinks,scooter,24.94,73.0,0.0,mist,Low,6.63,28.53333333,SUR,2,13.26,0,mist,SUR,0
20.0,5.0,Drinks,scooter,26.03,65.0,0.0,haze,Moderate,9.16,33.43333333,COIMB,3,27.48,0,haze,COIMB,0
34.0,4.7,Buffet,scooter,28.48,81.0,0.0,mist,Very High,13.7,57.41666667,CHEN,5,68.5,0,mist,CHEN,1
25.0,4.9,Drinks,motorcycle,22.44,50.0,0.0,clear sky,Very High,18.2,56.06666667,PUNE,5,91.0,0,clear sky,PUNE,1
28.0,4.6,Meal,scooter,24.94,73.0,0.0,mist,Low,3.79,17.25,SUR,2,7.58,0,mist,SUR,0
20.0,4.7,Drinks,motorcycle,20.61,67.0,0.0,clear sky,Low,6.85,29.3,MYS,2,13.7,0,clear sky,MYS,0
24.0,4.9,Meal,scooter,23.53,29.0,0.0,clear sky,Very High,31.94,63.73333333,JAP,5,159.70000000000002,0,clear sky,JAP,1
32.0,5.0,Snack,motorcycle,24.98,73.0,0.0,mist,Very Low,1.88,14.05,SUR,1,1.88,1,mist,SUR,0
23.0,5.0,Drinks,motorcycle,28.44,82.0,0.0,mist,Very High,28.39,62.26666667,CHEN,5,141.95,0,mist,CHEN,1
35.0,4.1,Snack,motorcycle,22.19,60.0,0.0,haze,Moderate,11.41,34.68333333,INDO,3,34.230000000000004,0,haze,INDO,0
38.0,3.5,Buffet,scooter,25.02,44.0,0.0,clear sky,Very High,25.74,56.91666667,ALH,5,128.7,0,clear sky,Other,1
21.0,4.5,Drinks,scooter,20.29,68.0,0.0,clear sky,High,24.9,51.73333333,MYS,4,99.6,0,clear sky,MYS,1
27.0,5.0,Meal,motorcycle,23.32,48.0,0.0,clear sky,Very High,23.97,67.65,PUNE,5,119.85,0,clear sky,PUNE,1
28.0,4.0,Snack,motorcycle,23.93,64.0,0.0,haze,High,19.95,42.91666667,VAD,4,79.8,0,haze,Other,0
38.0,4.7,Drinks,motorcycle,20.19,83.0,0.0,mist,High,16.45,50.0,RANCHI,4,65.8,0,mist,RANCHI,1
25.0,4.7,Buffet,scooter,27.84,57.0,0.0,smoke,Moderate,8.18,35.48333333,MUM,3,24.54,0,smoke,MUM,0
39.0,4.4,Drinks,motorcycle,22.51,48.0,0.0,clear sky,Very High,27.14,86.95,PUNE,5,135.7,0,clear sky,PUNE,1
31.0,3.8,Meal,motorcycle,23.81,29.0,0.0,clear sky,Very High,31.0,67.25,JAP,5,155.0,0,clear sky,JAP,1
23.0,4.9,Buffet,scooter,22.1,60.0,0.0,haze,Low,6.92,22.83333333,INDO,2,13.84,0,haze,INDO,0
22.0,4.7,Snack,motorcycle,28.57,81.0,0.0,mist,Low,3.19,18.15,CHEN,2,6.38,0,mist,CHEN,0
20.0,4.9,Buffet,motorcycle,22.98,48.0,0.0,clear sky,Very High,17.9,54.96666667,PUNE,5,89.5,0,clear sky,PUNE,1
37.0,4.6,Meal,motorcycle,26.32,79.0,0.0,clear sky,Very Low,2.38,9.3,KOC,1,2.38,1,clear sky,Other,0
22.0,4.5,Snack,motorcycle,21.56,60.0,0.0,haze,High,17.72,49.58333333,AURG,4,70.88,0,haze,Other,1
31.0,4.6,Buffet,motorcycle,26.03,73.0,0.0,haze,Moderate,9.89,27.83333333,COIMB,3,29.67,0,haze,COIMB,0
38.0,4.9,Drinks,motorcycle,22.86,73.0,0.0,haze,High,14.07,49.25,BANG,4,56.28,0,haze,BANG,1
28.0,4.6,Drinks,motorcycle,23.9,38.0,0.0,clear sky,Low,5.81,27.93333333,LUDH,2,11.62,0,clear sky,Other,0
28.0,4.9,Drinks,motorcycle,20.2,83.0,0.0,mist,Low,8.61,28.93333333,RANCHI,2,17.22,0,mist,RANCHI,0
36.0,4.4,Meal,motorcycle,22.52,60.0,0.0,haze,Very High,32.68,64.46666667,HYD,5,163.4,0,haze,HYD,1
35.0,4.6,Buffet,motorcycle,22.71,60.0,0.0,haze,Very High,21.08,53.16666667,HYD,5,105.39999999999999,0,haze,HYD,1
33.0,3.8,Buffet,motorcycle,20.8,67.0,0.0,clear sky,Moderate,16.31,29.21666667,MYS,3,48.92999999999999,0,clear sky,MYS,0
27.0,4.6,Meal,motorcycle,23.24,72.0,0.0,haze,Low,4.86,19.45,BANG,2,9.72,0,haze,BANG,0
30.0,4.8,Snack,motorcycle,28.86,70.0,0.0,broken clouds,High,12.36,42.25,GOA,4,49.44,0,clouds,Other,0
29.0,4.9,Buffet,scooter,22.35,49.0,0.0,clear sky,High,16.48,44.1,PUNE,4,65.92,0,clear sky,PUNE,0
36.0,4.4,Meal,motorcycle,23.02,48.0,0.0,clear sky,Moderate,4.66,21.83333333,PUNE,3,13.98,0,clear sky,PUNE,0
31.0,4.7,Meal,motorcycle,23.37,46.0,0.0,haze,Low,3.97,17.63333333,JAP,2,7.94,0,haze,JAP,0
35.0,4.8,Buffet,motorcycle,10.26,86.0,0.0,clear sky,Very High,24.98,78.06666667,DEH,5,124.9,0,clear sky,Other,1
23.0,4.6,Drinks,motorcycle,23.56,39.0,0.0,clear sky,Very High,23.53,57.61666667,LUDH,5,117.65,0,clear sky,Other,1
23.0,4.6,Meal,scooter,21.92,60.0,0.0,haze,Low,6.04,20.16666667,AURG,2,12.08,0,haze,Other,0
33.0,5.0,Drinks,motorcycle,27.63,51.0,0.0,clear sky,Very High,20.87,62.13333333,MUM,5,104.35000000000001,0,clear sky,MUM,1
35.0,4.9,Drinks,scooter,28.14,54.0,0.0,smoke,High,11.92,50.15,MUM,4,47.68,0,smoke,MUM,1
39.0,4.6,Buffet,scooter,27.99,65.0,0.0,haze,Low,2.66,18.71666667,KOL,2,5.32,1,haze,Other,0
39.0,4.9,Drinks,motorcycle,24.95,73.0,0.0,mist,Very Low,2.77,21.53333333,SUR,1,2.77,1,mist,SUR,0
35.0,4.7,Snack,motorcycle,25.96,73.0,0.0,haze,Moderate,11.45,32.38333333,COIMB,3,34.349999999999994,0,haze,COIMB,0
31.0,4.7,Snack,motorcycle,23.31,72.0,0.0,haze,Very Low,2.41,15.08333333,BANG,1,2.41,1,haze,BANG,0
22.0,5.0,Meal,scooter,23.31,72.0,0.0,haze,Low,5.39,21.6,BANG,2,10.78,0,haze,BANG,0
34.0,4.0,Buffet,scooter,20.61,67.0,0.0,clear sky,Moderate,9.21,25.76666667,MYS,3,27.630000000000003,0,clear sky,MYS,0
25.0,4.8,Snack,scooter,25.97,65.0,0.0,haze,Moderate,8.86,26.5,COIMB,3,26.58,0,haze,COIMB,0
39.0,4.6,Snack,scooter,20.19,83.0,0.0,mist,High,17.99,46.63333333,RANCHI,4,71.96,0,mist,RANCHI,1
31.0,4.9,Drinks,motorcycle,22.33,73.0,0.0,haze,Very High,20.5,57.86666667,BANG,5,102.5,0,haze,BANG,1
26.0,4.8,Meal,electric scooter,23.94,46.0,0.0,haze,High,16.67,45.63333333,JAP,4,66.68,0,haze,JAP,1
35.0,4.6,Buffet,scooter,22.79,60.0,0.0,haze,Moderate,8.9,29.11666667,HYD,3,26.700000000000003,0,haze,HYD,0
38.0,4.8,Meal,motorcycle,24.95,73.0,0.0,mist,High,16.42,38.98333333,SUR,4,65.68,0,mist,SUR,0
24.0,4.8,Snack,motorcycle,23.58,47.0,0.0,clear sky,Very High,23.24,54.43333333,PUNE,5,116.19999999999999,0,clear sky,PUNE,1
39.0,3.8,Drinks,electric scooter,24.94,73.0,0.0,mist,High,16.89,50.13333333,SUR,4,67.56,0,mist,SUR,1
34.0,4.9,Snack,scooter,25.01,73.0,0.0,mist,Very Low,3.42,16.61666667,SUR,1,3.42,0,mist,SUR,0
21.0,4.8,Buffet,motorcycle,28.46,81.0,0.0,mist,Moderate,13.76,32.58333333,CHEN,3,41.28,0,mist,CHEN,0
34.0,4.6,Drinks,motorcycle,20.8,67.0,0.0,clear sky,High,16.12,41.56666667,MYS,4,64.48,0,clear sky,MYS,0
27.0,4.5,Drinks,motorcycle,20.16,61.0,0.0,scattered clouds,High,22.77,50.61666667,RANCHI,4,91.08,0,clouds,RANCHI,1
29.0,4.6,Meal,scooter,27.04,57.0,0.0,smoke,Very High,20.48,61.06666667,MUM,5,102.4,0,smoke,MUM,1
21.0,4.8,Meal,scooter,28.5,82.0,0.0,overcast clouds,Very High,22.64,64.28333333,CHEN,5,113.2,0,clouds,CHEN,1
36.0,4.2,Meal,motorcycle,20.19,83.0,0.0,mist,High,15.7,37.48333333,RANCHI,4,62.8,0,mist,RANCHI,0
29.0,4.9,Meal,motorcycle,22.14,45.0,0.0,clear sky,High,22.28,37.96666667,INDO,4,89.12,0,clear sky,INDO,0
34.0,4.6,Buffet,scooter,28.48,81.0,0.0,mist,Low,2.29,16.65,CHEN,2,4.58,1,mist,CHEN,0
29.0,4.6,Drinks,electric scooter,28.48,82.0,0.0,overcast clouds,Very High,19.02,68.75,CHEN,5,95.1,0,clouds,CHEN,1
29.0,4.8,Snack,motorcycle,24.91,42.0,0.0,clear sky,High,17.3,41.21666667,SUR,4,69.2,0,clear sky,SUR,0
20.0,4.5,Snack,motorcycle,23.16,60.0,0.0,haze,Moderate,10.55,29.66666667,INDO,3,31.650000000000002,0,haze,INDO,0
33.0,4.6,Buffet,motorcycle,22.21,44.0,0.0,clear sky,High,14.61,38.45,INDO,4,58.44,0,clear sky,INDO,0
30.0,4.4,Snack,motorcycle,26.07,73.0,0.0,haze,Moderate,8.84,27.53333333,COIMB,3,26.52,0,haze,COIMB,0
22.0,4.6,Snack,motorcycle,23.1,49.0,0.0,clear sky,High,9.82,36.51666667,PUNE,4,39.28,0,clear sky,PUNE,0
33.0,4.2,Buffet,scooter,28.5,82.0,0.0,overcast clouds,Very High,20.89,65.81666667,CHEN,5,104.45,0,clouds,CHEN,1
29.0,4.6,Meal,bicycle,20.29,68.0,0.0,clear sky,Very High,26.08,47.2,MYS,5,130.39999999999998,0,clear sky,MYS,1
29.0,4.6,Buffet,scooter,28.42,81.0,0.0,mist,Moderate,8.9,30.0,CHEN,3,26.700000000000003,0,mist,CHEN,0
23.0,4.2,Buffet,motorcycle,27.94,57.0,0.0,smoke,Low,5.06,27.43333333,MUM,2,10.12,0,smoke,MUM,0
22.0,4.8,Snack,motorcycle,23.31,72.0,0.0,haze,Moderate,6.7,26.16666667,BANG,3,20.1,0,haze,BANG,0
24.0,4.6,Snack,motorcycle,23.72,28.0,0.0,clear sky,High,15.56,42.75,JAP,4,62.24,0,clear sky,JAP,0
29.0,4.6,Snack,motorcycle,20.7,67.0,0.0,clear sky,High,20.42,36.85,MYS,4,81.68,0,clear sky,MYS,0
27.0,4.6,Drinks,scooter,27.99,65.0,0.0,haze,High,12.01,45.86666667,KOL,4,48.04,0,haze,Other,1
32.0,4.6,Snack,motorcycle,23.93,29.0,0.0,clear sky,Very High,27.74,62.36666667,JAP,5,138.7,0,clear sky,JAP,1
29.0,4.8,Buffet,motorcycle,23.48,28.0,0.0,clear sky,Very High,25.07,65.38333333,JAP,5,125.35,0,clear sky,JAP,1
39.0,4.6,Snack,motorcycle,23.03,48.0,0.0,clear sky,Moderate,11.98,33.88333333,PUNE,3,35.94,0,clear sky,PUNE,0
35.0,4.9,Buffet,motorcycle,20.61,67.0,0.0,clear sky,High,12.81,37.26666667,MYS,4,51.24,0,clear sky,MYS,0
38.0,5.0,Buffet,scooter,28.49,81.0,0.0,mist,Low,4.41,17.38333333,CHEN,2,8.82,0,mist,CHEN,0
35.0,4.6,Buffet,motorcycle,25.84,37.0,0.0,clear sky,High,20.32,35.08333333,AGR,4,81.28,0,clear sky,Other,0
38.0,5.0,Buffet,scooter,20.09,83.0,0.0,mist,Moderate,8.81,33.0,RANCHI,3,26.43,0,mist,RANCHI,0
24.0,4.9,Buffet,motorcycle,23.77,46.0,0.0,haze,High,13.58,36.86666667,JAP,4,54.32,0,haze,JAP,0
33.0,4.7,Snack,motorcycle,22.2,60.0,0.0,haze,Moderate,13.4,35.86666667,INDO,3,40.2,0,haze,INDO,0
34.0,4.6,Snack,motorcycle,22.09,60.0,0.0,haze,Moderate,11.77,34.65,INDO,3,35.31,0,haze,INDO,0
37.0,4.8,Buffet,motorcycle,28.0,65.0,0.0,haze,Moderate,11.43,26.23333333,KOL,3,34.29,0,haze,Other,0
31.0,4.9,Meal,motorcycle,25.79,73.0,0.0,haze,High,16.05,39.36666667,COIMB,4,64.2,0,haze,COIMB,0
37.0,4.5,Meal,motorcycle,24.94,43.0,0.0,clear sky,High,14.56,33.98333333,SUR,4,58.24,0,clear sky,SUR,0
29.0,4.7,Drinks,motorcycle,22.14,60.0,0.0,haze,Moderate,9.41,38.76666667,INDO,3,28.23,0,haze,INDO,0
20.0,5.0,Meal,motorcycle,25.19,43.0,0.0,clear sky,High,16.51,33.81666667,ALH,4,66.04,0,clear sky,Other,0
29.0,4.6,Buffet,scooter,24.02,64.0,0.0,haze,Moderate,9.07,25.53333333,VAD,3,27.21,0,haze,Other,0
21.0,4.6,Buffet,motorcycle,28.01,57.0,0.0,smoke,High,12.44,39.63333333,MUM,4,49.76,0,smoke,MUM,0
24.0,4.7,Drinks,electric scooter,27.99,65.0,0.0,haze,High,15.19,48.28333333,KOL,4,60.76,0,haze,Other,1
33.0,4.6,Snack,electric scooter,27.99,65.0,0.0,haze,Very High,23.5,61.8,KOL,5,117.5,0,haze,Other,1
35.0,4.8,Meal,scooter,25.87,65.0,0.0,haze,Low,4.64,19.01666667,COIMB,2,9.28,0,haze,COIMB,0
37.0,4.0,Meal,scooter,24.9,42.0,0.0,clear sky,High,22.17,45.15,SUR,4,88.68,0,clear sky,SUR,1
29.0,4.6,Drinks,scooter,22.23,44.0,0.0,clear sky,Moderate,17.06,39.9,INDO,3,51.17999999999999,0,clear sky,INDO,0
36.0,4.7,Meal,scooter,23.88,57.0,0.0,haze,Moderate,9.34,25.18333333,HYD,3,28.02,0,haze,HYD,0
24.0,4.1,Drinks,motorcycle,25.34,38.0,0.0,clear sky,Very High,36.83,68.7,AGR,5,184.14999999999998,0,clear sky,Other,1
20.0,4.7,Meal,scooter,20.04,83.0,0.0,mist,Moderate,5.91,25.0,RANCHI,3,17.73,0,mist,RANCHI,0
37.0,4.9,Meal,electric scooter,20.81,67.0,0.0,clear sky,High,13.86,39.78333333,MYS,4,55.44,0,clear sky,MYS,0
36.0,4.7,Drinks,scooter,25.84,37.0,0.0,clear sky,Moderate,18.31,36.86666667,AGR,3,54.92999999999999,0,clear sky,Other,0
35.0,4.7,Snack,motorcycle,24.01,64.0,0.0,haze,Low,10.23,25.83333333,VAD,2,20.46,0,haze,Other,0
39.0,5.0,Buffet,motorcycle,25.36,38.0,0.0,clear sky,Very High,33.81,58.06666667,AGR,5,169.05,0,clear sky,Other,1
38.0,4.9,Buffet,motorcycle,27.85,57.0,0.0,smoke,High,8.97,39.16666667,MUM,4,35.88,0,smoke,MUM,0
27.0,4.9,Buffet,motorcycle,22.83,74.0,0.0,haze,Moderate,7.62,27.21666667,BANG,3,22.86,0,haze,BANG,0
23.0,4.8,Buffet,scooter,22.87,60.0,0.0,haze,Moderate,8.03,28.63333333,HYD,3,24.089999999999996,0,haze,HYD,0
24.0,4.8,Snack,motorcycle,25.36,38.0,0.0,clear sky,Very High,33.83,55.13333333,AGR,5,169.14999999999998,0,clear sky,Other,1
24.0,4.0,Meal,motorcycle,22.16,60.0,0.0,haze,Low,2.22,12.06666667,INDO,2,4.44,1,haze,INDO,0
30.0,4.4,Snack,electric scooter,28.46,81.0,0.0,mist,High,12.32,44.16666667,CHEN,4,49.28,0,mist,CHEN,0
37.0,4.8,Buffet,motorcycle,23.9,28.0,0.0,clear sky,High,18.19,45.35,JAP,4,72.76,0,clear sky,JAP,1
26.0,5.0,Drinks,motorcycle,23.42,72.0,0.0,haze,Moderate,6.25,37.58333333,BANG,3,18.75,0,haze,BANG,0
37.0,4.7,Meal,motorcycle,20.61,67.0,0.0,clear sky,Moderate,9.99,23.41666667,MYS,3,29.97,0,clear sky,MYS,0
22.0,4.6,Buffet,scooter,22.32,73.0,0.0,haze,Very High,18.39,56.2,BANG,5,91.95,0,haze,BANG,1
37.0,4.4,Snack,motorcycle,26.01,57.0,0.0,haze,Moderate,11.09,28.75,VAD,3,33.269999999999996,0,haze,Other,0
34.0,4.8,Buffet,scooter,25.86,73.0,0.0,haze,Low,2.99,14.68333333,COIMB,2,5.98,1,haze,COIMB,0
38.0,5.0,Drinks,electric scooter,25.78,73.0,0.0,haze,High,13.92,42.43333333,COIMB,4,55.68,0,haze,COIMB,0
34.0,4.4,Buffet,scooter,25.86,73.0,0.0,haze,Low,7.57,23.43333333,COIMB,2,15.14,0,haze,COIMB,0
37.0,4.5,Drinks,motorcycle,22.18,44.0,0.0,clear sky,High,17.05,48.85,INDO,4,68.2,0,clear sky,INDO,1
38.0,4.7,Drinks,motorcycle,22.4,74.0,0.0,haze,Very High,29.57,92.8,BANG,5,147.85,0,haze,BANG,1
36.0,5.0,Snack,electric scooter,20.61,67.0,0.0,clear sky,Moderate,8.24,31.1,MYS,3,24.72,0,clear sky,MYS,0
29.0,4.9,Meal,scooter,28.45,82.0,0.0,mist,High,26.98,46.25,CHEN,4,107.92,0,mist,CHEN,1
38.0,4.8,Drinks,scooter,28.96,70.0,0.0,scattered clouds,Low,4.64,23.95,GOA,2,9.28,0,clouds,Other,0
26.0,4.7,Drinks,motorcycle,20.09,83.0,0.0,mist,High,9.71,45.13333333,RANCHI,4,38.84,0,mist,RANCHI,1
39.0,3.5,Drinks,motorcycle,22.67,73.0,0.0,haze,Very High,20.95,64.45,BANG,5,104.75,0,haze,BANG,1
32.0,4.6,Snack,scooter,22.77,60.0,0.0,haze,High,18.84,49.11666667,HYD,4,75.36,0,haze,HYD,1
36.0,4.7,Snack,motorcycle,28.5,82.0,0.0,overcast clouds,Very High,24.11,69.88333333,CHEN,5,120.55,0,clouds,CHEN,1
25.0,4.6,Drinks,scooter,23.62,46.0,0.0,haze,Low,4.79,22.95,JAP,2,9.58,0,haze,JAP,0
29.0,4.6,Drinks,scooter,22.31,50.0,0.0,clear sky,Low,7.78,29.88333333,PUNE,2,15.56,0,clear sky,PUNE,0
39.0,4.6,Snack,motorcycle,23.98,28.0,0.0,clear sky,High,16.4,47.91666667,JAP,4,65.6,0,clear sky,JAP,1
24.0,4.2,Meal,motorcycle,20.7,68.0,0.0,clear sky,Moderate,14.26,29.13333333,MYS,3,42.78,0,clear sky,MYS,0
36.0,4.8,Meal,motorcycle,25.48,83.0,0.0,clear sky,Low,4.58,14.35,KOC,2,9.16,0,clear sky,Other,0
30.0,4.9,Snack,scooter,23.83,46.0,0.0,haze,High,13.96,43.08333333,JAP,4,55.84,0,haze,JAP,0
24.0,4.5,Snack,scooter,23.4,46.0,0.0,haze,Moderate,10.08,30.46666667,JAP,3,30.240000000000002,0,haze,JAP,0
36.0,4.9,Buffet,scooter,20.7,68.0,0.0,clear sky,Moderate,11.18,29.18333333,MYS,3,33.54,0,clear sky,MYS,0
50.0,4.7,Meal,electric scooter,23.71,29.0,0.0,clear sky,Very High,28.81,59.68333333,JAP,5,144.04999999999998,0,clear sky,JAP,1
28.0,4.6,Snack,electric scooter,20.05,83.0,0.0,mist,Very Low,2.28,17.36666667,RANCHI,1,2.28,1,mist,RANCHI,0
38.0,4.0,Drinks,scooter,24.95,73.0,0.0,mist,Moderate,9.9,36.2,SUR,3,29.700000000000003,0,mist,SUR,0
23.0,4.9,Meal,scooter,25.02,44.0,0.0,clear sky,Very High,24.56,49.38333333,ALH,5,122.8,0,clear sky,Other,1
20.0,4.7,Meal,motorcycle,22.83,74.0,0.0,haze,Moderate,7.62,25.18333333,BANG,3,22.86,0,haze,BANG,0
26.0,4.4,Meal,motorcycle,23.77,46.0,0.0,haze,Moderate,7.14,26.26666667,JAP,3,21.419999999999998,0,haze,JAP,0
31.0,4.9,Meal,electric scooter,22.77,60.0,0.0,haze,Very Low,1.83,8.0,HYD,1,1.83,1,haze,HYD,0
35.0,4.6,Buffet,motorcycle,24.02,64.0,0.0,haze,Low,8.42,21.3,VAD,2,16.84,0,haze,Other,0
27.0,4.6,Snack,motorcycle,20.5,68.0,0.0,clear sky,High,26.27,46.05,MYS,4,105.08,0,clear sky,MYS,1
31.0,3.7,Snack,scooter,22.25,44.0,0.0,clear sky,High,19.59,43.66666667,INDO,4,78.36,0,clear sky,INDO,0
34.0,4.6,Meal,electric scooter,22.59,60.0,0.0,haze,Very High,25.63,60.86666667,HYD,5,128.15,0,haze,HYD,1
36.0,4.9,Drinks,scooter,23.99,64.0,0.0,haze,Moderate,13.87,38.46666667,VAD,3,41.61,0,haze,Other,0
26.0,4.6,Snack,motorcycle,22.79,74.0,0.0,haze,High,11.08,37.95,BANG,4,44.32,0,haze,BANG,0
37.0,4.6,Drinks,motorcycle,22.25,44.0,0.0,clear sky,High,16.69,46.88333333,INDO,4,66.76,0,clear sky,INDO,1
28.0,4.9,Buffet,scooter,27.92,57.0,0.0,smoke,Low,4.99,25.2,MUM,2,9.98,0,smoke,MUM,0
30.0,4.7,Buffet,scooter,23.1,49.0,0.0,clear sky,Low,2.41,16.68333333,PUNE,2,4.82,1,clear sky,PUNE,0
29.0,4.0,Snack,scooter,28.02,65.0,0.0,haze,Very High,25.59,55.61666667,KOL,5,127.95,0,haze,Other,1
28.0,4.7,Meal,scooter,22.33,73.0,0.0,haze,Very High,25.19,56.7,BANG,5,125.95,0,haze,BANG,1
24.0,4.6,Buffet,scooter,22.46,50.0,0.0,clear sky,High,15.37,42.95,PUNE,4,61.48,0,clear sky,PUNE,0
22.0,3.5,Buffet,motorcycle,22.21,44.0,0.0,clear sky,High,14.73,38.81666667,INDO,4,58.92,0,clear sky,INDO,0
21.0,4.6,Meal,motorcycle,20.29,63.0,0.0,scattered clouds,High,18.86,44.13333333,RANCHI,4,75.44,0,clouds,RANCHI,0
24.0,4.9,Drinks,scooter,22.14,60.0,0.0,haze,Moderate,12.79,39.46666667,INDO,3,38.37,0,haze,INDO,0
34.0,4.8,Meal,motorcycle,28.45,81.0,0.0,mist,Low,4.52,17.73333333,CHEN,2,9.04,0,mist,CHEN,0
37.0,5.0,Drinks,motorcycle,22.77,60.0,0.0,haze,Low,9.11,26.98333333,HYD,2,18.22,0,haze,HYD,0
35.0,4.3,Drinks,motorcycle,22.68,60.0,0.0,haze,Very High,18.42,56.21666667,HYD,5,92.10000000000001,0,haze,HYD,1
39.0,4.9,Meal,electric scooter,20.55,67.0,0.0,clear sky,Low,7.88,19.88333333,MYS,2,15.76,0,clear sky,MYS,0
21.0,4.7,Drinks,motorcycle,28.0,65.0,0.0,haze,High,13.02,46.43333333,KOL,4,52.08,0,haze,Other,1
23.0,4.6,Meal,scooter,22.94,60.0,0.0,haze,Moderate,11.47,31.05,HYD,3,34.410000000000004,0,haze,HYD,0
37.0,4.3,Meal,scooter,28.02,57.0,0.0,smoke,Very High,19.55,54.56666667,MUM,5,97.75,0,smoke,MUM,1
37.0,4.2,Drinks,motorcycle,25.94,73.0,0.0,haze,Low,5.35,26.08333333,COIMB,2,10.7,0,haze,COIMB,0
38.0,4.8,Buffet,motorcycle,22.14,60.0,0.0,haze,Very High,23.47,49.93333333,INDO,5,117.35,0,haze,INDO,1
27.0,4.9,Snack,scooter,20.61,67.0,0.0,clear sky,High,10.91,35.41666667,MYS,4,43.64,0,clear sky,MYS,0
20.0,4.5,Snack,motorcycle,23.67,46.0,0.0,haze,Moderate,8.53,34.13333333,JAP,3,25.589999999999996,0,haze,JAP,0
31.0,4.9,Buffet,motorcycle,22.16,60.0,0.0,haze,Very Low,2.44,11.95,INDO,1,2.44,1,haze,INDO,0
31.0,4.5,Drinks,scooter,20.7,68.0,0.0,clear sky,High,15.51,45.43333333,MYS,4,62.04,0,clear sky,MYS,1
22.0,4.6,Buffet,scooter,26.25,73.0,0.0,haze,Very High,31.98,53.26666667,COIMB,5,159.9,0,haze,COIMB,1
34.0,4.7,Buffet,electric scooter,23.13,73.0,0.0,haze,Low,4.9,22.06666667,BANG,2,9.8,0,haze,BANG,0
20.0,4.9,Meal,electric scooter,22.69,60.0,0.0,haze,High,13.79,42.63333333,HYD,4,55.16,0,haze,HYD,0
34.0,4.0,Snack,scooter,25.01,73.0,0.0,mist,High,11.64,39.21666667,SUR,4,46.56,0,mist,SUR,0
34.0,4.8,Snack,motorcycle,23.21,72.0,0.0,haze,Very High,15.96,54.11666667,BANG,5,79.80000000000001,0,haze,BANG,1
32.0,4.7,Drinks,scooter,28.59,81.0,0.0,mist,Moderate,11.16,39.25,CHEN,3,33.480000000000004,0,mist,CHEN,0
27.0,4.5,Buffet,scooter,20.7,68.0,0.0,clear sky,High,12.35,33.8,MYS,4,49.4,0,clear sky,MYS,0
33.0,4.5,Buffet,motorcycle,22.21,60.0,0.0,haze,Moderate,16.14,33.98333333,INDO,3,48.42,0,haze,INDO,0
27.0,4.8,Drinks,scooter,28.54,81.0,0.0,mist,Low,5.87,29.88333333,CHEN,2,11.74,0,mist,CHEN,0
27.0,4.8,Buffet,motorcycle,22.63,74.0,0.0,haze,High,11.16,35.0,BANG,4,44.64,0,haze,BANG,0
33.0,5.0,Drinks,scooter,25.34,38.0,0.0,clear sky,Very High,32.52,55.13333333,AGR,5,162.60000000000002,0,clear sky,Other,1
33.0,4.4,Meal,motorcycle,24.93,43.0,0.0,clear sky,High,11.99,31.03333333,SUR,4,47.96,0,clear sky,SUR,0
22.0,4.6,Meal,scooter,24.92,73.0,0.0,mist,Moderate,9.3,26.68333333,SUR,3,27.900000000000002,0,mist,SUR,0
37.0,4.7,Drinks,motorcycle,24.01,64.0,0.0,haze,Moderate,12.86,35.6,VAD,3,38.58,0,haze,Other,0
37.0,5.0,Meal,motorcycle,22.08,60.0,0.0,haze,Moderate,6.16,23.3,INDO,3,18.48,0,haze,INDO,0
36.0,4.2,Meal,motorcycle,22.9,60.0,0.0,haze,Very High,17.04,50.66666667,HYD,5,85.19999999999999,0,haze,HYD,1
27.0,4.9,Snack,scooter,23.77,46.0,0.0,haze,Moderate,9.13,35.53333333,JAP,3,27.39,0,haze,JAP,0
20.0,4.8,Meal,motorcycle,25.97,37.0,0.0,clear sky,Moderate,8.95,24.53333333,AGR,3,26.849999999999998,0,clear sky,Other,0
29.0,4.2,Meal,scooter,22.31,43.0,0.0,clear sky,High,24.02,39.81666667,INDO,4,96.08,0,clear sky,INDO,0
28.0,4.9,Snack,motorcycle,27.63,51.0,0.0,clear sky,Very High,21.38,57.93333333,MUM,5,106.89999999999999,0,clear sky,MUM,1
26.0,4.9,Drinks,motorcycle,25.48,43.0,0.0,clear sky,Moderate,8.11,35.98333333,ALH,3,24.33,0,clear sky,Other,0
23.0,4.9,Drinks,electric scooter,23.81,38.0,0.0,clear sky,High,13.05,40.6,LUDH,4,52.2,0,clear sky,Other,0
34.0,4.6,Snack,scooter,20.3,63.0,0.0,scattered clouds,High,17.44,43.23333333,RANCHI,4,69.76,0,clouds,RANCHI,0
29.0,4.6,Buffet,motorcycle,20.48,68.0,0.0,clear sky,Very Low,3.09,9.466666667,MYS,1,3.09,0,clear sky,MYS,0
23.0,4.5,Meal,motorcycle,24.98,73.0,0.0,mist,Very Low,2.41,12.16666667,SUR,1,2.41,1,mist,SUR,0
23.0,4.9,Buffet,motorcycle,23.83,46.0,0.0,haze,High,13.96,41.3,JAP,4,55.84,0,haze,JAP,0
28.0,4.7,Snack,scooter,26.12,73.0,0.0,haze,High,16.73,41.93333333,COIMB,4,66.92,0,haze,COIMB,0
26.0,4.8,Buffet,scooter,25.64,43.0,0.0,clear sky,Low,3.55,13.75,ALH,2,7.1,0,clear sky,Other,0
23.0,4.7,Meal,motorcycle,24.97,73.0,0.0,mist,Low,5.91,20.1,SUR,2,11.82,0,mist,SUR,0
37.0,4.8,Snack,motorcycle,24.01,92.0,0.0,broken clouds,Very High,30.57,69.35,KOC,5,152.85,0,clouds,Other,1
29.0,4.6,Meal,scooter,25.92,73.0,0.0,haze,Moderate,8.55,22.58333333,COIMB,3,25.650000000000002,0,haze,COIMB,0
27.0,4.8,Buffet,motorcycle,23.67,46.0,0.0,haze,High,9.46,34.36666667,JAP,4,37.84,0,haze,JAP,0
39.0,4.8,Meal,motorcycle,25.89,73.0,0.0,haze,Low,5.09,17.3,COIMB,2,10.18,0,haze,COIMB,0
23.0,4.9,Snack,scooter,27.93,54.0,0.0,clear sky,Very High,26.84,65.73333333,MUM,5,134.2,0,clear sky,MUM,1
24.0,4.9,Meal,motorcycle,24.89,42.0,0.0,clear sky,Very High,27.93,56.78333333,SUR,5,139.65,0,clear sky,SUR,1
27.0,4.6,Meal,motorcycle,27.56,57.0,0.0,smoke,Very High,15.33,56.11666667,MUM,5,76.65,0,smoke,MUM,1
39.0,4.3,Buffet,scooter,23.99,64.0,0.0,haze,High,16.44,37.6,VAD,4,65.76,0,haze,Other,0
29.0,4.6,Meal,motorcycle,25.97,73.0,0.0,haze,High,15.72,36.91666667,COIMB,4,62.88,0,haze,COIMB,0
22.0,4.5,Meal,motorcycle,22.1,60.0,0.0,haze,Low,6.53,19.78333333,INDO,2,13.06,0,haze,INDO,0
26.0,4.6,Snack,motorcycle,23.39,47.0,0.0,clear sky,High,15.0,48.23333333,PUNE,4,60.0,0,clear sky,PUNE,1
21.0,4.9,Snack,scooter,26.0,57.0,0.0,haze,Low,6.59,22.0,VAD,2,13.18,0,haze,Other,0
37.0,4.9,Buffet,motorcycle,25.01,73.0,0.0,mist,Very Low,3.42,14.33333333,SUR,1,3.42,0,mist,SUR,0
36.0,4.0,Snack,motorcycle,22.94,60.0,0.0,haze,High,15.02,42.33333333,HYD,4,60.08,0,haze,HYD,0
21.0,4.9,Drinks,scooter,28.54,81.0,0.0,mist,Low,7.87,28.65,CHEN,2,15.74,0,mist,CHEN,0
25.0,4.5,Drinks,scooter,22.94,49.0,0.0,clear sky,Moderate,6.36,30.01666667,PUNE,3,19.080000000000002,0,clear sky,PUNE,0
23.0,4.6,Meal,electric scooter,20.61,67.0,0.0,clear sky,Low,4.51,12.4,MYS,2,9.02,0,clear sky,MYS,0
37.0,4.6,Snack,motorcycle,26.84,57.0,0.0,smoke,Very High,31.27,81.76666667,MUM,5,156.35,0,smoke,MUM,1
23.0,4.8,Meal,motorcycle,28.54,81.0,0.0,mist,Very High,20.91,50.28333333,CHEN,5,104.55,0,mist,CHEN,1
33.0,4.9,Buffet,electric scooter,28.53,76.0,0.0,overcast clouds,Very High,26.17,72.45,CHEN,5,130.85000000000002,0,clouds,CHEN,1
26.0,4.8,Meal,electric scooter,22.81,60.0,0.0,haze,Very High,21.38,53.85,HYD,5,106.89999999999999,0,haze,HYD,1
29.0,4.9,Drinks,motorcycle,20.19,83.0,0.0,mist,High,18.51,48.86666667,RANCHI,4,74.04,0,mist,RANCHI,1
26.0,4.6,Meal,scooter,28.02,57.0,0.0,smoke,Low,3.66,20.5,MUM,2,7.32,0,smoke,MUM,0
23.0,4.7,Buffet,scooter,20.61,67.0,0.0,clear sky,Moderate,11.3,29.13333333,MYS,3,33.900000000000006,0,clear sky,MYS,0
37.0,4.9,Drinks,scooter,28.4,81.0,0.0,mist,High,13.58,50.81666667,CHEN,4,54.32,0,mist,CHEN,1
32.0,4.6,Buffet,motorcycle,20.22,63.0,0.0,scattered clouds,Moderate,14.22,25.83333333,RANCHI,3,42.660000000000004,0,clouds,RANCHI,0
36.0,4.5,Snack,motorcycle,23.29,27.0,0.0,clear sky,High,12.04,41.75,JAP,4,48.16,0,clear sky,JAP,0
27.0,4.8,Snack,scooter,23.99,64.0,0.0,haze,High,16.42,39.5,VAD,4,65.68,0,haze,Other,0
39.0,4.7,Drinks,motorcycle,22.25,44.0,0.0,clear sky,Moderate,16.63,39.91666667,INDO,3,49.89,0,clear sky,INDO,0
20.0,4.7,Snack,motorcycle,24.08,57.0,0.0,haze,Moderate,9.15,30.65,HYD,3,27.450000000000003,0,haze,HYD,0
29.0,4.6,Meal,scooter,22.68,60.0,0.0,haze,Very High,21.45,53.45,HYD,5,107.25,0,haze,HYD,1
33.0,4.4,Meal,motorcycle,22.14,60.0,0.0,haze,Moderate,9.65,30.6,INDO,3,28.950000000000003,0,haze,INDO,0
23.0,4.8,Meal,motorcycle,22.86,74.0,0.0,haze,Very High,24.77,75.71666667,BANG,5,123.85,0,haze,BANG,1
22.0,4.8,Meal,scooter,20.22,83.0,0.0,mist,High,11.32,40.76666667,RANCHI,4,45.28,0,mist,RANCHI,0
35.0,4.7,Drinks,scooter,22.62,46.0,0.0,haze,High,15.27,54.5,JAP,4,61.08,0,haze,JAP,1
22.0,4.6,Buffet,scooter,22.08,60.0,0.0,haze,Low,5.67,21.05,INDO,2,11.34,0,haze,INDO,0
29.0,4.8,Buffet,motorcycle,20.05,83.0,0.0,mist,Moderate,6.03,26.03333333,RANCHI,3,18.09,0,mist,RANCHI,0
25.0,4.6,Buffet,motorcycle,20.25,83.0,0.0,mist,Very High,23.01,56.11666667,RANCHI,5,115.05000000000001,0,mist,RANCHI,1
20.0,4.7,Buffet,motorcycle,22.89,48.0,0.0,clear sky,Very High,21.42,57.3,PUNE,5,107.10000000000001,0,clear sky,PUNE,1
20.0,4.5,Buffet,scooter,24.92,73.0,0.0,mist,Moderate,8.23,26.11666667,SUR,3,24.69,0,mist,SUR,0
33.0,4.1,Drinks,scooter,23.04,60.0,0.0,haze,Very Low,3.85,20.73333333,HYD,1,3.85,0,haze,HYD,0
29.0,4.9,Meal,scooter,22.94,60.0,0.0,haze,Moderate,10.64,29.75,HYD,3,31.92,0,haze,HYD,0
32.0,4.7,Drinks,motorcycle,20.54,67.0,0.0,clear sky,Very Low,3.28,17.11666667,MYS,1,3.28,0,clear sky,MYS,0
23.0,4.6,Drinks,scooter,26.0,73.0,0.0,haze,High,16.69,45.75,COIMB,4,66.76,0,haze,COIMB,1
38.0,4.3,Drinks,motorcycle,24.98,73.0,0.0,mist,Low,4.05,25.51666667,SUR,2,8.1,0,mist,SUR,0
30.0,4.1,Meal,motorcycle,25.95,73.0,0.0,haze,High,14.52,36.66666667,COIMB,4,58.08,0,haze,COIMB,0
24.0,4.6,Buffet,motorcycle,28.97,70.0,0.0,scattered clouds,Low,4.42,23.5,GOA,2,8.84,0,clouds,Other,0
36.0,4.8,Snack,motorcycle,28.0,65.0,0.0,haze,High,18.49,47.86666667,KOL,4,73.96,0,haze,Other,1
37.0,4.5,Meal,scooter,27.99,65.0,0.0,haze,Moderate,9.67,27.56666667,KOL,3,29.009999999999998,0,haze,Other,0
38.0,4.8,Meal,electric scooter,28.59,81.0,0.0,mist,Very High,17.33,49.98333333,CHEN,5,86.64999999999999,0,mist,CHEN,1
38.0,4.7,Buffet,scooter,28.47,82.0,0.0,mist,High,12.24,41.9,CHEN,4,48.96,0,mist,CHEN,0
27.0,4.9,Snack,motorcycle,20.81,67.0,0.0,clear sky,High,16.81,39.41666667,MYS,4,67.24,0,clear sky,MYS,0
35.0,4.5,Snack,scooter,24.18,92.0,0.0,broken clouds,Very High,28.78,61.16666667,KOC,5,143.9,0,clouds,Other,1
21.0,4.6,Meal,scooter,22.77,60.0,0.0,haze,High,18.75,43.88333333,HYD,4,75.0,0,haze,HYD,0
30.0,4.7,Drinks,scooter,25.97,73.0,0.0,haze,Moderate,12.12,37.03333333,COIMB,3,36.36,0,haze,COIMB,0
37.0,4.7,Drinks,scooter,23.19,72.0,0.0,haze,Moderate,9.19,39.06666667,BANG,3,27.57,0,haze,BANG,0
27.0,4.2,Snack,motorcycle,20.61,67.0,0.0,clear sky,Low,4.56,20.38333333,MYS,2,9.12,0,clear sky,MYS,0
22.0,4.7,Snack,motorcycle,28.02,65.0,0.0,haze,Very High,19.8,54.81666667,KOL,5,99.0,0,haze,Other,1
23.0,4.4,Snack,motorcycle,22.93,60.0,0.0,haze,Low,9.47,25.35,INDO,2,18.94,0,haze,INDO,0
28.0,5.0,Buffet,motorcycle,27.14,57.0,0.0,smoke,High,11.79,44.61666667,MUM,4,47.16,0,smoke,MUM,0
23.0,4.7,Meal,motorcycle,25.53,38.0,0.0,clear sky,High,22.82,44.1,AGR,4,91.28,0,clear sky,Other,0
22.0,4.7,Buffet,motorcycle,28.55,82.0,0.0,mist,Moderate,8.77,28.45,CHEN,3,26.31,0,mist,CHEN,0
33.0,4.7,Buffet,motorcycle,20.26,60.0,0.0,haze,Very High,21.87,57.36666667,AURG,5,109.35000000000001,0,haze,Other,1
32.0,4.6,Buffet,motorcycle,20.7,67.0,0.0,clear sky,Very High,18.38,48.46666667,MYS,5,91.89999999999999,0,clear sky,MYS,1
29.0,4.6,Buffet,electric scooter,22.87,60.0,0.0,haze,Moderate,8.47,24.5,HYD,3,25.410000000000004,0,haze,HYD,0
37.0,4.5,Drinks,motorcycle,20.54,67.0,0.0,clear sky,Low,6.79,29.75,MYS,2,13.58,0,clear sky,MYS,0
27.0,4.3,Drinks,motorcycle,22.82,60.0,0.0,haze,Very Low,2.13,18.15,HYD,1,2.13,1,haze,HYD,0
24.0,4.7,Snack,motorcycle,28.55,82.0,0.0,mist,High,13.9,46.6,CHEN,4,55.6,0,mist,CHEN,1
37.0,4.7,Snack,motorcycle,25.48,83.0,0.0,clear sky,Moderate,11.9,34.78333333,KOC,3,35.7,0,clear sky,Other,0
35.0,4.7,Drinks,electric scooter,25.36,38.0,0.0,clear sky,Very High,32.71,60.23333333,AGR,5,163.55,0,clear sky,Other,1
28.0,4.5,Drinks,scooter,24.95,73.0,0.0,mist,Low,6.63,28.46666667,SUR,2,13.26,0,mist,SUR,0
30.0,4.8,Buffet,scooter,26.0,73.0,0.0,haze,Moderate,13.17,30.7,COIMB,3,39.51,0,haze,COIMB,0
37.0,4.6,Meal,electric scooter,24.96,73.0,0.0,mist,Low,6.0,20.98333333,SUR,2,12.0,0,mist,SUR,0
33.0,4.9,Drinks,motorcycle,23.99,64.0,0.0,haze,High,16.43,44.26666667,VAD,4,65.72,0,haze,Other,0
29.0,4.6,Snack,motorcycle,24.96,73.0,0.0,mist,Low,5.06,23.56666667,SUR,2,10.12,0,mist,SUR,0
29.0,5.0,Drinks,motorcycle,28.51,82.0,0.0,overcast clouds,Very High,14.83,63.9,CHEN,5,74.15,0,clouds,CHEN,1
22.0,4.7,Drinks,motorcycle,28.53,82.0,0.0,overcast clouds,Very High,20.37,72.96666667,CHEN,5,101.85000000000001,0,clouds,CHEN,1
33.0,5.0,Meal,scooter,25.62,42.0,0.0,clear sky,High,16.06,40.0,KNP,4,64.24,0,clear sky,Other,0
31.0,4.4,Buffet,motorcycle,24.94,73.0,0.0,mist,Low,7.48,24.95,SUR,2,14.96,0,mist,SUR,0
31.0,4.9,Buffet,motorcycle,22.23,44.0,0.0,clear sky,Moderate,16.68,31.11666667,INDO,3,50.04,0,clear sky,INDO,0
21.0,4.6,Meal,motorcycle,25.97,65.0,0.0,haze,Moderate,11.53,28.7,COIMB,3,34.589999999999996,0,haze,COIMB,0
29.0,4.6,Snack,motorcycle,21.83,60.0,0.0,haze,Moderate,7.23,31.21666667,AURG,3,21.69,0,haze,Other,0
32.0,4.9,Meal,motorcycle,22.78,60.0,0.0,haze,Very High,19.64,49.06666667,HYD,5,98.2,0,haze,HYD,1
36.0,4.7,Meal,motorcycle,22.75,60.0,0.0,haze,Very High,17.06,48.1,HYD,5,85.3,0,haze,HYD,1
25.0,4.7,Buffet,motorcycle,22.58,73.0,0.0,haze,High,12.04,38.15,BANG,4,48.16,0,haze,BANG,0
34.0,4.6,Meal,motorcycle,28.81,69.0,0.0,scattered clouds,High,17.48,39.75,GOA,4,69.92,0,clouds,Other,0
31.0,4.7,Drinks,motorcycle,22.88,60.0,0.0,haze,Very High,16.6,57.96666667,HYD,5,83.0,0,haze,HYD,1
21.0,4.8,Drinks,motorcycle,23.46,47.0,0.0,clear sky,Very High,23.24,68.63333333,PUNE,5,116.19999999999999,0,clear sky,PUNE,1
32.0,4.8,Drinks,motorcycle,22.37,73.0,0.0,haze,Moderate,9.38,38.6,BANG,3,28.14,0,haze,BANG,0
26.0,4.6,Meal,motorcycle,28.52,82.0,0.0,overcast clouds,Very High,22.95,68.63333333,CHEN,5,114.75,0,clouds,CHEN,1
21.0,4.5,Snack,electric scooter,22.8,60.0,0.0,haze,Low,5.78,25.48333333,HYD,2,11.56,0,haze,HYD,0
29.0,4.7,Buffet,scooter,22.22,44.0,0.0,clear sky,High,16.58,39.96666667,INDO,4,66.32,0,clear sky,INDO,0
29.0,4.6,Snack,scooter,22.78,60.0,0.0,haze,Moderate,9.45,29.18333333,HYD,3,28.349999999999998,0,haze,HYD,0
23.0,4.6,Buffet,motorcycle,22.9,60.0,0.0,haze,Low,2.92,16.2,HYD,2,5.84,1,haze,HYD,0
30.0,4.2,Snack,motorcycle,23.12,73.0,0.0,haze,Low,4.9,24.05,BANG,2,9.8,0,haze,BANG,0
37.0,4.1,Meal,motorcycle,25.64,43.0,0.0,clear sky,Very Low,3.55,10.61666667,ALH,1,3.55,0,clear sky,Other,0
29.0,3.9,Snack,motorcycle,22.14,60.0,0.0,haze,Low,9.11,25.33333333,INDO,2,18.22,0,haze,INDO,0
22.0,4.6,Snack,motorcycle,23.64,46.0,0.0,haze,Moderate,7.71,35.76666667,JAP,3,23.13,0,haze,JAP,0
21.0,4.8,Drinks,motorcycle,24.91,42.0,0.0,clear sky,High,17.3,45.38333333,SUR,4,69.2,0,clear sky,SUR,1
33.0,4.9,Snack,scooter,22.86,60.0,0.0,haze,High,16.89,46.08333333,HYD,4,67.56,0,haze,HYD,1
27.0,4.6,Drinks,electric scooter,23.6,46.0,0.0,clear sky,Very High,26.07,66.85,PUNE,5,130.35,0,clear sky,PUNE,1
37.0,4.2,Snack,motorcycle,25.87,73.0,0.0,haze,Moderate,6.16,28.83333333,COIMB,3,18.48,0,haze,COIMB,0
34.0,4.6,Meal,motorcycle,22.31,43.0,0.0,clear sky,Very High,27.79,52.7,INDO,5,138.95,0,clear sky,INDO,1
23.0,4.9,Buffet,motorcycle,22.97,43.0,0.0,clear sky,Very High,31.87,58.23333333,KNP,5,159.35,0,clear sky,Other,1
30.0,3.8,Drinks,scooter,20.62,67.0,0.0,clear sky,High,26.21,47.11666667,MYS,4,104.84,0,clear sky,MYS,1
32.0,4.9,Snack,motorcycle,24.9,42.0,0.0,clear sky,Very High,21.59,51.75,SUR,5,107.95,0,clear sky,SUR,1
36.0,4.9,Meal,motorcycle,20.11,65.0,0.0,scattered clouds,High,15.31,34.2,RANCHI,4,61.24,0,clouds,RANCHI,0
28.0,4.8,Meal,motorcycle,21.77,60.0,0.0,haze,High,18.28,46.3,AURG,4,73.12,0,haze,Other,1
21.0,4.6,Buffet,motorcycle,22.23,44.0,0.0,clear sky,High,16.86,33.61666667,INDO,4,67.44,0,clear sky,INDO,0
39.0,4.3,Drinks,scooter,28.03,65.0,0.0,haze,High,19.52,49.41666667,KOL,4,78.08,0,haze,Other,1
21.0,4.8,Snack,motorcycle,28.38,76.0,0.0,overcast clouds,Very High,26.17,73.53333333,CHEN,5,130.85000000000002,0,clouds,CHEN,1
38.0,4.6,Snack,motorcycle,24.92,73.0,0.0,mist,Moderate,13.46,36.71666667,SUR,3,40.38,0,mist,SUR,0
20.0,2.9,Snack,scooter,22.97,43.0,0.0,clear sky,Very High,31.87,60.23333333,KNP,5,159.35,0,clear sky,Other,1
28.0,4.9,Buffet,motorcycle,20.25,68.0,0.0,clear sky,High,25.55,45.18333333,MYS,4,102.2,0,clear sky,MYS,1
36.0,4.3,Snack,scooter,22.48,50.0,0.0,clear sky,Moderate,7.88,28.5,PUNE,3,23.64,0,clear sky,PUNE,0
37.0,4.7,Drinks,scooter,25.02,73.0,0.0,mist,Low,4.05,25.5,SUR,2,8.1,0,mist,SUR,0
23.0,4.7,Buffet,motorcycle,22.96,48.0,0.0,clear sky,High,8.28,33.48333333,PUNE,4,33.12,0,clear sky,PUNE,0
32.0,5.0,Buffet,motorcycle,24.93,73.0,0.0,mist,High,14.17,42.05,SUR,4,56.68,0,mist,SUR,0
24.0,5.0,Meal,motorcycle,24.91,86.0,0.0,clear sky,Moderate,6.64,22.21666667,KOC,3,19.919999999999998,0,clear sky,Other,0
35.0,4.7,Meal,scooter,24.14,46.0,0.0,haze,Low,7.08,17.61666667,JAP,2,14.16,0,haze,JAP,0
29.0,4.8,Meal,scooter,22.14,60.0,0.0,haze,Moderate,9.33,24.86666667,INDO,3,27.990000000000002,0,haze,INDO,0
23.0,4.6,Drinks,scooter,20.16,83.0,0.0,mist,Moderate,7.87,42.03333333,RANCHI,3,23.61,0,mist,RANCHI,0
29.0,4.9,Meal,motorcycle,20.62,67.0,0.0,clear sky,High,22.84,39.66666667,MYS,4,91.36,0,clear sky,MYS,0
32.0,3.7,Meal,scooter,23.98,64.0,0.0,haze,High,15.72,33.36666667,VAD,4,62.88,0,haze,Other,0
29.0,4.4,Snack,motorcycle,28.45,81.0,0.0,mist,Low,4.52,21.71666667,CHEN,2,9.04,0,mist,CHEN,0
36.0,4.9,Meal,motorcycle,23.12,73.0,0.0,haze,Low,4.9,20.05,BANG,2,9.8,0,haze,BANG,0
37.0,5.0,Meal,motorcycle,20.04,83.0,0.0,mist,Low,3.19,18.26666667,RANCHI,2,6.38,0,mist,RANCHI,0
36.0,4.1,Snack,motorcycle,23.63,46.0,0.0,haze,Low,6.11,25.96666667,JAP,2,12.22,0,haze,JAP,0
24.0,4.5,Meal,electric scooter,22.86,28.0,0.0,clear sky,Very High,19.23,49.31666667,JAP,5,96.15,0,clear sky,JAP,1
31.0,5.0,Buffet,motorcycle,22.8,60.0,0.0,haze,High,18.95,48.35,HYD,4,75.8,0,haze,HYD,1
22.0,4.5,Buffet,scooter,20.18,83.0,0.0,mist,Moderate,16.82,35.9,RANCHI,3,50.46,0,mist,RANCHI,0
36.0,4.7,Meal,motorcycle,22.97,42.0,0.0,clear sky,Very High,28.86,65.95,KNP,5,144.3,0,clear sky,Other,1
27.0,4.8,Buffet,electric scooter,26.12,73.0,0.0,haze,Very High,20.63,50.0,COIMB,5,103.14999999999999,0,haze,COIMB,1
35.0,4.6,Buffet,scooter,27.99,65.0,0.0,haze,High,17.36,41.98333333,KOL,4,69.44,0,haze,Other,0
28.0,5.0,Buffet,motorcycle,23.83,46.0,0.0,haze,High,15.3,42.46666667,JAP,4,61.2,0,haze,JAP,0
36.0,4.7,Drinks,electric scooter,20.1,83.0,0.0,mist,Low,4.41,31.0,RANCHI,2,8.82,0,mist,RANCHI,0
23.0,4.7,Drinks,motorcycle,23.74,46.0,0.0,haze,Moderate,7.7,36.55,JAP,3,23.1,0,haze,JAP,0
37.0,5.0,Meal,motorcycle,22.46,42.0,0.0,clear sky,Moderate,7.69,27.95,BHP,3,23.07,0,clear sky,Other,0
20.0,4.7,Buffet,motorcycle,23.11,74.0,0.0,haze,High,13.62,38.95,BANG,4,54.48,0,haze,BANG,0
28.0,4.8,Snack,motorcycle,28.28,82.0,0.0,mist,High,26.98,50.18333333,CHEN,4,107.92,0,mist,CHEN,1
25.0,4.8,Drinks,scooter,24.92,43.0,0.0,clear sky,Very High,24.59,57.06666667,SUR,5,122.95,0,clear sky,SUR,1
29.0,4.6,Snack,scooter,24.91,42.0,0.0,clear sky,Very High,21.05,50.3,SUR,5,105.25,0,clear sky,SUR,1
30.0,4.6,Meal,motorcycle,24.06,46.0,0.0,haze,Very High,23.37,50.16666667,JAP,5,116.85000000000001,0,haze,JAP,1
31.0,3.8,Drinks,scooter,27.79,51.0,0.0,clear sky,Very High,21.0,60.78333333,MUM,5,105.0,0,clear sky,MUM,1
27.0,4.6,Drinks,electric scooter,20.23,67.0,0.0,clear sky,High,26.11,45.36666667,MYS,4,104.44,0,clear sky,MYS,1
37.0,4.7,Drinks,motorcycle,23.03,48.0,0.0,clear sky,High,11.36,50.33333333,PUNE,4,45.44,0,clear sky,PUNE,1
33.0,4.3,Snack,motorcycle,28.32,81.0,0.0,mist,Low,5.0,20.3,CHEN,2,10.0,0,mist,CHEN,0
20.0,4.7,Snack,scooter,20.04,83.0,0.0,mist,Low,3.19,22.26666667,RANCHI,2,6.38,0,mist,RANCHI,0
35.0,4.8,Drinks,motorcycle,22.14,60.0,0.0,haze,High,12.87,41.76666667,INDO,4,51.48,0,haze,INDO,0
38.0,4.3,Snack,electric scooter,22.1,60.0,0.0,haze,Low,7.16,25.08333333,INDO,2,14.32,0,haze,INDO,0
37.0,4.3,Drinks,motorcycle,22.08,60.0,0.0,haze,Moderate,8.6,35.83333333,INDO,3,25.799999999999997,0,haze,INDO,0
37.0,4.9,Snack,scooter,20.81,67.0,0.0,clear sky,High,16.75,44.31666667,MYS,4,67.0,0,clear sky,MYS,0
35.0,4.9,Buffet,motorcycle,22.19,73.0,0.0,haze,Very High,21.8,50.21666667,BANG,5,109.0,0,haze,BANG,1
29.0,4.8,Meal,motorcycle,23.92,64.0,0.0,haze,High,24.07,40.85,VAD,4,96.28,0,haze,Other,0
36.0,4.7,Meal,motorcycle,27.99,57.0,0.0,smoke,Low,5.08,23.38333333,MUM,2,10.16,0,smoke,MUM,0
36.0,4.9,Snack,motorcycle,28.35,82.0,0.0,overcast clouds,Very High,21.14,66.25,CHEN,5,105.7,0,clouds,CHEN,1
39.0,4.8,Meal,motorcycle,20.55,67.0,0.0,clear sky,Low,7.0,17.43333333,MYS,2,14.0,0,clear sky,MYS,0
32.0,4.9,Meal,scooter,24.9,42.0,0.0,clear sky,Very High,21.59,47.73333333,SUR,5,107.95,0,clear sky,SUR,1
39.0,4.9,Snack,motorcycle,24.9,44.0,0.0,clear sky,Very High,27.62,64.4,ALH,5,138.1,0,clear sky,Other,1
20.0,4.5,Drinks,motorcycle,25.02,73.0,0.0,mist,Very Low,2.41,21.16666667,SUR,1,2.41,1,mist,SUR,0
24.0,4.9,Drinks,scooter,28.38,76.0,0.0,overcast clouds,Very High,26.17,78.51666667,CHEN,5,130.85000000000002,0,clouds,CHEN,1
39.0,5.0,Drinks,motorcycle,23.72,46.0,0.0,haze,Moderate,6.14,33.6,JAP,3,18.419999999999998,0,haze,JAP,0
24.0,5.0,Meal,scooter,22.91,49.0,0.0,clear sky,High,12.11,31.98333333,PUNE,4,48.44,0,clear sky,PUNE,0
39.0,4.5,Drinks,scooter,22.93,60.0,0.0,haze,Very High,17.37,57.7,HYD,5,86.85000000000001,0,haze,HYD,1
21.0,4.5,Buffet,motorcycle,20.81,67.0,0.0,clear sky,High,16.81,37.5,MYS,4,67.24,0,clear sky,MYS,0
38.0,4.2,Buffet,motorcycle,20.03,83.0,0.0,mist,Low,4.36,19.9,RANCHI,2,8.72,0,mist,RANCHI,0
35.0,4.7,Meal,scooter,23.25,72.0,0.0,haze,Moderate,8.9,27.15,BANG,3,26.700000000000003,0,haze,BANG,0
33.0,4.2,Buffet,motorcycle,24.01,38.0,0.0,clear sky,Very Low,2.08,9.816666667,LUDH,1,2.08,1,clear sky,Other,0
35.0,4.5,Snack,scooter,20.1,83.0,0.0,mist,High,7.99,38.5,RANCHI,4,31.96,0,mist,RANCHI,0
37.0,4.9,Meal,motorcycle,22.95,74.0,0.0,haze,High,15.3,39.81666667,BANG,4,61.2,0,haze,BANG,0
32.0,4.6,Snack,motorcycle,20.23,67.0,0.0,clear sky,High,26.11,40.21666667,MYS,4,104.44,0,clear sky,MYS,0
36.0,4.4,Meal,motorcycle,24.92,43.0,0.0,clear sky,Very High,24.59,48.05,SUR,5,122.95,0,clear sky,SUR,1
24.0,4.6,Buffet,motorcycle,23.95,28.0,0.0,clear sky,High,17.16,46.85,JAP,4,68.64,0,clear sky,JAP,1
32.0,4.8,Meal,motorcycle,27.99,65.0,0.0,haze,High,17.67,42.41666667,KOL,4,70.68,0,haze,Other,0
24.0,4.7,Meal,scooter,25.71,42.0,0.0,clear sky,Moderate,8.66,21.1,KNP,3,25.98,0,clear sky,Other,0
21.0,4.1,Snack,scooter,11.16,87.0,0.0,clear sky,Very High,30.04,83.5,DEH,5,150.2,0,clear sky,Other,1
21.0,5.0,Snack,scooter,24.91,42.0,0.0,clear sky,Very High,25.39,54.86666667,SUR,5,126.95,0,clear sky,SUR,1
29.0,4.6,Buffet,motorcycle,22.91,49.0,0.0,clear sky,High,13.88,40.85,PUNE,4,55.52,0,clear sky,PUNE,0
27.0,5.0,Drinks,scooter,28.34,82.0,0.0,overcast clouds,Very High,24.07,78.81666667,CHEN,5,120.35,0,clouds,CHEN,1
29.0,4.6,Buffet,scooter,23.9,38.0,0.0,clear sky,Moderate,9.84,26.11666667,LUDH,3,29.52,0,clear sky,Other,0
20.0,4.9,Snack,motorcycle,20.22,63.0,0.0,scattered clouds,Very High,21.7,54.81666667,RANCHI,5,108.5,0,clouds,RANCHI,1
37.0,4.7,Snack,motorcycle,24.97,73.0,0.0,mist,Very Low,1.96,14.93333333,SUR,1,1.96,1,mist,SUR,0
33.0,4.8,Buffet,scooter,28.88,69.0,0.0,scattered clouds,High,16.47,36.08333333,GOA,4,65.88,0,clouds,Other,0
23.0,4.5,Meal,motorcycle,20.52,67.0,0.0,clear sky,Very Low,2.2,8.233333333,MYS,1,2.2,1,clear sky,MYS,0
29.0,4.5,Meal,motorcycle,25.79,73.0,0.0,haze,Very Low,2.83,11.38333333,COIMB,1,2.83,1,haze,COIMB,0
37.0,4.2,Buffet,motorcycle,25.02,73.0,0.0,mist,Very Low,2.41,14.16666667,SUR,1,2.41,1,mist,SUR,0
29.0,4.7,Snack,scooter,24.02,46.0,0.0,haze,High,18.91,49.66666667,JAP,4,75.64,0,haze,JAP,1
33.0,4.8,Drinks,scooter,22.84,48.0,0.0,clear sky,Very High,29.29,77.78333333,PUNE,5,146.45,0,clear sky,PUNE,1
30.0,4.6,Snack,motorcycle,28.34,81.0,0.0,mist,Low,6.03,23.41666667,CHEN,2,12.06,0,mist,CHEN,0
22.0,4.8,Meal,motorcycle,20.81,67.0,0.0,clear sky,High,16.91,40.98333333,MYS,4,67.64,0,clear sky,MYS,0
24.0,4.6,Meal,electric scooter,28.0,57.0,0.0,smoke,Low,3.08,23.4,MUM,2,6.16,0,smoke,MUM,0
29.0,4.6,Snack,electric scooter,20.16,83.0,0.0,mist,High,9.71,40.31666667,RANCHI,4,38.84,0,mist,RANCHI,0
25.0,4.9,Snack,motorcycle,28.35,86.0,0.0,overcast clouds,Very High,26.31,71.96666667,CHEN,5,131.54999999999998,0,clouds,CHEN,1
37.0,4.7,Snack,motorcycle,27.98,57.0,0.0,smoke,Moderate,6.5,34.31666667,MUM,3,19.5,0,smoke,MUM,0
38.0,4.5,Buffet,motorcycle,25.36,38.0,0.0,clear sky,Very High,33.04,54.03333333,AGR,5,165.2,0,clear sky,Other,1
32.0,4.8,Meal,motorcycle,22.66,60.0,0.0,haze,Low,4.35,15.51666667,HYD,2,8.7,0,haze,HYD,0
33.0,4.1,Snack,scooter,28.01,49.0,0.0,clear sky,Very High,25.98,53.1,MUM,5,129.9,0,clear sky,MUM,1
39.0,4.0,Meal,motorcycle,20.2,83.0,0.0,mist,High,11.38,38.6,RANCHI,4,45.52,0,mist,RANCHI,0
30.0,5.0,Buffet,scooter,28.38,81.0,0.0,mist,Very Low,2.35,14.15,CHEN,1,2.35,1,mist,CHEN,0
35.0,4.0,Meal,motorcycle,20.23,63.0,0.0,scattered clouds,High,18.54,41.6,RANCHI,4,74.16,0,clouds,RANCHI,0
36.0,4.5,Drinks,motorcycle,20.11,83.0,0.0,mist,Low,4.38,29.08333333,RANCHI,2,8.76,0,mist,RANCHI,0
27.0,4.8,Meal,scooter,20.29,63.0,0.0,scattered clouds,High,19.56,44.5,RANCHI,4,78.24,0,clouds,RANCHI,0
38.0,4.7,Drinks,scooter,22.96,48.0,0.0,clear sky,Moderate,8.28,39.71666667,PUNE,3,24.839999999999996,0,clear sky,PUNE,0
32.0,3.9,Snack,scooter,20.7,67.0,0.0,clear sky,Very High,26.72,61.16666667,MYS,5,133.6,0,clear sky,MYS,1
34.0,5.0,Buffet,scooter,25.19,43.0,0.0,clear sky,High,16.33,39.88333333,ALH,4,65.32,0,clear sky,Other,0
20.0,5.0,Drinks,motorcycle,23.42,73.0,0.0,haze,Moderate,6.2,34.85,BANG,3,18.6,0,haze,BANG,0
24.0,4.6,Buffet,motorcycle,23.81,38.0,0.0,clear sky,High,13.18,34.15,LUDH,4,52.72,0,clear sky,Other,0
35.0,4.9,Drinks,motorcycle,25.88,73.0,0.0,haze,Low,4.59,24.41666667,COIMB,2,9.18,0,haze,COIMB,0
20.0,4.6,Drinks,electric scooter,22.86,49.0,0.0,clear sky,Moderate,10.52,39.8,PUNE,3,31.56,0,clear sky,PUNE,0
25.0,5.0,Snack,scooter,22.06,60.0,0.0,haze,Very Low,2.29,15.16666667,INDO,1,2.29,1,haze,INDO,0
31.0,4.6,Meal,motorcycle,23.55,46.0,0.0,haze,Moderate,5.82,23.31666667,JAP,3,17.46,0,haze,JAP,0
22.0,4.7,Buffet,electric scooter,25.9,73.0,0.0,haze,Moderate,10.48,28.73333333,COIMB,3,31.44,0,haze,COIMB,0
23.0,5.0,Meal,scooter,25.81,73.0,0.0,haze,Moderate,6.79,23.85,COIMB,3,20.37,0,haze,COIMB,0
33.0,4.9,Snack,motorcycle,26.01,73.0,0.0,haze,High,17.11,41.38333333,COIMB,4,68.44,0,haze,COIMB,0
30.0,4.8,Buffet,motorcycle,23.67,39.0,0.0,clear sky,High,23.44,44.01666667,LUDH,4,93.76,0,clear sky,Other,0
33.0,4.8,Drinks,motorcycle,23.1,49.0,0.0,clear sky,Low,2.28,25.15,PUNE,2,4.56,1,clear sky,PUNE,0
31.0,4.1,Meal,scooter,22.68,60.0,0.0,haze,High,16.52,43.85,HYD,4,66.08,0,haze,HYD,0
38.0,4.6,Buffet,motorcycle,26.26,73.0,0.0,haze,High,29.81,47.06666667,COIMB,4,119.24,0,haze,COIMB,1
36.0,3.5,Meal,scooter,22.18,60.0,0.0,haze,High,16.86,37.28333333,INDO,4,67.44,0,haze,INDO,0
23.0,4.9,Meal,motorcycle,26.15,73.0,0.0,haze,Very High,26.96,52.25,COIMB,5,134.8,0,haze,COIMB,1
25.0,4.0,Snack,motorcycle,22.5,73.0,0.0,haze,Very High,15.33,65.56666667,BANG,5,76.65,0,haze,BANG,1
23.0,4.8,Snack,scooter,23.47,47.0,0.0,clear sky,Very High,28.56,63.65,PUNE,5,142.79999999999998,0,clear sky,PUNE,1
25.0,4.6,Buffet,scooter,28.0,53.0,0.0,clear sky,High,12.85,38.35,MUM,4,51.4,0,clear sky,MUM,0
21.0,4.1,Buffet,motorcycle,20.54,67.0,0.0,clear sky,Very Low,2.24,11.01666667,MYS,1,2.24,1,clear sky,MYS,0
34.0,4.7,Buffet,scooter,20.16,83.0,0.0,mist,High,18.25,44.13333333,RANCHI,4,73.0,0,mist,RANCHI,0
22.0,4.5,Drinks,motorcycle,23.24,73.0,0.0,haze,Very High,18.36,64.05,BANG,5,91.8,0,haze,BANG,1
27.0,4.6,Buffet,motorcycle,24.9,43.0,0.0,clear sky,High,16.63,37.7,SUR,4,66.52,0,clear sky,SUR,0
36.0,4.6,Snack,motorcycle,20.24,83.0,0.0,mist,High,10.01,44.31666667,RANCHI,4,40.04,0,mist,RANCHI,0
31.0,5.0,Drinks,motorcycle,25.48,43.0,0.0,clear sky,High,13.97,42.43333333,ALH,4,55.88,0,clear sky,Other,0
34.0,4.0,Drinks,motorcycle,28.59,81.0,0.0,mist,Moderate,9.89,39.08333333,CHEN,3,29.67,0,mist,CHEN,0
25.0,4.7,Meal,motorcycle,22.12,60.0,0.0,haze,High,12.94,32.68333333,INDO,4,51.76,0,haze,INDO,0
37.0,4.1,Snack,scooter,22.95,74.0,0.0,haze,High,15.3,43.78333333,BANG,4,61.2,0,haze,BANG,0
30.0,4.6,Meal,motorcycle,21.98,43.0,0.0,clear sky,Moderate,11.85,30.26666667,BHP,3,35.55,0,clear sky,Other,0
29.0,4.6,Snack,motorcycle,28.02,57.0,0.0,smoke,High,10.39,40.9,MUM,4,41.56,0,smoke,MUM,0
38.0,4.3,Buffet,scooter,20.26,83.0,0.0,mist,Very High,23.34,57.76666667,RANCHI,5,116.7,0,mist,RANCHI,1
39.0,4.1,Buffet,motorcycle,25.89,73.0,0.0,haze,Moderate,9.36,26.43333333,COIMB,3,28.08,0,haze,COIMB,0
37.0,4.5,Buffet,scooter,20.29,68.0,0.0,clear sky,High,25.38,41.06666667,MYS,4,101.52,0,clear sky,MYS,0
33.0,5.0,Snack,motorcycle,28.28,82.0,0.0,mist,Low,6.66,26.91666667,CHEN,2,13.32,0,mist,CHEN,0
28.0,4.7,Buffet,scooter,23.62,46.0,0.0,haze,Low,4.79,17.0,JAP,2,9.58,0,haze,JAP,0
34.0,4.2,Buffet,motorcycle,24.9,73.0,0.0,mist,Moderate,9.44,31.21666667,SUR,3,28.32,0,mist,SUR,0
37.0,4.7,Snack,motorcycle,24.94,73.0,0.0,mist,Moderate,11.45,36.95,SUR,3,34.349999999999994,0,mist,SUR,0
32.0,4.7,Drinks,motorcycle,28.94,69.0,0.0,scattered clouds,High,14.68,47.03333333,GOA,4,58.72,0,clouds,Other,1
22.0,4.2,Drinks,motorcycle,25.82,73.0,0.0,haze,High,14.21,44.0,COIMB,4,56.84,0,haze,COIMB,0
34.0,4.9,Snack,motorcycle,28.01,57.0,0.0,smoke,High,17.63,50.6,MUM,4,70.52,0,smoke,MUM,1
24.0,4.7,Buffet,motorcycle,28.32,82.0,0.0,overcast clouds,Very High,26.35,58.7,CHEN,5,131.75,0,clouds,CHEN,1
37.0,4.8,Meal,motorcycle,20.1,83.0,0.0,mist,Low,4.12,16.86666667,RANCHI,2,8.24,0,mist,RANCHI,0
28.0,4.7,Meal,motorcycle,22.57,49.0,0.0,clear sky,High,15.12,42.2,PUNE,4,60.48,0,clear sky,PUNE,0
31.0,4.0,Meal,scooter,25.02,73.0,0.0,mist,Low,6.06,20.1,SUR,2,12.12,0,mist,SUR,0
20.0,4.8,Snack,scooter,22.96,60.0,0.0,haze,Moderate,10.64,33.76666667,HYD,3,31.92,0,haze,HYD,0
29.0,4.6,Snack,motorcycle,26.06,73.0,0.0,haze,Moderate,14.79,35.18333333,COIMB,3,44.37,0,haze,COIMB,0
24.0,4.6,Buffet,electric scooter,28.04,57.0,0.0,smoke,High,17.77,39.15,MUM,4,71.08,0,smoke,MUM,0
23.0,4.0,Snack,scooter,28.98,71.0,0.0,scattered clouds,Moderate,11.07,34.23333333,GOA,3,33.21,0,clouds,Other,0
35.0,4.7,Drinks,scooter,22.69,60.0,0.0,haze,Very High,21.71,64.5,HYD,5,108.55000000000001,0,haze,HYD,1
31.0,4.9,Drinks,scooter,22.17,42.0,0.0,clear sky,Very High,21.2,64.38333333,BHP,5,106.0,0,clear sky,Other,1
21.0,5.0,Snack,motorcycle,24.97,73.0,0.0,mist,Low,4.5,21.73333333,SUR,2,9.0,0,mist,SUR,0
32.0,5.0,Drinks,scooter,22.12,60.0,0.0,haze,Moderate,9.41,38.71666667,INDO,3,28.23,0,haze,INDO,0
36.0,4.7,Meal,scooter,23.29,46.0,0.0,haze,High,14.41,38.91666667,JAP,4,57.64,0,haze,JAP,0
26.0,4.8,Snack,motorcycle,25.01,73.0,0.0,mist,Moderate,9.53,32.3,SUR,3,28.589999999999996,0,mist,SUR,0
30.0,4.6,Drinks,scooter,22.13,43.0,0.0,clear sky,Moderate,9.05,35.1,BHP,3,27.150000000000002,0,clear sky,Other,0
22.0,4.4,Meal,motorcycle,22.46,50.0,0.0,clear sky,Low,8.31,20.81666667,PUNE,2,16.62,0,clear sky,PUNE,0
22.0,4.6,Meal,electric scooter,22.71,48.0,0.0,clear sky,Very High,21.88,56.23333333,PUNE,5,109.39999999999999,0,clear sky,PUNE,1
30.0,4.8,Drinks,motorcycle,27.94,53.0,0.0,clear sky,Very High,35.89,95.16666667,MUM,5,179.45,0,clear sky,MUM,1
36.0,4.8,Snack,motorcycle,23.63,46.0,0.0,haze,Moderate,5.63,26.45,JAP,3,16.89,0,haze,JAP,0
22.0,4.9,Meal,motorcycle,25.99,73.0,0.0,haze,Moderate,11.59,28.2,COIMB,3,34.769999999999996,0,haze,COIMB,0
28.0,4.9,Meal,motorcycle,23.09,48.0,0.0,clear sky,Very High,19.78,58.56666667,PUNE,5,98.9,0,clear sky,PUNE,1
32.0,5.0,Snack,motorcycle,22.71,48.0,0.0,clear sky,Very High,21.88,60.23333333,PUNE,5,109.39999999999999,0,clear sky,PUNE,1
22.0,4.6,Snack,electric scooter,20.18,83.0,0.0,mist,High,19.02,44.76666667,RANCHI,4,76.08,0,mist,RANCHI,0
32.0,4.7,Meal,motorcycle,20.08,83.0,0.0,mist,Low,4.57,15.71666667,RANCHI,2,9.14,0,mist,RANCHI,0
33.0,4.8,Buffet,scooter,21.96,60.0,0.0,haze,Low,2.31,14.98333333,INDO,2,4.62,1,haze,INDO,0
24.0,4.6,Meal,motorcycle,22.47,73.0,0.0,haze,High,16.41,42.85,BANG,4,65.64,0,haze,BANG,0
25.0,4.8,Drinks,scooter,28.34,82.0,0.0,overcast clouds,Very High,21.52,71.16666667,CHEN,5,107.6,0,clouds,CHEN,1
37.0,4.7,Buffet,motorcycle,23.31,73.0,0.0,haze,High,13.05,48.98333333,BANG,4,52.2,0,haze,BANG,1
39.0,4.1,Drinks,motorcycle,27.69,57.0,0.0,smoke,Very High,17.93,66.21666667,MUM,5,89.65,0,smoke,MUM,1
35.0,4.3,Meal,motorcycle,24.94,73.0,0.0,mist,Moderate,11.08,32.4,SUR,3,33.24,0,mist,SUR,0
27.0,4.6,Drinks,scooter,23.34,46.0,0.0,haze,Moderate,10.75,39.73333333,JAP,3,32.25,0,haze,JAP,0
35.0,4.5,Meal,electric scooter,20.38,67.0,0.0,clear sky,Low,7.01,18.58333333,MYS,2,14.02,0,clear sky,MYS,0
27.0,4.6,Drinks,motorcycle,27.98,57.0,0.0,smoke,Moderate,4.25,41.88333333,MUM,3,12.75,0,smoke,MUM,0
30.0,4.6,Drinks,electric scooter,22.44,50.0,0.0,clear sky,Moderate,11.01,36.41666667,PUNE,3,33.03,0,clear sky,PUNE,0
30.0,4.8,Meal,motorcycle,26.01,73.0,0.0,haze,High,19.24,46.2,COIMB,4,76.96,0,haze,COIMB,1
34.0,4.7,Snack,motorcycle,28.59,81.0,0.0,mist,Moderate,9.89,34.08333333,CHEN,3,29.67,0,mist,CHEN,0
34.0,4.7,Drinks,motorcycle,23.99,64.0,0.0,haze,Low,6.62,25.36666667,VAD,2,13.24,0,haze,Other,0
36.0,4.9,Meal,motorcycle,23.02,48.0,0.0,clear sky,Moderate,5.08,24.76666667,PUNE,3,15.24,0,clear sky,PUNE,0
38.0,4.3,Snack,motorcycle,27.21,57.0,0.0,smoke,Very High,32.73,93.3,MUM,5,163.64999999999998,0,smoke,MUM,1
32.0,4.5,Snack,scooter,20.7,67.0,0.0,clear sky,High,20.42,36.63333333,MYS,4,81.68,0,clear sky,MYS,0
25.0,4.6,Drinks,motorcycle,24.14,92.0,0.0,scattered clouds,Very High,34.25,77.11666667,KOC,5,171.25,0,clouds,Other,1
34.0,4.9,Drinks,motorcycle,20.03,83.0,0.0,mist,Low,4.36,26.83333333,RANCHI,2,8.72,0,mist,RANCHI,0
21.0,4.7,Meal,motorcycle,20.06,83.0,0.0,mist,Very Low,2.37,11.13333333,RANCHI,1,2.37,1,mist,RANCHI,0
25.0,4.6,Meal,motorcycle,27.18,57.0,0.0,smoke,High,20.12,47.73333333,MUM,4,80.48,0,smoke,MUM,1
37.0,4.8,Snack,motorcycle,25.64,43.0,0.0,clear sky,Low,6.04,24.01666667,ALH,2,12.08,0,clear sky,Other,0
31.0,4.2,Buffet,motorcycle,20.7,67.0,0.0,clear sky,Very High,18.38,48.45,MYS,5,91.89999999999999,0,clear sky,MYS,1
26.0,4.8,Meal,scooter,23.25,72.0,0.0,haze,High,12.78,37.28333333,BANG,4,51.12,0,haze,BANG,0
27.0,4.7,Buffet,motorcycle,23.9,38.0,0.0,clear sky,Low,4.43,16.86666667,LUDH,2,8.86,0,clear sky,Other,0
25.0,4.8,Meal,scooter,21.51,60.0,0.0,haze,High,14.24,41.56666667,AURG,4,56.96,0,haze,Other,0
21.0,4.7,Meal,motorcycle,22.8,60.0,0.0,haze,High,18.46,46.81666667,HYD,4,73.84,0,haze,HYD,1
30.0,4.6,Snack,scooter,23.93,64.0,0.0,haze,High,24.44,46.46666667,VAD,4,97.76,0,haze,Other,1
26.0,4.9,Buffet,motorcycle,23.68,46.0,0.0,haze,Very Low,2.06,10.0,JAP,1,2.06,1,haze,JAP,0
31.0,4.9,Drinks,motorcycle,28.48,81.0,0.0,mist,Low,3.19,23.33333333,CHEN,2,6.38,0,mist,CHEN,0
29.0,4.6,Snack,motorcycle,23.81,29.0,0.0,clear sky,Very High,31.02,70.78333333,JAP,5,155.1,0,clear sky,JAP,1
31.0,4.2,Drinks,scooter,20.23,63.0,0.0,scattered clouds,High,17.33,55.73333333,RANCHI,4,69.32,0,clouds,RANCHI,1
23.0,4.9,Meal,motorcycle,27.7,57.0,0.0,smoke,Very High,20.51,57.96666667,MUM,5,102.55000000000001,0,smoke,MUM,1
34.0,4.7,Snack,scooter,22.18,60.0,0.0,haze,Moderate,13.18,31.18333333,INDO,3,39.54,0,haze,INDO,0
27.0,4.7,Buffet,motorcycle,24.91,42.0,0.0,clear sky,Very High,25.4,52.88333333,SUR,5,127.0,0,clear sky,SUR,1
23.0,4.9,Drinks,motorcycle,20.15,63.0,0.0,scattered clouds,High,19.73,50.26666667,RANCHI,4,78.92,0,clouds,RANCHI,1
39.0,4.6,Snack,motorcycle,26.12,73.0,0.0,haze,Very High,20.42,51.71666667,COIMB,5,102.10000000000001,0,haze,COIMB,1
35.0,4.8,Buffet,scooter,20.23,67.0,0.0,clear sky,High,25.68,47.85,MYS,4,102.72,0,clear sky,MYS,1
29.0,4.9,Snack,motorcycle,22.19,73.0,0.0,haze,High,20.92,50.0,BANG,4,83.68,0,haze,BANG,1
33.0,5.0,Buffet,scooter,20.61,67.0,0.0,clear sky,Low,7.95,19.61666667,MYS,2,15.9,0,clear sky,MYS,0
22.0,4.7,Snack,scooter,20.1,83.0,0.0,mist,High,16.94,42.3,RANCHI,4,67.76,0,mist,RANCHI,0
30.0,4.2,Meal,motorcycle,23.09,48.0,0.0,clear sky,Very High,17.82,48.71666667,PUNE,5,89.1,0,clear sky,PUNE,1
30.0,4.7,Buffet,motorcycle,28.03,65.0,0.0,haze,High,16.43,42.21666667,KOL,4,65.72,0,haze,Other,0
34.0,4.9,Drinks,scooter,20.64,67.0,0.0,clear sky,Moderate,16.56,38.9,MYS,3,49.67999999999999,0,clear sky,MYS,0
39.0,4.5,Buffet,scooter,28.29,82.0,0.0,mist,Low,4.22,20.73333333,CHEN,2,8.44,0,mist,CHEN,0
20.0,4.8,Drinks,motorcycle,22.89,48.0,0.0,clear sky,Very High,21.42,66.48333333,PUNE,5,107.10000000000001,0,clear sky,PUNE,1
29.0,4.6,Snack,motorcycle,22.67,60.0,0.0,haze,Very High,20.92,54.88333333,HYD,5,104.60000000000001,0,haze,HYD,1
35.0,4.5,Buffet,motorcycle,25.89,73.0,0.0,haze,Low,4.58,19.23333333,COIMB,2,9.16,0,haze,COIMB,0
26.0,4.9,Drinks,motorcycle,23.1,49.0,0.0,clear sky,Low,2.28,25.13333333,PUNE,2,4.56,1,clear sky,PUNE,0
38.0,4.3,Drinks,scooter,22.31,43.0,0.0,clear sky,Very High,27.88,60.05,INDO,5,139.4,0,clear sky,INDO,1
25.0,4.8,Meal,scooter,28.5,81.0,0.0,mist,Very Low,1.56,9.216666667,CHEN,1,1.56,1,mist,CHEN,0
28.0,4.8,Buffet,motorcycle,22.97,60.0,0.0,haze,Low,4.85,19.4,HYD,2,9.7,0,haze,HYD,0
25.0,4.9,Snack,motorcycle,25.64,43.0,0.0,clear sky,Low,4.15,15.6,ALH,2,8.3,0,clear sky,Other,0
28.0,4.8,Drinks,motorcycle,28.27,82.0,0.0,overcast clouds,Very High,37.93,70.91666667,CHEN,5,189.65,0,clouds,CHEN,1
38.0,4.3,Meal,motorcycle,23.46,47.0,0.0,clear sky,Very High,25.42,58.6,PUNE,5,127.10000000000001,0,clear sky,PUNE,1
27.0,5.0,Drinks,scooter,28.46,81.0,0.0,mist,Low,6.98,31.63333333,CHEN,2,13.96,0,mist,CHEN,0
29.0,4.6,Drinks,motorcycle,26.03,73.0,0.0,haze,High,14.45,45.88333333,COIMB,4,57.8,0,haze,COIMB,1
29.0,4.9,Snack,motorcycle,28.28,82.0,0.0,mist,High,26.98,50.16666667,CHEN,4,107.92,0,mist,CHEN,1
26.0,4.6,Drinks,scooter,22.91,72.0,0.0,haze,Low,5.6,30.83333333,BANG,2,11.2,0,haze,BANG,0
23.0,4.7,Buffet,motorcycle,22.81,60.0,0.0,haze,Very High,19.99,51.23333333,HYD,5,99.94999999999999,0,haze,HYD,1
25.0,4.0,Snack,motorcycle,23.61,46.0,0.0,haze,Low,4.17,23.63333333,JAP,2,8.34,0,haze,JAP,0
24.0,4.8,Snack,scooter,22.08,60.0,0.0,haze,Low,6.92,24.78333333,INDO,2,13.84,0,haze,INDO,0
34.0,4.8,Meal,motorcycle,22.27,73.0,0.0,haze,High,18.04,40.03333333,BANG,4,72.16,0,haze,BANG,0
32.0,4.6,Buffet,motorcycle,22.77,60.0,0.0,haze,Very Low,1.83,9.983333333,HYD,1,1.83,1,haze,HYD,0
39.0,4.6,Buffet,motorcycle,22.12,60.0,0.0,haze,Low,6.37,23.4,INDO,2,12.74,0,haze,INDO,0
36.0,4.2,Meal,motorcycle,27.99,65.0,0.0,haze,Moderate,5.31,24.31666667,KOL,3,15.93,0,haze,Other,0
36.0,4.6,Snack,motorcycle,23.47,47.0,0.0,clear sky,Very High,25.16,62.66666667,PUNE,5,125.8,0,clear sky,PUNE,1
34.0,4.9,Drinks,motorcycle,22.91,72.0,0.0,haze,Moderate,5.62,31.38333333,BANG,3,16.86,0,haze,BANG,0
30.0,4.7,Meal,motorcycle,23.67,39.0,0.0,clear sky,Very High,20.17,47.35,LUDH,5,100.85000000000001,0,clear sky,Other,1
24.0,4.6,Meal,motorcycle,20.61,67.0,0.0,clear sky,Moderate,13.03,22.2,MYS,3,39.089999999999996,0,clear sky,MYS,0
38.0,4.9,Meal,motorcycle,22.31,43.0,0.0,clear sky,High,24.02,39.55,INDO,4,96.08,0,clear sky,INDO,0
33.0,4.8,Drinks,scooter,20.54,67.0,0.0,clear sky,Low,5.03,28.4,MYS,2,10.06,0,clear sky,MYS,0
38.0,4.6,Drinks,scooter,23.02,48.0,0.0,clear sky,Low,2.79,26.45,PUNE,2,5.58,1,clear sky,PUNE,0
24.0,4.5,Drinks,electric scooter,27.97,57.0,0.0,smoke,Low,2.31,27.31666667,MUM,2,4.62,1,smoke,MUM,0
34.0,4.9,Buffet,motorcycle,25.01,73.0,0.0,mist,Moderate,9.53,30.53333333,SUR,3,28.589999999999996,0,mist,SUR,0
33.0,4.4,Drinks,motorcycle,27.88,57.0,0.0,smoke,Very Low,2.12,23.68333333,MUM,1,2.12,1,smoke,MUM,0
38.0,4.6,Drinks,motorcycle,22.74,46.0,0.0,haze,Moderate,6.66,38.01666667,JAP,3,19.98,0,haze,JAP,0
22.0,4.6,Snack,motorcycle,24.14,92.0,0.0,scattered clouds,High,19.52,50.53333333,KOC,4,78.08,0,clouds,Other,1
23.0,4.7,Buffet,scooter,22.81,60.0,0.0,haze,Very Low,3.86,13.26666667,HYD,1,3.86,0,haze,HYD,0
39.0,4.0,Meal,scooter,22.91,49.0,0.0,clear sky,High,13.88,38.8,PUNE,4,55.52,0,clear sky,PUNE,0
29.0,4.6,Snack,scooter,22.31,50.0,0.0,clear sky,Moderate,9.33,32.28333333,PUNE,3,27.990000000000002,0,clear sky,PUNE,0
38.0,4.1,Buffet,motorcycle,24.01,64.0,0.0,haze,Moderate,11.75,29.01666667,VAD,3,35.25,0,haze,Other,0
23.0,4.6,Buffet,scooter,20.06,83.0,0.0,mist,Very Low,1.83,11.45,RANCHI,1,1.83,1,mist,RANCHI,0
22.0,4.4,Meal,scooter,25.95,73.0,0.0,haze,High,13.76,38.71666667,COIMB,4,55.04,0,haze,COIMB,0
20.0,4.8,Drinks,electric scooter,22.52,60.0,0.0,haze,Very High,27.05,71.75,HYD,5,135.25,0,haze,HYD,1
38.0,4.7,Buffet,motorcycle,24.0,64.0,0.0,haze,Low,8.47,21.51666667,VAD,2,16.94,0,haze,Other,0
36.0,4.5,Snack,electric scooter,22.78,60.0,0.0,haze,High,17.74,47.18333333,HYD,4,70.96,0,haze,HYD,1
26.0,4.9,Snack,scooter,27.88,57.0,0.0,smoke,Low,4.64,28.1,MUM,2,9.28,0,smoke,MUM,0
35.0,4.5,Drinks,motorcycle,23.73,46.0,0.0,haze,Moderate,9.64,40.96666667,JAP,3,28.92,0,haze,JAP,0
20.0,4.8,Snack,motorcycle,22.83,60.0,0.0,haze,High,16.42,42.06666667,HYD,4,65.68,0,haze,HYD,0
36.0,4.1,Buffet,motorcycle,28.4,82.0,0.0,overcast clouds,Very High,30.15,86.68333333,CHEN,5,150.75,0,clouds,CHEN,1
39.0,4.8,Drinks,electric scooter,23.6,46.0,0.0,haze,Low,3.87,22.21666667,JAP,2,7.74,0,haze,JAP,0
36.0,4.8,Meal,motorcycle,22.78,60.0,0.0,haze,High,17.74,43.18333333,HYD,4,70.96,0,haze,HYD,0
29.0,4.8,Drinks,scooter,22.78,60.0,0.0,haze,High,17.74,52.18333333,HYD,4,70.96,0,haze,HYD,1
21.0,4.6,Snack,scooter,22.22,42.0,0.0,clear sky,Moderate,11.87,34.05,BHP,3,35.61,0,clear sky,Other,0
28.0,4.7,Snack,motorcycle,22.25,44.0,0.0,clear sky,Very High,27.93,52.58333333,INDO,5,139.65,0,clear sky,INDO,1
28.0,4.5,Drinks,scooter,28.37,82.0,0.0,overcast clouds,Very High,14.83,63.75,CHEN,5,74.15,0,clouds,CHEN,1
34.0,4.6,Snack,scooter,22.69,60.0,0.0,haze,Very High,21.71,59.43333333,HYD,5,108.55000000000001,0,haze,HYD,1
24.0,4.6,Snack,electric scooter,11.16,87.0,0.0,clear sky,Very High,24.82,75.85,DEH,5,124.1,0,clear sky,Other,1
20.0,4.1,Drinks,motorcycle,20.05,83.0,0.0,mist,Very Low,2.28,22.26666667,RANCHI,1,2.28,1,mist,RANCHI,0
24.0,4.7,Snack,scooter,22.86,49.0,0.0,clear sky,Moderate,10.18,33.96666667,PUNE,3,30.54,0,clear sky,PUNE,0
38.0,4.3,Drinks,motorcycle,28.46,81.0,0.0,mist,Moderate,9.26,41.31666667,CHEN,3,27.78,0,mist,CHEN,0
22.0,4.8,Snack,motorcycle,22.17,42.0,0.0,clear sky,Very High,23.86,61.95,BHP,5,119.3,0,clear sky,Other,1
36.0,4.2,Snack,motorcycle,24.06,46.0,0.0,haze,Very High,23.37,53.08333333,JAP,5,116.85000000000001,0,haze,JAP,1
22.0,4.6,Snack,motorcycle,22.62,73.0,0.0,haze,High,11.19,40.05,BANG,4,44.76,0,haze,BANG,0
24.0,4.8,Buffet,electric scooter,21.03,60.0,0.0,haze,Very High,25.79,65.9,AURG,5,128.95,0,haze,Other,1
33.0,3.8,Buffet,motorcycle,23.15,48.0,0.0,clear sky,Very High,25.87,68.13333333,PUNE,5,129.35,0,clear sky,PUNE,1
38.0,3.6,Drinks,scooter,22.75,60.0,0.0,haze,Very High,23.83,71.88333333,HYD,5,119.14999999999999,0,haze,HYD,1
37.0,4.7,Drinks,motorcycle,24.95,73.0,0.0,mist,Low,6.71,30.06666667,SUR,2,13.42,0,mist,SUR,0
32.0,4.8,Meal,motorcycle,23.42,73.0,0.0,haze,Moderate,6.35,25.38333333,BANG,3,19.049999999999997,0,haze,BANG,0
25.0,5.0,Drinks,motorcycle,22.08,60.0,0.0,haze,Moderate,6.16,32.23333333,INDO,3,18.48,0,haze,INDO,0
34.0,4.8,Snack,motorcycle,23.13,73.0,0.0,haze,Moderate,10.08,29.83333333,BANG,3,30.240000000000002,0,haze,BANG,0
28.0,4.7,Drinks,scooter,24.93,43.0,0.0,clear sky,High,14.56,41.98333333,SUR,4,58.24,0,clear sky,SUR,0
35.0,4.0,Drinks,electric scooter,20.61,67.0,0.0,clear sky,High,12.81,44.21666667,MYS,4,51.24,0,clear sky,MYS,0
35.0,5.0,Drinks,motorcycle,23.1,49.0,0.0,clear sky,Very Low,3.31,19.6,PUNE,1,3.31,0,clear sky,PUNE,0
35.0,4.7,Buffet,motorcycle,26.03,73.0,0.0,haze,High,19.17,45.53333333,COIMB,4,76.68,0,haze,COIMB,1
20.0,4.6,Snack,motorcycle,22.69,49.0,0.0,clear sky,High,13.34,43.23333333,PUNE,4,53.36,0,clear sky,PUNE,0
29.0,4.6,Meal,motorcycle,20.08,83.0,0.0,mist,Moderate,6.75,27.43333333,RANCHI,3,20.25,0,mist,RANCHI,0
20.0,4.7,Buffet,motorcycle,28.35,82.0,0.0,overcast clouds,Very High,24.03,67.68333333,CHEN,5,120.15,0,clouds,CHEN,1
21.0,4.9,Buffet,motorcycle,22.54,60.0,0.0,haze,Very High,27.2,70.46666667,HYD,5,136.0,0,haze,HYD,1
38.0,4.8,Buffet,motorcycle,27.83,57.0,0.0,smoke,High,13.09,47.41666667,MUM,4,52.36,0,smoke,MUM,1
31.0,4.9,Drinks,motorcycle,28.79,67.0,0.0,scattered clouds,High,24.89,52.91666667,GOA,4,99.56,0,clouds,Other,1
27.0,4.9,Snack,electric scooter,23.26,73.0,0.0,haze,Moderate,9.12,33.21666667,BANG,3,27.36,0,haze,BANG,0
35.0,4.9,Drinks,motorcycle,25.19,43.0,0.0,clear sky,High,16.67,50.33333333,ALH,4,66.68,0,clear sky,Other,1
34.0,4.5,Drinks,scooter,23.99,64.0,0.0,haze,Moderate,13.04,36.76666667,VAD,3,39.12,0,haze,Other,0
38.0,4.9,Meal,motorcycle,25.53,38.0,0.0,clear sky,High,23.09,43.91666667,AGR,4,92.36,0,clear sky,Other,0
26.0,4.6,Buffet,motorcycle,27.92,57.0,0.0,smoke,Low,2.15,18.33333333,MUM,2,4.3,1,smoke,MUM,0
24.0,4.8,Snack,scooter,20.55,67.0,0.0,clear sky,Low,4.76,17.18333333,MYS,2,9.52,0,clear sky,MYS,0
36.0,4.7,Drinks,motorcycle,23.64,46.0,0.0,haze,Low,4.13,23.06666667,JAP,2,8.26,0,haze,JAP,0
23.0,5.0,Drinks,motorcycle,28.42,82.0,0.0,overcast clouds,Very High,20.55,76.23333333,CHEN,5,102.75,0,clouds,CHEN,1
26.0,4.7,Snack,scooter,27.86,57.0,0.0,smoke,Moderate,7.81,38.96666667,MUM,3,23.43,0,smoke,MUM,0
38.0,4.8,Buffet,scooter,24.0,64.0,0.0,haze,Low,8.49,23.33333333,VAD,2,16.98,0,haze,Other,0
31.0,4.5,Buffet,motorcycle,28.0,65.0,0.0,haze,Moderate,15.29,33.85,KOL,3,45.87,0,haze,Other,0
21.0,4.6,Meal,motorcycle,24.95,73.0,0.0,mist,Moderate,11.01,28.93333333,SUR,3,33.03,0,mist,SUR,0
29.0,4.9,Buffet,motorcycle,20.05,83.0,0.0,mist,Moderate,9.22,31.68333333,RANCHI,3,27.660000000000004,0,mist,RANCHI,0
26.0,4.4,Drinks,motorcycle,24.0,64.0,0.0,haze,Low,2.9,21.4,VAD,2,5.8,1,haze,Other,0
23.0,4.6,Meal,motorcycle,22.1,74.0,0.0,haze,Very High,24.8,56.31666667,BANG,5,124.0,0,haze,BANG,1
39.0,4.7,Snack,motorcycle,20.14,83.0,0.0,mist,Moderate,8.3,31.26666667,RANCHI,3,24.900000000000002,0,mist,RANCHI,0
34.0,5.0,Snack,scooter,28.03,57.0,0.0,smoke,Moderate,10.81,38.5,MUM,3,32.43,0,smoke,MUM,0
28.0,4.9,Meal,scooter,25.99,73.0,0.0,haze,Low,6.51,17.46666667,COIMB,2,13.02,0,haze,COIMB,0
29.0,4.6,Snack,motorcycle,28.47,82.0,0.0,mist,High,12.24,43.83333333,CHEN,4,48.96,0,mist,CHEN,0
39.0,4.2,Snack,scooter,28.2,82.0,0.0,mist,Low,2.48,18.96666667,CHEN,2,4.96,1,mist,CHEN,0
38.0,4.7,Snack,scooter,22.94,60.0,0.0,haze,Low,2.64,17.38333333,HYD,2,5.28,1,haze,HYD,0
27.0,4.9,Drinks,motorcycle,25.94,73.0,0.0,haze,Moderate,12.76,36.8,COIMB,3,38.28,0,haze,COIMB,0
35.0,4.8,Drinks,scooter,25.64,43.0,0.0,clear sky,Low,5.58,24.08333333,ALH,2,11.16,0,clear sky,Other,0
35.0,4.6,Snack,motorcycle,22.58,60.0,0.0,haze,Low,5.71,17.51666667,HYD,2,11.42,0,haze,HYD,0
35.0,4.8,Meal,motorcycle,22.16,60.0,0.0,haze,High,16.77,38.88333333,INDO,4,67.08,0,haze,INDO,0
29.0,4.6,Drinks,scooter,27.22,53.0,0.0,clear sky,Very High,34.81,91.5,MUM,5,174.05,0,clear sky,MUM,1
20.0,4.7,Snack,scooter,22.13,42.0,0.0,clear sky,Moderate,11.31,34.78333333,BHP,3,33.93,0,clear sky,Other,0
38.0,4.8,Meal,scooter,27.75,57.0,0.0,smoke,Very High,19.33,62.25,MUM,5,96.64999999999999,0,smoke,MUM,1
36.0,3.8,Snack,scooter,23.47,47.0,0.0,clear sky,Very High,25.16,62.8,PUNE,5,125.8,0,clear sky,PUNE,1
22.0,4.7,Drinks,scooter,20.14,83.0,0.0,mist,Moderate,9.56,38.51666667,RANCHI,3,28.68,0,mist,RANCHI,0
29.0,4.6,Buffet,motorcycle,22.39,73.0,0.0,haze,Very High,24.47,57.38333333,BANG,5,122.35,0,haze,BANG,1
30.0,4.6,Meal,scooter,22.19,73.0,0.0,haze,Very High,22.12,49.95,BANG,5,110.60000000000001,0,haze,BANG,1
25.0,4.7,Drinks,motorcycle,25.99,73.0,0.0,haze,Moderate,12.12,36.93333333,COIMB,3,36.36,0,haze,COIMB,0
36.0,4.8,Snack,motorcycle,24.01,64.0,0.0,haze,Moderate,12.86,30.73333333,VAD,3,38.58,0,haze,Other,0
28.0,4.7,Snack,scooter,22.94,60.0,0.0,haze,High,15.45,46.88333333,HYD,4,61.8,0,haze,HYD,1
28.0,4.6,Buffet,scooter,20.03,83.0,0.0,mist,Moderate,7.15,26.85,RANCHI,3,21.450000000000003,0,mist,RANCHI,0
38.0,4.5,Drinks,scooter,28.9,68.0,0.0,scattered clouds,High,19.5,55.26666667,GOA,4,78.0,0,clouds,Other,1
25.0,4.9,Drinks,scooter,22.94,49.0,0.0,clear sky,Moderate,6.66,30.7,PUNE,3,19.98,0,clear sky,PUNE,0
30.0,5.0,Drinks,motorcycle,26.03,73.0,0.0,haze,Moderate,9.36,35.31666667,COIMB,3,28.08,0,haze,COIMB,0
37.0,4.8,Buffet,scooter,25.97,73.0,0.0,haze,Very Low,2.76,13.75,COIMB,1,2.76,1,haze,COIMB,0
35.0,3.8,Buffet,scooter,23.84,29.0,0.0,clear sky,Very High,21.57,52.11666667,JAP,5,107.85,0,clear sky,JAP,1
30.0,3.6,Meal,scooter,24.9,42.0,0.0,clear sky,High,20.43,43.7,SUR,4,81.72,0,clear sky,SUR,0
32.0,4.4,Buffet,motorcycle,23.39,73.0,0.0,haze,Low,3.08,16.36666667,BANG,2,6.16,0,haze,BANG,0
39.0,4.8,Meal,motorcycle,22.47,50.0,0.0,clear sky,Low,4.47,15.53333333,PUNE,2,8.94,0,clear sky,PUNE,0
38.0,5.0,Meal,motorcycle,23.73,46.0,0.0,haze,High,10.31,33.88333333,JAP,4,41.24,0,haze,JAP,0
23.0,4.2,Snack,motorcycle,24.93,73.0,0.0,mist,High,14.18,43.55,SUR,4,56.72,0,mist,SUR,0
37.0,4.5,Snack,scooter,20.61,67.0,0.0,clear sky,Low,8.87,23.6,MYS,2,17.74,0,clear sky,MYS,0
38.0,4.9,Meal,motorcycle,22.75,49.0,0.0,clear sky,High,17.7,42.7,PUNE,4,70.8,0,clear sky,PUNE,0
30.0,4.3,Drinks,motorcycle,23.72,28.0,0.0,clear sky,High,18.31,50.21666667,JAP,4,73.24,0,clear sky,JAP,1
34.0,4.1,Drinks,scooter,22.1,74.0,0.0,haze,High,16.44,48.15,BANG,4,65.76,0,haze,BANG,1
31.0,4.0,Snack,motorcycle,22.88,60.0,0.0,haze,Moderate,8.18,34.35,HYD,3,24.54,0,haze,HYD,0
38.0,4.8,Buffet,scooter,23.99,64.0,0.0,haze,Low,6.55,16.85,VAD,2,13.1,0,haze,Other,0
25.0,4.6,Snack,scooter,24.9,42.0,0.0,clear sky,Very High,34.64,58.65,SUR,5,173.2,0,clear sky,SUR,1
31.0,4.8,Buffet,scooter,28.34,82.0,0.0,overcast clouds,Very High,32.2,82.38333333,CHEN,5,161.0,0,clouds,CHEN,1
21.0,4.4,Drinks,motorcycle,23.46,47.0,0.0,clear sky,Very High,18.54,59.28333333,PUNE,5,92.69999999999999,0,clear sky,PUNE,1
37.0,4.2,Drinks,electric scooter,25.79,73.0,0.0,haze,High,16.05,48.28333333,COIMB,4,64.2,0,haze,COIMB,1
22.0,4.6,Meal,motorcycle,26.15,73.0,0.0,haze,High,21.28,43.78333333,COIMB,4,85.12,0,haze,COIMB,0
24.0,4.8,Buffet,motorcycle,24.87,42.0,0.0,clear sky,High,22.73,47.03333333,SUR,4,90.92,0,clear sky,SUR,1
26.0,4.9,Snack,motorcycle,23.58,46.0,0.0,haze,High,9.63,38.11666667,JAP,4,38.52,0,haze,JAP,0
33.0,4.6,Meal,motorcycle,27.97,57.0,0.0,smoke,High,13.18,38.88333333,MUM,4,52.72,0,smoke,MUM,0
34.0,4.9,Buffet,motorcycle,22.47,50.0,0.0,clear sky,Low,5.89,22.13333333,PUNE,2,11.78,0,clear sky,PUNE,0
33.0,5.0,Buffet,scooter,27.77,57.0,0.0,smoke,High,12.03,42.78333333,MUM,4,48.12,0,smoke,MUM,0
25.0,4.0,Buffet,motorcycle,24.94,43.0,0.0,clear sky,High,15.2,38.48333333,SUR,4,60.8,0,clear sky,SUR,0
22.0,5.0,Buffet,motorcycle,20.04,83.0,0.0,mist,Low,3.19,20.16666667,RANCHI,2,6.38,0,mist,RANCHI,0
21.0,4.6,Meal,motorcycle,25.01,73.0,0.0,mist,High,11.64,35.1,SUR,4,46.56,0,mist,SUR,0
34.0,4.7,Buffet,motorcycle,25.96,73.0,0.0,haze,Moderate,11.45,30.28333333,COIMB,3,34.349999999999994,0,haze,COIMB,0
21.0,4.9,Snack,motorcycle,23.74,46.0,0.0,haze,Moderate,7.89,31.91666667,JAP,3,23.669999999999998,0,haze,JAP,0
35.0,4.7,Drinks,motorcycle,22.14,45.0,0.0,clear sky,High,22.28,47.23333333,INDO,4,89.12,0,clear sky,INDO,1
22.0,5.0,Snack,motorcycle,22.04,43.0,0.0,clear sky,Very High,31.61,66.2,BHP,5,158.05,0,clear sky,Other,1
35.0,4.8,Snack,scooter,23.46,47.0,0.0,clear sky,Very High,27.04,61.88333333,PUNE,5,135.2,0,clear sky,PUNE,1
31.0,4.0,Snack,scooter,22.74,60.0,0.0,haze,High,22.23,46.21666667,HYD,4,88.92,0,haze,HYD,1
28.0,4.9,Drinks,motorcycle,28.04,57.0,0.0,smoke,High,17.77,46.35,MUM,4,71.08,0,smoke,MUM,1
39.0,4.3,Snack,motorcycle,22.64,50.0,0.0,clear sky,Moderate,7.7,26.23333333,PUNE,3,23.1,0,clear sky,PUNE,0
21.0,4.5,Buffet,motorcycle,24.9,42.0,0.0,clear sky,Very High,24.36,54.96666667,SUR,5,121.8,0,clear sky,SUR,1
28.0,4.3,Buffet,motorcycle,23.45,73.0,0.0,haze,Moderate,5.54,26.93333333,BANG,3,16.62,0,haze,BANG,0
27.0,4.7,Meal,motorcycle,28.0,65.0,0.0,haze,Moderate,9.09,23.1,KOL,3,27.27,0,haze,Other,0
23.0,4.9,Snack,motorcycle,22.58,74.0,0.0,haze,High,10.61,47.5,BANG,4,42.44,0,haze,BANG,1
37.0,4.7,Meal,motorcycle,27.75,57.0,0.0,smoke,Very High,19.23,62.26666667,MUM,5,96.15,0,smoke,MUM,1
25.0,4.8,Snack,motorcycle,20.58,68.0,0.0,clear sky,High,19.34,45.33333333,MYS,4,77.36,0,clear sky,MYS,1
27.0,4.3,Buffet,motorcycle,20.75,67.0,0.0,clear sky,Moderate,10.51,26.36666667,MYS,3,31.53,0,clear sky,MYS,0
37.0,4.5,Snack,scooter,20.38,67.0,0.0,clear sky,Low,7.01,22.55,MYS,2,14.02,0,clear sky,MYS,0
23.0,4.9,Buffet,motorcycle,23.46,39.0,0.0,clear sky,Very High,43.71,56.91666667,LUDH,5,218.55,0,clear sky,Other,1
27.0,4.7,Buffet,motorcycle,22.17,43.0,0.0,clear sky,Very High,31.22,53.18333333,INDO,5,156.1,0,clear sky,INDO,1
29.0,4.6,Drinks,motorcycle,20.18,83.0,0.0,mist,High,15.8,49.33333333,RANCHI,4,63.2,0,mist,RANCHI,1
20.0,4.9,Drinks,scooter,28.36,75.0,0.0,overcast clouds,Very High,27.41,78.91666667,CHEN,5,137.05,0,clouds,CHEN,1
22.0,4.5,Drinks,motorcycle,23.06,60.0,0.0,haze,Moderate,8.45,35.06666667,HYD,3,25.349999999999998,0,haze,HYD,0
28.0,4.7,Drinks,motorcycle,28.03,53.0,0.0,clear sky,Very High,25.14,69.46666667,MUM,5,125.7,0,clear sky,MUM,1
21.0,4.9,Buffet,motorcycle,25.53,38.0,0.0,clear sky,High,22.82,46.46666667,AGR,4,91.28,0,clear sky,Other,1
37.0,4.6,Snack,scooter,22.62,73.0,0.0,haze,High,11.19,39.26666667,BANG,4,44.76,0,haze,BANG,0
25.0,4.5,Drinks,motorcycle,23.99,64.0,0.0,haze,Low,5.41,22.75,VAD,2,10.82,0,haze,Other,0
22.0,4.9,Snack,motorcycle,20.08,83.0,0.0,mist,Moderate,7.34,34.16666667,RANCHI,3,22.02,0,mist,RANCHI,0
36.0,4.0,Buffet,motorcycle,24.59,88.0,0.0,few clouds,High,15.58,48.4,KOC,4,62.32,0,clouds,Other,1
24.0,4.8,Snack,motorcycle,20.58,68.0,0.0,clear sky,High,25.06,44.2,MYS,4,100.24,0,clear sky,MYS,0
34.0,4.8,Meal,electric scooter,22.11,60.0,0.0,haze,Very High,23.47,47.36666667,INDO,5,117.35,0,haze,INDO,1
24.0,4.9,Meal,motorcycle,22.96,48.0,0.0,clear sky,Very High,16.48,51.36666667,PUNE,5,82.4,0,clear sky,PUNE,1
29.0,4.6,Snack,motorcycle,21.97,60.0,0.0,haze,Moderate,11.52,27.03333333,INDO,3,34.56,0,haze,INDO,0
23.0,4.6,Meal,electric scooter,23.29,46.0,0.0,haze,High,11.72,35.7,JAP,4,46.88,0,haze,JAP,0
33.0,4.5,Snack,scooter,22.25,44.0,0.0,clear sky,High,19.16,39.43333333,INDO,4,76.64,0,clear sky,INDO,0
23.0,4.7,Drinks,electric scooter,20.15,63.0,0.0,scattered clouds,High,19.69,50.01666667,RANCHI,4,78.76,0,clouds,RANCHI,1
27.0,4.6,Drinks,motorcycle,19.98,83.0,0.0,mist,Moderate,10.02,39.55,RANCHI,3,30.06,0,mist,RANCHI,0
38.0,4.3,Snack,scooter,25.52,42.0,0.0,clear sky,Moderate,12.54,32.1,KNP,3,37.62,0,clear sky,Other,0
24.0,4.8,Meal,scooter,27.22,53.0,0.0,clear sky,Very High,34.81,82.91666667,MUM,5,174.05,0,clear sky,MUM,1
38.0,4.3,Buffet,scooter,20.62,67.0,0.0,clear sky,Moderate,20.68,29.58333333,MYS,3,62.04,0,clear sky,MYS,0
25.0,4.7,Drinks,motorcycle,22.24,42.0,0.0,clear sky,High,17.63,46.98333333,BHP,4,70.52,0,clear sky,Other,1
37.0,4.7,Buffet,motorcycle,24.92,73.0,0.0,mist,Moderate,9.82,30.98333333,SUR,3,29.46,0,mist,SUR,0
36.0,4.9,Drinks,motorcycle,22.18,42.0,0.0,clear sky,Low,5.03,24.13333333,BHP,2,10.06,0,clear sky,Other,0
30.0,4.7,Meal,motorcycle,24.91,86.0,0.0,clear sky,Low,2.97,15.2,KOC,2,5.94,1,clear sky,Other,0
33.0,4.7,Buffet,scooter,22.29,43.0,0.0,clear sky,High,26.6,47.61666667,INDO,4,106.4,0,clear sky,INDO,1
29.0,4.6,Drinks,electric scooter,25.92,73.0,0.0,haze,Low,5.97,24.86666667,COIMB,2,11.94,0,haze,COIMB,0
23.0,5.0,Meal,motorcycle,23.91,29.0,0.0,clear sky,Very High,29.36,56.16666667,JAP,5,146.8,0,clear sky,JAP,1
28.0,4.6,Snack,motorcycle,20.62,67.0,0.0,clear sky,Moderate,20.5,31.61666667,MYS,3,61.5,0,clear sky,MYS,0
33.0,4.5,Drinks,motorcycle,21.74,60.0,0.0,haze,Moderate,11.84,40.08333333,AURG,3,35.519999999999996,0,haze,Other,0
38.0,4.9,Snack,scooter,16.05,79.0,0.0,clear sky,Low,5.73,20.5,DEH,2,11.46,0,clear sky,Other,0
25.0,4.7,Meal,motorcycle,22.39,73.0,0.0,haze,Very High,24.47,55.1,BANG,5,122.35,0,haze,BANG,1
23.0,4.7,Snack,scooter,28.42,81.0,0.0,mist,Moderate,6.18,29.88333333,CHEN,3,18.54,0,mist,CHEN,0
35.0,4.4,Meal,motorcycle,20.05,83.0,0.0,mist,Moderate,14.22,28.88333333,RANCHI,3,42.660000000000004,0,mist,RANCHI,0
36.0,4.5,Buffet,scooter,22.75,73.0,0.0,haze,High,17.97,47.06666667,BANG,4,71.88,0,haze,BANG,1
23.0,3.8,Drinks,motorcycle,22.79,74.0,0.0,haze,High,11.04,42.35,BANG,4,44.16,0,haze,BANG,0
33.0,4.1,Snack,scooter,21.99,43.0,0.0,clear sky,High,17.49,47.78333333,BHP,4,69.96,0,clear sky,Other,1
34.0,4.5,Snack,motorcycle,19.85,63.0,0.0,scattered clouds,Very High,23.55,58.53333333,RANCHI,5,117.75,0,clouds,RANCHI,1
27.0,4.6,Buffet,scooter,22.94,60.0,0.0,haze,Moderate,10.64,31.7,HYD,3,31.92,0,haze,HYD,0
24.0,4.6,Buffet,motorcycle,28.57,81.0,0.0,mist,Moderate,9.71,28.28333333,CHEN,3,29.130000000000003,0,mist,CHEN,0
22.0,4.6,Snack,scooter,25.89,73.0,0.0,haze,Moderate,7.96,29.03333333,COIMB,3,23.88,0,haze,COIMB,0
31.0,5.0,Meal,motorcycle,25.78,73.0,0.0,haze,Low,4.6,16.28333333,COIMB,2,9.2,0,haze,COIMB,0
20.0,5.0,Snack,electric scooter,28.51,82.0,0.0,overcast clouds,Very High,14.83,58.71666667,CHEN,5,74.15,0,clouds,CHEN,1
20.0,4.9,Meal,motorcycle,28.34,75.0,0.0,overcast clouds,Very High,28.41,71.86666667,CHEN,5,142.05,0,clouds,CHEN,1
26.0,4.6,Drinks,motorcycle,23.91,64.0,0.0,haze,High,27.44,51.41666667,VAD,4,109.76,0,haze,Other,1
35.0,5.0,Drinks,scooter,27.99,65.0,0.0,haze,Moderate,10.38,36.83333333,KOL,3,31.14,0,haze,Other,0
26.0,4.8,Buffet,scooter,25.86,73.0,0.0,haze,High,11.62,34.96666667,COIMB,4,46.48,0,haze,COIMB,0
25.0,4.4,Meal,motorcycle,20.48,68.0,0.0,clear sky,Very Low,3.09,7.433333333,MYS,1,3.09,0,clear sky,MYS,0
26.0,4.4,Snack,motorcycle,21.94,60.0,0.0,haze,Low,3.83,17.08333333,AURG,2,7.66,0,haze,Other,0
21.0,4.6,Drinks,scooter,28.01,65.0,0.0,haze,Very High,28.16,73.65,KOL,5,140.8,0,haze,Other,1
20.0,4.8,Drinks,scooter,22.14,60.0,0.0,haze,Very High,23.47,56.36666667,INDO,5,117.35,0,haze,INDO,1
39.0,4.4,Meal,motorcycle,23.99,64.0,0.0,haze,High,16.0,34.46666667,VAD,4,64.0,0,haze,Other,0
30.0,4.5,Drinks,electric scooter,23.81,29.0,0.0,clear sky,Very High,31.09,76.85,JAP,5,155.45,0,clear sky,JAP,1
36.0,4.6,Meal,motorcycle,22.35,50.0,0.0,clear sky,Low,2.37,11.48333333,PUNE,2,4.74,1,clear sky,PUNE,0
29.0,5.0,Buffet,motorcycle,24.06,91.0,0.0,scattered clouds,High,16.73,42.3,KOC,4,66.92,0,clouds,Other,0
39.0,4.8,Snack,motorcycle,28.05,53.0,0.0,clear sky,Very High,32.34,82.36666667,MUM,5,161.70000000000002,0,clear sky,MUM,1
35.0,4.9,Buffet,scooter,22.81,60.0,0.0,haze,Low,3.86,15.0,HYD,2,7.72,0,haze,HYD,0
30.0,4.2,Drinks,motorcycle,23.67,39.0,0.0,clear sky,High,20.2,48.4,LUDH,4,80.8,0,clear sky,Other,1
30.0,4.5,Meal,motorcycle,22.1,60.0,0.0,haze,Low,4.37,13.61666667,INDO,2,8.74,0,haze,INDO,0
29.0,4.6,Buffet,motorcycle,22.29,42.0,0.0,clear sky,High,13.84,37.66666667,BHP,4,55.36,0,clear sky,Other,0
33.0,4.3,Meal,motorcycle,20.58,68.0,0.0,clear sky,Very High,29.68,50.46666667,MYS,5,148.4,0,clear sky,MYS,1
35.0,4.1,Drinks,motorcycle,22.86,49.0,0.0,clear sky,Moderate,8.69,35.78333333,PUNE,3,26.07,0,clear sky,PUNE,0
35.0,4.9,Snack,electric scooter,23.21,72.0,0.0,haze,Moderate,10.27,31.06666667,BANG,3,30.81,0,haze,BANG,0
38.0,4.5,Meal,motorcycle,22.18,44.0,0.0,clear sky,High,18.15,39.6,INDO,4,72.6,0,clear sky,INDO,0
22.0,4.2,Buffet,motorcycle,22.4,74.0,0.0,haze,Very High,29.32,81.56666667,BANG,5,146.6,0,haze,BANG,1
30.0,4.8,Buffet,scooter,20.38,67.0,0.0,clear sky,Low,4.9,18.28333333,MYS,2,9.8,0,clear sky,MYS,0
39.0,4.9,Drinks,motorcycle,22.63,73.0,0.0,haze,High,19.39,48.05,BANG,4,77.56,0,haze,BANG,1
29.0,4.8,Drinks,motorcycle,22.92,60.0,0.0,haze,High,12.73,42.26666667,HYD,4,50.92,0,haze,HYD,0
29.0,4.6,Buffet,scooter,27.77,57.0,0.0,smoke,Low,2.58,18.08333333,MUM,2,5.16,1,smoke,MUM,0
29.0,4.9,Snack,motorcycle,27.93,54.0,0.0,clear sky,Very High,26.84,68.03333333,MUM,5,134.2,0,clear sky,MUM,1
27.0,4.9,Snack,motorcycle,20.54,67.0,0.0,clear sky,Very Low,3.67,13.95,MYS,1,3.67,0,clear sky,MYS,0
34.0,4.6,Drinks,scooter,22.29,43.0,0.0,clear sky,Very High,27.23,56.93333333,INDO,5,136.15,0,clear sky,INDO,1
29.0,4.6,Snack,motorcycle,20.27,63.0,0.0,scattered clouds,Low,10.95,23.11666667,RANCHI,2,21.9,0,clouds,RANCHI,0
37.0,4.7,Buffet,scooter,22.54,60.0,0.0,haze,Very High,31.78,71.68333333,HYD,5,158.9,0,haze,HYD,1
33.0,4.7,Snack,motorcycle,27.99,65.0,0.0,haze,Very High,25.39,68.03333333,KOL,5,126.95,0,haze,Other,1
36.0,4.5,Buffet,motorcycle,27.9,50.0,0.0,clear sky,Moderate,11.67,32.55,MUM,3,35.01,0,clear sky,MUM,0
37.0,4.7,Snack,motorcycle,22.76,60.0,0.0,haze,High,14.68,46.9,HYD,4,58.72,0,haze,HYD,1
37.0,4.9,Meal,scooter,23.97,64.0,0.0,haze,High,18.18,33.4,VAD,4,72.72,0,haze,Other,0
30.0,4.8,Drinks,scooter,25.92,73.0,0.0,haze,Low,3.9,21.86666667,COIMB,2,7.8,0,haze,COIMB,0
25.0,4.9,Meal,scooter,22.75,49.0,0.0,clear sky,High,18.69,42.38333333,PUNE,4,74.76,0,clear sky,PUNE,0
35.0,4.7,Drinks,scooter,27.86,57.0,0.0,smoke,Very High,28.07,72.66666667,MUM,5,140.35,0,smoke,MUM,1
21.0,4.6,Meal,motorcycle,23.03,48.0,0.0,clear sky,High,12.59,35.15,PUNE,4,50.36,0,clear sky,PUNE,0
34.0,4.5,Snack,motorcycle,23.0,42.0,0.0,clear sky,Very High,27.56,71.08333333,KNP,5,137.79999999999998,0,clear sky,Other,1
36.0,4.6,Snack,motorcycle,23.39,47.0,0.0,clear sky,Very High,21.35,62.61666667,PUNE,5,106.75,0,clear sky,PUNE,1
35.0,4.6,Snack,motorcycle,24.01,38.0,0.0,clear sky,Low,3.87,15.71666667,LUDH,2,7.74,0,clear sky,Other,0
29.0,4.6,Meal,motorcycle,22.89,60.0,0.0,haze,Moderate,9.16,25.93333333,HYD,3,27.48,0,haze,HYD,0
31.0,4.8,Buffet,motorcycle,20.7,68.0,0.0,clear sky,High,15.88,41.8,MYS,4,63.52,0,clear sky,MYS,0
33.0,4.6,Drinks,motorcycle,22.11,60.0,0.0,haze,High,18.25,41.11666667,INDO,4,73.0,0,haze,INDO,0
27.0,4.7,Drinks,motorcycle,25.97,65.0,0.0,haze,Low,8.05,29.7,COIMB,2,16.1,0,haze,COIMB,0
23.0,4.6,Snack,scooter,26.12,73.0,0.0,haze,Very High,20.42,51.66666667,COIMB,5,102.10000000000001,0,haze,COIMB,1
36.0,4.0,Snack,scooter,22.09,60.0,0.0,haze,Moderate,11.77,34.46666667,INDO,3,35.31,0,haze,INDO,0
22.0,4.4,Meal,motorcycle,22.14,73.0,0.0,haze,Very High,22.12,49.63333333,BANG,5,110.60000000000001,0,haze,BANG,1
24.0,4.7,Snack,scooter,28.27,82.0,0.0,mist,Moderate,8.97,35.31666667,CHEN,3,26.910000000000004,0,mist,CHEN,0
28.0,3.6,Meal,motorcycle,23.37,46.0,0.0,haze,Moderate,6.03,26.53333333,JAP,3,18.09,0,haze,JAP,0
26.0,4.9,Buffet,scooter,21.23,60.0,0.0,haze,Very High,31.41,54.55,AURG,5,157.05,0,haze,Other,1
37.0,4.0,Drinks,motorcycle,23.06,60.0,0.0,haze,Low,5.27,24.35,HYD,2,10.54,0,haze,HYD,0
37.0,4.4,Meal,motorcycle,26.14,73.0,0.0,haze,Very High,25.52,58.28333333,COIMB,5,127.6,0,haze,COIMB,1
32.0,4.9,Snack,motorcycle,22.29,43.0,0.0,clear sky,High,22.02,48.0,INDO,4,88.08,0,clear sky,INDO,1
25.0,4.6,Snack,scooter,27.83,57.0,0.0,smoke,High,13.16,49.25,MUM,4,52.64,0,smoke,MUM,1
21.0,4.1,Snack,motorcycle,24.96,73.0,0.0,mist,Low,5.06,23.51666667,SUR,2,10.12,0,mist,SUR,0
26.0,4.6,Snack,motorcycle,25.02,44.0,0.0,clear sky,Very High,21.74,57.65,ALH,5,108.69999999999999,0,clear sky,Other,1
21.0,5.0,Buffet,motorcycle,22.92,60.0,0.0,haze,Low,3.75,17.18333333,HYD,2,7.5,0,haze,HYD,0
20.0,4.8,Snack,scooter,28.21,82.0,0.0,mist,Low,2.56,19.86666667,CHEN,2,5.12,1,mist,CHEN,0
35.0,4.4,Meal,scooter,28.03,65.0,0.0,haze,Moderate,13.97,27.28333333,KOL,3,41.910000000000004,0,haze,Other,0
22.0,4.8,Meal,motorcycle,27.99,65.0,0.0,haze,Very Low,2.15,10.51666667,KOL,1,2.15,1,haze,Other,0
30.0,4.6,Snack,motorcycle,22.92,28.0,0.0,clear sky,High,16.67,40.28333333,JAP,4,66.68,0,clear sky,JAP,0
21.0,4.8,Meal,motorcycle,22.61,60.0,0.0,haze,Low,2.17,12.51666667,HYD,2,4.34,1,haze,HYD,0
30.0,4.2,Drinks,motorcycle,25.66,42.0,0.0,clear sky,Low,7.03,29.28333333,ALH,2,14.06,0,clear sky,Other,0
23.0,5.0,Drinks,motorcycle,20.7,68.0,0.0,clear sky,High,15.76,50.36666667,MYS,4,63.04,0,clear sky,MYS,1
29.0,4.5,Snack,motorcycle,20.7,68.0,0.0,clear sky,High,15.76,45.36666667,MYS,4,63.04,0,clear sky,MYS,1
26.0,4.9,Meal,motorcycle,20.19,83.0,0.0,mist,Moderate,9.38,30.13333333,RANCHI,3,28.14,0,mist,RANCHI,0
33.0,4.8,Drinks,motorcycle,23.93,29.0,0.0,clear sky,Very High,29.77,66.25,JAP,5,148.85,0,clear sky,JAP,1
39.0,5.0,Drinks,scooter,23.67,46.0,0.0,haze,High,10.31,43.61666667,JAP,4,41.24,0,haze,JAP,0
30.0,4.9,Drinks,electric scooter,22.08,60.0,0.0,haze,Very Low,1.97,19.61666667,INDO,1,1.97,1,haze,INDO,0
20.0,4.8,Buffet,motorcycle,23.95,28.0,0.0,clear sky,Very High,20.38,52.91666667,JAP,5,101.89999999999999,0,clear sky,JAP,1
22.0,4.9,Drinks,motorcycle,28.0,57.0,0.0,smoke,High,15.93,51.26666667,MUM,4,63.72,0,smoke,MUM,1
33.0,3.5,Meal,electric scooter,26.96,57.0,0.0,smoke,Very High,24.34,74.85,MUM,5,121.7,0,smoke,MUM,1
34.0,4.6,Snack,motorcycle,22.83,73.0,0.0,haze,Moderate,7.62,29.21666667,BANG,3,22.86,0,haze,BANG,0
35.0,4.9,Drinks,scooter,23.92,29.0,0.0,clear sky,Very High,27.73,67.6,JAP,5,138.65,0,clear sky,JAP,1
37.0,4.0,Meal,motorcycle,22.08,60.0,0.0,haze,Moderate,6.26,22.73333333,INDO,3,18.78,0,haze,INDO,0
27.0,4.9,Buffet,motorcycle,21.14,78.0,0.0,mist,High,15.8,42.15,RANCHI,4,63.2,0,mist,RANCHI,0
39.0,4.8,Snack,motorcycle,28.24,81.0,0.0,mist,High,11.38,39.83333333,CHEN,4,45.52,0,mist,CHEN,0
28.0,3.3,Buffet,electric scooter,27.18,57.0,0.0,smoke,High,20.12,49.18333333,MUM,4,80.48,0,smoke,MUM,1
38.0,4.9,Buffet,scooter,23.72,28.0,0.0,clear sky,High,18.31,43.88333333,JAP,4,73.24,0,clear sky,JAP,0
33.0,4.1,Drinks,motorcycle,25.89,73.0,0.0,haze,Moderate,9.36,33.33333333,COIMB,3,28.08,0,haze,COIMB,0
30.0,4.6,Buffet,scooter,23.4,46.0,0.0,haze,Moderate,10.37,29.45,JAP,3,31.11,0,haze,JAP,0
29.0,4.7,Snack,scooter,22.76,48.0,0.0,clear sky,Very High,16.78,51.5,PUNE,5,83.9,0,clear sky,PUNE,1
35.0,4.8,Buffet,motorcycle,24.0,64.0,0.0,haze,Low,5.29,15.38333333,VAD,2,10.58,0,haze,Other,0
38.0,4.7,Snack,motorcycle,20.74,68.0,0.0,clear sky,High,15.19,35.26666667,MYS,4,60.76,0,clear sky,MYS,0
22.0,4.6,Buffet,motorcycle,22.92,73.0,0.0,haze,Very High,21.31,60.96666667,BANG,5,106.55,0,haze,BANG,1
26.0,4.9,Buffet,motorcycle,20.08,83.0,0.0,mist,Low,3.96,25.45,RANCHI,2,7.92,0,mist,RANCHI,0
38.0,4.6,Buffet,motorcycle,22.52,60.0,0.0,haze,Very High,27.05,64.71666667,HYD,5,135.25,0,haze,HYD,1
29.0,4.8,Buffet,motorcycle,23.33,72.0,0.0,haze,Low,5.58,18.4,BANG,2,11.16,0,haze,BANG,0
33.0,4.8,Meal,motorcycle,22.61,60.0,0.0,haze,Moderate,7.93,23.45,HYD,3,23.79,0,haze,HYD,0
38.0,4.7,Drinks,scooter,12.86,89.0,0.0,clear sky,Very High,44.28,118.2333333,DEH,5,221.4,0,clear sky,Other,1
29.0,4.9,Snack,motorcycle,25.58,42.0,0.0,clear sky,Very High,20.62,53.85,KNP,5,103.10000000000001,0,clear sky,Other,1
34.0,4.6,Drinks,motorcycle,22.78,49.0,0.0,clear sky,Low,4.53,26.5,PUNE,2,9.06,0,clear sky,PUNE,0
21.0,4.8,Drinks,motorcycle,22.81,74.0,0.0,haze,Moderate,8.02,38.13333333,BANG,3,24.06,0,haze,BANG,0
35.0,4.7,Snack,motorcycle,25.4,38.0,0.0,clear sky,Very High,30.7,54.56666667,AGR,5,153.5,0,clear sky,Other,1
38.0,4.7,Drinks,motorcycle,23.83,46.0,0.0,haze,High,14.29,48.78333333,JAP,4,57.16,0,haze,JAP,1
39.0,5.0,Drinks,motorcycle,28.85,67.0,0.0,broken clouds,Very High,22.57,65.61666667,GOA,5,112.85,0,clouds,Other,1
36.0,5.0,Snack,scooter,28.01,57.0,0.0,smoke,Low,3.46,24.35,MUM,2,6.92,0,smoke,MUM,0
33.0,4.6,Snack,motorcycle,25.81,73.0,0.0,haze,Moderate,7.29,26.98333333,COIMB,3,21.87,0,haze,COIMB,0
26.0,4.9,Drinks,scooter,20.71,68.0,0.0,clear sky,Moderate,13.03,32.98333333,MYS,3,39.089999999999996,0,clear sky,MYS,0
34.0,4.4,Buffet,motorcycle,22.27,44.0,0.0,clear sky,High,16.93,35.58333333,INDO,4,67.72,0,clear sky,INDO,0
27.0,4.7,Meal,motorcycle,20.54,68.0,0.0,clear sky,High,12.35,31.76666667,MYS,4,49.4,0,clear sky,MYS,0
29.0,5.0,Drinks,electric scooter,23.4,46.0,0.0,haze,Moderate,10.37,36.46666667,JAP,3,31.11,0,haze,JAP,0
24.0,4.5,Meal,electric scooter,23.37,71.0,0.0,haze,Low,2.69,15.28333333,BANG,2,5.38,1,haze,BANG,0
22.0,4.6,Snack,motorcycle,22.22,44.0,0.0,clear sky,High,22.38,43.7,INDO,4,89.52,0,clear sky,INDO,0
34.0,4.4,Buffet,motorcycle,27.64,55.0,0.0,clear sky,Very High,40.17,101.1333333,MUM,5,200.85000000000002,0,clear sky,MUM,1
35.0,4.6,Drinks,motorcycle,22.03,60.0,0.0,haze,Low,3.93,23.15,INDO,2,7.86,0,haze,INDO,0
21.0,5.0,Drinks,motorcycle,25.97,73.0,0.0,haze,High,18.48,49.4,COIMB,4,73.92,0,haze,COIMB,1
26.0,4.8,Snack,motorcycle,22.98,48.0,0.0,clear sky,High,17.5,45.21666667,PUNE,4,70.0,0,clear sky,PUNE,1
31.0,4.6,Buffet,motorcycle,25.82,73.0,0.0,haze,Moderate,9.62,29.4,COIMB,3,28.86,0,haze,COIMB,0
37.0,4.0,Buffet,scooter,25.44,42.0,0.0,clear sky,High,16.11,39.73333333,KNP,4,64.44,0,clear sky,Other,0
36.0,4.8,Buffet,electric scooter,22.14,60.0,0.0,haze,Moderate,11.03,30.33333333,INDO,3,33.089999999999996,0,haze,INDO,0
22.0,4.9,Meal,scooter,27.99,65.0,0.0,haze,High,12.89,39.83333333,KOL,4,51.56,0,haze,Other,0
35.0,4.8,Buffet,motorcycle,28.56,81.0,0.0,mist,Low,3.21,16.43333333,CHEN,2,6.42,0,mist,CHEN,0
25.0,4.9,Drinks,motorcycle,23.33,72.0,0.0,haze,Moderate,7.9,36.1,BANG,3,23.700000000000003,0,haze,BANG,0
39.0,4.6,Snack,scooter,28.44,81.0,0.0,mist,Moderate,8.94,29.33333333,CHEN,3,26.82,0,mist,CHEN,0
35.0,4.8,Drinks,scooter,28.0,65.0,0.0,haze,Low,3.99,24.8,KOL,2,7.98,0,haze,Other,0
39.0,4.7,Buffet,scooter,25.3,43.0,0.0,clear sky,High,17.3,42.23333333,ALH,4,69.2,0,clear sky,Other,0
22.0,4.9,Drinks,motorcycle,24.94,73.0,0.0,mist,Very Low,2.69,18.78333333,SUR,1,2.69,1,mist,SUR,0
24.0,4.5,Drinks,scooter,23.17,72.0,0.0,haze,High,12.31,45.98333333,BANG,4,49.24,0,haze,BANG,1
20.0,5.0,Snack,motorcycle,22.6,49.0,0.0,clear sky,Low,6.67,21.86666667,PUNE,2,13.34,0,clear sky,PUNE,0
35.0,4.6,Meal,motorcycle,22.79,73.0,0.0,haze,High,11.04,33.33333333,BANG,4,44.16,0,haze,BANG,0
21.0,4.9,Meal,motorcycle,20.01,83.0,0.0,mist,Moderate,8.02,27.35,RANCHI,3,24.06,0,mist,RANCHI,0
35.0,4.8,Buffet,scooter,22.71,49.0,0.0,clear sky,Very High,17.97,51.81666667,PUNE,5,89.85,0,clear sky,PUNE,1
26.0,5.0,Buffet,scooter,25.9,73.0,0.0,haze,Low,6.4,20.93333333,COIMB,2,12.8,0,haze,COIMB,0
31.0,4.3,Snack,electric scooter,23.93,64.0,0.0,haze,High,20.24,43.85,VAD,4,80.96,0,haze,Other,0
39.0,4.9,Buffet,motorcycle,22.25,44.0,0.0,clear sky,High,19.16,37.48333333,INDO,4,76.64,0,clear sky,INDO,0
30.0,4.8,Drinks,motorcycle,24.9,43.0,0.0,clear sky,Very High,33.95,62.13333333,SUR,5,169.75,0,clear sky,SUR,1
32.0,4.8,Meal,scooter,23.9,29.0,0.0,clear sky,Very High,26.79,55.91666667,JAP,5,133.95,0,clear sky,JAP,1
23.0,4.6,Meal,scooter,23.53,29.0,0.0,clear sky,Very High,31.93,63.9,JAP,5,159.65,0,clear sky,JAP,1
26.0,4.9,Buffet,motorcycle,22.59,73.0,0.0,haze,High,12.44,38.13333333,BANG,4,49.76,0,haze,BANG,0
29.0,4.6,Buffet,motorcycle,22.88,48.0,0.0,clear sky,Very High,16.68,52.66666667,PUNE,5,83.4,0,clear sky,PUNE,1
37.0,4.8,Meal,motorcycle,22.57,60.0,0.0,haze,Very High,31.89,56.81666667,HYD,5,159.45,0,haze,HYD,1
33.0,4.7,Meal,motorcycle,26.2,73.0,0.0,haze,Very High,24.96,53.45,COIMB,5,124.80000000000001,0,haze,COIMB,1
27.0,4.9,Drinks,motorcycle,20.46,68.0,0.0,clear sky,Very Low,2.2,17.23333333,MYS,1,2.2,1,clear sky,MYS,0
37.0,4.8,Meal,motorcycle,27.99,57.0,0.0,smoke,Moderate,8.82,32.96666667,MUM,3,26.46,0,smoke,MUM,0
28.0,4.8,Buffet,scooter,20.27,62.0,0.0,scattered clouds,Low,10.95,21.15,RANCHI,2,21.9,0,clouds,RANCHI,0
24.0,4.1,Snack,motorcycle,25.89,73.0,0.0,haze,Low,4.9,19.95,COIMB,2,9.8,0,haze,COIMB,0
36.0,4.6,Drinks,motorcycle,24.97,73.0,0.0,mist,Moderate,8.39,34.23333333,SUR,3,25.17,0,mist,SUR,0
22.0,4.6,Snack,scooter,22.8,60.0,0.0,haze,Low,5.98,24.1,HYD,2,11.96,0,haze,HYD,0
32.0,4.5,Buffet,motorcycle,20.09,83.0,0.0,mist,High,10.79,38.28333333,RANCHI,4,43.16,0,mist,RANCHI,0
20.0,4.5,Drinks,motorcycle,22.58,60.0,0.0,haze,Very High,32.21,71.76666667,HYD,5,161.05,0,haze,HYD,1
34.0,4.0,Meal,motorcycle,28.0,65.0,0.0,haze,High,15.8,42.15,KOL,4,63.2,0,haze,Other,0
30.0,4.2,Buffet,motorcycle,28.0,57.0,0.0,smoke,Moderate,8.49,34.88333333,MUM,3,25.47,0,smoke,MUM,0
36.0,4.1,Snack,motorcycle,23.8,39.0,0.0,clear sky,Low,8.98,23.8,LUDH,2,17.96,0,clear sky,Other,0
28.0,4.9,Buffet,motorcycle,23.3,71.0,0.0,haze,Very Low,2.41,13.0,BANG,1,2.41,1,haze,BANG,0
23.0,4.6,Drinks,motorcycle,20.59,68.0,0.0,clear sky,High,13.96,42.55,MYS,4,55.84,0,clear sky,MYS,0
37.0,5.0,Meal,motorcycle,28.32,82.0,0.0,overcast clouds,High,10.91,35.3,CHEN,4,43.64,0,clouds,CHEN,0
38.0,4.5,Snack,motorcycle,27.97,65.0,0.0,haze,Very High,24.84,60.21666667,KOL,5,124.2,0,haze,Other,1
33.0,4.9,Snack,motorcycle,28.2,82.0,0.0,mist,Low,2.56,19.86666667,CHEN,2,5.12,1,mist,CHEN,0
21.0,4.6,Snack,scooter,22.76,48.0,0.0,clear sky,Very High,16.78,51.48333333,PUNE,5,83.9,0,clear sky,PUNE,1
37.0,4.9,Buffet,scooter,25.93,73.0,0.0,haze,Very Low,2.26,11.15,COIMB,1,2.26,1,haze,COIMB,0
20.0,5.0,Buffet,motorcycle,20.71,68.0,0.0,clear sky,Moderate,8.86,26.36666667,MYS,3,26.58,0,clear sky,MYS,0
33.0,4.7,Meal,scooter,25.93,73.0,0.0,haze,Very Low,2.09,7.9,COIMB,1,2.09,1,haze,COIMB,0
38.0,4.9,Snack,motorcycle,23.0,48.0,0.0,clear sky,Very High,28.62,75.66666667,PUNE,5,143.1,0,clear sky,PUNE,1
26.0,4.9,Drinks,motorcycle,23.61,47.0,0.0,clear sky,Very High,27.97,66.78333333,PUNE,5,139.85,0,clear sky,PUNE,1
38.0,4.7,Buffet,scooter,23.43,73.0,0.0,haze,High,12.93,45.56666667,BANG,4,51.72,0,haze,BANG,1
20.0,4.9,Drinks,motorcycle,23.91,64.0,0.0,haze,High,24.03,52.6,VAD,4,96.12,0,haze,Other,1
39.0,3.9,Drinks,scooter,20.29,63.0,0.0,scattered clouds,High,18.86,50.63333333,RANCHI,4,75.44,0,clouds,RANCHI,1
36.0,4.7,Drinks,scooter,22.22,44.0,0.0,clear sky,High,18.3,45.18333333,INDO,4,73.2,0,clear sky,INDO,1
29.0,4.0,Drinks,scooter,22.19,60.0,0.0,haze,High,19.3,55.9,INDO,4,77.2,0,haze,INDO,1
32.0,4.2,Buffet,motorcycle,24.18,46.0,0.0,haze,High,15.66,35.35,JAP,4,62.64,0,haze,JAP,0
29.0,4.7,Snack,motorcycle,24.95,73.0,0.0,mist,High,17.94,51.38333333,SUR,4,71.76,0,mist,SUR,1
33.0,4.2,Buffet,motorcycle,22.86,60.0,0.0,haze,High,16.9,43.98333333,HYD,4,67.6,0,haze,HYD,0
28.0,4.5,Snack,scooter,22.16,60.0,0.0,haze,Low,6.91,25.75,INDO,2,13.82,0,haze,INDO,0
35.0,4.6,Meal,motorcycle,22.05,73.0,0.0,haze,Very High,23.77,47.98333333,BANG,5,118.85,0,haze,BANG,1
31.0,4.7,Drinks,scooter,24.94,73.0,0.0,mist,High,16.89,50.01666667,SUR,4,67.56,0,mist,SUR,1
32.0,4.8,Drinks,motorcycle,27.71,57.0,0.0,smoke,Low,2.48,25.03333333,MUM,2,4.96,1,smoke,MUM,0
29.0,4.9,Snack,motorcycle,24.92,73.0,0.0,mist,Low,5.07,23.15,SUR,2,10.14,0,mist,SUR,0
37.0,4.3,Snack,motorcycle,25.72,37.0,0.0,clear sky,High,11.81,42.28333333,AGR,4,47.24,0,clear sky,Other,0
37.0,4.6,Meal,motorcycle,22.48,73.0,0.0,haze,Very High,16.02,52.01666667,BANG,5,80.1,0,haze,BANG,1
29.0,4.6,Snack,motorcycle,22.94,60.0,0.0,haze,High,15.45,46.95,HYD,4,61.8,0,haze,HYD,1
35.0,4.9,Meal,scooter,28.41,81.0,0.0,mist,Very Low,1.88,8.766666667,CHEN,1,1.88,1,mist,CHEN,0
24.0,4.9,Drinks,motorcycle,20.08,83.0,0.0,mist,Moderate,6.79,36.85,RANCHI,3,20.37,0,mist,RANCHI,0
21.0,4.4,Snack,motorcycle,20.7,68.0,0.0,clear sky,High,16.88,36.06666667,MYS,4,67.52,0,clear sky,MYS,0
33.0,4.3,Drinks,motorcycle,8.99,84.0,0.0,clear sky,Very High,24.69,84.88333333,DEH,5,123.45,0,clear sky,Other,1
29.0,4.6,Buffet,motorcycle,27.98,57.0,0.0,smoke,Moderate,11.75,36.21666667,MUM,3,35.25,0,smoke,MUM,0
31.0,4.8,Snack,scooter,23.79,28.0,0.0,clear sky,Very High,30.16,67.56666667,JAP,5,150.8,0,clear sky,JAP,1
21.0,4.3,Snack,motorcycle,22.81,73.0,0.0,haze,Very High,18.16,52.28333333,BANG,5,90.8,0,haze,BANG,1
23.0,4.8,Snack,electric scooter,22.19,73.0,0.0,haze,Very High,25.41,56.93333333,BANG,5,127.05,0,haze,BANG,1
31.0,5.0,Meal,motorcycle,23.16,47.0,0.0,clear sky,Very High,17.21,48.48333333,PUNE,5,86.05000000000001,0,clear sky,PUNE,1
26.0,4.0,Snack,motorcycle,28.27,82.0,0.0,mist,Very High,18.86,56.45,CHEN,5,94.3,0,mist,CHEN,1
28.0,4.9,Snack,motorcycle,23.16,47.0,0.0,clear sky,Very High,17.21,53.08333333,PUNE,5,86.05000000000001,0,clear sky,PUNE,1
36.0,4.7,Snack,motorcycle,20.72,68.0,0.0,clear sky,High,16.75,43.86666667,MYS,4,67.0,0,clear sky,MYS,0
37.0,5.0,Drinks,scooter,21.92,60.0,0.0,haze,Low,4.77,27.4,AURG,2,9.54,0,haze,Other,0
24.0,4.5,Meal,scooter,24.95,73.0,0.0,mist,High,16.07,42.28333333,SUR,4,64.28,0,mist,SUR,0
38.0,4.6,Snack,electric scooter,24.93,44.0,0.0,clear sky,Moderate,12.01,34.83333333,SUR,3,36.03,0,clear sky,SUR,0
38.0,4.7,Meal,motorcycle,22.92,60.0,0.0,haze,High,12.65,32.63333333,HYD,4,50.6,0,haze,HYD,0
24.0,4.7,Buffet,scooter,22.92,49.0,0.0,clear sky,Moderate,6.03,23.0,PUNE,3,18.09,0,clear sky,PUNE,0
31.0,4.0,Drinks,scooter,20.16,83.0,0.0,mist,High,18.5,48.15,RANCHI,4,74.0,0,mist,RANCHI,1
25.0,4.9,Meal,motorcycle,28.31,82.0,0.0,overcast clouds,High,14.08,41.55,CHEN,4,56.32,0,clouds,CHEN,0
23.0,4.6,Meal,motorcycle,22.27,44.0,0.0,clear sky,High,22.02,40.5,INDO,4,88.08,0,clear sky,INDO,0
21.0,4.7,Buffet,motorcycle,23.64,46.0,0.0,haze,Moderate,8.29,30.23333333,JAP,3,24.869999999999997,0,haze,JAP,0
37.0,4.9,Meal,electric scooter,21.79,60.0,0.0,haze,Moderate,11.56,26.9,AURG,3,34.68,0,haze,Other,0
30.0,4.9,Buffet,motorcycle,22.92,73.0,0.0,haze,Very High,21.16,62.03333333,BANG,5,105.8,0,haze,BANG,1
28.0,4.7,Snack,motorcycle,28.02,65.0,0.0,haze,Very High,25.59,55.23333333,KOL,5,127.95,0,haze,Other,1
26.0,4.7,Buffet,motorcycle,24.99,73.0,0.0,mist,Low,8.01,25.71666667,SUR,2,16.02,0,mist,SUR,0
26.0,4.9,Meal,motorcycle,28.56,81.0,0.0,mist,Low,3.21,14.41666667,CHEN,2,6.42,0,mist,CHEN,0
27.0,4.7,Snack,motorcycle,26.26,73.0,0.0,haze,High,29.81,48.68333333,COIMB,4,119.24,0,haze,COIMB,1
26.0,4.2,Snack,scooter,23.91,64.0,0.0,haze,High,27.44,46.25,VAD,4,109.76,0,haze,Other,1
32.0,4.4,Snack,motorcycle,25.53,38.0,0.0,clear sky,Moderate,17.43,30.36666667,AGR,3,52.29,0,clear sky,Other,0
29.0,3.6,Meal,motorcycle,23.56,46.0,0.0,haze,Moderate,10.21,28.56666667,JAP,3,30.630000000000003,0,haze,JAP,0
24.0,4.9,Snack,motorcycle,22.88,73.0,0.0,haze,High,14.79,46.01666667,BANG,4,59.16,0,haze,BANG,1
30.0,4.3,Meal,motorcycle,22.94,60.0,0.0,haze,Moderate,9.27,29.45,HYD,3,27.81,0,haze,HYD,0
30.0,4.4,Drinks,motorcycle,19.99,83.0,0.0,mist,Very Low,1.91,21.88333333,RANCHI,1,1.91,1,mist,RANCHI,0
32.0,5.0,Meal,electric scooter,23.58,46.0,0.0,haze,Very Low,2.48,9.6,JAP,1,2.48,1,haze,JAP,0
26.0,4.6,Snack,scooter,22.94,60.0,0.0,haze,Moderate,8.03,30.31666667,HYD,3,24.089999999999996,0,haze,HYD,0
24.0,5.0,Buffet,scooter,27.54,57.0,0.0,smoke,High,11.65,44.03333333,MUM,4,46.6,0,smoke,MUM,0
36.0,5.0,Drinks,electric scooter,28.37,82.0,0.0,mist,Moderate,9.52,36.18333333,CHEN,3,28.56,0,mist,CHEN,0
24.0,4.8,Meal,motorcycle,28.03,57.0,0.0,smoke,Low,3.23,17.25,MUM,2,6.46,0,smoke,MUM,0
39.0,4.1,Drinks,scooter,23.99,64.0,0.0,haze,High,14.01,42.43333333,VAD,4,56.04,0,haze,Other,0
38.0,4.7,Drinks,electric scooter,20.76,68.0,0.0,clear sky,High,17.77,41.35,MYS,4,71.08,0,clear sky,MYS,0
31.0,4.8,Buffet,scooter,24.95,73.0,0.0,mist,Very Low,2.22,12.7,SUR,1,2.22,1,mist,SUR,0
21.0,4.9,Meal,motorcycle,20.1,83.0,0.0,mist,Low,4.08,17.61666667,RANCHI,2,8.16,0,mist,RANCHI,0
27.0,4.4,Snack,motorcycle,27.99,57.0,0.0,smoke,Low,6.37,26.75,MUM,2,12.74,0,smoke,MUM,0
26.0,4.9,Drinks,scooter,28.48,81.0,0.0,mist,Low,2.29,23.6,CHEN,2,4.58,1,mist,CHEN,0
24.0,4.4,Snack,motorcycle,27.63,57.0,0.0,smoke,Very High,22.33,70.18333333,MUM,5,111.64999999999999,0,smoke,MUM,1
23.0,5.0,Buffet,motorcycle,22.64,60.0,0.0,haze,Low,6.42,19.6,HYD,2,12.84,0,haze,HYD,0
32.0,4.6,Drinks,motorcycle,25.72,37.0,0.0,clear sky,Moderate,12.97,39.4,AGR,3,38.910000000000004,0,clear sky,Other,0
23.0,4.7,Buffet,motorcycle,22.54,50.0,0.0,clear sky,Low,2.77,15.11666667,PUNE,2,5.54,1,clear sky,PUNE,0
21.0,4.7,Meal,scooter,20.4,68.0,0.0,clear sky,High,25.16,40.58333333,MYS,4,100.64,0,clear sky,MYS,0
35.0,4.4,Buffet,electric scooter,20.08,83.0,0.0,mist,Low,4.97,22.48333333,RANCHI,2,9.94,0,mist,RANCHI,0
31.0,4.8,Meal,motorcycle,28.48,81.0,0.0,mist,Low,3.19,14.15,CHEN,2,6.38,0,mist,CHEN,0
38.0,4.6,Buffet,motorcycle,25.92,73.0,0.0,haze,Low,5.97,17.83333333,COIMB,2,11.94,0,haze,COIMB,0
23.0,4.7,Drinks,motorcycle,24.95,73.0,0.0,mist,High,13.57,44.91666667,SUR,4,54.28,0,mist,SUR,0
20.0,4.4,Snack,motorcycle,24.91,43.0,0.0,clear sky,High,20.43,47.71666667,SUR,4,81.72,0,clear sky,SUR,1
39.0,4.9,Meal,motorcycle,20.03,83.0,0.0,mist,Low,2.26,14.4,RANCHI,2,4.52,1,mist,RANCHI,0
34.0,4.4,Drinks,motorcycle,22.68,60.0,0.0,haze,Very High,32.36,67.98333333,HYD,5,161.8,0,haze,HYD,1
30.0,4.8,Drinks,motorcycle,23.64,46.0,0.0,haze,Moderate,8.29,37.08333333,JAP,3,24.869999999999997,0,haze,JAP,0
34.0,3.8,Buffet,scooter,20.22,62.0,0.0,scattered clouds,Very High,25.76,58.51666667,RANCHI,5,128.8,0,clouds,RANCHI,1
36.0,3.8,Meal,motorcycle,28.01,65.0,0.0,haze,Very High,24.13,56.45,KOL,5,120.64999999999999,0,haze,Other,1
23.0,4.5,Meal,motorcycle,23.27,47.0,0.0,clear sky,Very High,28.81,69.48333333,PUNE,5,144.04999999999998,0,clear sky,PUNE,1
22.0,4.6,Drinks,motorcycle,28.39,82.0,0.0,mist,Very High,21.64,71.08333333,CHEN,5,108.2,0,mist,CHEN,1
23.0,4.9,Meal,scooter,20.44,68.0,0.0,clear sky,Very Low,2.65,9.116666667,MYS,1,2.65,1,clear sky,MYS,0
29.0,4.6,Drinks,scooter,19.97,83.0,0.0,mist,Low,4.12,25.71666667,RANCHI,2,8.24,0,mist,RANCHI,0
25.0,4.6,Buffet,scooter,23.02,72.0,0.0,haze,Very High,14.06,50.06666667,BANG,5,70.3,0,haze,BANG,1
29.0,4.6,Meal,scooter,25.88,73.0,0.0,haze,Low,4.59,15.33333333,COIMB,2,9.18,0,haze,COIMB,0
33.0,5.0,Meal,scooter,22.18,60.0,0.0,haze,Low,3.93,14.88333333,INDO,2,7.86,0,haze,INDO,0
24.0,4.8,Drinks,motorcycle,20.08,83.0,0.0,mist,Low,4.98,31.73333333,RANCHI,2,9.96,0,mist,RANCHI,0
34.0,4.7,Meal,scooter,27.97,57.0,0.0,smoke,High,16.05,46.91666667,MUM,4,64.2,0,smoke,MUM,1
20.0,4.9,Buffet,scooter,22.08,60.0,0.0,haze,High,13.69,36.38333333,INDO,4,54.76,0,haze,INDO,0
32.0,4.7,Drinks,motorcycle,28.01,65.0,0.0,haze,Very Low,2.46,20.9,KOL,1,2.46,1,haze,Other,0
31.0,4.6,Snack,motorcycle,22.64,60.0,0.0,haze,Low,6.42,21.6,HYD,2,12.84,0,haze,HYD,0
26.0,4.9,Buffet,motorcycle,11.62,84.0,0.0,clear sky,Very High,16.79,59.81666667,DEH,5,83.94999999999999,0,clear sky,Other,1
24.0,4.5,Meal,motorcycle,22.23,44.0,0.0,clear sky,High,19.18,36.9,INDO,4,76.72,0,clear sky,INDO,0
34.0,4.7,Drinks,scooter,20.47,68.0,0.0,clear sky,Low,6.79,28.48333333,MYS,2,13.58,0,clear sky,MYS,0
31.0,3.6,Snack,scooter,26.06,73.0,0.0,haze,High,13.97,37.33333333,COIMB,4,55.88,0,haze,COIMB,0
30.0,4.9,Snack,motorcycle,20.21,83.0,0.0,mist,High,17.3,51.33333333,RANCHI,4,69.2,0,mist,RANCHI,1
20.0,4.5,Meal,scooter,26.12,73.0,0.0,haze,Very High,20.42,47.6,COIMB,5,102.10000000000001,0,haze,COIMB,1
25.0,4.5,Snack,scooter,20.79,68.0,0.0,clear sky,High,18.74,37.68333333,MYS,4,74.96,0,clear sky,MYS,0
20.0,4.1,Snack,scooter,20.21,83.0,0.0,mist,Moderate,15.58,35.45,RANCHI,3,46.74,0,mist,RANCHI,0
32.0,4.8,Buffet,motorcycle,28.46,81.0,0.0,mist,Low,4.84,23.05,CHEN,2,9.68,0,mist,CHEN,0
31.0,4.2,Drinks,motorcycle,28.25,82.0,0.0,mist,Very High,16.71,60.51666667,CHEN,5,83.55000000000001,0,mist,CHEN,1
21.0,4.5,Drinks,motorcycle,27.91,57.0,0.0,smoke,Low,2.43,25.01666667,MUM,2,4.86,1,smoke,MUM,0
38.0,4.5,Drinks,motorcycle,24.93,43.0,0.0,clear sky,High,21.96,52.46666667,SUR,4,87.84,0,clear sky,SUR,1
21.0,4.5,Buffet,motorcycle,22.19,73.0,0.0,haze,High,11.71,35.88333333,BANG,4,46.84,0,haze,BANG,0
38.0,4.8,Meal,motorcycle,23.4,46.0,0.0,haze,Moderate,10.37,28.45,JAP,3,31.11,0,haze,JAP,0
22.0,4.8,Drinks,motorcycle,23.32,47.0,0.0,clear sky,Very High,23.93,71.7,PUNE,5,119.65,0,clear sky,PUNE,1
23.0,4.6,Meal,motorcycle,20.09,83.0,0.0,mist,Moderate,7.87,32.81666667,RANCHI,3,23.61,0,mist,RANCHI,0
38.0,5.0,Drinks,electric scooter,20.74,68.0,0.0,clear sky,High,15.19,40.15,MYS,4,60.76,0,clear sky,MYS,0
26.0,4.6,Snack,motorcycle,22.5,73.0,0.0,haze,Very High,15.33,61.68333333,BANG,5,76.65,0,haze,BANG,1
32.0,4.6,Meal,scooter,19.98,60.0,0.0,haze,Very High,26.39,67.15,AURG,5,131.95,0,haze,Other,1
29.0,5.0,Snack,motorcycle,28.24,81.0,0.0,mist,High,11.38,39.85,CHEN,4,45.52,0,mist,CHEN,0
36.0,4.7,Buffet,motorcycle,23.64,46.0,0.0,haze,Moderate,7.42,33.5,JAP,3,22.259999999999998,0,haze,JAP,0
28.0,4.7,Drinks,motorcycle,22.82,60.0,0.0,haze,High,16.69,49.15,HYD,4,66.76,0,haze,HYD,1
20.0,4.5,Meal,motorcycle,24.94,73.0,0.0,mist,Moderate,11.45,32.61666667,SUR,3,34.349999999999994,0,mist,SUR,0
23.0,5.0,Drinks,scooter,22.86,60.0,0.0,haze,High,16.9,51.48333333,HYD,4,67.6,0,haze,HYD,1
33.0,4.7,Meal,scooter,20.5,68.0,0.0,clear sky,Very Low,3.01,9.266666667,MYS,1,3.01,0,clear sky,MYS,0
39.0,4.8,Meal,scooter,23.18,72.0,0.0,haze,Moderate,10.68,29.43333333,BANG,3,32.04,0,haze,BANG,0
30.0,4.6,Meal,motorcycle,20.54,67.0,0.0,clear sky,Moderate,7.48,21.08333333,MYS,3,22.44,0,clear sky,MYS,0
33.0,4.0,Snack,motorcycle,22.6,73.0,0.0,haze,Very High,21.51,55.63333333,BANG,5,107.55000000000001,0,haze,BANG,1
36.0,4.8,Snack,motorcycle,27.71,57.0,0.0,smoke,High,21.32,47.86666667,MUM,4,85.28,0,smoke,MUM,1
34.0,4.1,Meal,scooter,22.88,48.0,0.0,clear sky,High,15.44,39.18333333,PUNE,4,61.76,0,clear sky,PUNE,0
27.0,4.7,Drinks,motorcycle,23.68,46.0,0.0,haze,Moderate,6.53,35.26666667,JAP,3,19.59,0,haze,JAP,0
24.0,4.6,Drinks,motorcycle,27.71,57.0,0.0,clear sky,Very High,51.16,107.8666667,MUM,5,255.79999999999998,0,clear sky,MUM,1
36.0,4.2,Meal,motorcycle,23.99,64.0,0.0,haze,Low,9.84,21.8,VAD,2,19.68,0,haze,Other,0
25.0,4.6,Buffet,scooter,24.94,73.0,0.0,mist,High,12.5,36.06666667,SUR,4,50.0,0,mist,SUR,0
38.0,4.2,Meal,motorcycle,22.18,60.0,0.0,haze,Moderate,11.44,25.93333333,INDO,3,34.32,0,haze,INDO,0
20.0,4.9,Meal,motorcycle,22.17,60.0,0.0,haze,Low,5.86,21.63333333,INDO,2,11.72,0,haze,INDO,0
39.0,4.9,Drinks,scooter,23.64,46.0,0.0,haze,Very Low,1.82,17.96666667,JAP,1,1.82,1,haze,JAP,0
34.0,4.6,Buffet,scooter,28.05,49.0,0.0,clear sky,Low,4.74,16.3,MUM,2,9.48,0,clear sky,MUM,0
26.0,4.8,Snack,scooter,28.41,81.0,0.0,mist,Very Low,1.88,12.76666667,CHEN,1,1.88,1,mist,CHEN,0
36.0,4.1,Snack,motorcycle,22.6,73.0,0.0,haze,High,11.15,39.01666667,BANG,4,44.6,0,haze,BANG,0
21.0,4.5,Snack,motorcycle,24.92,73.0,0.0,mist,High,13.94,38.5,SUR,4,55.76,0,mist,SUR,0
28.0,5.0,Buffet,motorcycle,27.63,53.0,0.0,clear sky,Very High,21.38,55.78333333,MUM,5,106.89999999999999,0,clear sky,MUM,1
38.0,4.6,Snack,motorcycle,22.71,60.0,0.0,haze,Low,7.2,18.33333333,HYD,2,14.4,0,haze,HYD,0
31.0,4.3,Buffet,motorcycle,25.41,43.0,0.0,clear sky,Very Low,1.89,9.5,ALH,1,1.89,1,clear sky,Other,0
34.0,4.9,Drinks,scooter,20.78,68.0,0.0,clear sky,High,17.34,44.51666667,MYS,4,69.36,0,clear sky,MYS,0
39.0,4.8,Drinks,motorcycle,20.54,68.0,0.0,clear sky,Very High,22.79,59.7,MYS,5,113.94999999999999,0,clear sky,MYS,1
32.0,4.9,Drinks,electric scooter,22.75,60.0,0.0,haze,Very High,23.83,73.05,HYD,5,119.14999999999999,0,haze,HYD,1
38.0,4.6,Snack,electric scooter,28.26,82.0,0.0,overcast clouds,Very High,13.96,53.25,CHEN,5,69.80000000000001,0,clouds,CHEN,1
39.0,4.6,Buffet,motorcycle,28.05,49.0,0.0,clear sky,Low,4.74,16.3,MUM,2,9.48,0,clear sky,MUM,0
39.0,4.3,Meal,motorcycle,24.14,46.0,0.0,haze,Moderate,10.76,23.15,JAP,3,32.28,0,haze,JAP,0
24.0,4.2,Meal,motorcycle,23.83,46.0,0.0,haze,High,13.19,34.78333333,JAP,4,52.76,0,haze,JAP,0
33.0,4.9,Snack,scooter,28.33,82.0,0.0,overcast clouds,Very High,19.39,64.9,CHEN,5,96.95,0,clouds,CHEN,1
26.0,4.7,Buffet,scooter,20.27,68.0,0.0,clear sky,High,22.84,40.73333333,MYS,4,91.36,0,clear sky,MYS,0
37.0,4.5,Meal,scooter,21.61,43.0,0.0,clear sky,Very High,30.78,55.81666667,BHP,5,153.9,0,clear sky,Other,1
22.0,4.7,Drinks,motorcycle,20.47,68.0,0.0,clear sky,Low,6.79,28.41666667,MYS,2,13.58,0,clear sky,MYS,0
29.0,4.9,Meal,motorcycle,27.96,57.0,0.0,smoke,Moderate,5.54,30.93333333,MUM,3,16.62,0,smoke,MUM,0
21.0,4.8,Buffet,motorcycle,22.08,60.0,0.0,haze,Low,4.15,19.45,INDO,2,8.3,0,haze,INDO,0
34.0,4.3,Drinks,motorcycle,24.9,43.0,0.0,clear sky,High,17.82,47.31666667,SUR,4,71.28,0,clear sky,SUR,1
33.0,4.1,Snack,motorcycle,28.99,74.0,0.0,mist,Very Low,3.41,17.8,GOA,1,3.41,0,mist,Other,0
30.0,4.6,Snack,motorcycle,22.76,60.0,0.0,haze,Moderate,8.95,33.2,HYD,3,26.849999999999998,0,haze,HYD,0
29.0,4.4,Drinks,motorcycle,27.97,57.0,0.0,smoke,Low,3.85,31.61666667,MUM,2,7.7,0,smoke,MUM,0
22.0,4.9,Meal,motorcycle,25.63,42.0,0.0,clear sky,High,11.35,36.65,KNP,4,45.4,0,clear sky,Other,0
32.0,4.1,Meal,scooter,20.71,68.0,0.0,clear sky,High,16.46,32.88333333,MYS,4,65.84,0,clear sky,MYS,0
24.0,4.8,Buffet,scooter,23.9,29.0,0.0,clear sky,Very High,20.76,55.51666667,JAP,5,103.80000000000001,0,clear sky,JAP,1
34.0,4.2,Snack,motorcycle,28.6,69.0,0.0,scattered clouds,Moderate,7.41,27.76666667,GOA,3,22.23,0,clouds,Other,0
23.0,4.6,Drinks,scooter,24.94,73.0,0.0,mist,High,14.0,48.73333333,SUR,4,56.0,0,mist,SUR,1
23.0,4.6,Buffet,scooter,24.95,73.0,0.0,mist,Moderate,10.6,32.11666667,SUR,3,31.799999999999997,0,mist,SUR,0
30.0,4.7,Meal,motorcycle,20.71,68.0,0.0,clear sky,Moderate,12.91,23.56666667,MYS,3,38.730000000000004,0,clear sky,MYS,0
27.0,4.8,Buffet,motorcycle,24.94,73.0,0.0,mist,Low,7.48,24.9,SUR,2,14.96,0,mist,SUR,0
27.0,4.8,Drinks,scooter,24.0,64.0,0.0,haze,Very Low,2.92,19.96666667,VAD,1,2.92,1,haze,Other,0
30.0,4.2,Drinks,electric scooter,25.89,73.0,0.0,haze,Moderate,8.14,36.56666667,COIMB,3,24.42,0,haze,COIMB,0
28.0,5.0,Buffet,scooter,20.47,68.0,0.0,clear sky,Very Low,2.83,10.76666667,MYS,1,2.83,1,clear sky,MYS,0
35.0,4.0,Snack,motorcycle,22.06,60.0,0.0,haze,Very Low,1.95,12.21666667,INDO,1,1.95,1,haze,INDO,0
26.0,4.8,Snack,motorcycle,22.06,43.0,0.0,clear sky,Very High,28.41,54.83333333,INDO,5,142.05,0,clear sky,INDO,1
29.0,4.6,Buffet,scooter,23.01,73.0,0.0,haze,High,13.71,39.65,BANG,4,54.84,0,haze,BANG,0
29.0,5.0,Meal,electric scooter,22.93,60.0,0.0,haze,Moderate,9.12,25.25,HYD,3,27.36,0,haze,HYD,0
22.0,4.8,Meal,scooter,27.64,57.0,0.0,smoke,High,12.1,42.85,MUM,4,48.4,0,smoke,MUM,0
37.0,3.9,Meal,scooter,23.86,29.0,0.0,clear sky,Very High,24.58,55.08333333,JAP,5,122.89999999999999,0,clear sky,JAP,1
35.0,4.8,Snack,motorcycle,20.25,83.0,0.0,mist,Very High,22.97,57.1,RANCHI,5,114.85,0,mist,RANCHI,1
27.0,4.7,Drinks,scooter,20.53,68.0,0.0,clear sky,High,26.27,50.7,MYS,4,105.08,0,clear sky,MYS,1
31.0,4.2,Meal,scooter,20.63,67.0,0.0,clear sky,High,23.28,36.53333333,MYS,4,93.12,0,clear sky,MYS,0
39.0,4.9,Buffet,motorcycle,20.47,68.0,0.0,clear sky,Low,4.63,17.23333333,MYS,2,9.26,0,clear sky,MYS,0
30.0,4.8,Drinks,electric scooter,23.9,46.0,0.0,haze,High,11.06,41.18333333,JAP,4,44.24,0,haze,JAP,0
23.0,4.8,Buffet,motorcycle,24.93,43.0,0.0,clear sky,Very High,24.21,49.35,SUR,5,121.05000000000001,0,clear sky,SUR,1
22.0,4.7,Buffet,scooter,23.99,64.0,0.0,haze,Moderate,12.93,31.2,VAD,3,38.79,0,haze,Other,0
36.0,4.9,Buffet,electric scooter,23.08,48.0,0.0,clear sky,Very High,25.36,66.88333333,PUNE,5,126.8,0,clear sky,PUNE,1
24.0,4.9,Meal,scooter,22.63,60.0,0.0,haze,Very High,21.45,55.2,HYD,5,107.25,0,haze,HYD,1
27.0,4.6,Meal,electric scooter,20.36,68.0,0.0,clear sky,Very Low,1.59,5.8,MYS,1,1.59,1,clear sky,MYS,0
24.0,4.8,Buffet,motorcycle,25.45,43.0,0.0,clear sky,Moderate,8.13,29.06666667,ALH,3,24.39,0,clear sky,Other,0
26.0,4.5,Buffet,motorcycle,28.05,57.0,0.0,smoke,Low,4.2,23.6,MUM,2,8.4,0,smoke,MUM,0
26.0,4.4,Snack,motorcycle,21.0,60.0,0.0,haze,Very High,28.28,75.85,AURG,5,141.4,0,haze,Other,1
33.0,4.9,Drinks,motorcycle,26.03,73.0,0.0,haze,Moderate,10.73,34.66666667,COIMB,3,32.19,0,haze,COIMB,0
26.0,4.8,Buffet,scooter,24.9,43.0,0.0,clear sky,High,20.19,47.15,SUR,4,80.76,0,clear sky,SUR,1
28.0,4.8,Snack,scooter,23.82,39.0,0.0,clear sky,Very Low,2.1,12.35,LUDH,1,2.1,1,clear sky,Other,0
32.0,4.8,Drinks,scooter,28.37,82.0,0.0,overcast clouds,Very High,14.83,63.65,CHEN,5,74.15,0,clouds,CHEN,1
32.0,5.0,Buffet,scooter,25.74,37.0,0.0,clear sky,High,21.22,35.18333333,AGR,4,84.88,0,clear sky,Other,0
39.0,4.6,Drinks,motorcycle,27.93,57.0,0.0,smoke,Low,4.4,31.73333333,MUM,2,8.8,0,smoke,MUM,0
22.0,4.9,Snack,motorcycle,23.92,30.0,0.0,clear sky,Very High,27.14,56.03333333,JAP,5,135.7,0,clear sky,JAP,1
39.0,4.9,Buffet,motorcycle,28.05,57.0,0.0,smoke,Low,4.2,23.6,MUM,2,8.4,0,smoke,MUM,0
32.0,4.7,Drinks,motorcycle,25.65,37.0,0.0,clear sky,High,8.24,43.41666667,AGR,4,32.96,0,clear sky,Other,0
34.0,4.8,Buffet,motorcycle,22.64,50.0,0.0,clear sky,Low,4.47,17.5,PUNE,2,8.94,0,clear sky,PUNE,0
39.0,4.2,Meal,motorcycle,20.79,68.0,0.0,clear sky,High,18.74,33.9,MYS,4,74.96,0,clear sky,MYS,0
26.0,4.9,Buffet,motorcycle,23.91,64.0,0.0,haze,High,24.27,43.25,VAD,4,97.08,0,haze,Other,0
32.0,4.7,Buffet,motorcycle,20.48,68.0,0.0,clear sky,Moderate,10.28,25.23333333,MYS,3,30.839999999999996,0,clear sky,MYS,0
25.0,4.0,Drinks,scooter,24.0,64.0,0.0,haze,Low,7.41,26.15,VAD,2,14.82,0,haze,Other,0
31.0,4.7,Buffet,scooter,23.81,46.0,0.0,haze,High,10.64,36.3,JAP,4,42.56,0,haze,JAP,0
38.0,4.7,Meal,motorcycle,23.03,48.0,0.0,clear sky,High,12.63,34.35,PUNE,4,50.52,0,clear sky,PUNE,0
34.0,4.1,Buffet,motorcycle,28.04,53.0,0.0,clear sky,Very High,24.29,58.55,MUM,5,121.44999999999999,0,clear sky,MUM,1
35.0,4.7,Buffet,scooter,27.03,57.0,0.0,smoke,High,8.97,47.33333333,MUM,4,35.88,0,smoke,MUM,1
28.0,5.0,Snack,motorcycle,20.21,68.0,0.0,clear sky,High,24.99,37.18333333,MYS,4,99.96,0,clear sky,MYS,0
39.0,4.3,Snack,scooter,23.79,28.0,0.0,clear sky,Very High,28.36,67.76666667,JAP,5,141.8,0,clear sky,JAP,1
39.0,4.6,Meal,scooter,25.01,73.0,0.0,mist,Very Low,3.09,11.25,SUR,1,3.09,0,mist,SUR,0
39.0,4.8,Drinks,electric scooter,25.9,73.0,0.0,haze,Very Low,2.95,20.65,COIMB,1,2.95,1,haze,COIMB,0
34.0,4.6,Drinks,motorcycle,26.06,73.0,0.0,haze,Very High,22.86,57.8,COIMB,5,114.3,0,haze,COIMB,1
35.0,4.3,Buffet,motorcycle,25.82,73.0,0.0,haze,Moderate,6.76,25.51666667,COIMB,3,20.28,0,haze,COIMB,0
34.0,4.9,Drinks,motorcycle,22.22,43.0,0.0,clear sky,Very High,27.03,61.9,INDO,5,135.15,0,clear sky,INDO,1
30.0,4.8,Buffet,scooter,25.79,73.0,0.0,haze,Moderate,12.39,31.4,COIMB,3,37.17,0,haze,COIMB,0
24.0,4.4,Buffet,motorcycle,20.12,83.0,0.0,mist,Moderate,12.43,33.01666667,RANCHI,3,37.29,0,mist,RANCHI,0
36.0,4.9,Snack,scooter,22.05,60.0,0.0,haze,High,11.67,38.55,INDO,4,46.68,0,haze,INDO,0
22.0,4.7,Buffet,motorcycle,22.88,60.0,0.0,haze,Moderate,8.92,31.28333333,HYD,3,26.759999999999998,0,haze,HYD,0
36.0,4.0,Meal,motorcycle,20.71,68.0,0.0,clear sky,Moderate,8.86,24.51666667,MYS,3,26.58,0,clear sky,MYS,0
27.0,3.7,Snack,motorcycle,24.92,73.0,0.0,mist,Low,6.42,23.43333333,SUR,2,12.84,0,mist,SUR,0
34.0,4.6,Snack,motorcycle,20.46,68.0,0.0,clear sky,Low,7.01,22.5,MYS,2,14.02,0,clear sky,MYS,0
35.0,4.7,Meal,scooter,24.95,73.0,0.0,mist,Very High,20.14,53.58333333,SUR,5,100.7,0,mist,SUR,1
25.0,4.8,Drinks,motorcycle,20.21,83.0,0.0,mist,High,9.19,45.73333333,RANCHI,4,36.76,0,mist,RANCHI,1
35.0,5.0,Snack,scooter,24.9,42.0,0.0,clear sky,Very High,28.79,66.88333333,SUR,5,143.95,0,clear sky,SUR,1
31.0,4.4,Snack,motorcycle,25.86,73.0,0.0,haze,Moderate,7.83,27.68333333,COIMB,3,23.490000000000002,0,haze,COIMB,0
35.0,4.8,Snack,motorcycle,22.81,49.0,0.0,clear sky,Low,5.18,20.25,PUNE,2,10.36,0,clear sky,PUNE,0
20.0,4.7,Buffet,motorcycle,20.01,83.0,0.0,mist,Low,6.03,25.75,RANCHI,2,12.06,0,mist,RANCHI,0
36.0,4.5,Meal,motorcycle,23.99,64.0,0.0,haze,Moderate,12.93,29.2,VAD,3,38.79,0,haze,Other,0
22.0,4.6,Snack,motorcycle,23.99,46.0,0.0,haze,High,15.2,44.36666667,JAP,4,60.8,0,haze,JAP,0
29.0,4.6,Buffet,motorcycle,24.93,44.0,0.0,clear sky,Moderate,12.01,32.4,SUR,3,36.03,0,clear sky,SUR,0
20.0,4.1,Meal,motorcycle,23.99,64.0,0.0,haze,High,13.82,32.95,VAD,4,55.28,0,haze,Other,0
37.0,4.5,Buffet,scooter,22.05,60.0,0.0,haze,Moderate,7.32,26.95,INDO,3,21.96,0,haze,INDO,0
30.0,4.6,Snack,motorcycle,24.95,73.0,0.0,mist,Moderate,9.49,30.86666667,SUR,3,28.47,0,mist,SUR,0
21.0,4.5,Meal,scooter,22.53,73.0,0.0,haze,High,10.61,42.06666667,BANG,4,42.44,0,haze,BANG,0
28.0,3.5,Drinks,scooter,23.35,47.0,0.0,clear sky,Very High,19.2,62.91666667,PUNE,5,96.0,0,clear sky,PUNE,1
31.0,4.0,Snack,motorcycle,22.93,49.0,0.0,clear sky,Low,4.37,19.6,PUNE,2,8.74,0,clear sky,PUNE,0
29.0,4.6,Snack,scooter,23.03,48.0,0.0,clear sky,Low,6.28,21.6,PUNE,2,12.56,0,clear sky,PUNE,0
29.0,4.6,Drinks,motorcycle,27.94,57.0,0.0,smoke,High,11.03,54.08333333,MUM,4,44.12,0,smoke,MUM,1
29.0,4.6,Buffet,scooter,16.85,79.0,0.0,clear sky,Low,7.22,19.53333333,DEH,2,14.44,0,clear sky,Other,0
25.0,4.9,Buffet,motorcycle,22.59,73.0,0.0,haze,High,12.5,40.13333333,BANG,4,50.0,0,haze,BANG,0
26.0,4.2,Drinks,motorcycle,22.06,60.0,0.0,haze,Very Low,2.29,20.08333333,INDO,1,2.29,1,haze,INDO,0
24.0,4.8,Buffet,electric scooter,28.89,67.0,0.0,scattered clouds,High,21.09,40.93333333,GOA,4,84.36,0,clouds,Other,0
28.0,4.5,Buffet,scooter,23.92,64.0,0.0,haze,High,23.78,41.51666667,VAD,4,95.12,0,haze,Other,0
35.0,5.0,Drinks,motorcycle,25.62,42.0,0.0,clear sky,High,10.83,45.15,KNP,4,43.32,0,clear sky,Other,1
35.0,4.8,Meal,motorcycle,20.21,83.0,0.0,mist,High,15.92,36.36666667,RANCHI,4,63.68,0,mist,RANCHI,0
29.0,4.6,Buffet,motorcycle,17.24,78.0,0.0,clear sky,Low,4.4,14.33333333,DEH,2,8.8,0,clear sky,Other,0
39.0,4.2,Drinks,scooter,22.73,60.0,0.0,haze,High,17.95,55.1,HYD,4,71.8,0,haze,HYD,1
24.0,5.0,Snack,scooter,23.01,48.0,0.0,clear sky,Moderate,7.29,26.9,PUNE,3,21.87,0,clear sky,PUNE,0
37.0,4.7,Buffet,motorcycle,22.99,72.0,0.0,haze,Low,4.37,20.3,BANG,2,8.74,0,haze,BANG,0
29.0,4.6,Snack,scooter,23.79,29.0,0.0,clear sky,Very High,30.73,71.15,JAP,5,153.65,0,clear sky,JAP,1
35.0,5.0,Meal,scooter,26.1,73.0,0.0,haze,High,18.06,35.65,COIMB,4,72.24,0,haze,COIMB,0
28.0,4.4,Drinks,motorcycle,20.2,83.0,0.0,mist,Low,8.61,28.5,RANCHI,2,17.22,0,mist,RANCHI,0
21.0,4.9,Snack,scooter,24.94,73.0,0.0,mist,Moderate,13.31,36.78333333,SUR,3,39.93,0,mist,SUR,0
21.0,4.7,Buffet,scooter,24.87,42.0,0.0,clear sky,High,22.99,47.58333333,SUR,4,91.96,0,clear sky,SUR,1
23.0,4.6,Meal,electric scooter,22.18,60.0,0.0,haze,High,17.09,41.5,INDO,4,68.36,0,haze,INDO,0
21.0,4.8,Snack,motorcycle,23.67,46.0,0.0,haze,Moderate,8.53,33.43333333,JAP,3,25.589999999999996,0,haze,JAP,0
39.0,4.8,Buffet,motorcycle,25.74,37.0,0.0,clear sky,High,20.76,34.25,AGR,4,83.04,0,clear sky,Other,0
28.0,4.6,Snack,scooter,22.4,73.0,0.0,haze,Very High,29.57,83.6,BANG,5,147.85,0,haze,BANG,1
29.0,5.0,Drinks,motorcycle,19.91,68.0,0.0,clear sky,Very High,25.66,66.33333333,MYS,5,128.3,0,clear sky,MYS,1
32.0,4.9,Snack,motorcycle,25.93,73.0,0.0,haze,Low,3.04,16.03333333,COIMB,2,6.08,0,haze,COIMB,0
37.0,5.0,Snack,electric scooter,23.37,47.0,0.0,clear sky,Very High,18.49,51.16666667,PUNE,5,92.44999999999999,0,clear sky,PUNE,1
30.0,4.6,Meal,scooter,26.02,73.0,0.0,haze,Very High,23.03,50.85,COIMB,5,115.15,0,haze,COIMB,1
26.0,5.0,Meal,electric scooter,23.6,46.0,0.0,haze,Low,7.34,21.3,JAP,2,14.68,0,haze,JAP,0
24.0,3.2,Drinks,scooter,26.12,73.0,0.0,haze,Very High,20.63,56.8,COIMB,5,103.14999999999999,0,haze,COIMB,1
33.0,4.9,Drinks,motorcycle,22.97,48.0,0.0,clear sky,High,14.79,42.4,PUNE,4,59.16,0,clear sky,PUNE,0
34.0,4.8,Snack,motorcycle,27.98,65.0,0.0,haze,Low,4.61,25.4,KOL,2,9.22,0,haze,Other,0
23.0,4.7,Meal,motorcycle,26.14,73.0,0.0,haze,Very High,20.5,50.16666667,COIMB,5,102.5,0,haze,COIMB,1
36.0,4.9,Meal,motorcycle,22.09,60.0,0.0,haze,Low,3.45,13.51666667,INDO,2,6.9,0,haze,INDO,0
33.0,5.0,Meal,motorcycle,23.3,71.0,0.0,haze,Low,5.39,21.9,BANG,2,10.78,0,haze,BANG,0
31.0,4.5,Drinks,motorcycle,20.22,83.0,0.0,mist,High,11.46,50.35,RANCHI,4,45.84,0,mist,RANCHI,1
25.0,4.8,Snack,motorcycle,28.33,81.0,0.0,mist,Low,4.57,22.26666667,CHEN,2,9.14,0,mist,CHEN,0
36.0,4.7,Drinks,motorcycle,27.94,55.0,0.0,clear sky,High,24.73,52.2,MUM,4,98.92,0,clear sky,MUM,1
24.0,4.9,Drinks,motorcycle,26.75,57.0,0.0,smoke,Very High,35.66,91.06666667,MUM,5,178.29999999999998,0,smoke,MUM,1
21.0,4.9,Snack,scooter,26.06,73.0,0.0,haze,Moderate,10.01,30.56666667,COIMB,3,30.03,0,haze,COIMB,0
31.0,4.6,Snack,motorcycle,28.01,57.0,0.0,smoke,High,17.63,49.1,MUM,4,70.52,0,smoke,MUM,1
38.0,4.7,Snack,motorcycle,22.91,49.0,0.0,clear sky,Moderate,9.82,34.95,PUNE,3,29.46,0,clear sky,PUNE,0
20.0,5.0,Drinks,motorcycle,28.48,81.0,0.0,mist,Low,4.97,28.88333333,CHEN,2,9.94,0,mist,CHEN,0
21.0,4.8,Meal,motorcycle,28.8,69.0,0.0,scattered clouds,Moderate,9.2,27.43333333,GOA,3,27.599999999999998,0,clouds,Other,0
31.0,4.6,Meal,scooter,20.54,68.0,0.0,clear sky,High,12.35,31.7,MYS,4,49.4,0,clear sky,MYS,0
38.0,4.9,Buffet,scooter,22.81,49.0,0.0,clear sky,Moderate,7.5,25.75,PUNE,3,22.5,0,clear sky,PUNE,0
39.0,4.9,Snack,scooter,28.37,81.0,0.0,mist,Low,5.02,22.75,CHEN,2,10.04,0,mist,CHEN,0
23.0,4.9,Meal,motorcycle,22.99,43.0,0.0,clear sky,Very High,25.56,56.5,KNP,5,127.8,0,clear sky,Other,1
34.0,4.9,Meal,motorcycle,27.99,57.0,0.0,smoke,Low,5.08,21.9,MUM,2,10.16,0,smoke,MUM,0
29.0,4.6,Meal,scooter,18.28,62.0,0.0,scattered clouds,Very High,23.28,55.4,RANCHI,5,116.4,0,clouds,RANCHI,1
36.0,4.8,Drinks,electric scooter,22.12,60.0,0.0,haze,Low,6.42,28.8,INDO,2,12.84,0,haze,INDO,0
27.0,4.9,Drinks,motorcycle,24.07,46.0,0.0,haze,Very High,38.54,56.6,JAP,5,192.7,0,haze,JAP,1
22.0,4.7,Meal,scooter,25.38,43.0,0.0,clear sky,Low,5.25,12.68333333,ALH,2,10.5,0,clear sky,Other,0
32.0,3.7,Drinks,scooter,24.93,44.0,0.0,clear sky,Moderate,12.01,39.8,SUR,3,36.03,0,clear sky,SUR,0
32.0,4.0,Drinks,motorcycle,22.8,72.0,0.0,haze,High,8.22,47.2,BANG,4,32.88,0,haze,BANG,1
25.0,4.6,Buffet,scooter,24.93,43.0,0.0,clear sky,High,21.96,45.4,SUR,4,87.84,0,clear sky,SUR,1
24.0,5.0,Buffet,scooter,22.33,73.0,0.0,haze,Very High,20.46,49.86666667,BANG,5,102.30000000000001,0,haze,BANG,1
28.0,4.7,Buffet,motorcycle,27.98,57.0,0.0,smoke,Moderate,6.5,30.0,MUM,3,19.5,0,smoke,MUM,0
32.0,4.8,Snack,motorcycle,28.51,81.0,0.0,mist,Low,4.22,21.25,CHEN,2,8.44,0,mist,CHEN,0
33.0,4.2,Drinks,motorcycle,21.93,60.0,0.0,haze,Low,4.1,27.11666667,AURG,2,8.2,0,haze,Other,0
39.0,4.8,Drinks,motorcycle,23.56,46.0,0.0,haze,Moderate,5.56,32.06666667,JAP,3,16.68,0,haze,JAP,0
26.0,4.7,Snack,motorcycle,20.22,83.0,0.0,mist,High,10.01,44.0,RANCHI,4,40.04,0,mist,RANCHI,0
36.0,4.7,Snack,motorcycle,23.49,47.0,0.0,clear sky,High,23.62,49.08333333,PUNE,4,94.48,0,clear sky,PUNE,1
34.0,3.5,Snack,scooter,20.76,68.0,0.0,clear sky,High,18.11,37.51666667,MYS,4,72.44,0,clear sky,MYS,0
37.0,4.7,Snack,motorcycle,28.37,82.0,0.0,overcast clouds,Very High,14.83,58.61666667,CHEN,5,74.15,0,clouds,CHEN,1
36.0,4.9,Drinks,scooter,23.2,72.0,0.0,haze,Low,6.53,29.08333333,BANG,2,13.06,0,haze,BANG,0
27.0,4.9,Drinks,motorcycle,20.71,68.0,0.0,clear sky,High,16.25,41.33333333,MYS,4,65.0,0,clear sky,MYS,0
21.0,4.8,Buffet,motorcycle,23.68,46.0,0.0,haze,Very Low,2.06,10.0,JAP,1,2.06,1,haze,JAP,0
34.0,4.9,Meal,scooter,27.97,65.0,0.0,haze,Low,2.49,12.83333333,KOL,2,4.98,1,haze,Other,0
34.0,4.6,Snack,scooter,20.06,83.0,0.0,mist,Low,12.24,23.06666667,RANCHI,2,24.48,0,mist,RANCHI,0
32.0,4.9,Snack,motorcycle,20.79,68.0,0.0,clear sky,Moderate,13.03,26.68333333,MYS,3,39.089999999999996,0,clear sky,MYS,0
29.0,4.6,Snack,scooter,27.99,57.0,0.0,smoke,Low,5.08,25.9,MUM,2,10.16,0,smoke,MUM,0
22.0,4.8,Drinks,electric scooter,22.22,43.0,0.0,clear sky,Very High,26.3,60.6,INDO,5,131.5,0,clear sky,INDO,1
24.0,4.1,Drinks,motorcycle,24.0,64.0,0.0,haze,Low,7.37,25.96666667,VAD,2,14.74,0,haze,Other,0
32.0,4.8,Meal,electric scooter,23.95,29.0,0.0,clear sky,Very High,20.38,50.2,JAP,5,101.89999999999999,0,clear sky,JAP,1
30.0,4.9,Meal,motorcycle,20.54,68.0,0.0,clear sky,Moderate,20.68,27.7,MYS,3,62.04,0,clear sky,MYS,0
36.0,5.0,Buffet,motorcycle,28.0,57.0,0.0,smoke,Moderate,8.02,31.8,MUM,3,24.06,0,smoke,MUM,0
29.0,4.5,Drinks,motorcycle,28.01,57.0,0.0,smoke,High,12.0,46.11666667,MUM,4,48.0,0,smoke,MUM,1
30.0,4.6,Meal,scooter,26.06,73.0,0.0,haze,High,12.88,34.08333333,COIMB,4,51.52,0,haze,COIMB,0
31.0,4.9,Snack,motorcycle,27.21,55.0,0.0,clear sky,Very High,22.38,55.23333333,MUM,5,111.89999999999999,0,clear sky,MUM,1
35.0,4.9,Meal,scooter,28.48,81.0,0.0,mist,Low,3.19,14.56666667,CHEN,2,6.38,0,mist,CHEN,0
35.0,4.5,Snack,motorcycle,17.24,78.0,0.0,clear sky,Low,5.78,19.21666667,DEH,2,11.56,0,clear sky,Other,0
37.0,4.7,Snack,motorcycle,23.99,64.0,0.0,haze,Low,5.41,17.75,VAD,2,10.82,0,haze,Other,0
29.0,4.6,Snack,electric scooter,25.38,43.0,0.0,clear sky,Moderate,9.51,28.36666667,ALH,3,28.53,0,clear sky,Other,0
35.0,4.4,Buffet,motorcycle,22.75,60.0,0.0,haze,High,15.78,41.61666667,HYD,4,63.12,0,haze,HYD,0
30.0,4.7,Drinks,scooter,22.11,60.0,0.0,haze,Low,4.46,23.73333333,INDO,2,8.92,0,haze,INDO,0
24.0,4.9,Meal,motorcycle,25.86,73.0,0.0,haze,Low,3.77,16.3,COIMB,2,7.54,0,haze,COIMB,0
32.0,4.9,Drinks,scooter,25.92,73.0,0.0,haze,Moderate,10.36,34.4,COIMB,3,31.08,0,haze,COIMB,0
37.0,4.6,Meal,motorcycle,25.35,43.0,0.0,clear sky,Low,7.26,20.06666667,ALH,2,14.52,0,clear sky,Other,0
37.0,4.5,Snack,scooter,24.92,73.0,0.0,mist,Low,6.42,23.43333333,SUR,2,12.84,0,mist,SUR,0
29.0,4.6,Buffet,motorcycle,23.56,46.0,0.0,haze,Moderate,5.35,25.05,JAP,3,16.049999999999997,0,haze,JAP,0
21.0,4.0,Snack,motorcycle,20.46,68.0,0.0,clear sky,Low,3.15,15.33333333,MYS,2,6.3,0,clear sky,MYS,0
26.0,4.7,Meal,motorcycle,28.05,50.0,0.0,clear sky,High,20.97,44.31666667,MUM,4,83.88,0,clear sky,MUM,0
38.0,4.9,Buffet,motorcycle,28.03,65.0,0.0,haze,High,11.84,38.96666667,KOL,4,47.36,0,haze,Other,0
25.0,4.7,Meal,motorcycle,23.77,46.0,0.0,haze,Moderate,9.12,31.4,JAP,3,27.36,0,haze,JAP,0
34.0,5.0,Drinks,motorcycle,24.99,44.0,0.0,clear sky,High,20.91,54.16666667,ALH,4,83.64,0,clear sky,Other,1
35.0,4.9,Meal,scooter,28.01,57.0,0.0,smoke,Low,4.77,23.18333333,MUM,2,9.54,0,smoke,MUM,0
29.0,4.9,Drinks,scooter,25.97,73.0,0.0,haze,Moderate,12.91,39.3,COIMB,3,38.730000000000004,0,haze,COIMB,0
22.0,4.5,Buffet,motorcycle,25.23,44.0,0.0,clear sky,High,15.29,37.8,ALH,4,61.16,0,clear sky,Other,0
20.0,4.8,Snack,motorcycle,23.99,64.0,0.0,haze,Moderate,11.19,28.31666667,VAD,3,33.57,0,haze,Other,0
30.0,4.9,Buffet,motorcycle,22.57,60.0,0.0,haze,Very High,26.82,62.93333333,HYD,5,134.1,0,haze,HYD,1
25.0,4.0,Drinks,motorcycle,27.21,55.0,0.0,clear sky,Very High,22.38,60.38333333,MUM,5,111.89999999999999,0,clear sky,MUM,1
35.0,4.1,Meal,electric scooter,23.43,47.0,0.0,clear sky,High,15.3,41.7,PUNE,4,61.2,0,clear sky,PUNE,0
26.0,4.7,Snack,electric scooter,23.29,46.0,0.0,haze,High,14.58,42.7,JAP,4,58.32,0,haze,JAP,0
35.0,4.5,Buffet,motorcycle,23.77,46.0,0.0,haze,Moderate,9.22,32.81666667,JAP,3,27.660000000000004,0,haze,JAP,0
24.0,5.0,Snack,scooter,24.0,64.0,0.0,haze,Low,6.68,19.78333333,VAD,2,13.36,0,haze,Other,0
29.0,4.9,Snack,scooter,20.25,83.0,0.0,mist,Very High,22.97,57.11666667,RANCHI,5,114.85,0,mist,RANCHI,1
22.0,4.8,Meal,motorcycle,20.4,68.0,0.0,clear sky,High,25.68,45.45,MYS,4,102.72,0,clear sky,MYS,1
39.0,4.6,Drinks,motorcycle,25.75,73.0,0.0,haze,High,14.21,43.86666667,COIMB,4,56.84,0,haze,COIMB,0
37.0,4.6,Meal,motorcycle,22.22,43.0,0.0,clear sky,Very High,26.3,51.55,INDO,5,131.5,0,clear sky,INDO,1
25.0,4.5,Drinks,scooter,22.07,60.0,0.0,haze,Low,4.2,27.53333333,INDO,2,8.4,0,haze,INDO,0
30.0,4.1,Buffet,motorcycle,22.07,60.0,0.0,haze,Very Low,2.19,12.9,INDO,1,2.19,1,haze,INDO,0
21.0,4.6,Snack,motorcycle,27.14,57.0,0.0,smoke,High,13.16,46.53333333,MUM,4,52.64,0,smoke,MUM,1
31.0,4.5,Snack,motorcycle,24.94,73.0,0.0,mist,Low,5.58,22.4,SUR,2,11.16,0,mist,SUR,0
29.0,4.8,Drinks,motorcycle,22.65,48.0,0.0,clear sky,Very High,21.63,61.65,PUNE,5,108.14999999999999,0,clear sky,PUNE,1
33.0,4.6,Meal,motorcycle,23.97,64.0,0.0,haze,High,18.12,33.31666667,VAD,4,72.48,0,haze,Other,0
29.0,5.0,Buffet,motorcycle,23.22,48.0,0.0,clear sky,Very High,19.84,59.28333333,PUNE,5,99.2,0,clear sky,PUNE,1
27.0,4.6,Meal,scooter,23.99,64.0,0.0,haze,High,16.24,34.78333333,VAD,4,64.96,0,haze,Other,0
36.0,5.0,Buffet,motorcycle,23.96,28.0,0.0,clear sky,High,17.04,46.15,JAP,4,68.16,0,clear sky,JAP,1
38.0,4.3,Snack,motorcycle,21.85,60.0,0.0,haze,Moderate,9.8,31.63333333,AURG,3,29.400000000000002,0,haze,Other,0
29.0,4.6,Drinks,scooter,22.14,60.0,0.0,haze,Moderate,11.03,37.13333333,INDO,3,33.089999999999996,0,haze,INDO,0
36.0,4.7,Snack,motorcycle,23.02,71.0,0.0,haze,Low,2.68,19.78333333,BANG,2,5.36,1,haze,BANG,0
34.0,4.2,Drinks,motorcycle,19.92,63.0,0.0,scattered clouds,High,19.93,47.06666667,RANCHI,4,79.72,0,clouds,RANCHI,1
36.0,4.8,Drinks,scooter,22.86,48.0,0.0,clear sky,High,15.0,53.41666667,PUNE,4,60.0,0,clear sky,PUNE,1
21.0,5.0,Snack,motorcycle,23.97,46.0,0.0,haze,High,17.01,49.28333333,JAP,4,68.04,0,haze,JAP,1
32.0,4.6,Snack,motorcycle,23.02,72.0,0.0,haze,Very High,14.4,52.15,BANG,5,72.0,0,haze,BANG,1
26.0,4.8,Buffet,motorcycle,23.67,46.0,0.0,haze,Moderate,8.28,31.15,JAP,3,24.839999999999996,0,haze,JAP,0
29.0,4.4,Meal,motorcycle,23.17,72.0,0.0,haze,Very High,15.96,47.71666667,BANG,5,79.80000000000001,0,haze,BANG,1
35.0,4.6,Drinks,scooter,22.92,60.0,0.0,haze,High,12.87,41.6,HYD,4,51.48,0,haze,HYD,0
39.0,4.7,Meal,motorcycle,25.69,37.0,0.0,clear sky,High,24.63,36.51666667,AGR,4,98.52,0,clear sky,Other,0
35.0,4.8,Buffet,motorcycle,21.91,43.0,0.0,clear sky,Very High,21.2,56.61666667,BHP,5,106.0,0,clear sky,Other,1
37.0,4.8,Buffet,motorcycle,27.95,57.0,0.0,smoke,High,11.96,43.63333333,MUM,4,47.84,0,smoke,MUM,0
29.0,4.9,Drinks,motorcycle,28.29,82.0,0.0,mist,Moderate,8.11,33.83333333,CHEN,3,24.33,0,mist,CHEN,0
35.0,4.9,Drinks,motorcycle,24.93,44.0,0.0,clear sky,Moderate,11.52,39.23333333,SUR,3,34.56,0,clear sky,SUR,0
21.0,4.8,Snack,scooter,24.91,43.0,0.0,clear sky,High,17.47,40.66666667,SUR,4,69.88,0,clear sky,SUR,0
26.0,4.6,Meal,motorcycle,20.51,68.0,0.0,clear sky,High,14.64,38.83333333,MYS,4,58.56,0,clear sky,MYS,0
25.0,4.5,Meal,motorcycle,20.54,68.0,0.0,clear sky,Moderate,20.5,27.88333333,MYS,3,61.5,0,clear sky,MYS,0
21.0,4.5,Meal,scooter,23.98,46.0,0.0,haze,High,17.93,41.61666667,JAP,4,71.72,0,haze,JAP,0
36.0,4.8,Meal,scooter,23.07,65.0,0.0,overcast clouds,Very High,29.02,56.55,HYD,5,145.1,0,clouds,HYD,1
22.0,4.9,Snack,motorcycle,22.32,42.0,0.0,clear sky,High,14.64,36.0,BHP,4,58.56,0,clear sky,Other,0
29.0,4.0,Meal,motorcycle,20.42,68.0,0.0,clear sky,High,16.95,43.0,MYS,4,67.8,0,clear sky,MYS,0
26.0,4.8,Buffet,scooter,26.06,73.0,0.0,haze,High,14.32,37.9,COIMB,4,57.28,0,haze,COIMB,0
20.0,4.8,Meal,electric scooter,24.9,43.0,0.0,clear sky,Very High,34.64,54.4,SUR,5,173.2,0,clear sky,SUR,1
38.0,4.2,Meal,electric scooter,25.02,73.0,0.0,mist,Low,4.37,18.21666667,SUR,2,8.74,0,mist,SUR,0
37.0,4.7,Meal,motorcycle,28.01,57.0,0.0,smoke,High,10.43,38.36666667,MUM,4,41.72,0,smoke,MUM,0
21.0,4.5,Buffet,motorcycle,22.14,60.0,0.0,haze,Moderate,11.1,29.45,INDO,3,33.3,0,haze,INDO,0
23.0,5.0,Snack,scooter,28.46,81.0,0.0,mist,Moderate,9.26,36.28333333,CHEN,3,27.78,0,mist,CHEN,0
25.0,4.9,Meal,motorcycle,20.71,68.0,0.0,clear sky,High,16.46,33.28333333,MYS,4,65.84,0,clear sky,MYS,0
39.0,4.7,Meal,motorcycle,28.3,81.0,0.0,mist,Very Low,2.83,13.55,CHEN,1,2.83,1,mist,CHEN,0
34.0,5.0,Drinks,motorcycle,20.72,68.0,0.0,clear sky,Moderate,8.46,32.65,MYS,3,25.380000000000003,0,clear sky,MYS,0
31.0,3.8,Drinks,scooter,22.59,73.0,0.0,haze,High,12.5,46.61666667,BANG,4,50.0,0,haze,BANG,1
29.0,4.5,Meal,motorcycle,22.75,60.0,0.0,haze,High,12.32,39.26666667,HYD,4,49.28,0,haze,HYD,0
30.0,5.0,Drinks,motorcycle,22.98,48.0,0.0,clear sky,Low,4.73,24.9,PUNE,2,9.46,0,clear sky,PUNE,0
34.0,4.7,Snack,motorcycle,20.11,64.0,0.0,scattered clouds,High,15.31,37.86666667,RANCHI,4,61.24,0,clouds,RANCHI,0
20.0,4.8,Meal,motorcycle,23.97,64.0,0.0,haze,High,18.17,33.5,VAD,4,72.68,0,haze,Other,0
36.0,4.9,Meal,motorcycle,22.9,60.0,0.0,haze,Moderate,10.64,29.21666667,HYD,3,31.92,0,haze,HYD,0
31.0,4.6,Snack,scooter,22.57,60.0,0.0,haze,Very High,25.32,60.01666667,HYD,5,126.6,0,haze,HYD,1
24.0,4.8,Snack,motorcycle,26.62,57.0,0.0,smoke,Very High,22.94,71.43333333,MUM,5,114.7,0,smoke,MUM,1
30.0,4.8,Drinks,motorcycle,22.13,60.0,0.0,haze,Moderate,12.03,39.4,INDO,3,36.089999999999996,0,haze,INDO,0
36.0,4.8,Meal,motorcycle,23.36,47.0,0.0,clear sky,Very High,23.24,52.43333333,PUNE,5,116.19999999999999,0,clear sky,PUNE,1
30.0,4.8,Drinks,scooter,28.24,82.0,0.0,mist,Moderate,6.67,40.21666667,CHEN,3,20.009999999999998,0,mist,CHEN,0
39.0,4.5,Snack,motorcycle,24.14,46.0,0.0,haze,Moderate,10.76,27.15,JAP,3,32.28,0,haze,JAP,0
29.0,4.6,Meal,scooter,23.72,28.0,0.0,clear sky,High,15.56,37.75,JAP,4,62.24,0,clear sky,JAP,0
20.0,4.1,Drinks,motorcycle,25.95,73.0,0.0,haze,High,14.52,44.98333333,COIMB,4,58.08,0,haze,COIMB,0
27.0,4.8,Drinks,motorcycle,24.95,73.0,0.0,mist,High,13.57,44.78333333,SUR,4,54.28,0,mist,SUR,0
29.0,4.6,Meal,motorcycle,26.96,57.0,0.0,smoke,Very High,24.34,75.76666667,MUM,5,121.7,0,smoke,MUM,1
23.0,4.7,Drinks,motorcycle,20.56,68.0,0.0,clear sky,Low,4.86,23.05,MYS,2,9.72,0,clear sky,MYS,0
35.0,4.6,Buffet,motorcycle,17.1,78.0,0.0,clear sky,Low,5.0,14.9,DEH,2,10.0,0,clear sky,Other,0
32.0,4.5,Meal,motorcycle,22.08,60.0,0.0,haze,Very Low,2.21,10.76666667,INDO,1,2.21,1,haze,INDO,0
25.0,4.2,Drinks,motorcycle,22.88,48.0,0.0,clear sky,High,12.02,44.96666667,PUNE,4,48.08,0,clear sky,PUNE,0
35.0,4.8,Buffet,scooter,21.73,44.0,0.0,clear sky,High,19.77,46.41666667,BHP,4,79.08,0,clear sky,Other,1
28.0,4.8,Drinks,scooter,22.07,60.0,0.0,haze,Very Low,2.31,18.56666667,INDO,1,2.31,1,haze,INDO,0
32.0,4.7,Snack,motorcycle,20.07,68.0,0.0,clear sky,High,25.55,46.66666667,MYS,4,102.2,0,clear sky,MYS,1
37.0,4.9,Meal,scooter,28.28,81.0,0.0,mist,Low,4.99,19.41666667,CHEN,2,9.98,0,mist,CHEN,0
23.0,4.9,Snack,motorcycle,22.77,72.0,0.0,haze,Moderate,7.0,34.98333333,BANG,3,21.0,0,haze,BANG,0
20.0,4.7,Meal,motorcycle,25.41,43.0,0.0,clear sky,Very Low,1.9,7.516666667,ALH,1,1.9,1,clear sky,Other,0
23.0,4.9,Buffet,motorcycle,22.94,60.0,0.0,haze,High,15.02,40.0,HYD,4,60.08,0,haze,HYD,0
30.0,4.9,Snack,scooter,22.18,60.0,0.0,haze,Low,3.93,18.86666667,INDO,2,7.86,0,haze,INDO,0
23.0,4.8,Snack,motorcycle,22.14,60.0,0.0,haze,Moderate,11.78,33.45,INDO,3,35.339999999999996,0,haze,INDO,0
35.0,3.7,Drinks,scooter,20.15,83.0,0.0,mist,High,15.26,46.83333333,RANCHI,4,61.04,0,mist,RANCHI,1
31.0,4.1,Meal,motorcycle,27.95,57.0,0.0,smoke,Low,4.44,25.75,MUM,2,8.88,0,smoke,MUM,0
32.0,4.2,Snack,motorcycle,23.61,47.0,0.0,clear sky,Very High,27.63,62.15,PUNE,5,138.15,0,clear sky,PUNE,1
24.0,4.8,Snack,electric scooter,22.81,60.0,0.0,haze,Very Low,3.86,15.23333333,HYD,1,3.86,0,haze,HYD,0
23.0,4.6,Snack,motorcycle,22.81,49.0,0.0,clear sky,Very Low,2.71,14.78333333,PUNE,1,2.71,1,clear sky,PUNE,0
30.0,4.7,Snack,motorcycle,22.3,43.0,0.0,clear sky,Very High,26.88,54.9,INDO,5,134.4,0,clear sky,INDO,1
32.0,4.1,Drinks,motorcycle,20.51,68.0,0.0,clear sky,High,14.64,47.75,MYS,4,58.56,0,clear sky,MYS,1
37.0,4.9,Snack,scooter,23.18,72.0,0.0,haze,High,9.53,36.8,BANG,4,38.12,0,haze,BANG,0
22.0,4.7,Snack,motorcycle,28.51,81.0,0.0,mist,Very High,17.33,53.5,CHEN,5,86.64999999999999,0,mist,CHEN,1
30.0,4.6,Drinks,motorcycle,23.91,64.0,0.0,haze,High,24.3,50.25,VAD,4,97.2,0,haze,Other,1
20.0,4.8,Snack,scooter,23.76,39.0,0.0,clear sky,Moderate,11.59,33.98333333,LUDH,3,34.769999999999996,0,clear sky,Other,0
27.0,4.6,Meal,scooter,22.92,60.0,0.0,haze,Moderate,7.63,24.3,HYD,3,22.89,0,haze,HYD,0
28.0,4.5,Buffet,motorcycle,28.0,65.0,0.0,haze,Moderate,7.29,24.63333333,KOL,3,21.87,0,haze,Other,0
39.0,4.6,Buffet,motorcycle,28.32,82.0,0.0,overcast clouds,High,10.91,38.98333333,CHEN,4,43.64,0,clouds,CHEN,0
35.0,4.4,Drinks,scooter,20.17,83.0,0.0,mist,High,15.49,48.71666667,RANCHI,4,61.96,0,mist,RANCHI,1
35.0,4.2,Buffet,motorcycle,22.93,49.0,0.0,clear sky,Low,4.29,18.85,PUNE,2,8.58,0,clear sky,PUNE,0
28.0,5.0,Snack,scooter,22.99,43.0,0.0,clear sky,Very High,25.63,59.6,KNP,5,128.15,0,clear sky,Other,1
34.0,4.8,Snack,motorcycle,22.81,60.0,0.0,haze,Very High,21.38,56.25,HYD,5,106.89999999999999,0,haze,HYD,1
29.0,4.6,Drinks,motorcycle,22.93,73.0,0.0,haze,High,16.25,51.91666667,BANG,4,65.0,0,haze,BANG,1
39.0,4.3,Meal,motorcycle,28.29,82.0,0.0,mist,Moderate,9.12,25.23333333,CHEN,3,27.36,0,mist,CHEN,0
25.0,4.9,Snack,scooter,25.94,73.0,0.0,haze,High,17.81,46.25,COIMB,4,71.24,0,haze,COIMB,1
24.0,2.9,Meal,scooter,24.95,73.0,0.0,mist,High,14.57,41.05,SUR,4,58.28,0,mist,SUR,0
20.0,4.7,Snack,motorcycle,20.02,68.0,0.0,clear sky,High,26.02,49.71666667,MYS,4,104.08,0,clear sky,MYS,1
21.0,4.5,Buffet,motorcycle,24.9,42.0,0.0,clear sky,Very High,28.79,65.05,SUR,5,143.95,0,clear sky,SUR,1
27.0,4.3,Drinks,scooter,20.7,68.0,0.0,clear sky,High,18.77,43.8,MYS,4,75.08,0,clear sky,MYS,0
20.0,4.1,Drinks,electric scooter,28.05,57.0,0.0,smoke,Very High,33.59,82.1,MUM,5,167.95000000000002,0,smoke,MUM,1
22.0,5.0,Buffet,scooter,20.08,83.0,0.0,mist,Moderate,3.87,26.01666667,RANCHI,3,11.61,0,mist,RANCHI,0
35.0,4.9,Drinks,motorcycle,22.77,49.0,0.0,clear sky,Very Low,2.9,19.26666667,PUNE,1,2.9,1,clear sky,PUNE,0
34.0,4.4,Meal,motorcycle,24.94,44.0,0.0,clear sky,High,14.52,35.3,SUR,4,58.08,0,clear sky,SUR,0
30.0,4.6,Buffet,motorcycle,24.0,64.0,0.0,haze,Low,8.42,21.23333333,VAD,2,16.84,0,haze,Other,0
22.0,4.6,Snack,scooter,28.01,56.0,0.0,clear sky,Moderate,7.71,34.38333333,MUM,3,23.13,0,clear sky,MUM,0
31.0,3.4,Snack,motorcycle,22.95,48.0,0.0,clear sky,High,18.69,48.05,PUNE,4,74.76,0,clear sky,PUNE,1
35.0,4.2,Meal,motorcycle,22.81,60.0,0.0,haze,Very High,21.21,54.4,HYD,5,106.05000000000001,0,haze,HYD,1
39.0,4.9,Drinks,motorcycle,28.35,82.0,0.0,overcast clouds,Very High,20.23,73.65,CHEN,5,101.15,0,clouds,CHEN,1
30.0,4.2,Meal,motorcycle,25.77,73.0,0.0,haze,Very Low,2.31,10.4,COIMB,1,2.31,1,haze,COIMB,0
29.0,4.3,Buffet,motorcycle,28.32,81.0,0.0,mist,Low,4.23,16.18333333,CHEN,2,8.46,0,mist,CHEN,0
25.0,4.9,Meal,motorcycle,21.92,60.0,0.0,haze,Low,9.79,17.26666667,INDO,2,19.58,0,haze,INDO,0
29.0,5.0,Snack,motorcycle,24.01,64.0,0.0,haze,Moderate,13.47,35.15,VAD,3,40.410000000000004,0,haze,Other,0
23.0,4.6,Buffet,electric scooter,23.83,39.0,0.0,clear sky,Low,4.03,13.65,LUDH,2,8.06,0,clear sky,Other,0
31.0,4.3,Drinks,motorcycle,22.66,60.0,0.0,haze,Low,4.35,21.55,HYD,2,8.7,0,haze,HYD,0
29.0,4.5,Meal,electric scooter,23.67,46.0,0.0,haze,Moderate,9.52,30.33333333,JAP,3,28.56,0,haze,JAP,0
27.0,4.9,Snack,motorcycle,24.99,73.0,0.0,mist,Moderate,8.82,30.38333333,SUR,3,26.46,0,mist,SUR,0
21.0,4.7,Meal,electric scooter,22.73,60.0,0.0,haze,High,17.95,46.0,HYD,4,71.8,0,haze,HYD,1
22.0,4.8,Snack,scooter,22.77,60.0,0.0,haze,Moderate,16.2,31.7,HYD,3,48.599999999999994,0,haze,HYD,0
26.0,4.8,Buffet,scooter,23.79,29.0,0.0,clear sky,Very High,31.02,68.33333333,JAP,5,155.1,0,clear sky,JAP,1
32.0,4.3,Buffet,motorcycle,22.23,44.0,0.0,clear sky,High,19.08,38.51666667,INDO,4,76.32,0,clear sky,INDO,0
37.0,4.7,Meal,scooter,26.1,73.0,0.0,haze,High,18.18,42.26666667,COIMB,4,72.72,0,haze,COIMB,0
35.0,4.9,Meal,electric scooter,24.92,73.0,0.0,mist,High,14.03,35.06666667,SUR,4,56.12,0,mist,SUR,0
20.0,4.7,Drinks,scooter,25.95,73.0,0.0,haze,Low,3.9,21.85,COIMB,2,7.8,0,haze,COIMB,0
21.0,4.1,Snack,motorcycle,23.65,46.0,0.0,haze,High,9.11,37.6,JAP,4,36.44,0,haze,JAP,0
36.0,4.2,Buffet,scooter,20.51,68.0,0.0,clear sky,High,13.86,41.6,MYS,4,55.44,0,clear sky,MYS,0
30.0,5.0,Snack,motorcycle,22.23,44.0,0.0,clear sky,High,17.48,35.78333333,INDO,4,69.92,0,clear sky,INDO,0
24.0,4.8,Drinks,scooter,28.49,81.0,0.0,mist,Moderate,11.13,38.35,CHEN,3,33.39,0,mist,CHEN,0
22.0,5.0,Buffet,scooter,28.35,81.0,0.0,mist,Low,5.09,22.51666667,CHEN,2,10.18,0,mist,CHEN,0
37.0,4.9,Buffet,scooter,27.99,57.0,0.0,smoke,Moderate,11.65,33.03333333,MUM,3,34.95,0,smoke,MUM,0
28.0,4.6,Buffet,motorcycle,20.72,68.0,0.0,clear sky,Moderate,10.51,29.93333333,MYS,3,31.53,0,clear sky,MYS,0
34.0,4.4,Snack,scooter,25.88,73.0,0.0,haze,Low,7.57,25.41666667,COIMB,2,15.14,0,haze,COIMB,0
29.0,4.6,Buffet,scooter,20.25,63.0,0.0,scattered clouds,High,19.03,44.51666667,RANCHI,4,76.12,0,clouds,RANCHI,0
35.0,5.0,Meal,motorcycle,20.34,68.0,0.0,clear sky,Moderate,8.92,26.03333333,MYS,3,26.759999999999998,0,clear sky,MYS,0
37.0,4.5,Meal,scooter,21.16,60.0,0.0,haze,High,15.23,37.08333333,AURG,4,60.92,0,haze,Other,0
36.0,4.9,Meal,scooter,22.83,60.0,0.0,haze,High,14.33,41.06666667,HYD,4,57.32,0,haze,HYD,0
27.0,4.6,Buffet,motorcycle,25.86,73.0,0.0,haze,Moderate,9.23,27.8,COIMB,3,27.69,0,haze,COIMB,0
24.0,4.9,Snack,scooter,22.98,72.0,0.0,haze,Low,2.42,18.66666667,BANG,2,4.84,1,haze,BANG,0
38.0,4.8,Buffet,motorcycle,23.58,47.0,0.0,clear sky,Very High,25.07,56.61666667,PUNE,5,125.35,0,clear sky,PUNE,1
20.0,4.8,Snack,scooter,23.84,29.0,0.0,clear sky,Very High,22.34,53.95,JAP,5,111.7,0,clear sky,JAP,1
31.0,4.8,Meal,motorcycle,28.89,68.0,0.0,broken clouds,Very High,21.18,54.43333333,GOA,5,105.9,0,clouds,Other,1
36.0,4.9,Meal,motorcycle,25.02,73.0,0.0,mist,Low,3.46,15.7,SUR,2,6.92,0,mist,SUR,0
37.0,4.6,Meal,motorcycle,28.41,82.0,0.0,mist,High,11.52,35.26666667,CHEN,4,46.08,0,mist,CHEN,0
38.0,4.3,Buffet,motorcycle,28.53,81.0,0.0,mist,Low,8.68,25.3,CHEN,2,17.36,0,mist,CHEN,0
34.0,5.0,Snack,motorcycle,22.99,72.0,0.0,haze,Low,4.37,20.41666667,BANG,2,8.74,0,haze,BANG,0
30.0,4.9,Drinks,motorcycle,23.38,46.0,0.0,haze,Low,8.44,28.46666667,JAP,2,16.88,0,haze,JAP,0
36.0,4.8,Buffet,scooter,20.4,68.0,0.0,clear sky,High,22.23,36.68333333,MYS,4,88.92,0,clear sky,MYS,0
29.0,4.6,Buffet,scooter,22.86,48.0,0.0,clear sky,Very High,15.09,49.86666667,PUNE,5,75.45,0,clear sky,PUNE,1
29.0,4.5,Snack,motorcycle,23.89,46.0,0.0,haze,High,11.34,38.7,JAP,4,45.36,0,haze,JAP,0
27.0,4.5,Snack,electric scooter,22.75,60.0,0.0,haze,High,17.06,50.36666667,HYD,4,68.24,0,haze,HYD,1
21.0,4.7,Drinks,motorcycle,25.35,38.0,0.0,clear sky,High,30.14,53.13333333,AGR,4,120.56,0,clear sky,Other,1
37.0,4.8,Meal,motorcycle,24.94,73.0,0.0,mist,Low,7.0,22.16666667,SUR,2,14.0,0,mist,SUR,0
29.0,4.6,Snack,electric scooter,23.93,29.0,0.0,clear sky,High,16.25,46.71666667,JAP,4,65.0,0,clear sky,JAP,1
20.0,4.6,Snack,motorcycle,27.02,57.0,0.0,smoke,High,13.83,53.11666667,MUM,4,55.32,0,smoke,MUM,1
32.0,5.0,Drinks,motorcycle,22.87,48.0,0.0,clear sky,Very High,17.82,58.11666667,PUNE,5,89.1,0,clear sky,PUNE,1
24.0,5.0,Meal,motorcycle,22.6,60.0,0.0,haze,Very High,22.59,57.68333333,HYD,5,112.95,0,haze,HYD,1
27.0,4.6,Drinks,scooter,23.24,48.0,0.0,clear sky,Very High,25.68,76.68333333,PUNE,5,128.4,0,clear sky,PUNE,1
34.0,4.2,Snack,motorcycle,20.25,83.0,0.0,mist,High,16.14,44.3,RANCHI,4,64.56,0,mist,RANCHI,0
21.0,4.6,Meal,scooter,25.78,73.0,0.0,haze,Low,4.6,16.26666667,COIMB,2,9.2,0,haze,COIMB,0
38.0,4.0,Meal,scooter,20.22,62.0,0.0,scattered clouds,Very High,25.76,56.26666667,RANCHI,5,128.8,0,clouds,RANCHI,1
26.0,4.6,Drinks,scooter,22.58,73.0,0.0,haze,Very High,11.84,56.45,BANG,5,59.2,0,haze,BANG,1
31.0,4.8,Buffet,motorcycle,23.49,46.0,0.0,haze,Very Low,2.44,11.41666667,JAP,1,2.44,1,haze,JAP,0
27.0,4.7,Snack,motorcycle,23.53,73.0,0.0,haze,High,11.22,47.08333333,BANG,4,44.88,0,haze,BANG,1
38.0,4.9,Buffet,motorcycle,25.88,65.0,0.0,haze,Very Low,2.29,12.03333333,COIMB,1,2.29,1,haze,COIMB,0
35.0,4.8,Meal,scooter,23.38,46.0,0.0,haze,Low,7.51,19.5,JAP,2,15.02,0,haze,JAP,0
22.0,4.8,Meal,motorcycle,22.14,60.0,0.0,haze,Low,7.39,20.7,INDO,2,14.78,0,haze,INDO,0
20.0,4.7,Meal,scooter,27.97,57.0,0.0,smoke,Moderate,5.54,30.1,MUM,3,16.62,0,smoke,MUM,0
35.0,4.5,Snack,motorcycle,25.45,43.0,0.0,clear sky,Low,7.03,24.91666667,ALH,2,14.06,0,clear sky,Other,0
35.0,4.8,Snack,motorcycle,28.01,57.0,0.0,smoke,Moderate,14.07,39.43333333,MUM,3,42.21,0,smoke,MUM,0
37.0,3.6,Snack,motorcycle,24.95,73.0,0.0,mist,High,13.5,40.03333333,SUR,4,54.0,0,mist,SUR,0
38.0,4.7,Drinks,scooter,25.41,43.0,0.0,clear sky,Very Low,1.91,15.98333333,ALH,1,1.91,1,clear sky,Other,0
21.0,4.6,Buffet,scooter,22.64,60.0,0.0,haze,Very High,25.29,57.35,HYD,5,126.44999999999999,0,haze,HYD,1
33.0,4.9,Meal,electric scooter,20.76,68.0,0.0,clear sky,High,17.61,33.86666667,MYS,4,70.44,0,clear sky,MYS,0
20.0,4.9,Drinks,electric scooter,14.34,81.0,0.0,clear sky,High,15.13,54.63333333,DEH,4,60.52,0,clear sky,Other,1
30.0,4.8,Meal,scooter,27.88,57.0,0.0,smoke,High,9.63,39.63333333,MUM,4,38.52,0,smoke,MUM,0
37.0,4.6,Drinks,scooter,23.25,73.0,0.0,haze,Very High,16.17,63.31666667,BANG,5,80.85000000000001,0,haze,BANG,1
25.0,4.8,Buffet,electric scooter,22.69,60.0,0.0,haze,High,13.79,40.8,HYD,4,55.16,0,haze,HYD,0
29.0,4.6,Snack,electric scooter,27.99,65.0,0.0,haze,Low,3.03,19.01666667,KOL,2,6.06,0,haze,Other,0
29.0,4.6,Drinks,scooter,21.83,73.0,0.0,haze,Very High,21.89,57.55,BANG,5,109.45,0,haze,BANG,1
20.0,4.5,Meal,motorcycle,22.25,44.0,0.0,clear sky,Moderate,16.63,30.73333333,INDO,3,49.89,0,clear sky,INDO,0
20.0,4.8,Snack,motorcycle,22.65,73.0,0.0,haze,Moderate,8.24,32.28333333,BANG,3,24.72,0,haze,BANG,0
36.0,4.3,Snack,motorcycle,22.25,44.0,0.0,clear sky,High,22.02,48.31666667,INDO,4,88.08,0,clear sky,INDO,1
20.0,4.8,Meal,motorcycle,21.93,43.0,0.0,clear sky,High,14.06,36.53333333,BHP,4,56.24,0,clear sky,Other,0
29.0,4.7,Drinks,motorcycle,23.03,48.0,0.0,clear sky,High,17.55,50.68333333,PUNE,4,70.2,0,clear sky,PUNE,1
26.0,4.6,Buffet,motorcycle,24.93,43.0,0.0,clear sky,High,16.9,38.08333333,SUR,4,67.6,0,clear sky,SUR,0
36.0,4.1,Drinks,electric scooter,22.95,49.0,0.0,clear sky,Moderate,10.74,39.3,PUNE,3,32.22,0,clear sky,PUNE,0
30.0,4.6,Snack,motorcycle,22.25,44.0,0.0,clear sky,Moderate,16.63,34.56666667,INDO,3,49.89,0,clear sky,INDO,0
29.0,4.9,Buffet,scooter,22.14,73.0,0.0,haze,Very High,22.12,49.55,BANG,5,110.60000000000001,0,haze,BANG,1
37.0,4.8,Meal,motorcycle,28.01,57.0,0.0,smoke,Low,3.46,20.7,MUM,2,6.92,0,smoke,MUM,0
30.0,4.7,Drinks,motorcycle,23.03,48.0,0.0,clear sky,High,13.34,49.66666667,PUNE,4,53.36,0,clear sky,PUNE,1
22.0,4.9,Meal,scooter,22.27,44.0,0.0,clear sky,High,21.74,39.93333333,INDO,4,86.96,0,clear sky,INDO,0
24.0,4.1,Meal,motorcycle,27.99,57.0,0.0,smoke,Low,5.04,21.45,MUM,2,10.08,0,smoke,MUM,0
35.0,4.5,Buffet,scooter,22.27,42.0,0.0,clear sky,Low,6.41,19.65,BHP,2,12.82,0,clear sky,Other,0
28.0,4.8,Drinks,motorcycle,20.53,68.0,0.0,clear sky,High,15.76,50.21666667,MYS,4,63.04,0,clear sky,MYS,1
21.0,4.6,Drinks,electric scooter,26.06,73.0,0.0,haze,Very High,22.86,57.61666667,COIMB,5,114.3,0,haze,COIMB,1
38.0,5.0,Buffet,scooter,22.7,60.0,0.0,haze,Very High,22.05,56.38333333,HYD,5,110.25,0,haze,HYD,1
35.0,4.8,Drinks,motorcycle,20.45,68.0,0.0,clear sky,High,26.02,52.41666667,MYS,4,104.08,0,clear sky,MYS,1
24.0,4.6,Buffet,motorcycle,23.83,46.0,0.0,haze,High,14.49,39.11666667,JAP,4,57.96,0,haze,JAP,0
33.0,4.6,Meal,motorcycle,25.89,73.0,0.0,haze,Moderate,8.14,27.55,COIMB,3,24.42,0,haze,COIMB,0
24.0,4.6,Snack,scooter,22.94,60.0,0.0,haze,Moderate,8.03,30.13333333,HYD,3,24.089999999999996,0,haze,HYD,0
21.0,4.9,Drinks,scooter,20.14,83.0,0.0,mist,Low,5.55,31.95,RANCHI,2,11.1,0,mist,RANCHI,0
35.0,4.7,Snack,motorcycle,19.99,83.0,0.0,mist,Very Low,1.91,16.81666667,RANCHI,1,1.91,1,mist,RANCHI,0
21.0,4.7,Drinks,motorcycle,24.95,73.0,0.0,mist,Moderate,10.37,38.73333333,SUR,3,31.11,0,mist,SUR,0
35.0,4.7,Meal,scooter,21.95,44.0,0.0,clear sky,High,15.54,38.3,BHP,4,62.16,0,clear sky,Other,0
27.0,4.8,Drinks,motorcycle,23.72,29.0,0.0,clear sky,Very High,27.46,66.26666667,JAP,5,137.3,0,clear sky,JAP,1
32.0,4.9,Meal,motorcycle,24.87,42.0,0.0,clear sky,High,22.73,44.48333333,SUR,4,90.92,0,clear sky,SUR,0
22.0,5.0,Buffet,scooter,22.98,72.0,0.0,haze,Very Low,1.79,11.9,BANG,1,1.79,1,haze,BANG,0
26.0,4.6,Buffet,scooter,28.76,74.0,0.0,mist,Low,4.57,18.46666667,GOA,2,9.14,0,mist,Other,0
34.0,4.6,Buffet,scooter,22.19,73.0,0.0,haze,High,11.71,35.16666667,BANG,4,46.84,0,haze,BANG,0
26.0,4.8,Snack,scooter,23.86,30.0,0.0,clear sky,Very High,27.74,59.16666667,JAP,5,138.7,0,clear sky,JAP,1
28.0,4.6,Buffet,electric scooter,22.23,44.0,0.0,clear sky,Moderate,15.1,26.93333333,INDO,3,45.3,0,clear sky,INDO,0
20.0,4.8,Buffet,motorcycle,24.95,73.0,0.0,mist,High,13.5,37.95,SUR,4,54.0,0,mist,SUR,0
24.0,4.9,Snack,motorcycle,24.01,64.0,0.0,haze,Moderate,13.47,35.43333333,VAD,3,40.410000000000004,0,haze,Other,0
36.0,4.7,Snack,motorcycle,22.09,60.0,0.0,haze,Low,7.68,22.56666667,INDO,2,15.36,0,haze,INDO,0
39.0,4.8,Buffet,motorcycle,23.62,46.0,0.0,haze,Low,4.05,16.23333333,JAP,2,8.1,0,haze,JAP,0
35.0,4.1,Snack,scooter,26.08,73.0,0.0,haze,High,15.52,37.15,COIMB,4,62.08,0,haze,COIMB,0
25.0,4.9,Drinks,scooter,20.21,62.0,0.0,scattered clouds,High,21.11,52.21666667,RANCHI,4,84.44,0,clouds,RANCHI,1
38.0,4.1,Buffet,motorcycle,22.21,60.0,0.0,haze,High,16.74,35.65,INDO,4,66.96,0,haze,INDO,0
33.0,4.5,Meal,motorcycle,24.0,29.0,0.0,clear sky,Very High,25.69,54.35,JAP,5,128.45000000000002,0,clear sky,JAP,1
29.0,5.0,Meal,motorcycle,20.21,68.0,0.0,clear sky,High,24.99,32.56666667,MYS,4,99.96,0,clear sky,MYS,0
35.0,4.6,Snack,scooter,23.37,71.0,0.0,haze,Moderate,6.35,26.8,BANG,3,19.049999999999997,0,haze,BANG,0
29.0,4.8,Meal,scooter,25.88,73.0,0.0,haze,Moderate,9.45,27.1,COIMB,3,28.349999999999998,0,haze,COIMB,0
26.0,4.8,Meal,scooter,23.33,72.0,0.0,haze,Moderate,7.34,28.03333333,BANG,3,22.02,0,haze,BANG,0
29.0,4.6,Drinks,electric scooter,23.67,46.0,0.0,haze,Moderate,8.53,38.63333333,JAP,3,25.589999999999996,0,haze,JAP,0
39.0,4.1,Drinks,motorcycle,27.77,57.0,0.0,smoke,Low,2.58,25.03333333,MUM,2,5.16,1,smoke,MUM,0
32.0,4.9,Buffet,motorcycle,22.12,60.0,0.0,haze,Moderate,10.55,25.95,INDO,3,31.650000000000002,0,haze,INDO,0
34.0,4.7,Snack,scooter,28.26,82.0,0.0,overcast clouds,Very High,13.96,53.0,CHEN,5,69.80000000000001,0,clouds,CHEN,1
20.0,4.8,Snack,scooter,24.9,43.0,0.0,clear sky,Very High,24.01,52.36666667,SUR,5,120.05000000000001,0,clear sky,SUR,1
38.0,5.0,Meal,electric scooter,27.97,57.0,0.0,smoke,High,8.8,37.66666667,MUM,4,35.2,0,smoke,MUM,0
37.0,4.9,Buffet,scooter,24.93,43.0,0.0,clear sky,Very High,24.21,49.16666667,SUR,5,121.05000000000001,0,clear sky,SUR,1
34.0,5.0,Meal,motorcycle,23.04,48.0,0.0,clear sky,Low,2.79,14.46666667,PUNE,2,5.58,1,clear sky,PUNE,0
38.0,4.8,Meal,electric scooter,28.29,81.0,0.0,mist,Moderate,7.08,25.91666667,CHEN,3,21.240000000000002,0,mist,CHEN,0
39.0,4.7,Meal,motorcycle,23.95,29.0,0.0,clear sky,Very High,20.18,51.08333333,JAP,5,100.9,0,clear sky,JAP,1
33.0,4.8,Buffet,motorcycle,28.03,65.0,0.0,haze,Moderate,8.38,24.73333333,KOL,3,25.14,0,haze,Other,0
38.0,4.9,Meal,scooter,28.01,57.0,0.0,smoke,Low,3.46,20.7,MUM,2,6.92,0,smoke,MUM,0
30.0,4.1,Buffet,motorcycle,25.86,73.0,0.0,haze,Moderate,7.83,25.8,COIMB,3,23.490000000000002,0,haze,COIMB,0
26.0,4.8,Snack,scooter,23.62,46.0,0.0,haze,Low,3.76,17.83333333,JAP,2,7.52,0,haze,JAP,0
29.0,4.6,Meal,electric scooter,24.94,73.0,0.0,mist,Low,5.44,18.85,SUR,2,10.88,0,mist,SUR,0
22.0,4.9,Snack,motorcycle,21.89,44.0,0.0,clear sky,Very High,22.56,52.53333333,BHP,5,112.8,0,clear sky,Other,1
29.0,4.6,Snack,motorcycle,25.86,73.0,0.0,haze,Moderate,9.23,29.8,COIMB,3,27.69,0,haze,COIMB,0
35.0,4.7,Drinks,scooter,25.58,42.0,0.0,clear sky,Very Low,2.29,19.1,KNP,1,2.29,1,clear sky,Other,0
22.0,4.6,Buffet,motorcycle,28.81,69.0,0.0,scattered clouds,Low,2.76,15.16666667,GOA,2,5.52,1,clouds,Other,0
23.0,4.3,Meal,scooter,27.9,57.0,0.0,smoke,Very High,28.78,59.4,MUM,5,143.9,0,smoke,MUM,1
36.0,4.4,Buffet,scooter,28.01,56.0,0.0,clear sky,Moderate,7.71,30.35,MUM,3,23.13,0,clear sky,MUM,0
20.0,4.7,Buffet,motorcycle,23.08,60.0,0.0,haze,Moderate,9.15,28.66666667,HYD,3,27.450000000000003,0,haze,HYD,0
31.0,4.8,Buffet,motorcycle,24.0,64.0,0.0,haze,Low,5.22,16.46666667,VAD,2,10.44,0,haze,Other,0
38.0,5.0,Meal,scooter,21.86,60.0,0.0,haze,Low,6.37,18.91666667,AURG,2,12.74,0,haze,Other,0
38.0,4.5,Drinks,motorcycle,25.63,42.0,0.0,clear sky,Moderate,10.05,34.2,KNP,3,30.150000000000002,0,clear sky,Other,0
24.0,4.4,Meal,scooter,15.13,82.0,0.0,clear sky,Very High,18.62,63.26666667,DEH,5,93.10000000000001,0,clear sky,Other,1
21.0,4.8,Buffet,motorcycle,23.97,64.0,0.0,haze,High,17.99,34.83333333,VAD,4,71.96,0,haze,Other,0
30.0,4.8,Snack,motorcycle,23.18,72.0,0.0,haze,Moderate,11.02,34.23333333,BANG,3,33.06,0,haze,BANG,0
37.0,3.5,Drinks,scooter,26.44,57.0,0.0,smoke,Very High,17.22,61.46666667,MUM,5,86.1,0,smoke,MUM,1
21.0,4.9,Drinks,motorcycle,22.67,49.0,0.0,clear sky,Very Low,1.57,17.53333333,PUNE,1,1.57,1,clear sky,PUNE,0
25.0,4.3,Drinks,motorcycle,22.99,72.0,0.0,haze,Low,4.96,25.81666667,BANG,2,9.92,0,haze,BANG,0
33.0,3.6,Snack,motorcycle,20.16,83.0,0.0,mist,High,19.02,43.15,RANCHI,4,76.08,0,mist,RANCHI,0
27.0,4.6,Snack,scooter,22.21,60.0,0.0,haze,High,14.29,36.06666667,INDO,4,57.16,0,haze,INDO,0
30.0,4.8,Meal,scooter,22.74,46.0,0.0,haze,High,8.95,32.5,JAP,4,35.8,0,haze,JAP,0
25.0,4.9,Drinks,motorcycle,27.98,65.0,0.0,haze,High,15.13,46.91666667,KOL,4,60.52,0,haze,Other,1
36.0,4.6,Snack,motorcycle,20.08,83.0,0.0,mist,Very Low,1.9,15.83333333,RANCHI,1,1.9,1,mist,RANCHI,0
25.0,4.9,Buffet,motorcycle,21.88,43.0,0.0,clear sky,High,18.26,44.58333333,BHP,4,73.04,0,clear sky,Other,0
23.0,4.6,Buffet,motorcycle,22.64,60.0,0.0,haze,Very High,24.21,61.95,HYD,5,121.05000000000001,0,haze,HYD,1
24.0,4.9,Meal,scooter,23.92,30.0,0.0,clear sky,Very High,27.14,51.86666667,JAP,5,135.7,0,clear sky,JAP,1
26.0,4.8,Buffet,motorcycle,23.49,47.0,0.0,clear sky,Very High,23.62,48.58333333,PUNE,5,118.10000000000001,0,clear sky,PUNE,1
32.0,4.6,Meal,electric scooter,28.28,82.0,0.0,mist,Moderate,13.76,30.15,CHEN,3,41.28,0,mist,CHEN,0
22.0,4.5,Snack,motorcycle,24.91,43.0,0.0,clear sky,High,20.55,45.93333333,SUR,4,82.2,0,clear sky,SUR,1
38.0,4.6,Meal,motorcycle,22.52,60.0,0.0,haze,Very High,26.98,62.96666667,HYD,5,134.9,0,haze,HYD,1
23.0,4.5,Buffet,scooter,24.93,44.0,0.0,clear sky,High,15.56,36.46666667,SUR,4,62.24,0,clear sky,SUR,0
36.0,4.7,Drinks,scooter,22.93,60.0,0.0,haze,Moderate,10.79,36.55,HYD,3,32.37,0,haze,HYD,0
30.0,4.5,Snack,motorcycle,22.86,48.0,0.0,clear sky,High,15.09,49.31666667,PUNE,4,60.36,0,clear sky,PUNE,1
21.0,4.5,Meal,electric scooter,24.9,73.0,0.0,mist,Low,7.54,21.8,SUR,2,15.08,0,mist,SUR,0
20.0,4.7,Meal,scooter,21.83,73.0,0.0,haze,Very High,21.89,48.7,BANG,5,109.45,0,haze,BANG,1
34.0,4.7,Drinks,scooter,28.5,81.0,0.0,mist,Very Low,1.56,18.08333333,CHEN,1,1.56,1,mist,CHEN,0
25.0,4.9,Drinks,electric scooter,22.73,60.0,0.0,haze,Very High,17.95,56.46666667,HYD,5,89.75,0,haze,HYD,1
26.0,4.9,Meal,scooter,22.98,43.0,0.0,clear sky,Very High,22.81,46.45,KNP,5,114.05,0,clear sky,Other,1
28.0,4.8,Buffet,motorcycle,22.23,44.0,0.0,clear sky,High,19.08,38.38333333,INDO,4,76.32,0,clear sky,INDO,0
38.0,4.9,Snack,motorcycle,23.03,48.0,0.0,clear sky,Moderate,10.26,32.96666667,PUNE,3,30.78,0,clear sky,PUNE,0
21.0,4.8,Snack,scooter,22.98,48.0,0.0,clear sky,Low,4.34,18.23333333,PUNE,2,8.68,0,clear sky,PUNE,0
36.0,4.1,Snack,scooter,23.32,47.0,0.0,clear sky,Very High,24.11,66.48333333,PUNE,5,120.55,0,clear sky,PUNE,1
34.0,4.9,Drinks,scooter,24.94,73.0,0.0,mist,High,12.5,43.35,SUR,4,50.0,0,mist,SUR,0
22.0,4.3,Buffet,electric scooter,24.0,64.0,0.0,haze,Low,7.4,18.7,VAD,2,14.8,0,haze,Other,0
38.0,4.5,Snack,motorcycle,23.93,64.0,0.0,haze,High,21.29,48.58333333,VAD,4,85.16,0,haze,Other,1
25.0,4.9,Snack,electric scooter,22.81,49.0,0.0,clear sky,Very Low,2.75,14.75,PUNE,1,2.75,1,clear sky,PUNE,0
26.0,4.4,Snack,electric scooter,22.26,44.0,0.0,clear sky,High,16.74,42.03333333,INDO,4,66.96,0,clear sky,INDO,0
27.0,5.0,Drinks,motorcycle,22.79,73.0,0.0,haze,Very High,17.91,56.75,BANG,5,89.55,0,haze,BANG,1
21.0,4.3,Snack,scooter,22.77,72.0,0.0,haze,Moderate,7.0,33.96666667,BANG,3,21.0,0,haze,BANG,0
39.0,4.5,Drinks,scooter,27.82,57.0,0.0,smoke,High,12.22,50.11666667,MUM,4,48.88,0,smoke,MUM,1
24.0,4.6,Buffet,motorcycle,23.36,47.0,0.0,clear sky,Very High,23.24,55.86666667,PUNE,5,116.19999999999999,0,clear sky,PUNE,1
22.0,4.7,Buffet,motorcycle,26.11,73.0,0.0,haze,Very High,23.71,53.66666667,COIMB,5,118.55000000000001,0,haze,COIMB,1
36.0,4.9,Meal,scooter,20.2,83.0,0.0,mist,Low,8.61,19.41666667,RANCHI,2,17.22,0,mist,RANCHI,0
29.0,4.8,Buffet,motorcycle,24.94,73.0,0.0,mist,Low,7.0,23.6,SUR,2,14.0,0,mist,SUR,0
32.0,4.8,Buffet,scooter,23.92,64.0,0.0,haze,High,23.78,41.51666667,VAD,4,95.12,0,haze,Other,0
27.0,4.3,Meal,motorcycle,25.97,73.0,0.0,haze,Moderate,13.73,30.4,COIMB,3,41.19,0,haze,COIMB,0
34.0,3.6,Drinks,motorcycle,23.65,39.0,0.0,clear sky,High,22.6,50.2,LUDH,4,90.4,0,clear sky,Other,1
33.0,4.8,Buffet,motorcycle,21.85,43.0,0.0,clear sky,High,17.11,39.7,BHP,4,68.44,0,clear sky,Other,0
33.0,4.0,Snack,motorcycle,27.84,57.0,0.0,smoke,Moderate,8.18,37.26666667,MUM,3,24.54,0,smoke,MUM,0
36.0,4.2,Meal,motorcycle,22.05,43.0,0.0,clear sky,High,14.26,40.03333333,BHP,4,57.04,0,clear sky,Other,0
23.0,2.5,Buffet,scooter,22.79,73.0,0.0,haze,Very High,17.91,49.71666667,BANG,5,89.55,0,haze,BANG,1
27.0,4.6,Drinks,motorcycle,28.28,82.0,0.0,mist,Moderate,9.4,37.88333333,CHEN,3,28.200000000000003,0,mist,CHEN,0
29.0,4.6,Buffet,motorcycle,20.21,68.0,0.0,clear sky,High,24.99,34.65,MYS,4,99.96,0,clear sky,MYS,0
36.0,4.7,Snack,motorcycle,20.09,83.0,0.0,mist,High,9.71,38.9,RANCHI,4,38.84,0,mist,RANCHI,0
34.0,4.5,Meal,scooter,25.29,43.0,0.0,clear sky,High,14.85,34.98333333,ALH,4,59.4,0,clear sky,Other,0
30.0,4.7,Snack,motorcycle,20.06,83.0,0.0,mist,Low,2.58,18.83333333,RANCHI,2,5.16,1,mist,RANCHI,0
29.0,4.7,Buffet,motorcycle,24.94,73.0,0.0,mist,Low,6.42,22.75,SUR,2,12.84,0,mist,SUR,0
27.0,4.9,Snack,motorcycle,20.71,68.0,0.0,clear sky,Moderate,12.91,27.81666667,MYS,3,38.730000000000004,0,clear sky,MYS,0
29.0,4.2,Drinks,scooter,22.01,43.0,0.0,clear sky,Moderate,9.05,34.91666667,BHP,3,27.150000000000002,0,clear sky,Other,0
34.0,4.9,Snack,scooter,23.43,47.0,0.0,clear sky,High,15.3,47.6,PUNE,4,61.2,0,clear sky,PUNE,1
32.0,4.1,Meal,motorcycle,24.0,64.0,0.0,haze,Low,8.49,21.23333333,VAD,2,16.98,0,haze,Other,0
23.0,4.8,Drinks,motorcycle,23.48,47.0,0.0,clear sky,Very High,21.51,55.38333333,PUNE,5,107.55000000000001,0,clear sky,PUNE,1
34.0,4.5,Drinks,motorcycle,23.83,46.0,0.0,haze,High,15.3,48.9,JAP,4,61.2,0,haze,JAP,1
29.0,4.6,Snack,motorcycle,23.09,48.0,0.0,clear sky,Low,2.3,17.28333333,PUNE,2,4.6,1,clear sky,PUNE,0
29.0,4.6,Drinks,motorcycle,25.58,42.0,0.0,clear sky,High,13.12,42.21666667,KNP,4,52.48,0,clear sky,Other,0
25.0,4.5,Meal,electric scooter,24.9,43.0,0.0,clear sky,Very High,33.95,52.86666667,SUR,5,169.75,0,clear sky,SUR,1
39.0,4.5,Drinks,motorcycle,22.54,60.0,0.0,haze,Very High,27.2,77.01666667,HYD,5,136.0,0,haze,HYD,1
22.0,4.9,Meal,scooter,20.43,68.0,0.0,clear sky,Moderate,9.91,21.31666667,MYS,3,29.73,0,clear sky,MYS,0
35.0,5.0,Drinks,scooter,25.86,73.0,0.0,haze,Low,6.35,30.11666667,COIMB,2,12.7,0,haze,COIMB,0
24.0,4.8,Snack,scooter,22.75,60.0,0.0,haze,Very High,22.65,61.78333333,HYD,5,113.25,0,haze,HYD,1
27.0,4.6,Drinks,motorcycle,24.97,73.0,0.0,mist,Moderate,8.39,33.36666667,SUR,3,25.17,0,mist,SUR,0
34.0,4.7,Buffet,scooter,22.78,60.0,0.0,haze,Very High,19.64,51.61666667,HYD,5,98.2,0,haze,HYD,1
33.0,4.0,Snack,motorcycle,21.93,60.0,0.0,haze,Low,4.1,22.05,AURG,2,8.2,0,haze,Other,0
20.0,4.7,Meal,motorcycle,22.05,60.0,0.0,haze,Low,4.26,18.75,INDO,2,8.52,0,haze,INDO,0
30.0,4.8,Buffet,motorcycle,21.96,43.0,0.0,clear sky,Low,7.32,21.91666667,BHP,2,14.64,0,clear sky,Other,0
34.0,4.6,Buffet,motorcycle,22.6,48.0,0.0,clear sky,Very High,26.46,61.51666667,PUNE,5,132.3,0,clear sky,PUNE,1
23.0,4.5,Snack,motorcycle,23.73,46.0,0.0,haze,Moderate,12.48,35.13333333,JAP,3,37.44,0,haze,JAP,0
37.0,4.1,Buffet,scooter,22.79,60.0,0.0,haze,High,17.82,48.58333333,HYD,4,71.28,0,haze,HYD,1
38.0,4.2,Meal,motorcycle,25.9,73.0,0.0,haze,Low,2.99,12.65,COIMB,2,5.98,1,haze,COIMB,0
28.0,4.9,Drinks,scooter,23.17,47.0,0.0,clear sky,Very High,21.35,67.46666667,PUNE,5,106.75,0,clear sky,PUNE,1
38.0,4.6,Drinks,motorcycle,23.77,46.0,0.0,haze,Moderate,8.01,39.23333333,JAP,3,24.03,0,haze,JAP,0
37.0,4.9,Meal,motorcycle,20.21,62.0,0.0,scattered clouds,High,18.5,36.71666667,RANCHI,4,74.0,0,clouds,RANCHI,0
29.0,4.5,Drinks,motorcycle,24.01,64.0,0.0,haze,Moderate,10.4,31.11666667,VAD,3,31.200000000000003,0,haze,Other,0
26.0,4.7,Meal,motorcycle,23.36,47.0,0.0,clear sky,Very High,24.84,74.81666667,PUNE,5,124.2,0,clear sky,PUNE,1
36.0,4.7,Buffet,scooter,23.78,39.0,0.0,clear sky,Moderate,12.89,23.73333333,LUDH,3,38.67,0,clear sky,Other,0
21.0,4.9,Snack,scooter,23.99,64.0,0.0,haze,Moderate,13.87,33.35,VAD,3,41.61,0,haze,Other,0
34.0,4.1,Snack,motorcycle,21.82,73.0,0.0,haze,High,17.57,43.56666667,BANG,4,70.28,0,haze,BANG,0
22.0,4.8,Meal,motorcycle,22.29,43.0,0.0,clear sky,High,19.17,42.86666667,INDO,4,76.68,0,clear sky,INDO,0
25.0,4.9,Buffet,motorcycle,24.94,73.0,0.0,mist,High,14.0,41.0,SUR,4,56.0,0,mist,SUR,0
25.0,4.4,Meal,motorcycle,28.01,50.0,0.0,clear sky,Low,3.86,12.78333333,MUM,2,7.72,0,clear sky,MUM,0
22.0,4.2,Drinks,motorcycle,23.0,48.0,0.0,clear sky,Moderate,9.65,39.21666667,PUNE,3,28.950000000000003,0,clear sky,PUNE,0
34.0,4.1,Snack,motorcycle,25.97,73.0,0.0,haze,High,16.82,41.65,COIMB,4,67.28,0,haze,COIMB,0
35.0,4.7,Buffet,scooter,27.92,57.0,0.0,smoke,Low,5.42,26.25,MUM,2,10.84,0,smoke,MUM,0
27.0,4.9,Drinks,scooter,23.67,46.0,0.0,haze,Moderate,8.28,37.56666667,JAP,3,24.839999999999996,0,haze,JAP,0
36.0,4.6,Buffet,scooter,23.17,72.0,0.0,haze,High,12.65,37.71666667,BANG,4,50.6,0,haze,BANG,0
20.0,4.7,Buffet,scooter,24.91,43.0,0.0,clear sky,High,17.94,41.71666667,SUR,4,71.76,0,clear sky,SUR,0
37.0,4.1,Drinks,motorcycle,24.92,73.0,0.0,mist,Low,4.38,24.93333333,SUR,2,8.76,0,mist,SUR,0
34.0,4.1,Drinks,motorcycle,24.92,44.0,0.0,clear sky,Very High,22.71,58.41666667,SUR,5,113.55000000000001,0,clear sky,SUR,1
20.0,4.5,Meal,motorcycle,23.62,46.0,0.0,haze,Low,4.05,14.23333333,JAP,2,8.1,0,haze,JAP,0
38.0,4.6,Drinks,scooter,25.86,73.0,0.0,haze,Moderate,8.02,31.06666667,COIMB,3,24.06,0,haze,COIMB,0
23.0,4.6,Snack,motorcycle,20.14,83.0,0.0,mist,Low,4.96,22.48333333,RANCHI,2,9.92,0,mist,RANCHI,0
37.0,4.9,Snack,motorcycle,26.26,73.0,0.0,haze,High,29.81,47.9,COIMB,4,119.24,0,haze,COIMB,1
30.0,4.8,Snack,electric scooter,25.83,73.0,0.0,haze,Moderate,8.81,32.15,COIMB,3,26.43,0,haze,COIMB,0
27.0,4.2,Meal,motorcycle,28.46,81.0,0.0,mist,Low,6.98,22.46666667,CHEN,2,13.96,0,mist,CHEN,0
20.0,4.7,Drinks,motorcycle,20.25,83.0,0.0,mist,Very High,23.01,62.7,RANCHI,5,115.05000000000001,0,mist,RANCHI,1
28.0,4.9,Buffet,motorcycle,27.91,57.0,0.0,smoke,Very Low,2.43,17.95,MUM,1,2.43,1,smoke,MUM,0
27.0,4.0,Snack,motorcycle,27.92,57.0,0.0,smoke,Moderate,7.15,32.55,MUM,3,21.450000000000003,0,smoke,MUM,0
39.0,5.0,Meal,scooter,22.18,44.0,0.0,clear sky,High,18.15,39.75,INDO,4,72.6,0,clear sky,INDO,0
35.0,4.6,Drinks,motorcycle,23.86,30.0,0.0,clear sky,Very High,27.74,64.21666667,JAP,5,138.7,0,clear sky,JAP,1
37.0,4.5,Snack,scooter,28.03,65.0,0.0,haze,High,19.52,44.01666667,KOL,4,78.08,0,haze,Other,0
22.0,4.8,Buffet,motorcycle,20.78,68.0,0.0,clear sky,Moderate,16.31,28.35,MYS,3,48.92999999999999,0,clear sky,MYS,0
25.0,4.7,Drinks,scooter,22.77,60.0,0.0,haze,Very Low,2.93,20.35,HYD,1,2.93,1,haze,HYD,0
26.0,4.5,Meal,motorcycle,23.64,46.0,0.0,haze,Low,4.13,14.05,JAP,2,8.26,0,haze,JAP,0
27.0,4.9,Buffet,motorcycle,20.47,68.0,0.0,clear sky,Very Low,2.83,10.76666667,MYS,1,2.83,1,clear sky,MYS,0
30.0,4.8,Snack,motorcycle,24.92,73.0,0.0,mist,Low,7.8,25.18333333,SUR,2,15.6,0,mist,SUR,0
29.0,4.7,Drinks,motorcycle,24.95,73.0,0.0,mist,Moderate,10.37,36.05,SUR,3,31.11,0,mist,SUR,0
23.0,4.6,Buffet,motorcycle,22.07,73.0,0.0,haze,Very High,27.12,52.23333333,BANG,5,135.6,0,haze,BANG,1
21.0,4.7,Buffet,electric scooter,22.12,60.0,0.0,haze,Low,4.37,15.28333333,INDO,2,8.74,0,haze,INDO,0
33.0,4.9,Buffet,motorcycle,23.99,64.0,0.0,haze,Moderate,13.87,29.55,VAD,3,41.61,0,haze,Other,0
37.0,4.6,Buffet,electric scooter,20.08,83.0,0.0,mist,Moderate,7.34,27.68333333,RANCHI,3,22.02,0,mist,RANCHI,0
32.0,4.8,Drinks,scooter,28.03,65.0,0.0,haze,High,16.52,49.31666667,KOL,4,66.08,0,haze,Other,1
39.0,4.6,Meal,scooter,23.05,73.0,0.0,haze,Low,5.7,12.68333333,BANG,2,11.4,0,haze,BANG,0
31.0,4.4,Buffet,motorcycle,22.8,60.0,0.0,haze,Moderate,5.86,24.65,HYD,3,17.580000000000002,0,haze,HYD,0
37.0,4.4,Drinks,motorcycle,23.13,72.0,0.0,haze,Low,4.9,23.78333333,BANG,2,9.8,0,haze,BANG,0
37.0,4.6,Meal,motorcycle,23.77,46.0,0.0,haze,Moderate,7.14,23.41666667,JAP,3,21.419999999999998,0,haze,JAP,0
22.0,4.8,Meal,motorcycle,28.36,82.0,0.0,overcast clouds,Very High,14.88,57.01666667,CHEN,5,74.4,0,clouds,CHEN,1
28.0,5.0,Drinks,motorcycle,23.61,46.0,0.0,haze,Low,8.25,29.15,JAP,2,16.5,0,haze,JAP,0
31.0,4.9,Buffet,scooter,26.02,73.0,0.0,haze,Moderate,8.27,24.33333333,COIMB,3,24.81,0,haze,COIMB,0
27.0,5.0,Meal,scooter,17.44,76.0,0.0,clear sky,Very Low,2.04,9.25,DEH,1,2.04,1,clear sky,Other,0
32.0,4.9,Meal,motorcycle,22.62,73.0,0.0,haze,High,11.19,32.53333333,BANG,4,44.76,0,haze,BANG,0
37.0,4.4,Buffet,motorcycle,24.91,42.0,0.0,clear sky,High,20.55,41.4,SUR,4,82.2,0,clear sky,SUR,0
31.0,4.8,Drinks,motorcycle,23.99,64.0,0.0,haze,Moderate,13.04,34.93333333,VAD,3,39.12,0,haze,Other,0
39.0,4.4,Buffet,motorcycle,27.81,53.0,0.0,clear sky,Very High,14.75,53.98333333,MUM,5,73.75,0,clear sky,MUM,1
20.0,4.9,Snack,motorcycle,28.51,81.0,0.0,mist,Low,6.99,22.98333333,CHEN,2,13.98,0,mist,CHEN,0
24.0,4.1,Drinks,motorcycle,16.05,79.0,0.0,clear sky,Moderate,10.16,36.16666667,DEH,3,30.48,0,clear sky,Other,0
35.0,4.7,Meal,motorcycle,25.88,73.0,0.0,haze,Low,4.35,12.95,COIMB,2,8.7,0,haze,COIMB,0
21.0,4.8,Drinks,electric scooter,24.01,64.0,0.0,haze,Moderate,11.75,33.73333333,VAD,3,35.25,0,haze,Other,0
24.0,4.6,Drinks,motorcycle,22.11,60.0,0.0,haze,Very High,23.47,56.3,INDO,5,117.35,0,haze,INDO,1
23.0,4.4,Meal,motorcycle,22.16,60.0,0.0,haze,Moderate,10.17,25.85,INDO,3,30.509999999999998,0,haze,INDO,0
20.0,4.6,Meal,motorcycle,20.19,83.0,0.0,mist,High,15.67,36.5,RANCHI,4,62.68,0,mist,RANCHI,0
29.0,4.3,Drinks,motorcycle,22.76,60.0,0.0,haze,High,15.76,48.26666667,HYD,4,63.04,0,haze,HYD,1
29.0,5.0,Drinks,motorcycle,22.84,60.0,0.0,haze,High,15.81,48.23333333,HYD,4,63.24,0,haze,HYD,1
20.0,4.9,Snack,motorcycle,26.0,73.0,0.0,haze,Moderate,11.34,32.0,COIMB,3,34.019999999999996,0,haze,COIMB,0
27.0,4.8,Buffet,motorcycle,22.62,73.0,0.0,haze,Moderate,11.15,32.81666667,BANG,3,33.45,0,haze,BANG,0
37.0,4.2,Meal,motorcycle,22.86,28.0,0.0,clear sky,High,19.23,45.83333333,JAP,4,76.92,0,clear sky,JAP,1
21.0,4.8,Meal,scooter,23.18,72.0,0.0,haze,High,13.11,33.21666667,BANG,4,52.44,0,haze,BANG,0
27.0,4.7,Meal,motorcycle,20.15,83.0,0.0,mist,High,15.26,35.08333333,RANCHI,4,61.04,0,mist,RANCHI,0
31.0,4.6,Meal,motorcycle,22.32,43.0,0.0,clear sky,High,25.66,41.85,INDO,4,102.64,0,clear sky,INDO,0
38.0,4.2,Buffet,motorcycle,20.61,67.0,0.0,clear sky,Moderate,9.92,26.11666667,MYS,3,29.759999999999998,0,clear sky,MYS,0
27.0,4.5,Snack,motorcycle,21.93,43.0,0.0,clear sky,High,19.93,44.1,BHP,4,79.72,0,clear sky,Other,0
33.0,5.0,Buffet,motorcycle,22.19,60.0,0.0,haze,High,16.78,39.4,INDO,4,67.12,0,haze,INDO,0
26.0,4.8,Drinks,scooter,23.29,46.0,0.0,haze,High,13.2,43.46666667,JAP,4,52.8,0,haze,JAP,0
34.0,4.5,Meal,motorcycle,23.13,72.0,0.0,haze,High,14.87,42.73333333,BANG,4,59.48,0,haze,BANG,0
31.0,5.0,Meal,scooter,25.86,73.0,0.0,haze,Moderate,10.44,28.78333333,COIMB,3,31.32,0,haze,COIMB,0
28.0,4.6,Drinks,motorcycle,22.14,73.0,0.0,haze,High,20.92,52.03333333,BANG,4,83.68,0,haze,BANG,1
29.0,4.9,Buffet,motorcycle,22.7,71.0,0.0,haze,Low,2.7,15.11666667,BANG,2,5.4,1,haze,BANG,0
39.0,4.9,Drinks,scooter,25.9,73.0,0.0,haze,Low,6.4,26.96666667,COIMB,2,12.8,0,haze,COIMB,0
29.0,4.0,Snack,motorcycle,22.73,60.0,0.0,haze,Very Low,2.15,12.73333333,HYD,1,2.15,1,haze,HYD,0
38.0,4.7,Snack,motorcycle,28.34,82.0,0.0,overcast clouds,Very High,18.21,63.48333333,CHEN,5,91.05000000000001,0,clouds,CHEN,1
30.0,4.7,Drinks,scooter,24.94,43.0,0.0,clear sky,Moderate,15.21,39.73333333,SUR,3,45.63,0,clear sky,SUR,0
32.0,5.0,Snack,motorcycle,20.61,67.0,0.0,clear sky,Moderate,9.89,26.33333333,MYS,3,29.67,0,clear sky,MYS,0
31.0,4.7,Meal,motorcycle,20.7,68.0,0.0,clear sky,Moderate,12.35,30.16666667,MYS,3,37.05,0,clear sky,MYS,0
26.0,4.6,Buffet,motorcycle,19.98,83.0,0.0,mist,Moderate,9.57,29.41666667,RANCHI,3,28.71,0,mist,RANCHI,0
24.0,4.2,Buffet,scooter,22.13,60.0,0.0,haze,High,16.66,37.45,INDO,4,66.64,0,haze,INDO,0
28.0,4.7,Snack,motorcycle,22.08,60.0,0.0,haze,Low,1.97,16.0,INDO,2,3.94,1,haze,INDO,0
29.0,5.0,Drinks,motorcycle,20.23,67.0,0.0,clear sky,High,25.0,50.75,MYS,4,100.0,0,clear sky,MYS,1
24.0,4.8,Snack,scooter,20.61,67.0,0.0,clear sky,Moderate,7.25,29.98333333,MYS,3,21.75,0,clear sky,MYS,0
39.0,5.0,Meal,scooter,25.48,43.0,0.0,clear sky,Moderate,9.33,25.63333333,ALH,3,27.990000000000002,0,clear sky,Other,0
36.0,3.5,Buffet,motorcycle,22.71,73.0,0.0,haze,High,12.81,39.35,BANG,4,51.24,0,haze,BANG,0
34.0,4.7,Meal,scooter,23.4,46.0,0.0,haze,Low,5.11,17.81666667,JAP,2,10.22,0,haze,JAP,0
33.0,4.7,Drinks,electric scooter,24.94,43.0,0.0,clear sky,High,14.66,42.36666667,SUR,4,58.64,0,clear sky,SUR,0
25.0,4.1,Drinks,motorcycle,22.26,44.0,0.0,clear sky,High,16.74,45.23333333,INDO,4,66.96,0,clear sky,INDO,1
37.0,4.6,Drinks,scooter,28.01,57.0,0.0,smoke,High,18.09,56.58333333,MUM,4,72.36,0,smoke,MUM,1
21.0,4.9,Snack,motorcycle,20.26,83.0,0.0,mist,Very High,23.34,54.15,RANCHI,5,116.7,0,mist,RANCHI,1
29.0,5.0,Snack,scooter,23.97,64.0,0.0,haze,Moderate,18.12,35.05,VAD,3,54.36,0,haze,Other,0
36.0,4.4,Meal,motorcycle,22.08,60.0,0.0,haze,Very Low,2.2,10.73333333,INDO,1,2.2,1,haze,INDO,0
35.0,4.1,Drinks,motorcycle,23.79,29.0,0.0,clear sky,Very High,30.73,71.01666667,JAP,5,153.65,0,clear sky,JAP,1
31.0,4.5,Meal,motorcycle,22.32,43.0,0.0,clear sky,Very High,28.77,50.9,INDO,5,143.85,0,clear sky,INDO,1
32.0,3.5,Snack,scooter,24.16,46.0,0.0,haze,High,33.29,43.26666667,JAP,4,133.16,0,haze,JAP,0
37.0,4.7,Drinks,motorcycle,23.72,39.0,0.0,clear sky,High,16.63,47.75,LUDH,4,66.52,0,clear sky,Other,1
20.0,4.9,Meal,electric scooter,22.82,60.0,0.0,haze,High,14.87,36.31666667,HYD,4,59.48,0,haze,HYD,0
31.0,4.4,Buffet,motorcycle,22.05,60.0,0.0,haze,High,11.67,35.25,INDO,4,46.68,0,haze,INDO,0
35.0,4.3,Drinks,scooter,22.24,44.0,0.0,clear sky,High,18.76,44.98333333,INDO,4,75.04,0,clear sky,INDO,0
23.0,4.6,Snack,electric scooter,28.28,81.0,0.0,mist,Very Low,4.23,17.63333333,CHEN,1,4.23,0,mist,CHEN,0
30.0,5.0,Buffet,scooter,23.03,48.0,0.0,clear sky,High,12.59,35.11666667,PUNE,4,50.36,0,clear sky,PUNE,0
23.0,4.6,Buffet,motorcycle,27.26,57.0,0.0,smoke,Very High,18.25,60.65,MUM,5,91.25,0,smoke,MUM,1
39.0,4.7,Drinks,motorcycle,20.06,83.0,0.0,mist,Low,6.99,32.73333333,RANCHI,2,13.98,0,mist,RANCHI,0
34.0,3.7,Meal,scooter,25.53,38.0,0.0,clear sky,High,22.82,37.83333333,AGR,4,91.28,0,clear sky,Other,0
32.0,4.9,Meal,motorcycle,24.24,91.0,0.0,scattered clouds,High,17.6,36.11666667,KOC,4,70.4,0,clouds,Other,0
22.0,5.0,Drinks,scooter,23.02,48.0,0.0,clear sky,Very Low,2.11,19.4,PUNE,1,2.11,1,clear sky,PUNE,0
39.0,4.6,Buffet,scooter,24.93,42.0,0.0,clear sky,High,16.73,35.93333333,SUR,4,66.92,0,clear sky,SUR,0
34.0,4.7,Snack,motorcycle,28.37,69.0,0.0,scattered clouds,Moderate,10.23,31.9,GOA,3,30.69,0,clouds,Other,0
34.0,4.1,Snack,motorcycle,24.91,42.0,0.0,clear sky,High,30.26,49.95,SUR,4,121.04,0,clear sky,SUR,1
27.0,4.9,Buffet,scooter,28.46,81.0,0.0,mist,Moderate,10.89,28.86666667,CHEN,3,32.67,0,mist,CHEN,0
30.0,4.2,Meal,motorcycle,22.18,60.0,0.0,haze,Moderate,13.18,27.53333333,INDO,3,39.54,0,haze,INDO,0
30.0,4.6,Drinks,motorcycle,25.86,73.0,0.0,haze,Moderate,7.83,31.7,COIMB,3,23.490000000000002,0,haze,COIMB,0
20.0,4.9,Snack,motorcycle,27.49,57.0,0.0,smoke,High,16.26,53.2,MUM,4,65.04,0,smoke,MUM,1
29.0,4.6,Drinks,scooter,23.6,46.0,0.0,haze,Very Low,2.54,19.33333333,JAP,1,2.54,1,haze,JAP,0
27.0,5.0,Drinks,scooter,23.96,64.0,0.0,haze,High,18.7,41.63333333,VAD,4,74.8,0,haze,Other,0
22.0,4.9,Snack,scooter,27.97,57.0,0.0,smoke,High,16.05,49.85,MUM,4,64.2,0,smoke,MUM,1
29.0,4.6,Meal,motorcycle,23.37,39.0,0.0,clear sky,High,37.04,45.51666667,LUDH,4,148.16,0,clear sky,Other,1
21.0,5.0,Drinks,scooter,17.44,76.0,0.0,clear sky,Low,5.57,24.23333333,DEH,2,11.14,0,clear sky,Other,0
30.0,4.6,Drinks,scooter,22.62,73.0,0.0,haze,High,11.23,41.88333333,BANG,4,44.92,0,haze,BANG,0
29.0,4.7,Drinks,scooter,28.03,65.0,0.0,haze,Low,5.56,26.98333333,KOL,2,11.12,0,haze,Other,0
25.0,4.8,Meal,electric scooter,25.86,73.0,0.0,haze,Moderate,7.83,22.71666667,COIMB,3,23.490000000000002,0,haze,COIMB,0
27.0,4.8,Buffet,scooter,23.72,28.0,0.0,clear sky,High,17.09,39.7,JAP,4,68.36,0,clear sky,JAP,0
29.0,4.9,Drinks,electric scooter,22.4,73.0,0.0,haze,Very High,31.3,75.31666667,BANG,5,156.5,0,haze,BANG,1
21.0,4.8,Buffet,motorcycle,23.9,28.0,0.0,clear sky,High,19.83,46.63333333,JAP,4,79.32,0,clear sky,JAP,1
32.0,4.4,Meal,motorcycle,20.62,67.0,0.0,clear sky,Moderate,20.68,27.55,MYS,3,62.04,0,clear sky,MYS,0
27.0,4.7,Snack,electric scooter,22.3,44.0,0.0,clear sky,Very High,30.35,58.55,INDO,5,151.75,0,clear sky,INDO,1
35.0,4.0,Drinks,motorcycle,27.22,57.0,0.0,smoke,High,11.81,50.43333333,MUM,4,47.24,0,smoke,MUM,1
32.0,4.6,Snack,motorcycle,24.9,43.0,0.0,clear sky,High,17.82,39.7,SUR,4,71.28,0,clear sky,SUR,0
30.0,4.1,Drinks,scooter,26.0,73.0,0.0,haze,High,15.77,44.43333333,COIMB,4,63.08,0,haze,COIMB,0
22.0,5.0,Meal,motorcycle,26.84,57.0,0.0,smoke,Very High,31.27,72.81666667,MUM,5,156.35,0,smoke,MUM,1
36.0,4.6,Drinks,scooter,24.91,42.0,0.0,clear sky,High,21.81,51.25,SUR,4,87.24,0,clear sky,SUR,1
25.0,4.6,Snack,scooter,23.19,72.0,0.0,haze,Moderate,9.03,30.76666667,BANG,3,27.089999999999996,0,haze,BANG,0
27.0,4.8,Drinks,scooter,23.73,46.0,0.0,haze,Moderate,7.44,32.71666667,JAP,3,22.32,0,haze,JAP,0
36.0,4.8,Buffet,electric scooter,27.99,65.0,0.0,haze,Moderate,6.01,24.15,KOL,3,18.03,0,haze,Other,0
33.0,4.9,Meal,motorcycle,23.61,46.0,0.0,haze,Low,3.55,13.0,JAP,2,7.1,0,haze,JAP,0
37.0,4.2,Meal,motorcycle,22.27,50.0,0.0,clear sky,Low,5.03,15.45,PUNE,2,10.06,0,clear sky,PUNE,0
27.0,4.9,Snack,scooter,20.08,83.0,0.0,mist,Low,3.87,24.83333333,RANCHI,2,7.74,0,mist,RANCHI,0
30.0,4.7,Snack,scooter,24.0,64.0,0.0,haze,Low,8.42,21.66666667,VAD,2,16.84,0,haze,Other,0
33.0,4.6,Drinks,scooter,20.08,83.0,0.0,mist,Very Low,1.83,18.38333333,RANCHI,1,1.83,1,mist,RANCHI,0
30.0,4.7,Snack,scooter,20.7,68.0,0.0,clear sky,Moderate,14.26,31.16666667,MYS,3,42.78,0,clear sky,MYS,0
33.0,4.2,Snack,motorcycle,22.09,60.0,0.0,haze,Moderate,13.25,33.25,INDO,3,39.75,0,haze,INDO,0
32.0,4.7,Snack,scooter,22.64,60.0,0.0,haze,Very High,25.29,54.48333333,HYD,5,126.44999999999999,0,haze,HYD,1
30.0,3.7,Meal,motorcycle,28.42,82.0,0.0,overcast clouds,Very High,28.94,70.33333333,CHEN,5,144.70000000000002,0,clouds,CHEN,1
34.0,4.7,Buffet,scooter,22.14,60.0,0.0,haze,Low,9.11,22.7,INDO,2,18.22,0,haze,INDO,0
31.0,4.1,Meal,motorcycle,22.32,43.0,0.0,clear sky,Very High,28.77,50.81666667,INDO,5,143.85,0,clear sky,INDO,1
28.0,4.8,Drinks,electric scooter,22.84,46.0,0.0,haze,Very High,21.09,63.76666667,JAP,5,105.45,0,haze,JAP,1
23.0,4.9,Buffet,motorcycle,22.35,50.0,0.0,clear sky,Very Low,2.37,12.03333333,PUNE,1,2.37,1,clear sky,PUNE,0
37.0,4.5,Drinks,motorcycle,22.91,60.0,0.0,haze,Moderate,8.92,35.6,HYD,3,26.759999999999998,0,haze,HYD,0
39.0,4.6,Meal,scooter,25.48,83.0,0.0,clear sky,Moderate,10.36,25.86666667,KOC,3,31.08,0,clear sky,Other,0
34.0,4.7,Buffet,electric scooter,23.99,64.0,0.0,haze,High,15.47,35.26666667,VAD,4,61.88,0,haze,Other,0
22.0,4.6,Meal,scooter,22.23,44.0,0.0,clear sky,Moderate,17.48,30.76666667,INDO,3,52.44,0,clear sky,INDO,0
23.0,4.6,Drinks,motorcycle,25.48,83.0,0.0,clear sky,Low,4.47,23.41666667,KOC,2,8.94,0,clear sky,Other,0
37.0,4.9,Buffet,motorcycle,28.01,54.0,0.0,clear sky,Moderate,7.71,27.86666667,MUM,3,23.13,0,clear sky,MUM,0
23.0,4.7,Snack,scooter,28.0,65.0,0.0,haze,Moderate,11.61,31.18333333,KOL,3,34.83,0,haze,Other,0
31.0,4.9,Meal,scooter,23.99,29.0,0.0,clear sky,Very High,24.09,48.41666667,JAP,5,120.45,0,clear sky,JAP,1
26.0,4.6,Drinks,scooter,25.86,73.0,0.0,haze,Moderate,10.47,38.46666667,COIMB,3,31.410000000000004,0,haze,COIMB,0
31.0,4.2,Meal,motorcycle,26.0,73.0,0.0,haze,High,16.82,35.3,COIMB,4,67.28,0,haze,COIMB,0
25.0,3.4,Buffet,motorcycle,22.63,60.0,0.0,haze,Very High,22.79,51.2,HYD,5,113.94999999999999,0,haze,HYD,1
28.0,4.8,Drinks,scooter,20.75,67.0,0.0,clear sky,Moderate,10.51,33.28333333,MYS,3,31.53,0,clear sky,MYS,0
24.0,4.6,Meal,motorcycle,25.84,37.0,0.0,clear sky,Moderate,20.32,29.76666667,AGR,3,60.96,0,clear sky,Other,0
29.0,4.9,Meal,motorcycle,20.7,68.0,0.0,clear sky,Moderate,9.7,29.76666667,MYS,3,29.099999999999998,0,clear sky,MYS,0
21.0,4.8,Meal,motorcycle,22.16,60.0,0.0,haze,Very Low,2.44,9.633333333,INDO,1,2.44,1,haze,INDO,0
26.0,4.5,Drinks,motorcycle,20.61,67.0,0.0,clear sky,Moderate,13.88,33.53333333,MYS,3,41.64,0,clear sky,MYS,0
28.0,4.9,Snack,motorcycle,23.67,39.0,0.0,clear sky,Very High,24.23,56.03333333,LUDH,5,121.15,0,clear sky,Other,1
24.0,4.5,Snack,motorcycle,22.14,44.0,0.0,clear sky,Very High,28.87,52.83333333,INDO,5,144.35,0,clear sky,INDO,1
24.0,4.8,Drinks,electric scooter,25.97,73.0,0.0,haze,Very Low,2.76,20.18333333,COIMB,1,2.76,1,haze,COIMB,0
20.0,4.7,Meal,electric scooter,23.18,72.0,0.0,haze,Moderate,10.93,25.95,BANG,3,32.79,0,haze,BANG,0
38.0,4.8,Drinks,motorcycle,20.25,63.0,0.0,scattered clouds,High,19.03,48.51666667,RANCHI,4,76.12,0,clouds,RANCHI,1
39.0,3.6,Meal,scooter,20.8,67.0,0.0,clear sky,Moderate,16.31,26.38333333,MYS,3,48.92999999999999,0,clear sky,MYS,0
26.0,4.7,Meal,electric scooter,23.98,28.0,0.0,clear sky,High,16.4,40.38333333,JAP,4,65.6,0,clear sky,JAP,0
22.0,4.3,Meal,motorcycle,25.95,73.0,0.0,haze,High,17.37,35.13333333,COIMB,4,69.48,0,haze,COIMB,0
31.0,4.4,Buffet,scooter,22.68,49.0,0.0,clear sky,High,15.81,37.16666667,PUNE,4,63.24,0,clear sky,PUNE,0
33.0,4.2,Meal,motorcycle,23.93,64.0,0.0,haze,High,20.24,37.0,VAD,4,80.96,0,haze,Other,0
32.0,4.4,Drinks,motorcycle,23.84,28.0,0.0,clear sky,High,22.6,54.9,JAP,4,90.4,0,clear sky,JAP,1
21.0,3.8,Drinks,motorcycle,28.49,81.0,0.0,mist,Low,4.53,24.41666667,CHEN,2,9.06,0,mist,CHEN,0
28.0,5.0,Buffet,scooter,26.18,73.0,0.0,haze,Very High,24.89,51.43333333,COIMB,5,124.45,0,haze,COIMB,1
38.0,4.9,Meal,motorcycle,24.94,73.0,0.0,mist,Moderate,13.7,33.31666667,SUR,3,41.099999999999994,0,mist,SUR,0
24.0,4.6,Snack,motorcycle,20.81,67.0,0.0,clear sky,Moderate,14.52,32.73333333,MYS,3,43.56,0,clear sky,MYS,0
21.0,4.6,Meal,motorcycle,22.44,50.0,0.0,clear sky,Moderate,12.65,27.6,PUNE,3,37.95,0,clear sky,PUNE,0
26.0,5.0,Meal,motorcycle,20.7,67.0,0.0,clear sky,High,17.89,32.13333333,MYS,4,71.56,0,clear sky,MYS,0
32.0,4.7,Snack,motorcycle,20.81,67.0,0.0,clear sky,Moderate,14.52,32.73333333,MYS,3,43.56,0,clear sky,MYS,0
33.0,4.3,Drinks,motorcycle,23.7,46.0,0.0,haze,Low,5.87,27.96666667,JAP,2,11.74,0,haze,JAP,0
25.0,4.8,Drinks,scooter,22.93,60.0,0.0,haze,High,17.37,51.8,HYD,4,69.48,0,haze,HYD,1
28.0,4.8,Drinks,motorcycle,25.96,73.0,0.0,haze,Low,8.05,28.03333333,COIMB,2,16.1,0,haze,COIMB,0
24.0,4.5,Meal,motorcycle,22.14,60.0,0.0,haze,Moderate,12.87,31.5,INDO,3,38.61,0,haze,INDO,0
27.0,4.7,Meal,motorcycle,28.79,67.0,0.0,broken clouds,Very High,26.71,61.33333333,GOA,5,133.55,0,clouds,Other,1
29.0,4.8,Buffet,motorcycle,23.1,49.0,0.0,clear sky,Very Low,2.41,11.56666667,PUNE,1,2.41,1,clear sky,PUNE,0
27.0,4.8,Snack,motorcycle,22.33,73.0,0.0,haze,High,20.5,50.35,BANG,4,82.0,0,haze,BANG,1
30.0,4.7,Buffet,scooter,22.71,60.0,0.0,haze,Very High,53.86,53.91666667,HYD,5,269.3,0,haze,HYD,1
31.0,4.6,Meal,scooter,20.08,83.0,0.0,mist,Low,5.76,19.33333333,RANCHI,2,11.52,0,mist,RANCHI,0
34.0,4.8,Buffet,motorcycle,24.95,73.0,0.0,mist,High,16.42,37.8,SUR,4,65.68,0,mist,SUR,0
33.0,4.6,Snack,scooter,22.16,60.0,0.0,haze,Moderate,9.33,28.11666667,INDO,3,27.990000000000002,0,haze,INDO,0
32.0,4.1,Meal,motorcycle,22.97,48.0,0.0,clear sky,Very High,29.83,67.35,PUNE,5,149.14999999999998,0,clear sky,PUNE,1
24.0,4.9,Snack,scooter,24.14,92.0,0.0,scattered clouds,Very High,28.93,58.41666667,KOC,5,144.65,0,clouds,Other,1
35.0,4.0,Drinks,scooter,27.54,55.0,0.0,clear sky,Very High,54.46,116.4333333,MUM,5,272.3,0,clear sky,MUM,1
29.0,4.6,Drinks,motorcycle,22.77,60.0,0.0,haze,Low,3.22,24.03333333,HYD,2,6.44,0,haze,HYD,0
29.0,4.6,Meal,scooter,27.99,65.0,0.0,haze,Very High,29.96,53.95,KOL,5,149.8,0,haze,Other,1
35.0,4.5,Snack,motorcycle,20.19,83.0,0.0,mist,Moderate,16.28,37.28333333,RANCHI,3,48.84,0,mist,RANCHI,0
21.0,4.4,Snack,motorcycle,28.37,81.0,0.0,mist,Very Low,2.29,17.78333333,CHEN,1,2.29,1,mist,CHEN,0
32.0,4.4,Meal,scooter,23.94,28.0,0.0,clear sky,High,19.07,41.65,JAP,4,76.28,0,clear sky,JAP,0
34.0,4.7,Snack,scooter,22.84,60.0,0.0,haze,High,22.25,43.95,HYD,4,89.0,0,haze,HYD,0
35.0,5.0,Snack,motorcycle,28.29,82.0,0.0,mist,Low,4.22,21.88333333,CHEN,2,8.44,0,mist,CHEN,0
31.0,4.9,Drinks,scooter,22.6,73.0,0.0,haze,High,12.5,46.3,BANG,4,50.0,0,haze,BANG,1
35.0,4.8,Buffet,motorcycle,22.79,60.0,0.0,haze,High,17.82,42.85,HYD,4,71.28,0,haze,HYD,0
29.0,4.8,Drinks,motorcycle,25.87,73.0,0.0,haze,High,14.7,45.6,COIMB,4,58.8,0,haze,COIMB,1
29.0,4.6,Buffet,motorcycle,22.98,48.0,0.0,clear sky,High,16.68,43.18333333,PUNE,4,66.72,0,clear sky,PUNE,0
39.0,4.7,Meal,electric scooter,28.3,82.0,0.0,overcast clouds,High,14.2,43.7,CHEN,4,56.8,0,clouds,CHEN,0
35.0,4.5,Snack,motorcycle,23.39,47.0,0.0,clear sky,Very High,19.2,53.26666667,PUNE,5,96.0,0,clear sky,PUNE,1
30.0,4.8,Buffet,motorcycle,20.61,67.0,0.0,clear sky,High,13.43,38.83333333,MYS,4,53.72,0,clear sky,MYS,0
20.0,4.7,Snack,motorcycle,23.03,48.0,0.0,clear sky,Moderate,14.37,34.15,PUNE,3,43.11,0,clear sky,PUNE,0
24.0,5.0,Snack,scooter,25.65,42.0,0.0,clear sky,Moderate,14.51,34.98333333,KNP,3,43.53,0,clear sky,Other,0
28.0,5.0,Meal,motorcycle,25.65,42.0,0.0,clear sky,Moderate,8.98,22.71666667,KNP,3,26.94,0,clear sky,Other,0
35.0,4.8,Buffet,scooter,20.75,67.0,0.0,clear sky,Moderate,11.83,23.91666667,MYS,3,35.49,0,clear sky,MYS,0
28.0,4.6,Snack,scooter,23.19,72.0,0.0,haze,Moderate,8.96,30.3,BANG,3,26.880000000000003,0,haze,BANG,0
36.0,4.6,Drinks,motorcycle,25.92,73.0,0.0,haze,Very Low,3.7,19.78333333,COIMB,1,3.7,0,haze,COIMB,0
21.0,4.8,Meal,scooter,10.26,86.0,0.0,clear sky,Very High,24.98,72.3,DEH,5,124.9,0,clear sky,Other,1
29.0,4.6,Drinks,electric scooter,28.37,81.0,0.0,mist,Low,8.31,31.9,CHEN,2,16.62,0,mist,CHEN,0
23.0,4.7,Buffet,electric scooter,25.82,73.0,0.0,haze,Moderate,6.76,25.03333333,COIMB,3,20.28,0,haze,COIMB,0
30.0,4.7,Drinks,motorcycle,22.9,60.0,0.0,haze,Low,6.6,30.68333333,HYD,2,13.2,0,haze,HYD,0
20.0,4.6,Drinks,motorcycle,22.32,43.0,0.0,clear sky,High,25.48,54.46666667,INDO,4,101.92,0,clear sky,INDO,1
26.0,4.6,Meal,motorcycle,24.98,73.0,0.0,mist,Very Low,2.41,11.6,SUR,1,2.41,1,mist,SUR,0
20.0,4.9,Snack,scooter,28.51,81.0,0.0,mist,Low,4.09,20.98333333,CHEN,2,8.18,0,mist,CHEN,0
29.0,5.0,Snack,motorcycle,25.9,73.0,0.0,haze,Low,2.99,16.11666667,COIMB,2,5.98,1,haze,COIMB,0
30.0,4.2,Meal,motorcycle,23.56,27.0,0.0,clear sky,Very High,20.2,49.96666667,JAP,5,101.0,0,clear sky,JAP,1
21.0,4.1,Drinks,motorcycle,22.23,44.0,0.0,clear sky,High,19.08,45.13333333,INDO,4,76.32,0,clear sky,INDO,1
29.0,4.6,Buffet,electric scooter,22.94,60.0,0.0,haze,Moderate,9.27,29.21666667,HYD,3,27.81,0,haze,HYD,0
28.0,4.7,Buffet,motorcycle,23.9,38.0,0.0,clear sky,Low,7.47,19.73333333,LUDH,2,14.94,0,clear sky,Other,0
20.0,4.6,Drinks,motorcycle,22.16,60.0,0.0,haze,High,16.77,46.51666667,INDO,4,67.08,0,haze,INDO,1
33.0,4.1,Snack,scooter,22.9,60.0,0.0,haze,High,15.02,42.06666667,HYD,4,60.08,0,haze,HYD,0
23.0,3.5,Meal,motorcycle,25.97,73.0,0.0,haze,Very Low,2.76,11.16666667,COIMB,1,2.76,1,haze,COIMB,0
26.0,4.8,Buffet,scooter,22.47,50.0,0.0,clear sky,Low,2.77,13.53333333,PUNE,2,5.54,1,clear sky,PUNE,0
27.0,4.8,Meal,scooter,22.14,73.0,0.0,haze,High,21.8,46.8,BANG,4,87.2,0,haze,BANG,1
29.0,4.5,Meal,scooter,25.65,42.0,0.0,clear sky,Moderate,9.93,30.9,KNP,3,29.79,0,clear sky,Other,0
28.0,4.6,Drinks,motorcycle,23.02,48.0,0.0,clear sky,Low,7.56,27.05,PUNE,2,15.12,0,clear sky,PUNE,0
39.0,5.0,Buffet,scooter,20.81,67.0,0.0,clear sky,High,12.3,39.5,MYS,4,49.2,0,clear sky,MYS,0
30.0,4.8,Meal,scooter,28.92,74.0,0.0,mist,Moderate,8.84,27.15,GOA,3,26.52,0,mist,Other,0
26.0,5.0,Buffet,scooter,20.2,83.0,0.0,mist,High,11.38,37.4,RANCHI,4,45.52,0,mist,RANCHI,0
25.0,4.7,Buffet,motorcycle,24.92,73.0,0.0,mist,Moderate,12.33,33.78333333,SUR,3,36.99,0,mist,SUR,0
20.0,4.8,Meal,scooter,22.73,60.0,0.0,haze,High,19.43,42.48333333,HYD,4,77.72,0,haze,HYD,0
29.0,4.6,Buffet,scooter,22.12,60.0,0.0,haze,Moderate,11.12,26.9,INDO,3,33.36,0,haze,INDO,0
28.0,4.8,Snack,motorcycle,20.55,67.0,0.0,clear sky,Low,7.2,24.03333333,MYS,2,14.4,0,clear sky,MYS,0
36.0,3.2,Drinks,motorcycle,24.91,42.0,0.0,clear sky,High,21.05,52.71666667,SUR,4,84.2,0,clear sky,SUR,1
21.0,4.6,Buffet,scooter,20.15,83.0,0.0,mist,Moderate,14.12,33.21666667,RANCHI,3,42.36,0,mist,RANCHI,0
30.0,3.6,Drinks,scooter,28.38,82.0,0.0,overcast clouds,Very High,22.66,77.18333333,CHEN,5,113.3,0,clouds,CHEN,1
25.0,4.8,Buffet,electric scooter,23.53,73.0,0.0,haze,High,12.86,34.16666667,BANG,4,51.44,0,haze,BANG,0
29.0,4.2,Buffet,motorcycle,24.95,73.0,0.0,mist,Very Low,2.22,12.4,SUR,1,2.22,1,mist,SUR,0
29.0,4.4,Buffet,motorcycle,22.75,49.0,0.0,clear sky,High,18.69,40.36666667,PUNE,4,74.76,0,clear sky,PUNE,0
39.0,4.5,Meal,scooter,20.19,83.0,0.0,mist,High,15.03,36.0,RANCHI,4,60.12,0,mist,RANCHI,0
24.0,4.7,Buffet,motorcycle,28.25,82.0,0.0,overcast clouds,High,21.41,45.06666667,CHEN,4,85.64,0,clouds,CHEN,1
38.0,4.7,Snack,motorcycle,25.97,73.0,0.0,haze,Moderate,12.91,32.55,COIMB,3,38.730000000000004,0,haze,COIMB,0
32.0,4.3,Meal,motorcycle,24.91,73.0,0.0,mist,Very Low,2.2,11.83333333,SUR,1,2.2,1,mist,SUR,0
35.0,4.0,Snack,motorcycle,22.38,42.0,0.0,clear sky,Low,5.26,17.1,BHP,2,10.52,0,clear sky,Other,0
30.0,4.2,Buffet,motorcycle,17.44,76.0,0.0,clear sky,Low,4.15,14.7,DEH,2,8.3,0,clear sky,Other,0
24.0,5.0,Buffet,motorcycle,24.92,73.0,0.0,mist,Moderate,13.94,34.76666667,SUR,3,41.82,0,mist,SUR,0
29.0,4.6,Drinks,motorcycle,24.93,73.0,0.0,mist,Moderate,12.53,36.23333333,SUR,3,37.589999999999996,0,mist,SUR,0
26.0,5.0,Buffet,motorcycle,25.94,73.0,0.0,haze,Moderate,11.27,33.66666667,COIMB,3,33.81,0,haze,COIMB,0
24.0,4.8,Buffet,scooter,24.99,73.0,0.0,mist,Very Low,1.85,11.45,SUR,1,1.85,1,mist,SUR,0
37.0,4.3,Drinks,motorcycle,28.28,82.0,0.0,mist,Low,6.66,31.05,CHEN,2,13.32,0,mist,CHEN,0
39.0,4.5,Snack,motorcycle,23.39,47.0,0.0,clear sky,Very High,20.39,58.96666667,PUNE,5,101.95,0,clear sky,PUNE,1
31.0,4.3,Buffet,scooter,22.8,60.0,0.0,haze,High,18.18,42.01666667,HYD,4,72.72,0,haze,HYD,0
22.0,4.7,Drinks,electric scooter,22.81,60.0,0.0,haze,Very Low,2.53,17.48333333,HYD,1,2.53,1,haze,HYD,0
32.0,4.9,Meal,motorcycle,22.8,73.0,0.0,haze,Very High,24.83,54.5,BANG,5,124.14999999999999,0,haze,BANG,1
35.0,4.6,Meal,electric scooter,23.92,29.0,0.0,clear sky,Very High,27.73,54.6,JAP,5,138.65,0,clear sky,JAP,1
28.0,4.9,Snack,motorcycle,24.95,73.0,0.0,mist,Low,6.21,21.33333333,SUR,2,12.42,0,mist,SUR,0
25.0,4.7,Meal,motorcycle,26.18,73.0,0.0,haze,High,23.43,39.8,COIMB,4,93.72,0,haze,COIMB,0
29.0,4.5,Drinks,motorcycle,24.93,73.0,0.0,mist,Moderate,12.56,36.31666667,SUR,3,37.68,0,mist,SUR,0
35.0,5.0,Buffet,scooter,22.31,50.0,0.0,clear sky,High,15.12,38.16666667,PUNE,4,60.48,0,clear sky,PUNE,0
30.0,4.9,Snack,motorcycle,24.91,86.0,0.0,clear sky,Low,6.64,21.11666667,KOC,2,13.28,0,clear sky,Other,0
29.0,4.6,Meal,scooter,24.01,64.0,0.0,haze,Moderate,13.47,29.06666667,VAD,3,40.410000000000004,0,haze,Other,0
22.0,4.9,Meal,scooter,22.16,60.0,0.0,haze,Moderate,8.33,22.53333333,INDO,3,24.990000000000002,0,haze,INDO,0
21.0,4.5,Drinks,motorcycle,22.73,60.0,0.0,haze,High,21.05,54.53333333,HYD,4,84.2,0,haze,HYD,1
34.0,4.8,Drinks,scooter,25.2,85.0,0.0,few clouds,Low,4.86,24.06666667,KOC,2,9.72,0,clouds,Other,0
25.0,4.8,Buffet,motorcycle,22.63,60.0,0.0,haze,Very High,26.58,56.28333333,HYD,5,132.89999999999998,0,haze,HYD,1
23.0,4.7,Drinks,motorcycle,22.53,73.0,0.0,haze,High,10.61,45.66666667,BANG,4,42.44,0,haze,BANG,1
35.0,4.9,Snack,electric scooter,27.96,57.0,0.0,smoke,Moderate,11.46,33.9,MUM,3,34.38,0,smoke,MUM,0
38.0,4.5,Snack,scooter,20.8,67.0,0.0,clear sky,Moderate,14.28,26.63333333,MYS,3,42.839999999999996,0,clear sky,MYS,0
29.0,4.7,Snack,motorcycle,28.39,82.0,0.0,mist,Very High,19.89,63.75,CHEN,5,99.45,0,mist,CHEN,1
29.0,4.5,Snack,motorcycle,23.95,28.0,0.0,clear sky,Very High,19.0,50.45,JAP,5,95.0,0,clear sky,JAP,1
33.0,4.6,Snack,motorcycle,27.63,57.0,0.0,smoke,Very High,22.33,68.01666667,MUM,5,111.64999999999999,0,smoke,MUM,1
31.0,5.0,Drinks,motorcycle,23.97,28.0,0.0,clear sky,High,14.83,47.3,JAP,4,59.32,0,clear sky,JAP,1
37.0,4.7,Snack,scooter,28.36,86.0,0.0,overcast clouds,Very High,25.21,69.21666667,CHEN,5,126.05000000000001,0,clouds,CHEN,1
25.0,4.9,Drinks,motorcycle,22.22,43.0,0.0,clear sky,Very High,26.83,58.9,INDO,5,134.14999999999998,0,clear sky,INDO,1
35.0,4.5,Buffet,motorcycle,28.05,57.0,0.0,smoke,High,18.91,43.21666667,MUM,4,75.64,0,smoke,MUM,0
25.0,4.9,Snack,motorcycle,22.51,48.0,0.0,clear sky,Very High,33.1,73.23333333,PUNE,5,165.5,0,clear sky,PUNE,1
37.0,4.0,Meal,scooter,23.97,46.0,0.0,haze,High,16.2,38.48333333,JAP,4,64.8,0,haze,JAP,0
38.0,4.3,Drinks,motorcycle,20.29,63.0,0.0,scattered clouds,High,18.86,46.28333333,RANCHI,4,75.44,0,clouds,RANCHI,1
30.0,4.8,Meal,motorcycle,28.26,82.0,0.0,mist,High,10.88,34.31666667,CHEN,4,43.52,0,mist,CHEN,0
32.0,4.8,Snack,electric scooter,24.94,73.0,0.0,mist,Very Low,1.68,13.11666667,SUR,1,1.68,1,mist,SUR,0
36.0,4.1,Meal,scooter,22.18,44.0,0.0,clear sky,Very High,24.91,49.33333333,INDO,5,124.55,0,clear sky,INDO,1
27.0,4.7,Drinks,electric scooter,23.84,28.0,0.0,clear sky,Very High,19.5,56.0,JAP,5,97.5,0,clear sky,JAP,1
37.0,4.6,Buffet,scooter,20.05,83.0,0.0,mist,Moderate,9.17,28.16666667,RANCHI,3,27.509999999999998,0,mist,RANCHI,0
28.0,4.9,Drinks,motorcycle,28.03,65.0,0.0,haze,High,21.53,48.65,KOL,4,86.12,0,haze,Other,1
29.0,4.9,Meal,scooter,17.44,76.0,0.0,clear sky,Very Low,2.25,6.633333333,DEH,1,2.25,1,clear sky,Other,0
33.0,4.8,Meal,scooter,23.73,46.0,0.0,haze,Moderate,7.52,23.48333333,JAP,3,22.56,0,haze,JAP,0
27.0,4.2,Buffet,scooter,23.97,28.0,0.0,clear sky,High,14.83,40.26666667,JAP,4,59.32,0,clear sky,JAP,0
34.0,4.8,Meal,motorcycle,25.94,73.0,0.0,haze,Moderate,12.2,30.73333333,COIMB,3,36.599999999999994,0,haze,COIMB,0
24.0,4.5,Drinks,scooter,22.35,50.0,0.0,clear sky,Very Low,2.89,18.38333333,PUNE,1,2.89,1,clear sky,PUNE,0
30.0,4.3,Snack,electric scooter,20.15,83.0,0.0,mist,Moderate,14.12,35.18333333,RANCHI,3,42.36,0,mist,RANCHI,0
38.0,4.8,Drinks,scooter,28.53,81.0,0.0,mist,Very Low,2.61,21.21666667,CHEN,1,2.61,1,mist,CHEN,0
31.0,4.7,Drinks,electric scooter,25.86,73.0,0.0,haze,Low,7.51,28.96666667,COIMB,2,15.02,0,haze,COIMB,0
39.0,4.8,Buffet,scooter,20.61,67.0,0.0,clear sky,High,16.64,42.55,MYS,4,66.56,0,clear sky,MYS,0
34.0,4.9,Snack,electric scooter,22.74,73.0,0.0,haze,Moderate,8.06,28.23333333,BANG,3,24.18,0,haze,BANG,0
29.0,4.6,Buffet,electric scooter,24.94,43.0,0.0,clear sky,High,14.52,33.91666667,SUR,4,58.08,0,clear sky,SUR,0
22.0,4.6,Drinks,motorcycle,22.68,63.0,0.0,overcast clouds,High,17.33,57.05,HYD,4,69.32,0,clouds,HYD,1
28.0,4.9,Drinks,motorcycle,22.89,48.0,0.0,clear sky,Very High,20.02,56.45,PUNE,5,100.1,0,clear sky,PUNE,1
36.0,4.2,Snack,scooter,22.84,60.0,0.0,haze,High,15.81,42.93333333,HYD,4,63.24,0,haze,HYD,0
34.0,4.1,Buffet,electric scooter,22.68,49.0,0.0,clear sky,Moderate,12.79,30.25,PUNE,3,38.37,0,clear sky,PUNE,0
34.0,4.5,Snack,scooter,25.9,73.0,0.0,haze,Low,6.39,22.53333333,COIMB,2,12.78,0,haze,COIMB,0
22.0,4.9,Drinks,motorcycle,23.47,47.0,0.0,clear sky,Very High,25.16,64.55,PUNE,5,125.8,0,clear sky,PUNE,1
36.0,4.1,Drinks,scooter,22.31,73.0,0.0,haze,High,18.4,48.41666667,BANG,4,73.6,0,haze,BANG,1
38.0,4.5,Snack,scooter,27.79,57.0,0.0,smoke,High,9.93,42.86666667,MUM,4,39.72,0,smoke,MUM,0
29.0,4.6,Buffet,scooter,20.08,83.0,0.0,mist,Low,3.87,22.6,RANCHI,2,7.74,0,mist,RANCHI,0
32.0,3.6,Buffet,scooter,22.11,60.0,0.0,haze,Moderate,18.25,31.95,INDO,3,54.75,0,haze,INDO,0
26.0,4.7,Meal,scooter,28.28,82.0,0.0,mist,High,26.98,47.16666667,CHEN,4,107.92,0,mist,CHEN,1
31.0,4.2,Buffet,motorcycle,27.85,57.0,0.0,smoke,Moderate,11.18,32.93333333,MUM,3,33.54,0,smoke,MUM,0
21.0,4.8,Snack,motorcycle,25.96,73.0,0.0,haze,Low,8.08,22.11666667,COIMB,2,16.16,0,haze,COIMB,0
24.0,4.2,Buffet,scooter,28.35,82.0,0.0,overcast clouds,Very High,23.73,61.95,CHEN,5,118.65,0,clouds,CHEN,1
20.0,4.9,Drinks,scooter,25.64,43.0,0.0,clear sky,Low,6.11,26.46666667,ALH,2,12.22,0,clear sky,Other,0
36.0,4.8,Buffet,scooter,25.66,42.0,0.0,clear sky,Moderate,10.63,25.61666667,KNP,3,31.89,0,clear sky,Other,0
21.0,4.4,Snack,motorcycle,23.09,48.0,0.0,clear sky,Very High,16.78,50.53333333,PUNE,5,83.9,0,clear sky,PUNE,1
28.0,4.6,Meal,motorcycle,24.21,46.0,0.0,haze,High,28.86,32.53333333,JAP,4,115.44,0,haze,JAP,0
24.0,4.8,Snack,motorcycle,27.99,65.0,0.0,haze,Moderate,14.31,29.7,KOL,3,42.93,0,haze,Other,0
20.0,4.8,Drinks,scooter,27.97,65.0,0.0,haze,Very Low,4.36,19.88333333,KOL,1,4.36,0,haze,Other,0
39.0,4.8,Meal,scooter,23.61,46.0,0.0,haze,Low,8.25,19.95,JAP,2,16.5,0,haze,JAP,0
21.0,4.6,Buffet,scooter,28.44,82.0,0.0,mist,High,19.1,48.9,CHEN,4,76.4,0,mist,CHEN,1
29.0,4.6,Drinks,motorcycle,23.54,46.0,0.0,haze,High,18.11,47.78333333,JAP,4,72.44,0,haze,JAP,1
22.0,4.7,Drinks,scooter,22.14,60.0,0.0,haze,Low,9.11,29.68333333,INDO,2,18.22,0,haze,INDO,0
35.0,4.9,Drinks,motorcycle,17.44,76.0,0.0,clear sky,Low,5.57,24.1,DEH,2,11.14,0,clear sky,Other,0
20.0,4.1,Meal,motorcycle,25.48,83.0,0.0,clear sky,Low,4.66,12.51666667,KOC,2,9.32,0,clear sky,Other,0
36.0,4.8,Meal,motorcycle,22.76,72.0,0.0,haze,High,9.54,34.55,BANG,4,38.16,0,haze,BANG,0
28.0,4.6,Meal,motorcycle,25.19,43.0,0.0,clear sky,High,16.66,36.71666667,ALH,4,66.64,0,clear sky,Other,0
35.0,4.4,Meal,motorcycle,22.1,73.0,0.0,haze,High,24.1,45.76666667,BANG,4,96.4,0,haze,BANG,1
39.0,4.6,Drinks,motorcycle,20.08,83.0,0.0,mist,Very Low,2.58,22.46666667,RANCHI,1,2.58,1,mist,RANCHI,0
35.0,4.4,Buffet,motorcycle,28.39,81.0,0.0,mist,Low,3.77,16.43333333,CHEN,2,7.54,0,mist,CHEN,0
23.0,4.4,Buffet,motorcycle,25.97,37.0,0.0,clear sky,Moderate,8.95,26.61666667,AGR,3,26.849999999999998,0,clear sky,Other,0
25.0,4.5,Buffet,motorcycle,23.97,46.0,0.0,haze,High,17.01,42.43333333,JAP,4,68.04,0,haze,JAP,0
37.0,4.6,Snack,scooter,20.64,67.0,0.0,clear sky,Moderate,19.45,33.68333333,MYS,3,58.349999999999994,0,clear sky,MYS,0
25.0,4.3,Snack,electric scooter,22.6,60.0,0.0,haze,Very High,22.59,53.53333333,HYD,5,112.95,0,haze,HYD,1
29.0,4.6,Meal,electric scooter,28.39,82.0,0.0,overcast clouds,Very High,18.65,59.7,CHEN,5,93.25,0,clouds,CHEN,1
38.0,4.9,Drinks,motorcycle,22.95,60.0,0.0,haze,Moderate,8.47,34.21666667,HYD,3,25.410000000000004,0,haze,HYD,0
20.0,4.8,Drinks,motorcycle,24.92,73.0,0.0,mist,Moderate,12.5,39.91666667,SUR,3,37.5,0,mist,SUR,0
32.0,4.5,Drinks,scooter,27.86,57.0,0.0,smoke,Moderate,7.71,40.01666667,MUM,3,23.13,0,smoke,MUM,0
29.0,4.7,Snack,electric scooter,25.94,73.0,0.0,haze,High,17.97,39.06666667,COIMB,4,71.88,0,haze,COIMB,0
25.0,4.5,Buffet,motorcycle,27.29,57.0,0.0,smoke,Low,4.36,20.88333333,MUM,2,8.72,0,smoke,MUM,0
25.0,4.7,Drinks,motorcycle,22.82,60.0,0.0,haze,Low,4.71,28.61666667,HYD,2,9.42,0,haze,HYD,0
35.0,5.0,Buffet,motorcycle,24.24,91.0,0.0,scattered clouds,Very High,32.22,56.1,KOC,5,161.1,0,clouds,Other,1
29.0,4.6,Drinks,motorcycle,27.99,49.0,0.0,clear sky,Very High,26.81,59.11666667,MUM,5,134.04999999999998,0,clear sky,MUM,1
35.0,4.9,Snack,scooter,25.84,37.0,0.0,clear sky,Moderate,20.37,34.28333333,AGR,3,61.11,0,clear sky,Other,0
25.0,4.9,Buffet,scooter,23.13,72.0,0.0,haze,High,16.38,43.55,BANG,4,65.52,0,haze,BANG,0
38.0,4.7,Meal,scooter,20.08,83.0,0.0,mist,Moderate,7.34,25.28333333,RANCHI,3,22.02,0,mist,RANCHI,0
20.0,4.6,Buffet,motorcycle,25.53,38.0,0.0,clear sky,High,22.61,40.38333333,AGR,4,90.44,0,clear sky,Other,0
29.0,4.7,Meal,motorcycle,23.58,47.0,0.0,clear sky,High,22.85,43.58333333,PUNE,4,91.4,0,clear sky,PUNE,0
21.0,4.9,Meal,electric scooter,23.02,48.0,0.0,clear sky,Low,7.86,18.33333333,PUNE,2,15.72,0,clear sky,PUNE,0
26.0,4.6,Snack,scooter,22.96,48.0,0.0,clear sky,Moderate,10.05,30.3,PUNE,3,30.150000000000002,0,clear sky,PUNE,0
36.0,5.0,Drinks,motorcycle,25.99,73.0,0.0,haze,Moderate,13.92,39.25,COIMB,3,41.76,0,haze,COIMB,0
29.0,4.6,Drinks,scooter,28.0,65.0,0.0,haze,Moderate,10.29,36.03333333,KOL,3,30.869999999999997,0,haze,Other,0
25.0,4.0,Snack,electric scooter,28.34,82.0,0.0,overcast clouds,Very High,22.26,65.36666667,CHEN,5,111.30000000000001,0,clouds,CHEN,1
30.0,4.6,Buffet,motorcycle,24.0,64.0,0.0,haze,Low,7.37,17.7,VAD,2,14.74,0,haze,Other,0
28.0,4.6,Buffet,scooter,23.56,27.0,0.0,clear sky,Very High,20.18,51.36666667,JAP,5,100.9,0,clear sky,JAP,1
21.0,4.9,Snack,motorcycle,23.37,39.0,0.0,clear sky,Very High,43.46,54.98333333,LUDH,5,217.3,0,clear sky,Other,1
23.0,4.3,Meal,motorcycle,25.48,43.0,0.0,clear sky,High,13.97,31.53333333,ALH,4,55.88,0,clear sky,Other,0
39.0,4.8,Snack,scooter,28.53,81.0,0.0,mist,Moderate,9.73,28.83333333,CHEN,3,29.19,0,mist,CHEN,0
23.0,4.8,Meal,scooter,25.89,73.0,0.0,haze,Low,5.09,16.36666667,COIMB,2,10.18,0,haze,COIMB,0
25.0,4.8,Snack,motorcycle,25.71,42.0,0.0,clear sky,High,11.52,39.16666667,KNP,4,46.08,0,clear sky,Other,0
37.0,5.0,Snack,motorcycle,28.25,82.0,0.0,overcast clouds,High,21.41,46.95,CHEN,4,85.64,0,clouds,CHEN,1
24.0,4.5,Snack,scooter,27.71,57.0,0.0,smoke,Very Low,3.3,19.53333333,MUM,1,3.3,0,smoke,MUM,0
26.0,4.8,Drinks,scooter,22.1,60.0,0.0,haze,Moderate,17.5,38.16666667,INDO,3,52.5,0,haze,INDO,0
29.0,4.6,Buffet,motorcycle,28.35,86.0,0.0,overcast clouds,Very High,30.4,70.03333333,CHEN,5,152.0,0,clouds,CHEN,1
35.0,4.0,Buffet,scooter,23.96,64.0,0.0,haze,High,18.7,35.23333333,VAD,4,74.8,0,haze,Other,0
20.0,4.6,Snack,electric scooter,27.88,57.0,0.0,smoke,Low,4.64,26.28333333,MUM,2,9.28,0,smoke,MUM,0
39.0,4.4,Buffet,scooter,26.01,73.0,0.0,haze,Moderate,11.5,28.26666667,COIMB,3,34.5,0,haze,COIMB,0
28.0,5.0,Snack,motorcycle,25.68,42.0,0.0,clear sky,High,9.98,37.21666667,KNP,4,39.92,0,clear sky,Other,0
39.0,4.8,Meal,scooter,23.92,29.0,0.0,clear sky,Very High,28.52,51.66666667,JAP,5,142.6,0,clear sky,JAP,1
22.0,4.9,Drinks,scooter,27.99,57.0,0.0,smoke,Moderate,12.48,39.78333333,MUM,3,37.44,0,smoke,MUM,0
21.0,4.6,Snack,scooter,24.59,88.0,0.0,few clouds,High,18.72,50.83333333,KOC,4,74.88,0,clouds,Other,1
32.0,4.8,Meal,scooter,23.09,48.0,0.0,clear sky,High,13.07,37.9,PUNE,4,52.28,0,clear sky,PUNE,0
37.0,4.8,Drinks,motorcycle,24.94,73.0,0.0,mist,Low,6.97,29.05,SUR,2,13.94,0,mist,SUR,0
34.0,4.3,Drinks,motorcycle,24.8,87.0,0.0,few clouds,High,21.83,52.9,KOC,4,87.32,0,clouds,Other,1
37.0,4.8,Buffet,motorcycle,22.15,73.0,0.0,haze,Very High,24.05,49.63333333,BANG,5,120.25,0,haze,BANG,1
37.0,4.9,Buffet,motorcycle,23.03,48.0,0.0,clear sky,Moderate,12.2,29.81666667,PUNE,3,36.599999999999994,0,clear sky,PUNE,0
25.0,4.6,Snack,scooter,23.53,73.0,0.0,haze,Moderate,11.81,32.6,BANG,3,35.43,0,haze,BANG,0
24.0,4.5,Snack,scooter,26.0,73.0,0.0,haze,High,16.98,43.81666667,COIMB,4,67.92,0,haze,COIMB,0
26.0,4.6,Drinks,motorcycle,22.46,42.0,0.0,clear sky,Moderate,13.78,39.65,BHP,3,41.339999999999996,0,clear sky,Other,0
35.0,5.0,Buffet,motorcycle,27.98,57.0,0.0,smoke,Low,6.64,25.85,MUM,2,13.28,0,smoke,MUM,0
21.0,4.9,Drinks,scooter,25.82,73.0,0.0,haze,Moderate,9.62,34.18333333,COIMB,3,28.86,0,haze,COIMB,0
35.0,4.4,Buffet,scooter,22.21,60.0,0.0,haze,Moderate,16.14,33.91666667,INDO,3,48.42,0,haze,INDO,0
31.0,4.1,Meal,motorcycle,28.0,65.0,0.0,haze,High,23.22,39.96666667,KOL,4,92.88,0,haze,Other,0
36.0,4.2,Buffet,scooter,27.96,57.0,0.0,smoke,Very High,25.01,53.16666667,MUM,5,125.05000000000001,0,smoke,MUM,1
28.0,5.0,Snack,motorcycle,28.28,82.0,0.0,mist,High,26.98,50.95,CHEN,4,107.92,0,mist,CHEN,1
21.0,4.6,Drinks,motorcycle,20.16,61.0,0.0,scattered clouds,High,22.77,46.36666667,RANCHI,4,91.08,0,clouds,RANCHI,1
31.0,4.7,Meal,motorcycle,28.05,57.0,0.0,smoke,High,18.91,40.18333333,MUM,4,75.64,0,smoke,MUM,0
22.0,4.8,Drinks,electric scooter,28.33,81.0,0.0,mist,Low,7.31,29.68333333,CHEN,2,14.62,0,mist,CHEN,0
25.0,4.9,Meal,motorcycle,27.96,57.0,0.0,smoke,Moderate,12.11,31.2,MUM,3,36.33,0,smoke,MUM,0
37.0,5.0,Drinks,motorcycle,22.67,60.0,0.0,haze,Very High,22.26,57.45,HYD,5,111.30000000000001,0,haze,HYD,1
21.0,4.9,Buffet,scooter,22.11,60.0,0.0,haze,Low,5.67,19.75,INDO,2,11.34,0,haze,INDO,0
29.0,4.6,Drinks,motorcycle,22.46,50.0,0.0,clear sky,High,14.01,43.83333333,PUNE,4,56.04,0,clear sky,PUNE,0
34.0,4.1,Meal,scooter,28.01,57.0,0.0,smoke,High,15.58,45.21666667,MUM,4,62.32,0,smoke,MUM,1
21.0,4.9,Drinks,motorcycle,23.18,72.0,0.0,haze,Moderate,12.71,40.66666667,BANG,3,38.13,0,haze,BANG,0
34.0,4.8,Drinks,motorcycle,27.85,57.0,0.0,smoke,Moderate,8.97,44.2,MUM,3,26.910000000000004,0,smoke,MUM,0
36.0,4.6,Drinks,electric scooter,20.54,67.0,0.0,clear sky,Low,4.49,22.28333333,MYS,2,8.98,0,clear sky,MYS,0
37.0,4.8,Meal,scooter,20.81,67.0,0.0,clear sky,High,15.66,34.58333333,MYS,4,62.64,0,clear sky,MYS,0
24.0,5.0,Meal,electric scooter,22.31,50.0,0.0,clear sky,Low,7.78,18.45,PUNE,2,15.56,0,clear sky,PUNE,0
36.0,4.1,Buffet,motorcycle,23.99,64.0,0.0,haze,Moderate,13.66,31.36666667,VAD,3,40.980000000000004,0,haze,Other,0
25.0,4.7,Buffet,electric scooter,23.71,39.0,0.0,clear sky,High,22.51,37.73333333,LUDH,4,90.04,0,clear sky,Other,0
29.0,5.0,Snack,motorcycle,22.71,48.0,0.0,clear sky,Very High,22.84,58.58333333,PUNE,5,114.2,0,clear sky,PUNE,1
30.0,4.7,Drinks,motorcycle,23.61,46.0,0.0,haze,Low,3.55,21.91666667,JAP,2,7.1,0,haze,JAP,0
28.0,4.7,Drinks,motorcycle,22.21,60.0,0.0,haze,Moderate,15.55,38.13333333,INDO,3,46.650000000000006,0,haze,INDO,0
21.0,4.5,Snack,motorcycle,24.92,73.0,0.0,mist,Moderate,9.44,29.2,SUR,3,28.32,0,mist,SUR,0
26.0,4.6,Snack,motorcycle,25.62,42.0,0.0,clear sky,High,12.62,35.53333333,KNP,4,50.48,0,clear sky,Other,0
28.0,4.9,Snack,scooter,22.64,50.0,0.0,clear sky,Moderate,9.31,27.33333333,PUNE,3,27.93,0,clear sky,PUNE,0
31.0,4.6,Drinks,motorcycle,22.17,42.0,0.0,clear sky,High,16.23,41.2,BHP,4,64.92,0,clear sky,Other,0
31.0,4.9,Drinks,motorcycle,22.75,73.0,0.0,haze,High,19.64,51.56666667,BANG,4,78.56,0,haze,BANG,1
38.0,4.8,Drinks,motorcycle,22.15,60.0,0.0,haze,Moderate,12.56,36.11666667,INDO,3,37.68,0,haze,INDO,0
28.0,4.8,Snack,electric scooter,22.78,60.0,0.0,haze,Moderate,9.45,27.26666667,HYD,3,28.349999999999998,0,haze,HYD,0
26.0,4.9,Snack,scooter,25.02,44.0,0.0,clear sky,High,23.59,47.71666667,ALH,4,94.36,0,clear sky,Other,1
22.0,4.9,Meal,motorcycle,28.01,54.0,0.0,clear sky,Moderate,7.71,27.36666667,MUM,3,23.13,0,clear sky,MUM,0
35.0,4.8,Drinks,scooter,25.62,42.0,0.0,clear sky,High,13.14,40.4,KNP,4,52.56,0,clear sky,Other,0
20.0,4.0,Buffet,motorcycle,25.2,85.0,0.0,few clouds,Moderate,11.3,30.4,KOC,3,33.900000000000006,0,clouds,Other,0
32.0,4.7,Drinks,motorcycle,22.76,60.0,0.0,haze,High,15.76,47.8,HYD,4,63.04,0,haze,HYD,1
31.0,3.5,Snack,scooter,26.0,73.0,0.0,haze,High,18.48,41.15,COIMB,4,73.92,0,haze,COIMB,0
22.0,4.5,Meal,scooter,22.91,49.0,0.0,clear sky,Moderate,10.6,26.93333333,PUNE,3,31.799999999999997,0,clear sky,PUNE,0
33.0,4.1,Meal,motorcycle,22.58,73.0,0.0,haze,High,13.6,36.9,BANG,4,54.4,0,haze,BANG,0
28.0,4.8,Buffet,scooter,22.92,60.0,0.0,haze,Low,7.68,23.5,HYD,2,15.36,0,haze,HYD,0
36.0,3.6,Buffet,motorcycle,20.19,83.0,0.0,mist,Moderate,17.05,32.03333333,RANCHI,3,51.150000000000006,0,mist,RANCHI,0
28.0,4.6,Meal,motorcycle,22.59,60.0,0.0,haze,Low,4.87,17.16666667,HYD,2,9.74,0,haze,HYD,0
28.0,4.9,Drinks,motorcycle,20.75,67.0,0.0,clear sky,Moderate,13.53,32.38333333,MYS,3,40.589999999999996,0,clear sky,MYS,0
38.0,4.6,Meal,scooter,23.62,46.0,0.0,haze,Low,3.77,13.5,JAP,2,7.54,0,haze,JAP,0
38.0,4.5,Meal,motorcycle,22.06,60.0,0.0,haze,Low,3.02,12.63333333,INDO,2,6.04,0,haze,INDO,0
28.0,4.5,Drinks,motorcycle,22.16,60.0,0.0,haze,Moderate,13.86,37.25,INDO,3,41.58,0,haze,INDO,0
36.0,4.8,Snack,scooter,22.13,42.0,0.0,clear sky,High,15.32,39.91666667,BHP,4,61.28,0,clear sky,Other,0
20.0,4.5,Snack,scooter,25.92,73.0,0.0,haze,Low,5.97,18.55,COIMB,2,11.94,0,haze,COIMB,0
23.0,4.6,Buffet,scooter,25.02,44.0,0.0,clear sky,Very High,26.54,49.56666667,ALH,5,132.7,0,clear sky,Other,1
32.0,4.4,Snack,motorcycle,22.29,43.0,0.0,clear sky,High,19.17,44.5,INDO,4,76.68,0,clear sky,INDO,0
34.0,4.0,Drinks,scooter,22.3,44.0,0.0,clear sky,Very High,30.35,63.3,INDO,5,151.75,0,clear sky,INDO,1
27.0,5.0,Buffet,scooter,23.7,46.0,0.0,haze,Low,6.5,20.71666667,JAP,2,13.0,0,haze,JAP,0
30.0,4.7,Meal,motorcycle,23.56,27.0,0.0,clear sky,Very High,20.2,48.98333333,JAP,5,101.0,0,clear sky,JAP,1
23.0,4.6,Drinks,scooter,25.09,57.0,0.0,smoke,Very High,21.64,69.25,MUM,5,108.2,0,smoke,MUM,1
32.0,4.3,Meal,scooter,24.94,73.0,0.0,mist,High,20.48,43.95,SUR,4,81.92,0,mist,SUR,0
32.0,4.3,Meal,motorcycle,22.13,43.0,0.0,clear sky,High,12.11,31.83333333,BHP,4,48.44,0,clear sky,Other,0
25.0,4.9,Meal,scooter,25.94,73.0,0.0,haze,Low,5.75,16.46666667,COIMB,2,11.5,0,haze,COIMB,0
29.0,4.7,Meal,scooter,28.35,82.0,0.0,overcast clouds,Very High,27.0,63.86666667,CHEN,5,135.0,0,clouds,CHEN,1
25.0,4.9,Buffet,motorcycle,20.64,67.0,0.0,clear sky,High,19.47,35.3,MYS,4,77.88,0,clear sky,MYS,0
31.0,5.0,Buffet,motorcycle,24.01,38.0,0.0,clear sky,Very Low,2.08,10.26666667,LUDH,1,2.08,1,clear sky,Other,0
29.0,4.6,Drinks,scooter,22.11,60.0,0.0,haze,Very Low,2.31,18.35,INDO,1,2.31,1,haze,INDO,0
28.0,4.6,Snack,motorcycle,24.9,44.0,0.0,clear sky,Very High,27.39,56.3,ALH,5,136.95,0,clear sky,Other,1
35.0,4.9,Snack,electric scooter,27.98,57.0,0.0,smoke,Moderate,8.23,30.23333333,MUM,3,24.69,0,smoke,MUM,0
28.0,4.5,Snack,motorcycle,24.0,64.0,0.0,haze,Very Low,2.39,13.61666667,VAD,1,2.39,1,haze,Other,0
25.0,4.8,Meal,electric scooter,22.13,43.0,0.0,clear sky,Moderate,10.29,29.3,BHP,3,30.869999999999997,0,clear sky,Other,0
37.0,4.7,Snack,motorcycle,20.08,61.0,0.0,scattered clouds,Moderate,17.33,30.2,RANCHI,3,51.989999999999995,0,clouds,RANCHI,0
34.0,4.6,Meal,scooter,22.44,50.0,0.0,clear sky,Moderate,11.01,24.08333333,PUNE,3,33.03,0,clear sky,PUNE,0
35.0,4.7,Drinks,scooter,27.85,57.0,0.0,smoke,Moderate,7.96,43.03333333,MUM,3,23.88,0,smoke,MUM,0
36.0,3.6,Buffet,motorcycle,22.03,73.0,0.0,haze,Very High,30.52,55.06666667,BANG,5,152.6,0,haze,BANG,1
26.0,4.4,Buffet,motorcycle,20.12,83.0,0.0,mist,Low,7.15,23.63333333,RANCHI,2,14.3,0,mist,RANCHI,0
26.0,4.7,Snack,motorcycle,28.39,82.0,0.0,overcast clouds,Very High,18.65,61.96666667,CHEN,5,93.25,0,clouds,CHEN,1
31.0,4.7,Snack,scooter,23.38,46.0,0.0,haze,Low,7.51,21.28333333,JAP,2,15.02,0,haze,JAP,0
22.0,5.0,Drinks,scooter,22.98,43.0,0.0,clear sky,Very High,33.95,65.46666667,KNP,5,169.75,0,clear sky,Other,1
21.0,4.9,Meal,motorcycle,27.45,54.0,0.0,clear sky,Very High,22.99,68.4,MUM,5,114.94999999999999,0,clear sky,MUM,1
25.0,4.8,Buffet,scooter,23.79,28.0,0.0,clear sky,Very High,27.93,59.76666667,JAP,5,139.65,0,clear sky,JAP,1
20.0,4.9,Buffet,motorcycle,22.37,73.0,0.0,haze,Low,7.03,22.25,BANG,2,14.06,0,haze,BANG,0
30.0,4.8,Meal,electric scooter,20.23,83.0,0.0,mist,High,17.81,34.11666667,RANCHI,4,71.24,0,mist,RANCHI,0
21.0,4.1,Meal,motorcycle,28.37,82.0,0.0,overcast clouds,Very High,21.39,60.3,CHEN,5,106.95,0,clouds,CHEN,1
22.0,4.7,Meal,motorcycle,20.16,83.0,0.0,mist,Moderate,8.16,28.86666667,RANCHI,3,24.48,0,mist,RANCHI,0
39.0,4.6,Buffet,motorcycle,22.88,60.0,0.0,haze,Moderate,11.05,30.23333333,HYD,3,33.150000000000006,0,haze,HYD,0
36.0,4.7,Drinks,motorcycle,22.53,73.0,0.0,haze,High,15.6,47.01666667,BANG,4,62.4,0,haze,BANG,1
34.0,4.4,Drinks,motorcycle,23.02,48.0,0.0,clear sky,Very Low,2.25,16.18333333,PUNE,1,2.25,1,clear sky,PUNE,0
29.0,4.6,Snack,scooter,24.99,73.0,0.0,mist,Very Low,3.97,17.21666667,SUR,1,3.97,0,mist,SUR,0
39.0,4.2,Buffet,scooter,27.06,55.0,0.0,clear sky,Very High,35.56,92.16666667,MUM,5,177.8,0,clear sky,MUM,1
25.0,4.7,Buffet,scooter,21.26,60.0,0.0,haze,High,15.81,45.08333333,AURG,4,63.24,0,haze,Other,1
27.0,4.7,Drinks,motorcycle,23.18,72.0,0.0,haze,High,12.65,42.75,BANG,4,50.6,0,haze,BANG,0
34.0,4.9,Meal,scooter,24.0,64.0,0.0,haze,Very Low,4.04,11.3,VAD,1,4.04,0,haze,Other,0
24.0,4.7,Buffet,motorcycle,22.26,44.0,0.0,clear sky,High,18.57,35.4,INDO,4,74.28,0,clear sky,INDO,0
30.0,4.1,Meal,scooter,20.21,63.0,0.0,scattered clouds,High,21.11,39.4,RANCHI,4,84.44,0,clouds,RANCHI,0
23.0,4.6,Buffet,scooter,22.31,50.0,0.0,clear sky,High,15.12,37.96666667,PUNE,4,60.48,0,clear sky,PUNE,0
25.0,4.8,Buffet,motorcycle,28.49,81.0,0.0,mist,Low,4.63,17.25,CHEN,2,9.26,0,mist,CHEN,0
26.0,4.9,Drinks,motorcycle,20.23,67.0,0.0,clear sky,High,25.0,50.4,MYS,4,100.0,0,clear sky,MYS,1
22.0,4.6,Drinks,motorcycle,28.37,81.0,0.0,mist,Moderate,10.8,40.7,CHEN,3,32.400000000000006,0,mist,CHEN,0
23.0,4.7,Meal,motorcycle,22.77,60.0,0.0,haze,High,21.61,38.3,HYD,4,86.44,0,haze,HYD,0
20.0,4.7,Drinks,scooter,23.39,47.0,0.0,clear sky,Very High,21.24,59.05,PUNE,5,106.19999999999999,0,clear sky,PUNE,1
22.0,4.0,Meal,scooter,22.68,49.0,0.0,clear sky,High,15.81,35.41666667,PUNE,4,63.24,0,clear sky,PUNE,0
22.0,4.7,Drinks,scooter,22.69,73.0,0.0,haze,High,11.41,42.78333333,BANG,4,45.64,0,haze,BANG,0
36.0,4.7,Drinks,motorcycle,24.94,73.0,0.0,mist,Very High,20.14,58.63333333,SUR,5,100.7,0,mist,SUR,1
25.0,5.0,Snack,motorcycle,28.03,65.0,0.0,haze,Moderate,14.7,32.35,KOL,3,44.099999999999994,0,haze,Other,0
31.0,4.7,Buffet,motorcycle,20.81,67.0,0.0,clear sky,Moderate,10.3,29.56666667,MYS,3,30.900000000000002,0,clear sky,MYS,0
21.0,4.7,Snack,motorcycle,20.07,64.0,0.0,scattered clouds,High,18.92,38.4,RANCHI,4,75.68,0,clouds,RANCHI,0
33.0,4.7,Buffet,electric scooter,26.01,73.0,0.0,haze,High,15.4,34.93333333,COIMB,4,61.6,0,haze,COIMB,0
25.0,4.8,Drinks,scooter,25.97,73.0,0.0,haze,Moderate,11.43,32.63333333,COIMB,3,34.29,0,haze,COIMB,0
26.0,4.7,Buffet,scooter,22.96,48.0,0.0,clear sky,Low,6.21,20.01666667,PUNE,2,12.42,0,clear sky,PUNE,0
32.0,4.8,Meal,motorcycle,23.03,48.0,0.0,clear sky,High,17.55,36.26666667,PUNE,4,70.2,0,clear sky,PUNE,0
37.0,5.0,Buffet,scooter,22.96,46.0,0.0,haze,Moderate,10.08,24.55,JAP,3,30.240000000000002,0,haze,JAP,0
35.0,4.8,Snack,motorcycle,23.99,46.0,0.0,haze,High,14.46,39.35,JAP,4,57.84,0,haze,JAP,0
25.0,4.6,Buffet,motorcycle,23.95,64.0,0.0,haze,Moderate,17.36,30.6,VAD,3,52.08,0,haze,Other,0
28.0,4.8,Drinks,scooter,25.46,43.0,0.0,clear sky,Very Low,3.67,18.36666667,ALH,1,3.67,0,clear sky,Other,0
33.0,4.7,Buffet,motorcycle,22.58,60.0,0.0,haze,Very High,28.05,56.98333333,HYD,5,140.25,0,haze,HYD,1
21.0,4.5,Buffet,scooter,20.7,67.0,0.0,clear sky,High,18.77,36.01666667,MYS,4,75.08,0,clear sky,MYS,0
31.0,4.7,Snack,scooter,22.58,73.0,0.0,haze,High,13.61,41.4,BANG,4,54.44,0,haze,BANG,0
27.0,4.1,Drinks,motorcycle,24.9,42.0,0.0,clear sky,High,21.59,52.46666667,SUR,4,86.36,0,clear sky,SUR,1
29.0,4.6,Meal,scooter,28.75,74.0,0.0,mist,Low,9.5,22.55,GOA,2,19.0,0,mist,Other,0
26.0,4.9,Drinks,motorcycle,28.34,82.0,0.0,overcast clouds,Very High,21.95,70.18333333,CHEN,5,109.75,0,clouds,CHEN,1
23.0,4.5,Buffet,motorcycle,25.92,73.0,0.0,haze,Low,5.1,15.43333333,COIMB,2,10.2,0,haze,COIMB,0
26.0,4.8,Snack,motorcycle,28.05,57.0,0.0,smoke,Very High,48.72,57.68333333,MUM,5,243.6,0,smoke,MUM,1
20.0,4.7,Drinks,scooter,26.1,73.0,0.0,haze,High,18.06,41.18333333,COIMB,4,72.24,0,haze,COIMB,0
31.0,4.1,Buffet,motorcycle,23.58,47.0,0.0,clear sky,Very High,23.93,60.15,PUNE,5,119.65,0,clear sky,PUNE,1
36.0,4.8,Snack,motorcycle,28.05,57.0,0.0,smoke,High,25.07,50.31666667,MUM,4,100.28,0,smoke,MUM,1
36.0,4.2,Buffet,motorcycle,20.08,83.0,0.0,mist,Low,6.79,25.48333333,RANCHI,2,13.58,0,mist,RANCHI,0
23.0,4.9,Snack,motorcycle,23.91,64.0,0.0,haze,High,24.48,43.8,VAD,4,97.92,0,haze,Other,0
29.0,4.9,Drinks,scooter,22.75,49.0,0.0,clear sky,High,15.88,45.08333333,PUNE,4,63.52,0,clear sky,PUNE,1
22.0,4.8,Snack,motorcycle,20.61,67.0,0.0,clear sky,Moderate,7.25,29.88333333,MYS,3,21.75,0,clear sky,MYS,0
33.0,4.0,Snack,motorcycle,24.93,42.0,0.0,clear sky,High,18.3,41.43333333,SUR,4,73.2,0,clear sky,SUR,0
39.0,4.7,Snack,motorcycle,23.47,47.0,0.0,clear sky,Very High,28.71,63.06666667,PUNE,5,143.55,0,clear sky,PUNE,1
33.0,4.2,Buffet,motorcycle,22.04,60.0,0.0,haze,Moderate,13.48,29.5,INDO,3,40.44,0,haze,INDO,0
23.0,4.8,Meal,motorcycle,25.62,42.0,0.0,clear sky,High,18.98,41.51666667,KNP,4,75.92,0,clear sky,Other,0
28.0,5.0,Snack,motorcycle,25.86,37.0,0.0,clear sky,Low,3.28,18.0,AGR,2,6.56,0,clear sky,Other,0
38.0,4.6,Buffet,motorcycle,22.23,44.0,0.0,clear sky,Moderate,15.81,27.4,INDO,3,47.43,0,clear sky,INDO,0
32.0,4.6,Drinks,scooter,23.3,71.0,0.0,haze,Moderate,9.17,34.01666667,BANG,3,27.509999999999998,0,haze,BANG,0
35.0,4.6,Drinks,motorcycle,27.87,57.0,0.0,smoke,High,15.35,53.45,MUM,4,61.4,0,smoke,MUM,1
39.0,4.9,Snack,scooter,11.16,87.0,0.0,clear sky,Very High,24.82,70.43333333,DEH,5,124.1,0,clear sky,Other,1
21.0,4.9,Snack,electric scooter,22.96,48.0,0.0,clear sky,Low,6.21,22.0,PUNE,2,12.42,0,clear sky,PUNE,0
32.0,4.7,Drinks,electric scooter,20.14,83.0,0.0,mist,Moderate,12.24,40.4,RANCHI,3,36.72,0,mist,RANCHI,0
32.0,4.6,Drinks,motorcycle,24.3,90.0,0.0,scattered clouds,Very High,23.43,58.88333333,KOC,5,117.15,0,clouds,Other,1
31.0,4.6,Meal,scooter,12.02,84.0,0.0,clear sky,Very High,18.49,60.61666667,DEH,5,92.44999999999999,0,clear sky,Other,1
32.0,4.5,Drinks,scooter,23.97,64.0,0.0,haze,Very Low,5.03,20.48333333,VAD,1,5.03,0,haze,Other,0
22.0,4.8,Meal,scooter,20.81,67.0,0.0,clear sky,High,12.3,37.31666667,MYS,4,49.2,0,clear sky,MYS,0
24.0,4.6,Snack,motorcycle,23.03,48.0,0.0,clear sky,Moderate,14.79,32.81666667,PUNE,3,44.37,0,clear sky,PUNE,0
28.0,4.4,Buffet,electric scooter,22.19,60.0,0.0,haze,High,16.74,34.51666667,INDO,4,66.96,0,haze,INDO,0
37.0,4.6,Snack,motorcycle,23.67,46.0,0.0,haze,Very Low,2.08,11.2,JAP,1,2.08,1,haze,JAP,0
23.0,4.8,Snack,scooter,23.24,71.0,0.0,haze,Low,4.86,22.66666667,BANG,2,9.72,0,haze,BANG,0
35.0,4.8,Meal,scooter,23.37,46.0,0.0,haze,Moderate,6.03,25.03333333,JAP,3,18.09,0,haze,JAP,0
23.0,4.7,Meal,scooter,24.95,73.0,0.0,mist,Very Low,2.22,10.23333333,SUR,1,2.22,1,mist,SUR,0
25.0,4.6,Meal,scooter,22.94,49.0,0.0,clear sky,Low,6.66,19.5,PUNE,2,13.32,0,clear sky,PUNE,0
27.0,4.8,Meal,motorcycle,24.94,73.0,0.0,mist,Low,5.58,17.05,SUR,2,11.16,0,mist,SUR,0
33.0,4.4,Snack,motorcycle,22.23,44.0,0.0,clear sky,High,18.49,35.01666667,INDO,4,73.96,0,clear sky,INDO,0
25.0,5.0,Snack,motorcycle,20.7,67.0,0.0,clear sky,High,17.77,35.83333333,MYS,4,71.08,0,clear sky,MYS,0
30.0,4.3,Buffet,scooter,26.03,73.0,0.0,haze,Moderate,9.89,25.13333333,COIMB,3,29.67,0,haze,COIMB,0
22.0,5.0,Buffet,motorcycle,20.8,67.0,0.0,clear sky,High,16.88,34.16666667,MYS,4,67.52,0,clear sky,MYS,0
33.0,4.6,Buffet,motorcycle,24.59,88.0,0.0,few clouds,Moderate,12.86,33.03333333,KOC,3,38.58,0,clouds,Other,0
27.0,5.0,Snack,scooter,22.99,72.0,0.0,haze,Very Low,1.79,12.95,BANG,1,1.79,1,haze,BANG,0
20.0,4.6,Drinks,motorcycle,23.17,72.0,0.0,haze,Moderate,8.96,34.11666667,BANG,3,26.880000000000003,0,haze,BANG,0
20.0,4.9,Buffet,motorcycle,22.64,50.0,0.0,clear sky,Moderate,9.46,30.41666667,PUNE,3,28.380000000000003,0,clear sky,PUNE,0
35.0,5.0,Drinks,motorcycle,25.81,73.0,0.0,haze,Moderate,8.79,35.28333333,COIMB,3,26.369999999999997,0,haze,COIMB,0
33.0,5.0,Meal,scooter,25.95,37.0,0.0,clear sky,High,15.07,38.66666667,AGR,4,60.28,0,clear sky,Other,0
20.0,4.9,Snack,motorcycle,23.58,47.0,0.0,clear sky,High,23.64,49.58333333,PUNE,4,94.56,0,clear sky,PUNE,1
35.0,4.7,Buffet,motorcycle,22.71,60.0,0.0,haze,High,21.08,47.73333333,HYD,4,84.32,0,haze,HYD,1
20.0,4.7,Drinks,motorcycle,24.0,64.0,0.0,haze,Low,6.97,24.28333333,VAD,2,13.94,0,haze,Other,0
22.0,4.9,Snack,electric scooter,22.16,60.0,0.0,haze,Very Low,2.44,13.56666667,INDO,1,2.44,1,haze,INDO,0
36.0,4.9,Buffet,motorcycle,28.05,57.0,0.0,smoke,High,18.91,43.3,MUM,4,75.64,0,smoke,MUM,0
34.0,4.3,Meal,motorcycle,28.47,81.0,0.0,mist,High,14.7,37.13333333,CHEN,4,58.8,0,mist,CHEN,0
25.0,4.7,Snack,motorcycle,23.09,48.0,0.0,clear sky,High,18.87,44.26666667,PUNE,4,75.48,0,clear sky,PUNE,0
21.0,4.8,Snack,motorcycle,24.0,64.0,0.0,haze,Low,5.22,17.48333333,VAD,2,10.44,0,haze,Other,0
37.0,5.0,Meal,scooter,22.19,60.0,0.0,haze,Moderate,13.4,30.98333333,INDO,3,40.2,0,haze,INDO,0
29.0,4.7,Snack,motorcycle,28.32,82.0,0.0,overcast clouds,Very High,26.35,60.36666667,CHEN,5,131.75,0,clouds,CHEN,1
36.0,4.9,Meal,motorcycle,25.62,42.0,0.0,clear sky,High,17.28,40.68333333,KNP,4,69.12,0,clear sky,Other,0
23.0,4.7,Drinks,motorcycle,22.86,73.0,0.0,haze,High,19.29,43.65,BANG,4,77.16,0,haze,BANG,0
28.0,4.5,Buffet,scooter,26.26,73.0,0.0,haze,High,30.43,44.16666667,COIMB,4,121.72,0,haze,COIMB,0
31.0,4.8,Meal,motorcycle,23.12,71.0,0.0,haze,Very Low,2.12,9.95,BANG,1,2.12,1,haze,BANG,0
39.0,4.7,Snack,motorcycle,22.44,50.0,0.0,clear sky,Moderate,11.01,27.98333333,PUNE,3,33.03,0,clear sky,PUNE,0
33.0,4.9,Snack,motorcycle,22.96,60.0,0.0,haze,Moderate,11.47,31.85,HYD,3,34.410000000000004,0,haze,HYD,0
33.0,4.4,Drinks,scooter,28.35,82.0,0.0,overcast clouds,High,18.38,51.03333333,CHEN,4,73.52,0,clouds,CHEN,1
22.0,4.9,Meal,motorcycle,22.94,49.0,0.0,clear sky,Moderate,10.74,27.25,PUNE,3,32.22,0,clear sky,PUNE,0
27.0,4.8,Snack,scooter,22.15,73.0,0.0,haze,Very High,24.05,52.55,BANG,5,120.25,0,haze,BANG,1
31.0,4.8,Buffet,electric scooter,28.51,81.0,0.0,mist,Low,4.09,18.86666667,CHEN,2,8.18,0,mist,CHEN,0
37.0,4.4,Snack,motorcycle,27.97,57.0,0.0,smoke,Moderate,13.18,39.35,MUM,3,39.54,0,smoke,MUM,0
24.0,4.8,Snack,motorcycle,27.86,57.0,0.0,smoke,Very High,31.33,66.6,MUM,5,156.64999999999998,0,smoke,MUM,1
23.0,4.5,Meal,motorcycle,24.95,73.0,0.0,mist,Moderate,11.12,27.43333333,SUR,3,33.36,0,mist,SUR,0
23.0,4.9,Meal,motorcycle,28.32,81.0,0.0,mist,Very Low,2.83,12.85,CHEN,1,2.83,1,mist,CHEN,0
34.0,4.9,Buffet,motorcycle,25.9,73.0,0.0,haze,Very Low,2.01,11.1,COIMB,1,2.01,1,haze,COIMB,0
21.0,4.2,Meal,motorcycle,22.52,60.0,0.0,haze,Very High,27.05,56.43333333,HYD,5,135.25,0,haze,HYD,1
35.0,3.5,Meal,scooter,22.23,44.0,0.0,clear sky,Moderate,16.68,27.9,INDO,3,50.04,0,clear sky,INDO,0
34.0,4.7,Drinks,motorcycle,23.37,39.0,0.0,clear sky,Very High,39.6,56.06666667,LUDH,5,198.0,0,clear sky,Other,1
22.0,4.3,Meal,motorcycle,24.01,46.0,0.0,haze,High,20.04,42.61666667,JAP,4,80.16,0,haze,JAP,0
24.0,5.0,Meal,motorcycle,25.97,73.0,0.0,haze,Very Low,2.76,11.1,COIMB,1,2.76,1,haze,COIMB,0
27.0,4.5,Meal,motorcycle,22.23,44.0,0.0,clear sky,High,19.08,36.45,INDO,4,76.32,0,clear sky,INDO,0
23.0,5.0,Snack,motorcycle,28.37,82.0,0.0,overcast clouds,Very High,18.15,60.3,CHEN,5,90.75,0,clouds,CHEN,1
37.0,4.7,Drinks,motorcycle,27.34,57.0,0.0,smoke,Very High,22.96,77.78333333,MUM,5,114.80000000000001,0,smoke,MUM,1
38.0,4.9,Snack,motorcycle,22.4,42.0,0.0,clear sky,Very Low,2.54,11.83333333,BHP,1,2.54,1,clear sky,Other,0
38.0,4.9,Meal,motorcycle,22.77,72.0,0.0,haze,Moderate,7.0,22.71666667,BANG,3,21.0,0,haze,BANG,0
29.0,4.6,Buffet,scooter,28.34,75.0,0.0,overcast clouds,Very High,30.99,73.58333333,CHEN,5,154.95,0,clouds,CHEN,1
28.0,4.6,Drinks,motorcycle,12.02,84.0,0.0,clear sky,Very High,19.11,70.81666667,DEH,5,95.55,0,clear sky,Other,1
29.0,4.6,Meal,motorcycle,26.03,73.0,0.0,haze,High,14.51,33.36666667,COIMB,4,58.04,0,haze,COIMB,0
23.0,4.7,Buffet,motorcycle,24.99,73.0,0.0,mist,Very Low,3.28,14.1,SUR,1,3.28,0,mist,SUR,0
34.0,4.8,Meal,scooter,25.65,42.0,0.0,clear sky,Moderate,12.98,27.71666667,KNP,3,38.94,0,clear sky,Other,0
20.0,4.6,Meal,motorcycle,28.03,57.0,0.0,smoke,High,19.27,44.7,MUM,4,77.08,0,smoke,MUM,0
36.0,4.9,Snack,motorcycle,25.48,43.0,0.0,clear sky,High,15.99,37.81666667,ALH,4,63.96,0,clear sky,Other,0
35.0,4.7,Drinks,motorcycle,25.97,73.0,0.0,haze,Low,8.13,29.31666667,COIMB,2,16.26,0,haze,COIMB,0
24.0,5.0,Buffet,motorcycle,24.01,64.0,0.0,haze,Moderate,11.75,26.5,VAD,3,35.25,0,haze,Other,0
38.0,4.7,Meal,motorcycle,16.05,79.0,0.0,clear sky,Low,5.07,15.6,DEH,2,10.14,0,clear sky,Other,0
34.0,4.9,Drinks,motorcycle,25.97,73.0,0.0,haze,Moderate,11.58,34.16666667,COIMB,3,34.74,0,haze,COIMB,0
34.0,4.5,Drinks,scooter,24.91,73.0,0.0,mist,Moderate,9.44,35.18333333,SUR,3,28.32,0,mist,SUR,0
29.0,4.9,Drinks,motorcycle,23.02,72.0,0.0,haze,High,15.98,50.48333333,BANG,4,63.92,0,haze,BANG,1
34.0,4.6,Snack,scooter,20.61,67.0,0.0,clear sky,Moderate,9.12,29.0,MYS,3,27.36,0,clear sky,MYS,0
26.0,4.7,Drinks,scooter,22.97,60.0,0.0,haze,Low,8.41,28.93333333,HYD,2,16.82,0,haze,HYD,0
28.0,4.8,Buffet,scooter,24.91,42.0,0.0,clear sky,High,17.94,38.38333333,SUR,4,71.76,0,clear sky,SUR,0
32.0,4.5,Snack,motorcycle,25.94,73.0,0.0,haze,Low,5.75,20.4,COIMB,2,11.5,0,haze,COIMB,0
26.0,4.6,Snack,scooter,24.01,46.0,0.0,haze,High,18.91,43.06666667,JAP,4,75.64,0,haze,JAP,0
39.0,4.9,Snack,scooter,17.44,76.0,0.0,clear sky,Very Low,2.04,13.15,DEH,1,2.04,1,clear sky,Other,0
38.0,4.5,Snack,motorcycle,23.67,39.0,0.0,clear sky,Very High,25.86,54.18333333,LUDH,5,129.3,0,clear sky,Other,1
23.0,4.8,Snack,motorcycle,20.8,67.0,0.0,clear sky,Moderate,16.31,30.18333333,MYS,3,48.92999999999999,0,clear sky,MYS,0
26.0,4.6,Buffet,scooter,21.86,60.0,0.0,haze,Very Low,2.36,10.96666667,AURG,1,2.36,1,haze,Other,0
38.0,5.0,Snack,motorcycle,22.61,60.0,0.0,haze,Low,5.71,17.2,HYD,2,11.42,0,haze,HYD,0
29.0,4.5,Meal,motorcycle,22.73,60.0,0.0,haze,High,16.84,35.46666667,HYD,4,67.36,0,haze,HYD,0
29.0,4.8,Snack,motorcycle,23.72,29.0,0.0,clear sky,Very High,27.45,55.0,JAP,5,137.25,0,clear sky,JAP,1
20.0,4.9,Meal,motorcycle,23.6,46.0,0.0,haze,Low,7.34,17.2,JAP,2,14.68,0,haze,JAP,0
38.0,4.6,Snack,motorcycle,20.8,67.0,0.0,clear sky,Moderate,16.12,34.65,MYS,3,48.36,0,clear sky,MYS,0
27.0,4.6,Drinks,motorcycle,22.46,50.0,0.0,clear sky,Low,8.39,29.51666667,PUNE,2,16.78,0,clear sky,PUNE,0
30.0,4.5,Snack,motorcycle,20.19,83.0,0.0,mist,High,15.67,39.9,RANCHI,4,62.68,0,mist,RANCHI,0
21.0,4.8,Buffet,motorcycle,22.46,73.0,0.0,haze,High,16.67,42.7,BANG,4,66.68,0,haze,BANG,0
36.0,4.7,Meal,scooter,24.14,46.0,0.0,haze,Low,9.41,21.06666667,JAP,2,18.82,0,haze,JAP,0
30.0,4.7,Drinks,motorcycle,25.86,73.0,0.0,haze,Moderate,9.23,32.9,COIMB,3,27.69,0,haze,COIMB,0
26.0,4.2,Drinks,motorcycle,20.18,83.0,0.0,mist,High,15.8,45.46666667,RANCHI,4,63.2,0,mist,RANCHI,1
28.0,4.3,Snack,motorcycle,20.19,83.0,0.0,mist,Very Low,3.1,13.51666667,RANCHI,1,3.1,0,mist,RANCHI,0
37.0,4.7,Meal,motorcycle,28.42,82.0,0.0,overcast clouds,Very High,20.55,59.46666667,CHEN,5,102.75,0,clouds,CHEN,1
21.0,4.8,Snack,motorcycle,25.93,73.0,0.0,haze,Very Low,3.04,15.25,COIMB,1,3.04,0,haze,COIMB,0
36.0,4.9,Buffet,scooter,26.0,73.0,0.0,haze,Moderate,13.46,28.71666667,COIMB,3,40.38,0,haze,COIMB,0
21.0,4.6,Buffet,scooter,21.52,60.0,0.0,haze,High,15.38,48.23333333,AURG,4,61.52,0,haze,Other,1
35.0,4.4,Buffet,motorcycle,23.29,71.0,0.0,haze,Low,4.96,20.61666667,BANG,2,9.92,0,haze,BANG,0
33.0,4.8,Snack,motorcycle,21.68,60.0,0.0,haze,High,15.02,45.03333333,AURG,4,60.08,0,haze,Other,1
35.0,4.9,Snack,motorcycle,20.17,83.0,0.0,mist,High,11.5,39.45,RANCHI,4,46.0,0,mist,RANCHI,0
36.0,4.2,Drinks,motorcycle,24.92,73.0,0.0,mist,Moderate,14.03,41.65,SUR,3,42.089999999999996,0,mist,SUR,0
35.0,4.7,Meal,scooter,22.64,73.0,0.0,haze,Very High,24.37,48.55,BANG,5,121.85000000000001,0,haze,BANG,1
20.0,3.9,Drinks,motorcycle,22.16,60.0,0.0,haze,Moderate,10.17,34.46666667,INDO,3,30.509999999999998,0,haze,INDO,0
29.0,4.6,Meal,motorcycle,23.9,38.0,0.0,clear sky,Moderate,11.75,24.88333333,LUDH,3,35.25,0,clear sky,Other,0
21.0,4.8,Drinks,motorcycle,26.12,73.0,0.0,haze,High,18.09,45.55,COIMB,4,72.36,0,haze,COIMB,1
23.0,4.7,Meal,motorcycle,21.47,60.0,0.0,haze,High,14.37,41.4,AURG,4,57.48,0,haze,Other,0
27.0,4.9,Snack,motorcycle,19.98,83.0,0.0,mist,Moderate,10.0,30.3,RANCHI,3,30.0,0,mist,RANCHI,0
32.0,4.8,Meal,motorcycle,23.01,46.0,0.0,haze,High,17.36,43.18333333,JAP,4,69.44,0,haze,JAP,0
22.0,4.9,Drinks,scooter,24.92,43.0,0.0,clear sky,High,22.71,54.35,SUR,4,90.84,0,clear sky,SUR,1
34.0,4.3,Meal,motorcycle,23.03,48.0,0.0,clear sky,High,15.37,36.4,PUNE,4,61.48,0,clear sky,PUNE,0
39.0,4.0,Snack,motorcycle,20.61,67.0,0.0,clear sky,Low,10.19,23.8,MYS,2,20.38,0,clear sky,MYS,0
26.0,4.7,Snack,motorcycle,24.93,42.0,0.0,clear sky,High,16.73,37.43333333,SUR,4,66.92,0,clear sky,SUR,0
30.0,4.9,Drinks,motorcycle,26.0,73.0,0.0,haze,High,16.69,42.65,COIMB,4,66.76,0,haze,COIMB,0
32.0,4.9,Meal,motorcycle,28.38,82.0,0.0,overcast clouds,Very High,22.66,65.41666667,CHEN,5,113.3,0,clouds,CHEN,1
29.0,4.7,Snack,scooter,20.7,67.0,0.0,clear sky,High,17.86,35.48333333,MYS,4,71.44,0,clear sky,MYS,0
26.0,4.7,Drinks,motorcycle,28.41,81.0,0.0,mist,Low,4.16,25.18333333,CHEN,2,8.32,0,mist,CHEN,0
26.0,4.5,Buffet,scooter,24.89,42.0,0.0,clear sky,Very High,32.32,53.48333333,SUR,5,161.6,0,clear sky,SUR,1
20.0,4.8,Drinks,motorcycle,23.57,46.0,0.0,haze,Low,4.38,23.43333333,JAP,2,8.76,0,haze,JAP,0
36.0,4.2,Drinks,motorcycle,24.59,88.0,0.0,few clouds,Moderate,9.67,35.08333333,KOC,3,29.009999999999998,0,clouds,Other,0
33.0,4.9,Buffet,motorcycle,20.18,83.0,0.0,mist,Moderate,16.82,32.1,RANCHI,3,50.46,0,mist,RANCHI,0
29.0,4.7,Snack,electric scooter,25.93,73.0,0.0,haze,Very Low,2.07,10.9,COIMB,1,2.07,1,haze,COIMB,0
29.0,4.6,Snack,motorcycle,24.9,42.0,0.0,clear sky,High,22.17,44.51666667,SUR,4,88.68,0,clear sky,SUR,0
32.0,5.0,Meal,motorcycle,23.46,72.0,0.0,haze,Low,5.65,18.16666667,BANG,2,11.3,0,haze,BANG,0
24.0,4.5,Buffet,scooter,22.19,60.0,0.0,haze,Moderate,15.88,31.98333333,INDO,3,47.64,0,haze,INDO,0
23.0,4.9,Snack,scooter,22.1,60.0,0.0,haze,Low,4.63,16.45,INDO,2,9.26,0,haze,INDO,0
22.0,4.9,Drinks,motorcycle,27.99,57.0,0.0,smoke,Moderate,12.48,39.96666667,MUM,3,37.44,0,smoke,MUM,0
27.0,4.5,Snack,scooter,23.58,47.0,0.0,clear sky,High,22.85,47.98333333,PUNE,4,91.4,0,clear sky,PUNE,1
30.0,4.9,Drinks,scooter,23.77,46.0,0.0,haze,Moderate,9.12,34.2,JAP,3,27.36,0,haze,JAP,0
30.0,3.6,Snack,electric scooter,22.21,44.0,0.0,clear sky,High,14.73,38.26666667,INDO,4,58.92,0,clear sky,INDO,0
29.0,4.6,Meal,scooter,20.23,67.0,0.0,clear sky,High,26.19,40.43333333,MYS,4,104.76,0,clear sky,MYS,0
32.0,5.0,Meal,motorcycle,24.91,42.0,0.0,clear sky,High,17.3,33.91666667,SUR,4,69.2,0,clear sky,SUR,0
36.0,4.6,Drinks,motorcycle,23.93,64.0,0.0,haze,High,20.28,47.11666667,VAD,4,81.12,0,haze,Other,1
30.0,5.0,Meal,motorcycle,27.98,57.0,0.0,smoke,Moderate,8.23,26.75,MUM,3,24.69,0,smoke,MUM,0
35.0,4.7,Buffet,scooter,21.84,60.0,0.0,haze,Low,5.34,14.71666667,AURG,2,10.68,0,haze,Other,0
21.0,5.0,Snack,scooter,20.54,67.0,0.0,clear sky,Very Low,3.28,11.75,MYS,1,3.28,0,clear sky,MYS,0
38.0,4.5,Drinks,scooter,25.01,73.0,0.0,mist,Low,8.08,30.1,SUR,2,16.16,0,mist,SUR,0
39.0,4.6,Buffet,motorcycle,20.06,83.0,0.0,mist,Low,6.99,25.51666667,RANCHI,2,13.98,0,mist,RANCHI,0
30.0,4.1,Buffet,motorcycle,22.32,73.0,0.0,haze,Very High,18.39,49.76666667,BANG,5,91.95,0,haze,BANG,1
22.0,4.8,Drinks,motorcycle,23.56,39.0,0.0,clear sky,Very High,39.53,58.96666667,LUDH,5,197.65,0,clear sky,Other,1
33.0,3.0,Buffet,motorcycle,22.6,60.0,0.0,haze,Very High,26.32,54.23333333,HYD,5,131.6,0,haze,HYD,1
20.0,4.7,Meal,motorcycle,26.62,57.0,0.0,smoke,Very High,22.94,65.15,MUM,5,114.7,0,smoke,MUM,1
29.0,4.6,Drinks,scooter,25.01,73.0,0.0,mist,Moderate,11.64,39.91666667,SUR,3,34.92,0,mist,SUR,0
30.0,5.0,Drinks,scooter,20.81,67.0,0.0,clear sky,Moderate,15.21,37.98333333,MYS,3,45.63,0,clear sky,MYS,0
38.0,4.9,Meal,scooter,26.46,57.0,0.0,smoke,High,14.75,43.56666667,MUM,4,59.0,0,smoke,MUM,0
27.0,4.6,Snack,motorcycle,22.84,60.0,0.0,haze,Low,8.98,24.03333333,HYD,2,17.96,0,haze,HYD,0
27.0,4.5,Buffet,motorcycle,22.25,44.0,0.0,clear sky,Very High,27.93,49.05,INDO,5,139.65,0,clear sky,INDO,1
21.0,4.8,Buffet,motorcycle,20.25,68.0,0.0,clear sky,High,27.2,46.65,MYS,4,108.8,0,clear sky,MYS,1
30.0,4.8,Drinks,scooter,22.23,44.0,0.0,clear sky,High,17.77,48.65,INDO,4,71.08,0,clear sky,INDO,1
28.0,4.8,Drinks,scooter,24.01,38.0,0.0,clear sky,Very Low,3.47,19.16666667,LUDH,1,3.47,0,clear sky,Other,0
24.0,4.8,Meal,scooter,20.27,83.0,0.0,mist,High,17.04,45.48333333,RANCHI,4,68.16,0,mist,RANCHI,1
34.0,4.8,Snack,scooter,24.0,64.0,0.0,haze,Moderate,13.82,34.66666667,VAD,3,41.46,0,haze,Other,0
20.0,4.7,Snack,motorcycle,23.93,64.0,0.0,haze,High,20.24,41.96666667,VAD,4,80.96,0,haze,Other,0
28.0,4.6,Drinks,scooter,23.65,46.0,0.0,haze,Moderate,9.63,38.2,JAP,3,28.89,0,haze,JAP,0
31.0,4.2,Buffet,electric scooter,23.99,64.0,0.0,haze,Moderate,13.04,27.53333333,VAD,3,39.12,0,haze,Other,0
35.0,4.2,Meal,scooter,22.83,60.0,0.0,haze,High,18.95,41.11666667,HYD,4,75.8,0,haze,HYD,0
39.0,4.8,Snack,motorcycle,22.64,50.0,0.0,clear sky,Low,7.73,22.88333333,PUNE,2,15.46,0,clear sky,PUNE,0
38.0,4.6,Meal,motorcycle,22.18,44.0,0.0,clear sky,High,17.05,37.31666667,INDO,4,68.2,0,clear sky,INDO,0
26.0,4.3,Drinks,motorcycle,26.12,73.0,0.0,haze,High,17.17,43.78333333,COIMB,4,68.68,0,haze,COIMB,0
32.0,4.8,Snack,scooter,24.99,73.0,0.0,mist,Low,7.31,24.93333333,SUR,2,14.62,0,mist,SUR,0
23.0,4.8,Buffet,motorcycle,28.36,81.0,0.0,mist,Low,4.41,16.08333333,CHEN,2,8.82,0,mist,CHEN,0
22.0,4.7,Snack,motorcycle,27.86,57.0,0.0,smoke,Very High,31.33,66.51666667,MUM,5,156.64999999999998,0,smoke,MUM,1
26.0,4.6,Snack,motorcycle,21.94,60.0,0.0,haze,Very Low,3.83,15.55,AURG,1,3.83,0,haze,Other,0
37.0,4.2,Meal,scooter,22.83,60.0,0.0,haze,Low,4.82,15.85,HYD,2,9.64,0,haze,HYD,0
27.0,4.8,Buffet,motorcycle,24.92,43.0,0.0,clear sky,High,16.15,38.83333333,SUR,4,64.6,0,clear sky,SUR,0
31.0,4.9,Meal,scooter,22.33,73.0,0.0,haze,Very High,18.08,48.43333333,BANG,5,90.39999999999999,0,haze,BANG,1
29.0,4.9,Snack,electric scooter,28.03,55.0,0.0,clear sky,Moderate,6.37,26.46666667,MUM,3,19.11,0,clear sky,MUM,0
33.0,4.1,Snack,motorcycle,24.94,73.0,0.0,mist,High,19.34,47.23333333,SUR,4,77.36,0,mist,SUR,1
29.0,3.9,Drinks,motorcycle,25.94,73.0,0.0,haze,Moderate,12.76,34.8,COIMB,3,38.28,0,haze,COIMB,0
33.0,4.5,Drinks,scooter,23.62,46.0,0.0,haze,Low,3.76,21.66666667,JAP,2,7.52,0,haze,JAP,0
29.0,4.6,Drinks,scooter,28.02,65.0,0.0,haze,Very High,23.71,57.93333333,KOL,5,118.55000000000001,0,haze,Other,1
36.0,4.6,Drinks,scooter,23.46,72.0,0.0,haze,Low,6.69,25.78333333,BANG,2,13.38,0,haze,BANG,0
35.0,4.7,Drinks,motorcycle,23.86,29.0,0.0,clear sky,Very High,24.58,57.31666667,JAP,5,122.89999999999999,0,clear sky,JAP,1
29.0,4.5,Meal,motorcycle,23.72,28.0,0.0,clear sky,High,17.09,35.75,JAP,4,68.36,0,clear sky,JAP,0
34.0,5.0,Snack,motorcycle,28.53,81.0,0.0,mist,Low,8.7,26.06666667,CHEN,2,17.4,0,mist,CHEN,0
25.0,4.8,Buffet,motorcycle,28.36,82.0,0.0,overcast clouds,Very High,18.01,58.71666667,CHEN,5,90.05000000000001,0,clouds,CHEN,1
36.0,4.9,Snack,motorcycle,22.92,49.0,0.0,clear sky,Very Low,2.06,11.85,PUNE,1,2.06,1,clear sky,PUNE,0
22.0,3.7,Snack,motorcycle,21.74,60.0,0.0,haze,Moderate,10.49,31.95,AURG,3,31.47,0,haze,Other,0
38.0,4.6,Snack,scooter,22.75,60.0,0.0,haze,Low,2.32,16.88333333,HYD,2,4.64,1,haze,HYD,0
21.0,2.6,Snack,scooter,23.15,48.0,0.0,clear sky,Very High,26.14,64.16666667,PUNE,5,130.7,0,clear sky,PUNE,1
32.0,4.0,Meal,scooter,26.01,73.0,0.0,haze,High,16.18,35.86666667,COIMB,4,64.72,0,haze,COIMB,0
25.0,5.0,Buffet,motorcycle,24.9,42.0,0.0,clear sky,High,23.68,45.75,SUR,4,94.72,0,clear sky,SUR,1
22.0,4.9,Buffet,electric scooter,28.46,81.0,0.0,mist,Low,5.87,19.81666667,CHEN,2,11.74,0,mist,CHEN,0
31.0,4.8,Buffet,electric scooter,20.05,83.0,0.0,mist,Moderate,8.76,27.76666667,RANCHI,3,26.28,0,mist,RANCHI,0
28.0,4.3,Snack,electric scooter,20.62,67.0,0.0,clear sky,High,22.23,37.53333333,MYS,4,88.92,0,clear sky,MYS,0
27.0,4.7,Drinks,scooter,24.0,64.0,0.0,haze,Moderate,13.05,40.25,VAD,3,39.150000000000006,0,haze,Other,0
23.0,4.6,Buffet,motorcycle,23.84,28.0,0.0,clear sky,High,22.34,45.98333333,JAP,4,89.36,0,clear sky,JAP,1
28.0,4.5,Buffet,scooter,24.91,42.0,0.0,clear sky,High,21.05,44.85,SUR,4,84.2,0,clear sky,SUR,0
38.0,5.0,Buffet,motorcycle,23.0,72.0,0.0,haze,High,14.88,39.55,BANG,4,59.52,0,haze,BANG,0
36.0,4.6,Snack,motorcycle,22.91,49.0,0.0,clear sky,High,14.96,43.05,PUNE,4,59.84,0,clear sky,PUNE,0
24.0,4.3,Buffet,motorcycle,23.81,28.0,0.0,clear sky,High,20.47,46.93333333,JAP,4,81.88,0,clear sky,JAP,1
28.0,4.5,Drinks,motorcycle,22.21,44.0,0.0,clear sky,High,14.61,42.88333333,INDO,4,58.44,0,clear sky,INDO,0
25.0,4.8,Buffet,motorcycle,20.8,67.0,0.0,clear sky,Moderate,16.25,32.56666667,MYS,3,48.75,0,clear sky,MYS,0
37.0,4.9,Snack,motorcycle,24.94,73.0,0.0,mist,Low,6.97,23.71666667,SUR,2,13.94,0,mist,SUR,0
34.0,5.0,Drinks,scooter,27.85,57.0,0.0,smoke,High,8.97,45.61666667,MUM,4,35.88,0,smoke,MUM,1
37.0,4.9,Snack,electric scooter,22.5,73.0,0.0,haze,High,15.33,50.6,BANG,4,61.32,0,haze,BANG,1
21.0,4.5,Meal,motorcycle,24.91,42.0,0.0,clear sky,High,16.95,32.81666667,SUR,4,67.8,0,clear sky,SUR,0
33.0,4.9,Drinks,scooter,28.41,82.0,0.0,overcast clouds,Very High,19.98,64.38333333,CHEN,5,99.9,0,clouds,CHEN,1
30.0,4.2,Meal,motorcycle,23.64,46.0,0.0,haze,Moderate,7.53,24.93333333,JAP,3,22.59,0,haze,JAP,0
35.0,4.2,Drinks,motorcycle,23.1,49.0,0.0,clear sky,Very Low,2.3,18.71666667,PUNE,1,2.3,1,clear sky,PUNE,0
27.0,4.6,Snack,motorcycle,25.77,73.0,0.0,haze,Very Low,2.31,13.7,COIMB,1,2.31,1,haze,COIMB,0
34.0,4.7,Meal,motorcycle,24.92,73.0,0.0,mist,Moderate,13.46,30.76666667,SUR,3,40.38,0,mist,SUR,0
33.0,4.8,Meal,motorcycle,24.18,92.0,0.0,broken clouds,Very High,26.21,51.16666667,KOC,5,131.05,0,clouds,Other,1
29.0,4.6,Drinks,motorcycle,26.32,79.0,0.0,clear sky,Low,4.81,24.18333333,KOC,2,9.62,0,clear sky,Other,0
37.0,4.7,Meal,scooter,28.01,57.0,0.0,smoke,High,11.59,38.65,MUM,4,46.36,0,smoke,MUM,0
28.0,4.8,Buffet,motorcycle,24.14,92.0,0.0,scattered clouds,Very High,26.93,56.76666667,KOC,5,134.65,0,clouds,Other,1
23.0,4.6,Snack,motorcycle,20.7,68.0,0.0,clear sky,High,13.96,35.73333333,MYS,4,55.84,0,clear sky,MYS,0
22.0,4.9,Drinks,motorcycle,22.24,44.0,0.0,clear sky,Very High,31.62,59.5,INDO,5,158.1,0,clear sky,INDO,1
21.0,4.6,Meal,scooter,27.99,65.0,0.0,haze,High,19.95,40.56666667,KOL,4,79.8,0,haze,Other,0
22.0,4.8,Buffet,electric scooter,22.68,60.0,0.0,haze,Very High,28.1,52.23333333,HYD,5,140.5,0,haze,HYD,1
33.0,4.9,Meal,motorcycle,23.9,38.0,0.0,clear sky,Low,4.43,13.0,LUDH,2,8.86,0,clear sky,Other,0
39.0,4.2,Snack,scooter,23.27,73.0,0.0,haze,High,16.86,42.05,BANG,4,67.44,0,haze,BANG,0
27.0,4.8,Meal,motorcycle,28.49,81.0,0.0,mist,Moderate,10.9,28.35,CHEN,3,32.7,0,mist,CHEN,0
37.0,4.7,Drinks,motorcycle,22.23,44.0,0.0,clear sky,High,19.18,46.91666667,INDO,4,76.72,0,clear sky,INDO,1
24.0,4.9,Snack,motorcycle,28.35,82.0,0.0,overcast clouds,High,21.28,52.01666667,CHEN,4,85.12,0,clouds,CHEN,1
32.0,4.6,Meal,scooter,22.08,60.0,0.0,haze,Low,4.15,18.45,INDO,2,8.3,0,haze,INDO,0
38.0,3.9,Snack,motorcycle,22.77,60.0,0.0,haze,High,16.3,42.73333333,HYD,4,65.2,0,haze,HYD,0
27.0,4.7,Snack,motorcycle,24.9,42.0,0.0,clear sky,High,20.21,42.83333333,SUR,4,80.84,0,clear sky,SUR,0
26.0,4.8,Snack,electric scooter,27.9,57.0,0.0,smoke,High,9.63,44.18333333,MUM,4,38.52,0,smoke,MUM,0
39.0,4.7,Drinks,motorcycle,27.98,57.0,0.0,smoke,Moderate,11.75,42.85,MUM,3,35.25,0,smoke,MUM,0
38.0,4.7,Meal,electric scooter,22.33,73.0,0.0,haze,Very High,26.27,51.21666667,BANG,5,131.35,0,haze,BANG,1
29.0,4.6,Drinks,motorcycle,26.5,57.0,0.0,smoke,Very High,24.72,76.5,MUM,5,123.6,0,smoke,MUM,1
28.0,4.7,Buffet,electric scooter,24.01,38.0,0.0,clear sky,Very Low,4.71,12.65,LUDH,1,4.71,0,clear sky,Other,0
21.0,4.4,Snack,scooter,22.77,73.0,0.0,haze,Very High,24.77,62.13333333,BANG,5,123.85,0,haze,BANG,1
24.0,4.8,Drinks,motorcycle,23.67,46.0,0.0,haze,Moderate,8.53,33.45,JAP,3,25.589999999999996,0,haze,JAP,0
30.0,4.7,Snack,electric scooter,25.94,73.0,0.0,haze,Low,5.35,20.25,COIMB,2,10.7,0,haze,COIMB,0
36.0,5.0,Snack,scooter,25.95,73.0,0.0,haze,High,13.76,36.25,COIMB,4,55.04,0,haze,COIMB,0
24.0,4.4,Snack,scooter,23.92,64.0,0.0,haze,High,24.3,43.7,VAD,4,97.2,0,haze,Other,0
38.0,4.6,Drinks,scooter,22.27,44.0,0.0,clear sky,High,22.02,46.85,INDO,4,88.08,0,clear sky,INDO,1
24.0,4.7,Buffet,motorcycle,25.84,73.0,0.0,haze,Moderate,8.14,25.8,COIMB,3,24.42,0,haze,COIMB,0
34.0,4.6,Meal,motorcycle,28.34,82.0,0.0,overcast clouds,Very High,22.32,60.85,CHEN,5,111.6,0,clouds,CHEN,1
31.0,4.6,Drinks,motorcycle,24.93,73.0,0.0,mist,High,14.17,44.06666667,SUR,4,56.68,0,mist,SUR,0
37.0,4.9,Drinks,motorcycle,22.26,73.0,0.0,haze,High,23.86,53.38333333,BANG,4,95.44,0,haze,BANG,1
22.0,4.8,Drinks,motorcycle,27.73,57.0,0.0,smoke,High,15.4,58.8,MUM,4,61.6,0,smoke,MUM,1
21.0,4.7,Buffet,scooter,20.7,67.0,0.0,clear sky,High,18.77,35.45,MYS,4,75.08,0,clear sky,MYS,0
29.0,4.7,Buffet,motorcycle,28.53,81.0,0.0,mist,Moderate,9.48,27.88333333,CHEN,3,28.44,0,mist,CHEN,0
33.0,4.8,Drinks,motorcycle,25.68,42.0,0.0,clear sky,High,11.81,48.43333333,KNP,4,47.24,0,clear sky,Other,1
34.0,5.0,Meal,motorcycle,26.01,73.0,0.0,haze,Moderate,11.5,25.93333333,COIMB,3,34.5,0,haze,COIMB,0
36.0,4.8,Buffet,motorcycle,23.98,64.0,0.0,haze,Moderate,18.19,33.91666667,VAD,3,54.57000000000001,0,haze,Other,0
22.0,4.7,Snack,motorcycle,25.62,42.0,0.0,clear sky,High,14.19,36.1,KNP,4,56.76,0,clear sky,Other,0
34.0,4.7,Drinks,scooter,20.14,83.0,0.0,mist,Low,5.55,30.63333333,RANCHI,2,11.1,0,mist,RANCHI,0
23.0,4.8,Buffet,motorcycle,26.84,57.0,0.0,smoke,Very High,31.55,73.16666667,MUM,5,157.75,0,smoke,MUM,1
35.0,4.7,Snack,motorcycle,22.18,60.0,0.0,haze,High,17.09,43.2,INDO,4,68.36,0,haze,INDO,0
33.0,4.8,Buffet,motorcycle,23.95,28.0,0.0,clear sky,High,20.18,46.43333333,JAP,4,80.72,0,clear sky,JAP,1
25.0,4.8,Meal,motorcycle,23.02,48.0,0.0,clear sky,Moderate,8.46,21.63333333,PUNE,3,25.380000000000003,0,clear sky,PUNE,0
20.0,3.8,Snack,motorcycle,28.34,81.0,0.0,mist,Very Low,2.13,14.43333333,CHEN,1,2.13,1,mist,CHEN,0
27.0,4.7,Buffet,scooter,20.14,83.0,0.0,mist,Moderate,6.09,26.33333333,RANCHI,3,18.27,0,mist,RANCHI,0
21.0,4.4,Snack,motorcycle,20.64,67.0,0.0,clear sky,Moderate,15.36,33.73333333,MYS,3,46.08,0,clear sky,MYS,0
36.0,4.7,Drinks,electric scooter,24.18,92.0,0.0,broken clouds,Very High,31.46,65.38333333,KOC,5,157.3,0,clouds,Other,1
31.0,4.6,Snack,motorcycle,22.73,60.0,0.0,haze,High,16.83,39.33333333,HYD,4,67.32,0,haze,HYD,0
24.0,4.9,Snack,motorcycle,22.71,48.0,0.0,clear sky,High,14.16,37.61666667,PUNE,4,56.64,0,clear sky,PUNE,0
26.0,4.5,Snack,motorcycle,28.35,82.0,0.0,overcast clouds,High,18.38,45.7,CHEN,4,73.52,0,clouds,CHEN,1
34.0,4.2,Snack,motorcycle,23.83,29.0,0.0,clear sky,Very High,27.46,51.51666667,JAP,5,137.3,0,clear sky,JAP,1
29.0,4.6,Snack,motorcycle,19.97,83.0,0.0,mist,Low,4.12,18.6,RANCHI,2,8.24,0,mist,RANCHI,0
23.0,5.0,Snack,scooter,25.93,73.0,0.0,haze,Very Low,2.26,12.56666667,COIMB,1,2.26,1,haze,COIMB,0
39.0,4.7,Buffet,scooter,28.33,67.0,0.0,scattered clouds,High,21.04,39.85,GOA,4,84.16,0,clouds,Other,0
33.0,3.9,Snack,motorcycle,22.22,44.0,0.0,clear sky,High,18.3,37.21666667,INDO,4,73.2,0,clear sky,INDO,0
29.0,4.6,Meal,motorcycle,22.85,60.0,0.0,haze,Moderate,8.19,26.88333333,HYD,3,24.57,0,haze,HYD,0
21.0,5.0,Snack,motorcycle,25.86,73.0,0.0,haze,Low,7.57,23.6,COIMB,2,15.14,0,haze,COIMB,0
37.0,5.0,Drinks,motorcycle,23.05,73.0,0.0,haze,Low,5.53,21.53333333,BANG,2,11.06,0,haze,BANG,0
39.0,4.6,Drinks,motorcycle,20.23,67.0,0.0,clear sky,High,24.54,40.23333333,MYS,4,98.16,0,clear sky,MYS,0
38.0,4.7,Drinks,motorcycle,24.94,73.0,0.0,mist,Moderate,12.44,38.63333333,SUR,3,37.32,0,mist,SUR,0
33.0,4.8,Meal,motorcycle,28.48,81.0,0.0,mist,Very Low,3.19,11.16666667,CHEN,1,3.19,0,mist,CHEN,0
39.0,4.4,Drinks,motorcycle,25.86,73.0,0.0,haze,Moderate,10.44,37.15,COIMB,3,31.32,0,haze,COIMB,0
30.0,4.4,Meal,motorcycle,22.22,44.0,0.0,clear sky,High,16.58,34.8,INDO,4,66.32,0,clear sky,INDO,0
35.0,4.9,Drinks,scooter,22.05,60.0,0.0,haze,Low,5.85,27.06666667,INDO,2,11.7,0,haze,INDO,0
32.0,4.9,Buffet,electric scooter,24.92,73.0,0.0,mist,Low,9.13,25.28333333,SUR,2,18.26,0,mist,SUR,0
36.0,4.9,Snack,scooter,25.01,73.0,0.0,mist,Moderate,11.64,34.78333333,SUR,3,34.92,0,mist,SUR,0
20.0,4.5,Snack,motorcycle,21.81,60.0,0.0,haze,Moderate,9.33,32.35,AURG,3,27.990000000000002,0,haze,Other,0
24.0,4.0,Buffet,scooter,22.25,44.0,0.0,clear sky,Moderate,16.63,32.23333333,INDO,3,49.89,0,clear sky,INDO,0
24.0,4.9,Snack,motorcycle,25.99,73.0,0.0,haze,High,15.65,37.98333333,COIMB,4,62.6,0,haze,COIMB,0
21.0,4.6,Snack,motorcycle,28.05,54.0,0.0,clear sky,High,15.94,49.11666667,MUM,4,63.76,0,clear sky,MUM,1
24.0,4.5,Snack,motorcycle,22.99,72.0,0.0,haze,Low,4.38,18.8,BANG,2,8.76,0,haze,BANG,0
36.0,4.6,Drinks,motorcycle,27.02,57.0,0.0,smoke,High,13.83,53.75,MUM,4,55.32,0,smoke,MUM,1
29.0,4.6,Buffet,bicycle,25.86,73.0,0.0,haze,Moderate,9.23,25.75,COIMB,3,27.69,0,haze,COIMB,0
30.0,5.0,Snack,scooter,20.01,83.0,0.0,mist,Low,7.96,26.73333333,RANCHI,2,15.92,0,mist,RANCHI,0
31.0,4.5,Buffet,motorcycle,27.99,65.0,0.0,haze,Moderate,6.37,24.41666667,KOL,3,19.11,0,haze,Other,0
27.0,4.6,Buffet,motorcycle,24.92,43.0,0.0,clear sky,High,21.89,41.28333333,SUR,4,87.56,0,clear sky,SUR,0
26.0,4.9,Buffet,motorcycle,22.69,73.0,0.0,haze,High,11.37,35.76666667,BANG,4,45.48,0,haze,BANG,0
24.0,4.4,Drinks,motorcycle,27.97,52.0,0.0,clear sky,Very High,21.95,61.85,MUM,5,109.75,0,clear sky,MUM,1
34.0,5.0,Snack,scooter,23.83,29.0,0.0,clear sky,Very High,29.72,54.58333333,JAP,5,148.6,0,clear sky,JAP,1
22.0,4.6,Buffet,scooter,26.06,73.0,0.0,haze,Moderate,14.79,31.15,COIMB,3,44.37,0,haze,COIMB,0
21.0,4.8,Buffet,motorcycle,24.89,42.0,0.0,clear sky,Very High,32.32,53.76666667,SUR,5,161.6,0,clear sky,SUR,1
32.0,4.8,Meal,scooter,25.97,73.0,0.0,haze,Low,8.13,20.13333333,COIMB,2,16.26,0,haze,COIMB,0
34.0,4.7,Snack,motorcycle,20.61,67.0,0.0,clear sky,Moderate,9.8,27.13333333,MYS,3,29.400000000000002,0,clear sky,MYS,0
27.0,4.1,Meal,motorcycle,23.83,29.0,0.0,clear sky,Very High,29.44,50.6,JAP,5,147.20000000000002,0,clear sky,JAP,1
21.0,4.7,Drinks,scooter,24.94,43.0,0.0,clear sky,High,14.52,40.3,SUR,4,58.08,0,clear sky,SUR,0
29.0,4.6,Buffet,electric scooter,20.7,68.0,0.0,clear sky,Very High,22.79,49.3,MYS,5,113.94999999999999,0,clear sky,MYS,1
30.0,4.9,Buffet,scooter,28.05,57.0,0.0,smoke,High,18.79,44.56666667,MUM,4,75.16,0,smoke,MUM,0
29.0,4.8,Meal,motorcycle,23.99,64.0,0.0,haze,Low,8.36,17.85,VAD,2,16.72,0,haze,Other,0
28.0,4.6,Buffet,motorcycle,23.6,46.0,0.0,haze,Very Low,3.58,13.86666667,JAP,1,3.58,0,haze,JAP,0
28.0,4.9,Meal,scooter,25.86,73.0,0.0,haze,Moderate,11.24,27.61666667,COIMB,3,33.72,0,haze,COIMB,0
21.0,4.8,Drinks,motorcycle,25.69,42.0,0.0,clear sky,Low,4.22,22.93333333,KNP,2,8.44,0,clear sky,Other,0
21.0,4.8,Snack,motorcycle,27.99,65.0,0.0,haze,Low,6.3,22.13333333,KOL,2,12.6,0,haze,Other,0
21.0,4.5,Buffet,scooter,22.53,73.0,0.0,haze,High,15.56,39.98333333,BANG,4,62.24,0,haze,BANG,0
29.0,4.6,Buffet,electric scooter,25.97,73.0,0.0,haze,Very Low,2.54,10.45,COIMB,1,2.54,1,haze,COIMB,0
25.0,4.2,Buffet,motorcycle,25.2,85.0,0.0,few clouds,Very Low,2.42,12.23333333,KOC,1,2.42,1,clouds,Other,0
38.0,5.0,Snack,scooter,22.87,60.0,0.0,haze,Moderate,11.03,31.05,HYD,3,33.089999999999996,0,haze,HYD,0
21.0,4.8,Snack,motorcycle,28.28,81.0,0.0,mist,Moderate,8.48,28.98333333,CHEN,3,25.44,0,mist,CHEN,0
23.0,4.0,Drinks,scooter,22.77,60.0,0.0,haze,High,18.84,48.71666667,HYD,4,75.36,0,haze,HYD,1
30.0,4.6,Buffet,motorcycle,20.16,63.0,0.0,scattered clouds,Moderate,18.5,34.7,RANCHI,3,55.5,0,clouds,RANCHI,0
39.0,4.6,Drinks,scooter,25.64,43.0,0.0,clear sky,Low,7.18,27.63333333,ALH,2,14.36,0,clear sky,Other,0
29.0,4.8,Buffet,scooter,22.15,60.0,0.0,haze,High,16.74,38.46666667,INDO,4,66.96,0,haze,INDO,0
26.0,4.9,Buffet,motorcycle,22.11,60.0,0.0,haze,Moderate,18.25,31.86666667,INDO,3,54.75,0,haze,INDO,0
37.0,4.8,Meal,motorcycle,24.94,43.0,0.0,clear sky,Moderate,14.36,30.51666667,SUR,3,43.08,0,clear sky,SUR,0
34.0,4.0,Meal,motorcycle,28.4,82.0,0.0,overcast clouds,Very High,29.79,74.95,CHEN,5,148.95,0,clouds,CHEN,1
24.0,4.6,Buffet,motorcycle,26.96,57.0,0.0,smoke,Very High,24.34,70.68333333,MUM,5,121.7,0,smoke,MUM,1
26.0,4.6,Snack,motorcycle,24.92,73.0,0.0,mist,Low,8.48,27.55,SUR,2,16.96,0,mist,SUR,0
36.0,4.4,Snack,motorcycle,20.81,67.0,0.0,clear sky,Moderate,15.01,32.73333333,MYS,3,45.03,0,clear sky,MYS,0
26.0,4.5,Drinks,motorcycle,28.53,81.0,0.0,mist,Moderate,9.48,34.7,CHEN,3,28.44,0,mist,CHEN,0
35.0,4.5,Buffet,scooter,25.87,73.0,0.0,haze,Low,6.16,23.61666667,COIMB,2,12.32,0,haze,COIMB,0
27.0,4.8,Meal,motorcycle,22.98,48.0,0.0,clear sky,High,18.15,42.23333333,PUNE,4,72.6,0,clear sky,PUNE,0
32.0,4.7,Meal,scooter,25.87,73.0,0.0,haze,Very Low,2.29,8.466666667,COIMB,1,2.29,1,haze,COIMB,0
24.0,4.7,Snack,motorcycle,20.8,67.0,0.0,clear sky,Moderate,16.37,29.96666667,MYS,3,49.11,0,clear sky,MYS,0
22.0,4.7,Meal,scooter,23.31,72.0,0.0,haze,Low,6.74,19.9,BANG,2,13.48,0,haze,BANG,0
28.0,5.0,Meal,scooter,23.9,46.0,0.0,haze,Moderate,9.24,25.0,JAP,3,27.72,0,haze,JAP,0
39.0,4.7,Buffet,motorcycle,28.31,81.0,0.0,mist,Low,5.09,21.11666667,CHEN,2,10.18,0,mist,CHEN,0
24.0,4.9,Drinks,scooter,28.48,81.0,0.0,mist,High,14.59,45.8,CHEN,4,58.36,0,mist,CHEN,1
28.0,4.6,Meal,motorcycle,22.82,60.0,0.0,haze,High,16.69,35.48333333,HYD,4,66.76,0,haze,HYD,0
33.0,4.6,Buffet,motorcycle,23.1,49.0,0.0,clear sky,Moderate,7.91,24.26666667,PUNE,3,23.73,0,clear sky,PUNE,0
35.0,4.3,Snack,motorcycle,22.97,60.0,0.0,haze,Low,8.41,23.18333333,HYD,2,16.82,0,haze,HYD,0
33.0,4.8,Buffet,motorcycle,23.12,46.0,0.0,haze,Moderate,10.19,28.85,JAP,3,30.57,0,haze,JAP,0
37.0,4.6,Meal,scooter,22.68,49.0,0.0,clear sky,High,19.17,42.91666667,PUNE,4,76.68,0,clear sky,PUNE,0
37.0,4.9,Drinks,motorcycle,28.42,82.0,0.0,overcast clouds,Very High,18.66,59.75,CHEN,5,93.3,0,clouds,CHEN,1
39.0,4.2,Meal,electric scooter,28.37,81.0,0.0,mist,Very Low,2.29,13.5,CHEN,1,2.29,1,mist,CHEN,0
36.0,4.8,Drinks,scooter,20.54,67.0,0.0,clear sky,Very Low,2.68,17.36666667,MYS,1,2.68,1,clear sky,MYS,0
38.0,4.6,Drinks,electric scooter,28.28,81.0,0.0,mist,Low,4.59,26.53333333,CHEN,2,9.18,0,mist,CHEN,0
36.0,4.8,Meal,motorcycle,22.14,44.0,0.0,clear sky,Very High,28.87,48.75,INDO,5,144.35,0,clear sky,INDO,1
37.0,4.9,Snack,scooter,24.14,46.0,0.0,haze,Low,9.41,25.03333333,JAP,2,18.82,0,haze,JAP,0
37.0,4.8,Snack,motorcycle,24.91,42.0,0.0,clear sky,High,21.84,45.35,SUR,4,87.36,0,clear sky,SUR,1
31.0,4.9,Drinks,motorcycle,22.92,49.0,0.0,clear sky,Low,4.29,23.26666667,PUNE,2,8.58,0,clear sky,PUNE,0
24.0,4.7,Drinks,scooter,22.14,60.0,0.0,haze,Moderate,11.03,34.35,INDO,3,33.089999999999996,0,haze,INDO,0
39.0,4.6,Snack,motorcycle,20.62,67.0,0.0,clear sky,High,26.21,40.36666667,MYS,4,104.84,0,clear sky,MYS,0
26.0,4.9,Meal,scooter,22.71,60.0,0.0,haze,Moderate,11.31,29.26666667,HYD,3,33.93,0,haze,HYD,0
20.0,4.6,Buffet,motorcycle,20.61,67.0,0.0,clear sky,Low,8.87,21.23333333,MYS,2,17.74,0,clear sky,MYS,0
33.0,4.7,Snack,motorcycle,24.8,87.0,0.0,few clouds,High,14.91,41.4,KOC,4,59.64,0,clouds,Other,0
36.0,4.7,Drinks,scooter,22.16,60.0,0.0,haze,Very Low,2.44,18.53333333,INDO,1,2.44,1,haze,INDO,0
26.0,4.8,Meal,motorcycle,20.8,67.0,0.0,clear sky,Moderate,16.12,30.53333333,MYS,3,48.36,0,clear sky,MYS,0
23.0,4.7,Snack,motorcycle,25.93,73.0,0.0,haze,Very Low,2.26,12.55,COIMB,1,2.26,1,haze,COIMB,0
28.0,4.7,Meal,motorcycle,28.5,81.0,0.0,mist,Moderate,12.33,30.86666667,CHEN,3,36.99,0,mist,CHEN,0
25.0,4.7,Snack,motorcycle,20.25,63.0,0.0,scattered clouds,High,20.31,43.53333333,RANCHI,4,81.24,0,clouds,RANCHI,0
30.0,4.2,Drinks,motorcycle,27.99,65.0,0.0,haze,Moderate,6.99,32.16666667,KOL,3,20.97,0,haze,Other,0
33.0,4.6,Drinks,scooter,24.92,73.0,0.0,mist,Moderate,14.03,41.85,SUR,3,42.089999999999996,0,mist,SUR,0
29.0,4.4,Drinks,motorcycle,25.87,73.0,0.0,haze,Very Low,2.29,17.45,COIMB,1,2.29,1,haze,COIMB,0
29.0,4.6,Drinks,scooter,23.99,64.0,0.0,haze,Moderate,13.05,40.25,VAD,3,39.150000000000006,0,haze,Other,0
27.0,5.0,Buffet,motorcycle,25.48,43.0,0.0,clear sky,High,16.51,38.5,ALH,4,66.04,0,clear sky,Other,0
22.0,4.9,Meal,electric scooter,23.72,39.0,0.0,clear sky,High,16.63,38.11666667,LUDH,4,66.52,0,clear sky,Other,0
34.0,4.7,Snack,scooter,28.01,57.0,0.0,smoke,High,18.06,46.6,MUM,4,72.24,0,smoke,MUM,1
28.0,4.6,Drinks,scooter,22.69,73.0,0.0,haze,High,11.37,42.71666667,BANG,4,45.48,0,haze,BANG,0
24.0,4.6,Drinks,motorcycle,22.64,73.0,0.0,haze,Very High,24.11,57.23333333,BANG,5,120.55,0,haze,BANG,1
33.0,4.8,Buffet,scooter,22.14,60.0,0.0,haze,Low,9.11,22.66666667,INDO,2,18.22,0,haze,INDO,0
34.0,4.1,Buffet,motorcycle,25.97,73.0,0.0,haze,Moderate,11.45,25.41666667,COIMB,3,34.349999999999994,0,haze,COIMB,0
29.0,4.2,Buffet,motorcycle,23.01,60.0,0.0,haze,Very Low,3.31,12.0,HYD,1,3.31,0,haze,HYD,0
23.0,4.7,Snack,motorcycle,24.92,73.0,0.0,mist,Moderate,13.63,34.71666667,SUR,3,40.89,0,mist,SUR,0
29.0,4.9,Drinks,scooter,28.35,82.0,0.0,overcast clouds,High,14.72,45.28333333,CHEN,4,58.88,0,clouds,CHEN,1
38.0,4.8,Snack,motorcycle,26.62,57.0,0.0,smoke,Very High,22.94,68.65,MUM,5,114.7,0,smoke,MUM,1
28.0,4.2,Snack,motorcycle,26.16,73.0,0.0,haze,High,22.72,47.65,COIMB,4,90.88,0,haze,COIMB,1
32.0,4.9,Drinks,scooter,27.77,57.0,0.0,smoke,Moderate,12.03,44.56666667,MUM,3,36.089999999999996,0,smoke,MUM,0
36.0,4.7,Meal,motorcycle,24.99,73.0,0.0,mist,Very Low,1.85,9.4,SUR,1,1.85,1,mist,SUR,0
28.0,4.6,Snack,scooter,22.48,73.0,0.0,haze,High,16.02,47.3,BANG,4,64.08,0,haze,BANG,1
29.0,4.6,Meal,scooter,26.56,51.0,0.0,clear sky,Very High,37.43,79.45,MUM,5,187.15,0,clear sky,MUM,1
28.0,4.7,Buffet,motorcycle,23.46,47.0,0.0,clear sky,Very High,23.05,52.5,PUNE,5,115.25,0,clear sky,PUNE,1
21.0,4.7,Drinks,scooter,20.38,67.0,0.0,clear sky,Very Low,2.49,17.85,MYS,1,2.49,1,clear sky,MYS,0
27.0,5.0,Snack,scooter,22.9,60.0,0.0,haze,Low,4.85,19.93333333,HYD,2,9.7,0,haze,HYD,0
35.0,4.5,Buffet,scooter,22.88,60.0,0.0,haze,High,12.6,34.91666667,HYD,4,50.4,0,haze,HYD,0
26.0,4.7,Buffet,motorcycle,28.36,82.0,0.0,overcast clouds,Very High,18.01,58.43333333,CHEN,5,90.05000000000001,0,clouds,CHEN,1
26.0,4.7,Drinks,electric scooter,23.18,71.0,0.0,haze,Very Low,2.33,17.93333333,BANG,1,2.33,1,haze,BANG,0
30.0,4.8,Buffet,scooter,24.99,73.0,0.0,mist,Moderate,8.82,26.3,SUR,3,26.46,0,mist,SUR,0
30.0,4.9,Drinks,motorcycle,22.06,60.0,0.0,haze,Moderate,8.44,33.73333333,INDO,3,25.32,0,haze,INDO,0
29.0,4.4,Snack,motorcycle,23.54,46.0,0.0,haze,Moderate,11.65,32.58333333,JAP,3,34.95,0,haze,JAP,0
25.0,4.7,Drinks,scooter,27.97,57.0,0.0,smoke,Moderate,13.18,43.95,MUM,3,39.54,0,smoke,MUM,0
24.0,4.7,Drinks,motorcycle,20.29,68.0,0.0,clear sky,High,25.38,46.33333333,MYS,4,101.52,0,clear sky,MYS,1
37.0,4.6,Meal,scooter,25.99,73.0,0.0,haze,High,15.72,33.53333333,COIMB,4,62.88,0,haze,COIMB,0
39.0,4.1,Meal,motorcycle,25.97,73.0,0.0,haze,High,17.5,38.53333333,COIMB,4,70.0,0,haze,COIMB,0
25.0,4.8,Snack,scooter,25.89,37.0,0.0,clear sky,High,24.33,40.01666667,AGR,4,97.32,0,clear sky,Other,0
22.0,4.9,Drinks,motorcycle,20.7,67.0,0.0,clear sky,High,18.29,40.93333333,MYS,4,73.16,0,clear sky,MYS,0
33.0,3.7,Snack,motorcycle,23.83,29.0,0.0,clear sky,Very High,29.64,53.88333333,JAP,5,148.2,0,clear sky,JAP,1
33.0,4.7,Drinks,scooter,24.92,73.0,0.0,mist,Low,8.34,31.63333333,SUR,2,16.68,0,mist,SUR,0
34.0,4.7,Drinks,scooter,22.85,60.0,0.0,haze,High,16.23,48.68333333,HYD,4,64.92,0,haze,HYD,1
33.0,4.7,Meal,electric scooter,20.7,67.0,0.0,clear sky,High,18.28,33.2,MYS,4,73.12,0,clear sky,MYS,0
30.0,4.7,Snack,scooter,20.75,67.0,0.0,clear sky,Moderate,11.83,26.23333333,MYS,3,35.49,0,clear sky,MYS,0
35.0,4.9,Buffet,motorcycle,28.37,82.0,0.0,overcast clouds,Very High,18.15,57.86666667,CHEN,5,90.75,0,clouds,CHEN,1
37.0,4.9,Drinks,motorcycle,25.99,73.0,0.0,haze,High,15.83,43.88333333,COIMB,4,63.32,0,haze,COIMB,0
33.0,4.3,Meal,scooter,23.95,28.0,0.0,clear sky,High,17.16,39.73333333,JAP,4,68.64,0,clear sky,JAP,0
29.0,4.7,Drinks,motorcycle,27.95,57.0,0.0,smoke,Very High,27.95,64.7,MUM,5,139.75,0,smoke,MUM,1
28.0,4.6,Meal,motorcycle,22.68,60.0,0.0,haze,High,21.45,46.5,HYD,4,85.8,0,haze,HYD,1
29.0,5.0,Snack,motorcycle,22.78,60.0,0.0,haze,High,18.23,42.6,HYD,4,72.92,0,haze,HYD,0
21.0,4.9,Snack,motorcycle,22.96,46.0,0.0,haze,Moderate,10.08,26.73333333,JAP,3,30.240000000000002,0,haze,JAP,0
38.0,4.8,Snack,motorcycle,25.96,73.0,0.0,haze,High,15.77,38.76666667,COIMB,4,63.08,0,haze,COIMB,0
21.0,5.0,Buffet,electric scooter,23.64,39.0,0.0,clear sky,Very High,23.0,56.71666667,LUDH,5,115.0,0,clear sky,Other,1
35.0,3.7,Meal,scooter,22.31,73.0,0.0,haze,High,18.4,38.31666667,BANG,4,73.6,0,haze,BANG,0
22.0,5.0,Buffet,motorcycle,24.24,91.0,0.0,scattered clouds,High,18.57,44.11666667,KOC,4,74.28,0,clouds,Other,0
20.0,4.9,Buffet,motorcycle,28.41,81.0,0.0,mist,Low,4.16,18.05,CHEN,2,8.32,0,mist,CHEN,0
33.0,4.6,Buffet,motorcycle,28.03,57.0,0.0,smoke,High,20.77,47.55,MUM,4,83.08,0,smoke,MUM,1
31.0,5.0,Buffet,motorcycle,28.47,81.0,0.0,mist,Low,2.78,16.83333333,CHEN,2,5.56,1,mist,CHEN,0
23.0,4.3,Buffet,motorcycle,26.26,73.0,0.0,haze,High,30.43,43.78333333,COIMB,4,121.72,0,haze,COIMB,0
27.0,4.6,Snack,motorcycle,23.32,48.0,0.0,clear sky,Very High,23.97,60.51666667,PUNE,5,119.85,0,clear sky,PUNE,1
29.0,4.9,Snack,motorcycle,23.92,64.0,0.0,haze,High,24.07,42.98333333,VAD,4,96.28,0,haze,Other,0
35.0,4.9,Meal,scooter,22.88,60.0,0.0,haze,Moderate,9.34,23.75,HYD,3,28.02,0,haze,HYD,0
36.0,4.0,Buffet,scooter,20.34,63.0,0.0,scattered clouds,Low,10.7,19.86666667,RANCHI,2,21.4,0,clouds,RANCHI,0
32.0,4.4,Meal,scooter,20.81,60.0,0.0,haze,Very High,21.22,48.73333333,AURG,5,106.1,0,haze,Other,1
27.0,4.7,Drinks,motorcycle,20.8,67.0,0.0,clear sky,High,18.2,40.96666667,MYS,4,72.8,0,clear sky,MYS,0
34.0,5.0,Meal,scooter,23.02,48.0,0.0,clear sky,Low,4.34,12.5,PUNE,2,8.68,0,clear sky,PUNE,0
33.0,4.6,Meal,motorcycle,26.11,73.0,0.0,haze,High,17.17,34.58333333,COIMB,4,68.68,0,haze,COIMB,0
26.0,4.9,Buffet,motorcycle,20.17,83.0,0.0,mist,High,12.12,37.98333333,RANCHI,4,48.48,0,mist,RANCHI,0
21.0,4.9,Meal,scooter,22.92,60.0,0.0,haze,Low,3.75,13.28333333,HYD,2,7.5,0,haze,HYD,0
37.0,4.7,Snack,scooter,28.3,81.0,0.0,mist,Low,6.47,26.71666667,CHEN,2,12.94,0,mist,CHEN,0
34.0,4.1,Drinks,motorcycle,20.19,83.0,0.0,mist,High,14.99,43.81666667,RANCHI,4,59.96,0,mist,RANCHI,0
30.0,4.8,Snack,motorcycle,25.48,83.0,0.0,clear sky,Moderate,7.92,25.91666667,KOC,3,23.759999999999998,0,clear sky,Other,0
35.0,4.7,Buffet,scooter,20.54,67.0,0.0,clear sky,Very Low,2.83,10.56666667,MYS,1,2.83,1,clear sky,MYS,0
26.0,4.9,Drinks,motorcycle,23.46,47.0,0.0,clear sky,Very High,23.05,60.96666667,PUNE,5,115.25,0,clear sky,PUNE,1
30.0,4.2,Drinks,motorcycle,28.39,82.0,0.0,overcast clouds,Very High,26.48,77.93333333,CHEN,5,132.4,0,clouds,CHEN,1
20.0,4.6,Meal,motorcycle,23.56,39.0,0.0,clear sky,Very High,42.11,51.86666667,LUDH,5,210.55,0,clear sky,Other,1
35.0,4.6,Drinks,motorcycle,24.95,73.0,0.0,mist,Moderate,10.38,34.88333333,SUR,3,31.14,0,mist,SUR,0
23.0,4.7,Buffet,scooter,20.18,83.0,0.0,mist,High,19.02,36.86666667,RANCHI,4,76.08,0,mist,RANCHI,0
31.0,4.6,Snack,electric scooter,27.74,57.0,0.0,smoke,Low,4.61,25.51666667,MUM,2,9.22,0,smoke,MUM,0
33.0,4.4,Snack,motorcycle,22.14,60.0,0.0,haze,Moderate,10.55,26.33333333,INDO,3,31.650000000000002,0,haze,INDO,0
27.0,4.5,Drinks,scooter,23.03,48.0,0.0,clear sky,High,12.59,42.03333333,PUNE,4,50.36,0,clear sky,PUNE,0
38.0,4.9,Drinks,motorcycle,28.28,81.0,0.0,mist,Very Low,4.52,20.75,CHEN,1,4.52,0,mist,CHEN,0
35.0,4.4,Buffet,scooter,22.1,60.0,0.0,haze,Moderate,17.5,30.9,INDO,3,52.5,0,haze,INDO,0
29.0,4.8,Drinks,motorcycle,28.37,82.0,0.0,overcast clouds,Very High,16.3,60.88333333,CHEN,5,81.5,0,clouds,CHEN,1
27.0,5.0,Meal,motorcycle,24.94,43.0,0.0,clear sky,Moderate,13.86,30.38333333,SUR,3,41.58,0,clear sky,SUR,0
34.0,4.8,Buffet,scooter,24.01,64.0,0.0,haze,Moderate,13.47,31.23333333,VAD,3,40.410000000000004,0,haze,Other,0
31.0,4.8,Snack,motorcycle,28.03,65.0,0.0,haze,Moderate,9.81,29.26666667,KOL,3,29.43,0,haze,Other,0
30.0,4.0,Meal,motorcycle,20.81,67.0,0.0,clear sky,High,12.3,37.03333333,MYS,4,49.2,0,clear sky,MYS,0
37.0,4.3,Meal,motorcycle,28.42,82.0,0.0,overcast clouds,Very High,18.66,50.65,CHEN,5,93.3,0,clouds,CHEN,1
21.0,4.7,Meal,scooter,23.7,46.0,0.0,haze,Low,6.25,18.16666667,JAP,2,12.5,0,haze,JAP,0
35.0,4.7,Meal,motorcycle,28.01,57.0,0.0,smoke,High,16.9,39.78333333,MUM,4,67.6,0,smoke,MUM,0
38.0,4.8,Meal,motorcycle,24.14,46.0,0.0,haze,Moderate,10.76,22.13333333,JAP,3,32.28,0,haze,JAP,0
23.0,4.6,Snack,motorcycle,24.59,88.0,0.0,few clouds,Moderate,13.34,31.85,KOC,3,40.019999999999996,0,clouds,Other,0
23.0,4.8,Drinks,motorcycle,22.14,60.0,0.0,haze,Moderate,7.21,34.86666667,INDO,3,21.63,0,haze,INDO,0
35.0,4.6,Buffet,motorcycle,24.14,92.0,0.0,scattered clouds,High,22.78,47.66666667,KOC,4,91.12,0,clouds,Other,1
25.0,5.0,Meal,scooter,22.13,43.0,0.0,clear sky,Moderate,12.45,28.55,BHP,3,37.349999999999994,0,clear sky,Other,0
34.0,4.8,Buffet,scooter,19.99,83.0,0.0,mist,Low,7.54,23.1,RANCHI,2,15.08,0,mist,RANCHI,0
24.0,4.7,Drinks,motorcycle,24.99,73.0,0.0,mist,Low,7.64,32.08333333,SUR,2,15.28,0,mist,SUR,0
20.0,4.7,Meal,motorcycle,20.8,67.0,0.0,clear sky,High,20.69,37.86666667,MYS,4,82.76,0,clear sky,MYS,0
25.0,4.9,Buffet,motorcycle,28.48,81.0,0.0,mist,High,14.76,38.66666667,CHEN,4,59.04,0,mist,CHEN,0
31.0,4.5,Drinks,electric scooter,22.81,60.0,0.0,haze,High,21.38,55.7,HYD,4,85.52,0,haze,HYD,1
31.0,3.8,Drinks,electric scooter,26.18,73.0,0.0,haze,High,24.39,55.85,COIMB,4,97.56,0,haze,COIMB,1
20.0,4.7,Snack,motorcycle,25.73,42.0,0.0,clear sky,Low,2.39,18.05,KNP,2,4.78,1,clear sky,Other,0
38.0,4.9,Drinks,motorcycle,22.19,60.0,0.0,haze,High,16.74,44.91666667,INDO,4,66.96,0,haze,INDO,0
31.0,4.9,Drinks,motorcycle,22.8,60.0,0.0,haze,Moderate,10.07,36.05,HYD,3,30.21,0,haze,HYD,0
20.0,4.9,Buffet,motorcycle,20.11,83.0,0.0,mist,Moderate,7.62,26.55,RANCHI,3,22.86,0,mist,RANCHI,0
31.0,4.8,Meal,scooter,22.69,41.0,0.0,clear sky,Moderate,12.66,26.18333333,BHP,3,37.980000000000004,0,clear sky,Other,0
23.0,4.6,Drinks,scooter,23.29,71.0,0.0,haze,Low,4.97,28.66666667,BANG,2,9.94,0,haze,BANG,0
24.0,4.8,Buffet,scooter,22.69,60.0,0.0,haze,High,21.71,48.25,HYD,4,86.84,0,haze,HYD,1
24.0,4.5,Drinks,scooter,23.81,46.0,0.0,haze,Moderate,10.64,37.75,JAP,3,31.92,0,haze,JAP,0
27.0,4.8,Snack,scooter,27.99,57.0,0.0,smoke,Low,6.26,25.25,MUM,2,12.52,0,smoke,MUM,0
24.0,4.7,Drinks,scooter,22.73,60.0,0.0,haze,High,17.95,49.25,HYD,4,71.8,0,haze,HYD,1
26.0,4.2,Drinks,motorcycle,24.03,64.0,0.0,haze,Low,8.73,29.05,VAD,2,17.46,0,haze,Other,0
28.0,4.9,Snack,motorcycle,23.39,47.0,0.0,clear sky,High,15.35,45.51666667,PUNE,4,61.4,0,clear sky,PUNE,1
21.0,4.8,Snack,motorcycle,22.14,60.0,0.0,haze,Low,4.97,22.61666667,INDO,2,9.94,0,haze,INDO,0
31.0,4.8,Snack,motorcycle,25.95,73.0,0.0,haze,Moderate,9.83,31.41666667,COIMB,3,29.490000000000002,0,haze,COIMB,0
29.0,4.6,Drinks,motorcycle,28.01,57.0,0.0,smoke,Low,4.89,31.15,MUM,2,9.78,0,smoke,MUM,0
26.0,4.8,Buffet,scooter,20.54,67.0,0.0,clear sky,Low,4.91,17.06666667,MYS,2,9.82,0,clear sky,MYS,0
30.0,4.9,Buffet,motorcycle,22.12,60.0,0.0,haze,Moderate,11.12,26.35,INDO,3,33.36,0,haze,INDO,0
25.0,4.1,Snack,motorcycle,27.95,57.0,0.0,smoke,Low,4.44,27.88333333,MUM,2,8.88,0,smoke,MUM,0
21.0,4.9,Snack,scooter,26.93,57.0,0.0,smoke,Very High,33.07,82.38333333,MUM,5,165.35,0,smoke,MUM,1
27.0,4.7,Buffet,scooter,28.05,49.0,0.0,clear sky,Low,4.74,15.71666667,MUM,2,9.48,0,clear sky,MUM,0
25.0,4.6,Snack,electric scooter,20.14,83.0,0.0,mist,Moderate,12.24,34.95,RANCHI,3,36.72,0,mist,RANCHI,0
22.0,5.0,Snack,motorcycle,20.25,63.0,0.0,scattered clouds,High,19.03,42.26666667,RANCHI,4,76.12,0,clouds,RANCHI,0
31.0,4.5,Snack,motorcycle,22.64,60.0,0.0,haze,Very High,24.21,54.91666667,HYD,5,121.05000000000001,0,haze,HYD,1
32.0,4.1,Meal,motorcycle,20.22,63.0,0.0,scattered clouds,Low,14.22,21.96666667,RANCHI,2,28.44,0,clouds,RANCHI,0
35.0,3.9,Buffet,motorcycle,24.92,43.0,0.0,clear sky,High,21.09,45.01666667,SUR,4,84.36,0,clear sky,SUR,1
31.0,4.8,Meal,motorcycle,28.03,65.0,0.0,haze,High,20.75,37.66666667,KOL,4,83.0,0,haze,Other,0
34.0,4.8,Snack,electric scooter,25.69,42.0,0.0,clear sky,Very Low,1.62,10.88333333,KNP,1,1.62,1,clear sky,Other,0
22.0,4.3,Meal,motorcycle,24.99,73.0,0.0,mist,Low,3.77,17.55,SUR,2,7.54,0,mist,SUR,0
31.0,4.4,Meal,motorcycle,26.01,73.0,0.0,haze,High,17.11,34.21666667,COIMB,4,68.44,0,haze,COIMB,0
29.0,4.6,Meal,motorcycle,22.74,60.0,0.0,haze,High,21.05,44.01666667,HYD,4,84.2,0,haze,HYD,0
34.0,4.4,Buffet,motorcycle,22.24,44.0,0.0,clear sky,Very High,31.08,51.13333333,INDO,5,155.39999999999998,0,clear sky,INDO,1
23.0,4.9,Drinks,motorcycle,20.61,67.0,0.0,clear sky,Moderate,9.66,32.76666667,MYS,3,28.98,0,clear sky,MYS,0
34.0,4.9,Drinks,scooter,23.64,46.0,0.0,haze,Very Low,3.07,20.65,JAP,1,3.07,0,haze,JAP,0
30.0,4.9,Snack,motorcycle,22.84,48.0,0.0,clear sky,Very High,29.29,63.66666667,PUNE,5,146.45,0,clear sky,PUNE,1
38.0,4.6,Drinks,scooter,22.73,60.0,0.0,haze,High,20.84,44.3,HYD,4,83.36,0,haze,HYD,0
34.0,4.7,Meal,motorcycle,24.9,42.0,0.0,clear sky,High,20.19,40.56666667,SUR,4,80.76,0,clear sky,SUR,0
27.0,4.6,Buffet,scooter,27.63,51.0,0.0,clear sky,Very High,20.87,79.8,MUM,5,104.35000000000001,0,clear sky,MUM,1
22.0,4.5,Drinks,motorcycle,22.14,60.0,0.0,haze,Moderate,11.1,33.4,INDO,3,33.3,0,haze,INDO,0
21.0,4.5,Drinks,scooter,25.86,73.0,0.0,haze,Low,7.51,28.61666667,COIMB,2,15.02,0,haze,COIMB,0
33.0,4.2,Meal,motorcycle,22.1,60.0,0.0,haze,Low,6.92,18.81666667,INDO,2,13.84,0,haze,INDO,0
27.0,4.9,Buffet,motorcycle,20.1,83.0,0.0,mist,Low,4.08,17.71666667,RANCHI,2,8.16,0,mist,RANCHI,0
34.0,3.5,Buffet,motorcycle,22.93,73.0,0.0,haze,High,17.47,41.11666667,BANG,4,69.88,0,haze,BANG,0
39.0,4.8,Drinks,electric scooter,23.77,46.0,0.0,haze,Moderate,9.42,34.85,JAP,3,28.259999999999998,0,haze,JAP,0
35.0,3.5,Snack,motorcycle,22.77,73.0,0.0,haze,Very High,25.02,62.15,BANG,5,125.1,0,haze,BANG,1
32.0,4.9,Meal,motorcycle,28.49,81.0,0.0,mist,Low,4.53,14.98333333,CHEN,2,9.06,0,mist,CHEN,0
32.0,4.3,Drinks,motorcycle,22.76,60.0,0.0,haze,High,19.92,51.55,HYD,4,79.68,0,haze,HYD,1
38.0,4.1,Buffet,motorcycle,23.47,47.0,0.0,clear sky,Very High,29.57,56.91666667,PUNE,5,147.85,0,clear sky,PUNE,1
31.0,4.2,Snack,motorcycle,23.47,47.0,0.0,clear sky,Very High,30.28,60.2,PUNE,5,151.4,0,clear sky,PUNE,1
25.0,4.9,Buffet,motorcycle,28.49,81.0,0.0,mist,Low,4.53,16.98333333,CHEN,2,9.06,0,mist,CHEN,0
30.0,4.4,Drinks,motorcycle,28.88,68.0,0.0,broken clouds,Very High,21.77,60.48333333,GOA,5,108.85,0,clouds,Other,1
25.0,5.0,Snack,motorcycle,23.39,47.0,0.0,clear sky,High,15.35,46.6,PUNE,4,61.4,0,clear sky,PUNE,1
28.0,4.6,Meal,motorcycle,23.92,30.0,0.0,clear sky,Very High,25.98,51.58333333,JAP,5,129.9,0,clear sky,JAP,1
33.0,4.4,Drinks,motorcycle,28.05,57.0,0.0,smoke,Very High,29.68,77.63333333,MUM,5,148.4,0,smoke,MUM,1
34.0,4.0,Meal,scooter,24.99,73.0,0.0,mist,Low,5.07,16.98333333,SUR,2,10.14,0,mist,SUR,0
21.0,4.8,Snack,motorcycle,28.35,82.0,0.0,overcast clouds,Very High,22.11,59.65,CHEN,5,110.55,0,clouds,CHEN,1
37.0,4.6,Meal,motorcycle,28.02,65.0,0.0,haze,Very High,30.19,56.45,KOL,5,150.95000000000002,0,haze,Other,1
26.0,4.9,Meal,motorcycle,22.81,60.0,0.0,haze,High,21.38,46.65,HYD,4,85.52,0,haze,HYD,1
31.0,4.9,Meal,motorcycle,20.23,67.0,0.0,clear sky,High,25.51,42.85,MYS,4,102.04,0,clear sky,MYS,0
20.0,4.9,Drinks,scooter,22.65,73.0,0.0,haze,Moderate,12.57,40.28333333,BANG,3,37.71,0,haze,BANG,0
36.0,4.3,Drinks,motorcycle,23.43,73.0,0.0,haze,Moderate,12.39,39.41666667,BANG,3,37.17,0,haze,BANG,0
23.0,4.8,Buffet,motorcycle,25.06,44.0,0.0,clear sky,High,25.23,46.85,ALH,4,100.92,0,clear sky,Other,1
36.0,4.9,Drinks,motorcycle,22.64,73.0,0.0,haze,High,12.82,46.35,BANG,4,51.28,0,haze,BANG,1
38.0,5.0,Meal,scooter,21.88,60.0,0.0,haze,Low,6.78,16.55,AURG,2,13.56,0,haze,Other,0
26.0,4.7,Meal,electric scooter,22.92,60.0,0.0,haze,Moderate,12.73,29.45,HYD,3,38.19,0,haze,HYD,0
28.0,4.9,Buffet,motorcycle,28.39,82.0,0.0,overcast clouds,Very High,28.68,74.33333333,CHEN,5,143.4,0,clouds,CHEN,1
22.0,4.5,Snack,motorcycle,28.01,57.0,0.0,smoke,Moderate,9.58,39.61666667,MUM,3,28.740000000000002,0,smoke,MUM,0
35.0,4.8,Snack,electric scooter,24.91,73.0,0.0,mist,Moderate,9.48,29.63333333,SUR,3,28.44,0,mist,SUR,0
39.0,4.4,Buffet,electric scooter,19.98,60.0,0.0,haze,Very High,26.39,63.96666667,AURG,5,131.95,0,haze,Other,1
20.0,4.9,Buffet,scooter,24.94,43.0,0.0,clear sky,High,16.15,38.15,SUR,4,64.6,0,clear sky,SUR,0
31.0,4.8,Snack,motorcycle,22.6,73.0,0.0,haze,High,12.5,37.16666667,BANG,4,50.0,0,haze,BANG,0
34.0,4.5,Meal,scooter,23.67,39.0,0.0,clear sky,High,19.9,38.11666667,LUDH,4,79.6,0,clear sky,Other,0
34.0,4.7,Buffet,motorcycle,24.05,38.0,0.0,clear sky,Very Low,3.67,9.166666667,LUDH,1,3.67,0,clear sky,Other,0
23.0,4.6,Snack,scooter,23.12,73.0,0.0,haze,High,18.36,43.76666667,BANG,4,73.44,0,haze,BANG,0
34.0,4.8,Meal,electric scooter,25.87,37.0,0.0,clear sky,Very High,24.02,47.18333333,AGR,5,120.1,0,clear sky,Other,1
35.0,4.3,Drinks,scooter,20.18,83.0,0.0,mist,Moderate,15.71,41.3,RANCHI,3,47.13,0,mist,RANCHI,0
23.0,4.5,Snack,electric scooter,28.42,81.0,0.0,mist,Low,6.21,25.53333333,CHEN,2,12.42,0,mist,CHEN,0
27.0,4.7,Buffet,motorcycle,22.8,60.0,0.0,haze,Low,5.78,21.11666667,HYD,2,11.56,0,haze,HYD,0
25.0,4.5,Snack,motorcycle,20.18,83.0,0.0,mist,Moderate,15.71,36.28333333,RANCHI,3,47.13,0,mist,RANCHI,0
26.0,5.0,Snack,motorcycle,24.3,90.0,0.0,scattered clouds,Very High,23.54,53.25,KOC,5,117.69999999999999,0,clouds,Other,1
20.0,5.0,Drinks,motorcycle,27.26,75.0,0.0,clear sky,Moderate,6.97,38.78333333,KOC,3,20.91,0,clear sky,Other,0
28.0,4.8,Snack,motorcycle,24.92,73.0,0.0,mist,Low,10.18,27.61666667,SUR,2,20.36,0,mist,SUR,0
29.0,4.6,Buffet,scooter,20.61,67.0,0.0,clear sky,Moderate,10.51,28.55,MYS,3,31.53,0,clear sky,MYS,0
38.0,4.6,Drinks,electric scooter,25.62,42.0,0.0,clear sky,Very High,20.31,56.71666667,KNP,5,101.55,0,clear sky,Other,1
23.0,4.6,Meal,motorcycle,20.62,67.0,0.0,clear sky,Moderate,20.5,27.11666667,MYS,3,61.5,0,clear sky,MYS,0
35.0,4.9,Meal,motorcycle,21.96,60.0,0.0,haze,Low,2.31,12.78333333,INDO,2,4.62,1,haze,INDO,0
37.0,4.5,Snack,motorcycle,20.8,67.0,0.0,clear sky,High,17.24,35.55,MYS,4,68.96,0,clear sky,MYS,0
38.0,4.1,Snack,scooter,25.94,73.0,0.0,haze,Moderate,12.2,32.5,COIMB,3,36.599999999999994,0,haze,COIMB,0
31.0,4.7,Drinks,electric scooter,22.98,42.0,0.0,clear sky,High,22.84,49.66666667,KNP,4,91.36,0,clear sky,Other,1
32.0,4.7,Buffet,motorcycle,22.64,73.0,0.0,haze,Very High,24.37,49.3,BANG,5,121.85000000000001,0,haze,BANG,1
23.0,4.9,Snack,motorcycle,20.55,67.0,0.0,clear sky,Low,5.01,19.05,MYS,2,10.02,0,clear sky,MYS,0
30.0,4.6,Drinks,scooter,22.74,60.0,0.0,haze,Low,5.96,23.18333333,HYD,2,11.92,0,haze,HYD,0
23.0,4.7,Buffet,scooter,23.02,48.0,0.0,clear sky,Low,7.32,19.2,PUNE,2,14.64,0,clear sky,PUNE,0
29.0,4.8,Drinks,motorcycle,22.18,60.0,0.0,haze,Moderate,12.9,33.63333333,INDO,3,38.7,0,haze,INDO,0
27.0,5.0,Buffet,scooter,22.29,44.0,0.0,clear sky,Very High,26.95,48.15,INDO,5,134.75,0,clear sky,INDO,1
26.0,4.8,Drinks,motorcycle,24.01,38.0,0.0,clear sky,Very Low,2.26,15.86666667,LUDH,1,2.26,1,clear sky,Other,0
21.0,4.5,Buffet,electric scooter,22.75,60.0,0.0,haze,Very High,22.65,51.43333333,HYD,5,113.25,0,haze,HYD,1
24.0,4.6,Snack,motorcycle,20.3,63.0,0.0,scattered clouds,High,17.44,39.11666667,RANCHI,4,69.76,0,clouds,RANCHI,0
32.0,4.9,Meal,motorcycle,23.86,29.0,0.0,clear sky,Very High,24.58,48.65,JAP,5,122.89999999999999,0,clear sky,JAP,1
33.0,4.9,Drinks,scooter,28.26,82.0,0.0,mist,Moderate,10.88,42.51666667,CHEN,3,32.64,0,mist,CHEN,0
23.0,4.8,Drinks,scooter,20.61,67.0,0.0,clear sky,Low,9.91,28.8,MYS,2,19.82,0,clear sky,MYS,0
34.0,4.9,Snack,electric scooter,24.0,64.0,0.0,haze,Very Low,2.92,13.71666667,VAD,1,2.92,1,haze,Other,0
38.0,4.6,Buffet,motorcycle,20.19,83.0,0.0,mist,High,15.03,37.35,RANCHI,4,60.12,0,mist,RANCHI,0
31.0,4.2,Snack,scooter,23.09,48.0,0.0,clear sky,High,15.98,47.85,PUNE,4,63.92,0,clear sky,PUNE,1
31.0,4.8,Snack,electric scooter,22.68,49.0,0.0,clear sky,High,15.81,39.41666667,PUNE,4,63.24,0,clear sky,PUNE,0
38.0,5.0,Meal,motorcycle,25.86,37.0,0.0,clear sky,Very Low,2.55,9.916666667,AGR,1,2.55,1,clear sky,Other,0
22.0,4.6,Drinks,motorcycle,23.72,28.0,0.0,clear sky,High,17.09,45.21666667,JAP,4,68.36,0,clear sky,JAP,1
37.0,4.8,Buffet,motorcycle,22.57,73.0,0.0,haze,High,23.32,47.71666667,BANG,4,93.28,0,haze,BANG,1
26.0,4.0,Snack,motorcycle,24.91,42.0,0.0,clear sky,High,30.45,49.06666667,SUR,4,121.8,0,clear sky,SUR,1
28.0,4.8,Snack,motorcycle,22.25,44.0,0.0,clear sky,High,19.16,37.91666667,INDO,4,76.64,0,clear sky,INDO,0
21.0,4.8,Drinks,motorcycle,28.99,70.0,0.0,scattered clouds,High,13.39,44.45,GOA,4,53.56,0,clouds,Other,0
21.0,4.4,Buffet,scooter,22.59,60.0,0.0,haze,Very High,30.05,59.58333333,HYD,5,150.25,0,haze,HYD,1
32.0,5.0,Meal,motorcycle,20.06,83.0,0.0,mist,Very Low,2.58,13.08333333,RANCHI,1,2.58,1,mist,RANCHI,0
32.0,4.0,Meal,motorcycle,24.94,73.0,0.0,mist,Very Low,1.6,8.433333333,SUR,1,1.6,1,mist,SUR,0
21.0,4.8,Meal,motorcycle,28.01,65.0,0.0,haze,Very High,28.96,55.41666667,KOL,5,144.8,0,haze,Other,1
37.0,4.7,Meal,motorcycle,25.48,43.0,0.0,clear sky,High,14.97,34.28333333,ALH,4,59.88,0,clear sky,Other,0
22.0,4.6,Meal,motorcycle,22.28,44.0,0.0,clear sky,High,22.12,36.93333333,INDO,4,88.48,0,clear sky,INDO,0
30.0,4.9,Drinks,motorcycle,22.91,49.0,0.0,clear sky,Moderate,13.26,38.76666667,PUNE,3,39.78,0,clear sky,PUNE,0
37.0,4.9,Meal,motorcycle,20.2,83.0,0.0,mist,High,11.38,34.8,RANCHI,4,45.52,0,mist,RANCHI,0
21.0,4.6,Snack,motorcycle,20.19,83.0,0.0,mist,High,17.99,40.38333333,RANCHI,4,71.96,0,mist,RANCHI,0
23.0,4.5,Snack,electric scooter,20.64,67.0,0.0,clear sky,Moderate,18.0,31.56666667,MYS,3,54.0,0,clear sky,MYS,0
20.0,4.9,Buffet,motorcycle,20.81,67.0,0.0,clear sky,Moderate,15.3,30.2,MYS,3,45.900000000000006,0,clear sky,MYS,0
24.0,4.7,Buffet,motorcycle,25.46,43.0,0.0,clear sky,Very Low,3.46,12.01666667,ALH,1,3.46,0,clear sky,Other,0
35.0,4.2,Snack,motorcycle,17.24,78.0,0.0,clear sky,Low,7.09,21.48333333,DEH,2,14.18,0,clear sky,Other,0
29.0,1.0,Buffet,motorcycle,22.33,73.0,0.0,haze,High,20.46,47.01666667,BANG,4,81.84,0,haze,BANG,1
21.0,4.7,Snack,scooter,26.11,73.0,0.0,haze,High,20.42,47.86666667,COIMB,4,81.68,0,haze,COIMB,1
33.0,4.7,Snack,motorcycle,22.92,49.0,0.0,clear sky,Very Low,2.06,11.73333333,PUNE,1,2.06,1,clear sky,PUNE,0
25.0,4.6,Snack,electric scooter,22.74,60.0,0.0,haze,Moderate,12.73,35.03333333,HYD,3,38.19,0,haze,HYD,0
20.0,4.8,Meal,motorcycle,22.65,73.0,0.0,haze,Moderate,11.89,30.56666667,BANG,3,35.67,0,haze,BANG,0
36.0,5.0,Drinks,motorcycle,20.01,83.0,0.0,mist,Low,7.89,32.1,RANCHI,2,15.78,0,mist,RANCHI,0
37.0,4.9,Snack,motorcycle,28.05,57.0,0.0,smoke,Low,4.93,25.28333333,MUM,2,9.86,0,smoke,MUM,0
23.0,4.9,Drinks,motorcycle,23.97,29.0,0.0,clear sky,Very High,31.46,66.18333333,JAP,5,157.3,0,clear sky,JAP,1
33.0,4.8,Buffet,motorcycle,22.79,60.0,0.0,haze,Very Low,2.52,12.38333333,HYD,1,2.52,1,haze,HYD,0
29.0,4.5,Meal,scooter,23.68,46.0,0.0,haze,Very Low,2.06,7.766666667,JAP,1,2.06,1,haze,JAP,0
34.0,4.8,Meal,motorcycle,24.0,64.0,0.0,haze,Very Low,2.39,9.5,VAD,1,2.39,1,haze,Other,0
29.0,5.0,Snack,motorcycle,23.62,46.0,0.0,haze,Moderate,12.33,30.93333333,JAP,3,36.99,0,haze,JAP,0
23.0,4.6,Drinks,scooter,22.19,60.0,0.0,haze,Moderate,11.53,36.6,INDO,3,34.589999999999996,0,haze,INDO,0
32.0,4.8,Drinks,motorcycle,27.9,50.0,0.0,clear sky,High,11.67,42.18333333,MUM,4,46.68,0,clear sky,MUM,0
27.0,4.6,Drinks,scooter,22.9,60.0,0.0,haze,Low,2.92,21.51666667,HYD,2,5.84,1,haze,HYD,0
32.0,4.6,Buffet,electric scooter,28.34,75.0,0.0,overcast clouds,Very High,28.47,69.83333333,CHEN,5,142.35,0,clouds,CHEN,1
29.0,3.6,Buffet,motorcycle,24.01,64.0,0.0,haze,Moderate,13.47,30.7,VAD,3,40.410000000000004,0,haze,Other,0
22.0,4.8,Snack,scooter,28.46,81.0,0.0,mist,Low,4.84,21.5,CHEN,2,9.68,0,mist,CHEN,0
22.0,4.6,Drinks,motorcycle,25.99,73.0,0.0,haze,Moderate,12.12,34.56666667,COIMB,3,36.36,0,haze,COIMB,0
28.0,5.0,Meal,scooter,26.11,73.0,0.0,haze,High,18.09,36.2,COIMB,4,72.36,0,haze,COIMB,0
34.0,4.6,Snack,scooter,22.81,60.0,0.0,haze,High,19.76,46.18333333,HYD,4,79.04,0,haze,HYD,1
33.0,5.0,Drinks,scooter,22.59,60.0,0.0,haze,Very High,30.05,66.51666667,HYD,5,150.25,0,haze,HYD,1
31.0,4.5,Snack,motorcycle,22.74,60.0,0.0,haze,High,19.43,45.25,HYD,4,77.72,0,haze,HYD,1
21.0,5.0,Drinks,motorcycle,23.9,29.0,0.0,clear sky,Very High,25.84,57.45,JAP,5,129.2,0,clear sky,JAP,1
32.0,5.0,Buffet,electric scooter,28.03,57.0,0.0,smoke,Low,6.0,20.26666667,MUM,2,12.0,0,smoke,MUM,0
33.0,4.7,Meal,motorcycle,22.59,60.0,0.0,haze,Very High,30.73,68.0,HYD,5,153.65,0,haze,HYD,1
22.0,4.6,Meal,electric scooter,23.46,47.0,0.0,clear sky,Very High,23.05,53.01666667,PUNE,5,115.25,0,clear sky,PUNE,1
22.0,4.5,Meal,scooter,28.01,65.0,0.0,haze,High,20.45,42.4,KOL,4,81.8,0,haze,Other,0
33.0,4.6,Meal,motorcycle,21.97,60.0,0.0,haze,Low,11.52,21.56666667,INDO,2,23.04,0,haze,INDO,0
28.0,4.9,Meal,motorcycle,23.95,64.0,0.0,haze,Moderate,17.36,28.06666667,VAD,3,52.08,0,haze,Other,0
30.0,4.5,Snack,motorcycle,22.29,73.0,0.0,haze,Very High,26.43,58.43333333,BANG,5,132.15,0,haze,BANG,1
30.0,4.3,Meal,motorcycle,23.47,47.0,0.0,clear sky,Very High,30.28,55.61666667,PUNE,5,151.4,0,clear sky,PUNE,1
26.0,4.6,Buffet,motorcycle,22.12,60.0,0.0,haze,Low,6.42,20.58333333,INDO,2,12.84,0,haze,INDO,0
32.0,4.7,Drinks,motorcycle,22.53,73.0,0.0,haze,High,12.6,48.96666667,BANG,4,50.4,0,haze,BANG,1
29.0,4.6,Snack,electric scooter,26.03,73.0,0.0,haze,Moderate,10.73,26.7,COIMB,3,32.19,0,haze,COIMB,0
20.0,4.8,Snack,scooter,25.96,73.0,0.0,haze,High,15.77,38.55,COIMB,4,63.08,0,haze,COIMB,0
23.0,4.6,Buffet,electric scooter,24.3,90.0,0.0,scattered clouds,High,18.71,47.85,KOC,4,74.84,0,clouds,Other,1
26.0,4.9,Snack,motorcycle,23.56,46.0,0.0,haze,Low,6.06,22.85,JAP,2,12.12,0,haze,JAP,0
37.0,4.8,Meal,motorcycle,23.99,64.0,0.0,haze,Very Low,2.74,9.1,VAD,1,2.74,1,haze,Other,0
28.0,5.0,Buffet,motorcycle,20.01,83.0,0.0,mist,Moderate,10.0,27.88333333,RANCHI,3,30.0,0,mist,RANCHI,0
23.0,4.8,Drinks,scooter,24.0,29.0,0.0,clear sky,Very High,26.45,58.7,JAP,5,132.25,0,clear sky,JAP,1
22.0,4.8,Snack,motorcycle,28.51,81.0,0.0,mist,Low,6.76,22.41666667,CHEN,2,13.52,0,mist,CHEN,0
38.0,4.9,Drinks,motorcycle,22.92,49.0,0.0,clear sky,Low,4.37,22.66666667,PUNE,2,8.74,0,clear sky,PUNE,0
32.0,4.6,Snack,scooter,23.03,48.0,0.0,clear sky,Moderate,9.72,32.23333333,PUNE,3,29.160000000000004,0,clear sky,PUNE,0
32.0,4.3,Meal,electric scooter,27.98,65.0,0.0,haze,Very High,25.55,48.56666667,KOL,5,127.75,0,haze,Other,1
37.0,4.8,Snack,motorcycle,22.14,60.0,0.0,haze,Moderate,12.96,34.8,INDO,3,38.88,0,haze,INDO,0
35.0,4.8,Snack,motorcycle,23.72,29.0,0.0,clear sky,Very High,28.64,54.75,JAP,5,143.2,0,clear sky,JAP,1
36.0,5.0,Drinks,motorcycle,28.4,82.0,0.0,overcast clouds,Very High,29.9,84.35,CHEN,5,149.5,0,clouds,CHEN,1
24.0,4.5,Buffet,scooter,20.61,67.0,0.0,clear sky,Low,7.57,22.26666667,MYS,2,15.14,0,clear sky,MYS,0
29.0,4.9,Snack,electric scooter,21.93,60.0,0.0,haze,Low,4.1,20.33333333,AURG,2,8.2,0,haze,Other,0
38.0,4.8,Drinks,motorcycle,21.74,60.0,0.0,haze,Moderate,9.44,32.63333333,AURG,3,28.32,0,haze,Other,0
20.0,4.6,Meal,scooter,22.82,73.0,0.0,haze,High,16.25,35.98333333,BANG,4,65.0,0,haze,BANG,0
25.0,4.7,Buffet,scooter,28.66,70.0,0.0,scattered clouds,Moderate,12.25,32.63333333,GOA,3,36.75,0,clouds,Other,0
28.0,4.0,Drinks,motorcycle,22.16,60.0,0.0,haze,Moderate,9.33,32.41666667,INDO,3,27.990000000000002,0,haze,INDO,0
34.0,4.9,Snack,motorcycle,28.39,82.0,0.0,overcast clouds,Very High,20.12,62.71666667,CHEN,5,100.60000000000001,0,clouds,CHEN,1
37.0,4.8,Buffet,motorcycle,22.88,60.0,0.0,haze,Moderate,11.05,29.86666667,HYD,3,33.150000000000006,0,haze,HYD,0
31.0,4.7,Buffet,motorcycle,21.45,60.0,0.0,haze,High,15.83,39.35,AURG,4,63.32,0,haze,Other,0
37.0,4.6,Meal,motorcycle,28.44,81.0,0.0,mist,Moderate,12.43,30.66666667,CHEN,3,37.29,0,mist,CHEN,0
32.0,5.0,Drinks,motorcycle,20.01,83.0,0.0,mist,Very Low,2.16,20.08333333,RANCHI,1,2.16,1,mist,RANCHI,0
38.0,4.3,Snack,scooter,23.99,29.0,0.0,clear sky,Very High,24.68,50.63333333,JAP,5,123.4,0,clear sky,JAP,1
27.0,4.9,Snack,motorcycle,20.54,67.0,0.0,clear sky,Very Low,3.67,13.73333333,MYS,1,3.67,0,clear sky,MYS,0
23.0,4.8,Buffet,motorcycle,20.17,83.0,0.0,mist,High,10.62,38.11666667,RANCHI,4,42.48,0,mist,RANCHI,0
27.0,4.9,Buffet,scooter,22.85,60.0,0.0,haze,Moderate,14.95,30.16666667,HYD,3,44.849999999999994,0,haze,HYD,0
24.0,4.9,Drinks,motorcycle,23.39,47.0,0.0,clear sky,Very High,20.13,61.36666667,PUNE,5,100.64999999999999,0,clear sky,PUNE,1
22.0,4.8,Drinks,scooter,22.84,46.0,0.0,haze,Very High,23.18,62.83333333,JAP,5,115.9,0,haze,JAP,1
24.0,4.9,Buffet,motorcycle,20.18,83.0,0.0,mist,Moderate,16.82,31.8,RANCHI,3,50.46,0,mist,RANCHI,0
29.0,4.6,Buffet,electric scooter,12.02,84.0,0.0,clear sky,Very High,16.46,57.03333333,DEH,5,82.30000000000001,0,clear sky,Other,1
31.0,4.9,Snack,motorcycle,25.96,73.0,0.0,haze,Moderate,11.45,30.1,COIMB,3,34.349999999999994,0,haze,COIMB,0
30.0,4.4,Buffet,motorcycle,25.95,37.0,0.0,clear sky,High,7.93,35.21666667,AGR,4,31.72,0,clear sky,Other,0
38.0,4.1,Meal,motorcycle,22.31,50.0,0.0,clear sky,Moderate,9.33,23.41666667,PUNE,3,27.990000000000002,0,clear sky,PUNE,0
24.0,4.9,Meal,motorcycle,22.09,60.0,0.0,haze,Moderate,11.77,28.0,INDO,3,35.31,0,haze,INDO,0
26.0,4.7,Buffet,scooter,22.1,60.0,0.0,haze,Moderate,8.6,25.93333333,INDO,3,25.799999999999997,0,haze,INDO,0
25.0,4.7,Drinks,electric scooter,28.32,81.0,0.0,mist,Low,5.64,26.66666667,CHEN,2,11.28,0,mist,CHEN,0
29.0,5.0,Meal,motorcycle,23.46,47.0,0.0,clear sky,Very High,23.05,53.55,PUNE,5,115.25,0,clear sky,PUNE,1
36.0,5.0,Drinks,motorcycle,28.32,81.0,0.0,mist,Very Low,2.55,22.45,CHEN,1,2.55,1,mist,CHEN,0
29.0,4.8,Snack,scooter,22.64,73.0,0.0,haze,Very High,27.09,60.53333333,BANG,5,135.45,0,haze,BANG,1
29.0,4.6,Drinks,motorcycle,28.05,57.0,0.0,smoke,Very High,49.15,62.7,MUM,5,245.75,0,smoke,MUM,1
25.0,4.6,Drinks,motorcycle,24.92,73.0,0.0,mist,Moderate,13.94,40.81666667,SUR,3,41.82,0,mist,SUR,0
29.0,4.8,Buffet,electric scooter,20.61,67.0,0.0,clear sky,Moderate,10.01,25.21666667,MYS,3,30.03,0,clear sky,MYS,0
35.0,4.5,Buffet,motorcycle,28.86,66.0,0.0,broken clouds,Very High,27.01,52.03333333,GOA,5,135.05,0,clouds,Other,1
38.0,4.8,Buffet,scooter,20.7,66.0,0.0,clear sky,Low,4.48,14.35,MYS,2,8.96,0,clear sky,MYS,0
31.0,5.0,Meal,motorcycle,27.26,57.0,0.0,smoke,Very High,18.18,56.43333333,MUM,5,90.9,0,smoke,MUM,1
36.0,4.2,Drinks,motorcycle,24.94,73.0,0.0,mist,Low,7.0,28.56666667,SUR,2,14.0,0,mist,SUR,0
27.0,5.0,Snack,motorcycle,21.74,60.0,0.0,haze,Moderate,14.27,32.98333333,AURG,3,42.81,0,haze,Other,0
31.0,4.6,Meal,scooter,24.92,43.0,0.0,clear sky,High,18.48,36.86666667,SUR,4,73.92,0,clear sky,SUR,0
20.0,5.0,Drinks,motorcycle,20.36,60.0,0.0,haze,Very High,21.42,64.15,AURG,5,107.10000000000001,0,haze,Other,1
37.0,3.7,Drinks,scooter,22.59,60.0,0.0,haze,Very High,25.63,61.73333333,HYD,5,128.15,0,haze,HYD,1
33.0,4.6,Drinks,motorcycle,22.73,60.0,0.0,haze,High,20.84,44.35,HYD,4,83.36,0,haze,HYD,0
27.0,4.7,Drinks,motorcycle,26.06,73.0,0.0,haze,Moderate,13.92,38.56666667,COIMB,3,41.76,0,haze,COIMB,0
29.0,5.0,Snack,scooter,22.14,60.0,0.0,haze,High,16.98,42.05,INDO,4,67.92,0,haze,INDO,0
35.0,4.9,Snack,scooter,28.31,82.0,0.0,mist,Moderate,13.76,31.23333333,CHEN,3,41.28,0,mist,CHEN,0
30.0,4.4,Drinks,motorcycle,26.11,73.0,0.0,haze,High,18.09,45.13333333,COIMB,4,72.36,0,haze,COIMB,1
34.0,3.9,Buffet,scooter,24.24,91.0,0.0,scattered clouds,High,16.84,39.05,KOC,4,67.36,0,clouds,Other,0
23.0,4.8,Meal,motorcycle,26.1,73.0,0.0,haze,Very High,26.45,47.35,COIMB,5,132.25,0,haze,COIMB,1
35.0,4.6,Drinks,motorcycle,23.97,64.0,0.0,haze,Moderate,18.18,39.91666667,VAD,3,54.54,0,haze,Other,0
20.0,5.0,Snack,scooter,22.96,48.0,0.0,clear sky,Moderate,10.05,29.71666667,PUNE,3,30.150000000000002,0,clear sky,PUNE,0
29.0,4.6,Drinks,motorcycle,23.62,46.0,0.0,haze,Low,4.79,21.46666667,JAP,2,9.58,0,haze,JAP,0
29.0,4.6,Buffet,scooter,22.78,60.0,0.0,haze,High,18.23,40.6,HYD,4,72.92,0,haze,HYD,0
30.0,4.6,Buffet,motorcycle,28.43,83.0,0.0,overcast clouds,Very High,30.58,76.46666667,CHEN,5,152.89999999999998,0,clouds,CHEN,1
25.0,4.6,Meal,electric scooter,24.92,43.0,0.0,clear sky,High,24.59,43.73333333,SUR,4,98.36,0,clear sky,SUR,0
35.0,4.8,Buffet,electric scooter,27.99,65.0,0.0,haze,Very High,22.67,50.98333333,KOL,5,113.35000000000001,0,haze,Other,1
38.0,4.4,Drinks,motorcycle,28.98,70.0,0.0,scattered clouds,Very Low,2.61,20.83333333,GOA,1,2.61,1,clouds,Other,0
34.0,3.5,Meal,scooter,27.98,65.0,0.0,haze,High,23.61,43.01666667,KOL,4,94.44,0,haze,Other,0
22.0,4.9,Meal,motorcycle,25.95,37.0,0.0,clear sky,Moderate,7.29,28.1,AGR,3,21.87,0,clear sky,Other,0
34.0,4.7,Meal,motorcycle,23.99,64.0,0.0,haze,Moderate,13.82,30.46666667,VAD,3,41.46,0,haze,Other,0
22.0,4.9,Buffet,scooter,20.61,67.0,0.0,clear sky,Moderate,10.01,25.06666667,MYS,3,30.03,0,clear sky,MYS,0
28.0,4.8,Meal,motorcycle,28.97,74.0,0.0,mist,Low,5.78,17.45,GOA,2,11.56,0,mist,Other,0
23.0,4.7,Meal,motorcycle,28.28,81.0,0.0,mist,Very Low,4.56,11.7,CHEN,1,4.56,0,mist,CHEN,0
39.0,4.3,Drinks,motorcycle,20.08,61.0,0.0,scattered clouds,Moderate,17.33,35.58333333,RANCHI,3,51.989999999999995,0,clouds,RANCHI,0
21.0,5.0,Drinks,scooter,25.52,42.0,0.0,clear sky,Moderate,11.52,32.98333333,KNP,3,34.56,0,clear sky,Other,0
25.0,5.0,Meal,motorcycle,24.99,73.0,0.0,mist,Moderate,8.82,24.01666667,SUR,3,26.46,0,mist,SUR,0
39.0,4.2,Meal,scooter,24.0,29.0,0.0,clear sky,Very High,29.74,46.3,JAP,5,148.7,0,clear sky,JAP,1
35.0,4.7,Snack,scooter,26.2,73.0,0.0,haze,High,21.28,44.58333333,COIMB,4,85.12,0,haze,COIMB,0
34.0,4.5,Meal,motorcycle,22.29,43.0,0.0,clear sky,High,23.69,44.18333333,INDO,4,94.76,0,clear sky,INDO,0
36.0,4.6,Snack,scooter,22.69,60.0,0.0,haze,High,13.79,38.21666667,HYD,4,55.16,0,haze,HYD,0
24.0,4.9,Drinks,motorcycle,28.0,57.0,0.0,smoke,Low,6.76,33.5,MUM,2,13.52,0,smoke,MUM,0
37.0,4.9,Snack,motorcycle,23.92,46.0,0.0,haze,High,12.85,37.36666667,JAP,4,51.4,0,haze,JAP,0
28.0,4.6,Meal,scooter,20.12,64.0,0.0,scattered clouds,Moderate,15.8,27.35,RANCHI,3,47.400000000000006,0,clouds,RANCHI,0
27.0,4.7,Meal,scooter,24.94,73.0,0.0,mist,Low,7.59,21.4,SUR,2,15.18,0,mist,SUR,0
25.0,4.6,Drinks,scooter,27.69,57.0,0.0,smoke,Very Low,2.98,24.36666667,MUM,1,2.98,1,smoke,MUM,0
31.0,4.9,Meal,motorcycle,23.54,46.0,0.0,haze,High,17.98,37.63333333,JAP,4,71.92,0,haze,JAP,0
38.0,5.0,Meal,scooter,25.48,83.0,0.0,clear sky,Moderate,12.7,29.83333333,KOC,3,38.099999999999994,0,clear sky,Other,0
20.0,5.0,Drinks,motorcycle,24.9,42.0,0.0,clear sky,Very High,33.95,58.81666667,SUR,5,169.75,0,clear sky,SUR,1
37.0,4.9,Drinks,motorcycle,23.94,28.0,0.0,clear sky,High,18.56,48.83333333,JAP,4,74.24,0,clear sky,JAP,1
38.0,5.0,Snack,scooter,22.71,48.0,0.0,clear sky,Very High,22.84,57.63333333,PUNE,5,114.2,0,clear sky,PUNE,1
20.0,5.0,Snack,motorcycle,23.11,72.0,0.0,haze,High,19.16,49.58333333,BANG,4,76.64,0,haze,BANG,1
20.0,4.7,Buffet,scooter,23.99,64.0,0.0,haze,Moderate,13.91,29.71666667,VAD,3,41.730000000000004,0,haze,Other,0
30.0,4.8,Drinks,scooter,20.61,67.0,0.0,clear sky,Moderate,10.37,37.73333333,MYS,3,31.11,0,clear sky,MYS,0
36.0,4.3,Buffet,motorcycle,21.95,60.0,0.0,haze,Low,4.58,18.08333333,AURG,2,9.16,0,haze,Other,0
33.0,4.9,Buffet,motorcycle,28.03,57.0,0.0,smoke,Moderate,4.28,30.53333333,MUM,3,12.84,0,smoke,MUM,0
25.0,4.8,Buffet,scooter,23.99,64.0,0.0,haze,Moderate,13.56,32.13333333,VAD,3,40.68,0,haze,Other,0
25.0,5.0,Drinks,motorcycle,22.91,46.0,0.0,haze,Moderate,7.27,35.01666667,JAP,3,21.81,0,haze,JAP,0
29.0,4.6,Snack,motorcycle,22.46,50.0,0.0,clear sky,High,15.37,39.31666667,PUNE,4,61.48,0,clear sky,PUNE,0
35.0,4.1,Snack,scooter,26.2,73.0,0.0,haze,Very High,24.82,51.53333333,COIMB,5,124.1,0,haze,COIMB,1
38.0,4.9,Snack,motorcycle,25.87,73.0,0.0,haze,Low,6.35,21.7,COIMB,2,12.7,0,haze,COIMB,0
35.0,4.9,Meal,motorcycle,20.54,67.0,0.0,clear sky,Very Low,3.28,7.7,MYS,1,3.28,0,clear sky,MYS,0
34.0,4.8,Meal,motorcycle,23.13,72.0,0.0,haze,Low,4.9,16.65,BANG,2,9.8,0,haze,BANG,0
34.0,4.6,Meal,motorcycle,20.48,68.0,0.0,clear sky,Low,6.29,15.88333333,MYS,2,12.58,0,clear sky,MYS,0
26.0,4.8,Snack,scooter,23.7,46.0,0.0,haze,Low,5.96,21.95,JAP,2,11.92,0,haze,JAP,0
20.0,4.7,Snack,motorcycle,27.99,65.0,0.0,haze,Moderate,15.72,31.2,KOL,3,47.160000000000004,0,haze,Other,0
27.0,4.8,Drinks,motorcycle,22.25,44.0,0.0,clear sky,Moderate,18.49,39.41666667,INDO,3,55.47,0,clear sky,INDO,0
37.0,3.5,Meal,motorcycle,19.76,69.0,0.0,clear sky,High,25.55,40.18333333,MYS,4,102.2,0,clear sky,MYS,0
29.0,4.6,Meal,scooter,22.93,73.0,0.0,haze,High,17.83,38.23333333,BANG,4,71.32,0,haze,BANG,0
30.0,4.6,Buffet,motorcycle,27.94,55.0,0.0,clear sky,Very High,35.89,84.88333333,MUM,5,179.45,0,clear sky,MUM,1
26.0,4.8,Meal,scooter,20.0,68.0,0.0,clear sky,Low,4.74,12.91666667,MYS,2,9.48,0,clear sky,MYS,0
37.0,4.9,Drinks,motorcycle,23.92,32.0,0.0,clear sky,Very High,27.14,55.33333333,JAP,5,135.7,0,clear sky,JAP,1
39.0,4.7,Meal,motorcycle,23.86,32.0,0.0,clear sky,Very High,27.74,49.7,JAP,5,138.7,0,clear sky,JAP,1
27.0,4.5,Buffet,motorcycle,25.24,43.0,0.0,clear sky,Moderate,9.99,23.31666667,KNP,3,29.97,0,clear sky,Other,0
21.0,4.8,Snack,electric scooter,21.54,44.0,0.0,clear sky,High,14.05,35.88333333,BHP,4,56.2,0,clear sky,Other,0
35.0,4.7,Drinks,motorcycle,22.58,73.0,0.0,haze,High,11.84,49.6,BANG,4,47.36,0,haze,BANG,1
31.0,4.7,Snack,motorcycle,25.15,39.0,0.0,clear sky,Very High,30.7,52.8,AGR,5,153.5,0,clear sky,Other,1
25.0,4.7,Snack,scooter,25.69,42.0,0.0,clear sky,Very Low,1.75,12.05,KNP,1,1.75,1,clear sky,Other,0
38.0,4.6,Snack,motorcycle,28.0,57.0,0.0,smoke,Low,6.76,28.46666667,MUM,2,13.52,0,smoke,MUM,0
26.0,5.0,Meal,motorcycle,25.82,73.0,0.0,haze,Moderate,14.21,31.08333333,COIMB,3,42.63,0,haze,COIMB,0
27.0,4.7,Drinks,motorcycle,22.25,44.0,0.0,clear sky,High,19.05,44.56666667,INDO,4,76.2,0,clear sky,INDO,0
39.0,4.9,Snack,scooter,22.54,41.0,0.0,clear sky,High,40.98,49.21666667,LUDH,4,163.92,0,clear sky,Other,1
31.0,4.5,Buffet,motorcycle,23.07,73.0,0.0,haze,Moderate,10.08,28.96666667,BANG,3,30.240000000000002,0,haze,BANG,0
29.0,4.8,Snack,motorcycle,20.19,83.0,0.0,mist,High,17.99,40.23333333,RANCHI,4,71.96,0,mist,RANCHI,0
25.0,5.0,Drinks,motorcycle,20.1,83.0,0.0,mist,Low,5.92,31.55,RANCHI,2,11.84,0,mist,RANCHI,0
37.0,4.9,Buffet,scooter,28.42,81.0,0.0,mist,Low,6.21,23.4,CHEN,2,12.42,0,mist,CHEN,0
23.0,4.6,Meal,motorcycle,20.21,63.0,0.0,scattered clouds,High,21.92,45.23333333,RANCHI,4,87.68,0,clouds,RANCHI,1
39.0,4.6,Meal,motorcycle,24.97,73.0,0.0,mist,Low,4.05,15.0,SUR,2,8.1,0,mist,SUR,0
27.0,4.5,Drinks,motorcycle,25.01,73.0,0.0,mist,Moderate,10.36,35.88333333,SUR,3,31.08,0,mist,SUR,0
34.0,4.9,Drinks,motorcycle,28.51,81.0,0.0,mist,Low,9.37,32.03333333,CHEN,2,18.74,0,mist,CHEN,0
38.0,4.8,Snack,motorcycle,24.44,88.0,0.0,scattered clouds,Moderate,9.52,30.71666667,KOC,3,28.56,0,clouds,Other,0
33.0,4.8,Snack,motorcycle,25.57,65.0,0.0,scattered clouds,Moderate,10.23,31.28333333,GOA,3,30.69,0,clouds,Other,0
23.0,4.8,Drinks,scooter,19.98,68.0,0.0,clear sky,Very Low,2.24,17.41666667,MYS,1,2.24,1,clear sky,MYS,0
31.0,4.6,Snack,motorcycle,20.09,83.0,0.0,mist,Moderate,10.37,34.28333333,RANCHI,3,31.11,0,mist,RANCHI,0
30.0,4.7,Drinks,scooter,25.81,73.0,0.0,haze,Very Low,2.59,17.76666667,COIMB,1,2.59,1,haze,COIMB,0
39.0,4.9,Buffet,motorcycle,23.99,64.0,0.0,haze,Moderate,13.56,32.11666667,VAD,3,40.68,0,haze,Other,0
36.0,4.5,Meal,motorcycle,22.22,46.0,0.0,clear sky,High,22.38,37.63333333,INDO,4,89.52,0,clear sky,INDO,0
28.0,4.7,Snack,motorcycle,25.01,73.0,0.0,mist,Moderate,10.6,30.28333333,SUR,3,31.799999999999997,0,mist,SUR,0
35.0,4.7,Snack,motorcycle,20.81,67.0,0.0,clear sky,Moderate,15.79,32.51666667,MYS,3,47.37,0,clear sky,MYS,0
29.0,4.8,Drinks,motorcycle,22.12,60.0,0.0,haze,Low,7.46,30.4,INDO,2,14.92,0,haze,INDO,0
31.0,4.0,Drinks,motorcycle,23.93,64.0,0.0,haze,High,19.95,45.11666667,VAD,4,79.8,0,haze,Other,1
30.0,4.1,Meal,motorcycle,24.92,43.0,0.0,clear sky,High,18.48,36.9,SUR,4,73.92,0,clear sky,SUR,0
39.0,4.6,Drinks,motorcycle,22.77,60.0,0.0,haze,High,16.3,47.38333333,HYD,4,65.2,0,haze,HYD,1
38.0,4.9,Meal,motorcycle,22.53,60.0,0.0,haze,Low,3.17,12.36666667,HYD,2,6.34,0,haze,HYD,0
38.0,4.9,Drinks,scooter,20.7,66.0,0.0,clear sky,Moderate,9.99,31.6,MYS,3,29.97,0,clear sky,MYS,0
36.0,4.7,Drinks,motorcycle,23.6,46.0,0.0,haze,Very Low,3.58,20.68333333,JAP,1,3.58,0,haze,JAP,0
37.0,4.6,Drinks,motorcycle,22.61,49.0,0.0,clear sky,High,12.7,45.28333333,PUNE,4,50.8,0,clear sky,PUNE,1
31.0,4.6,Snack,scooter,24.01,64.0,0.0,haze,Moderate,13.43,33.05,VAD,3,40.29,0,haze,Other,0
30.0,4.9,Snack,motorcycle,25.13,39.0,0.0,clear sky,Moderate,20.3,34.75,AGR,3,60.900000000000006,0,clear sky,Other,0
20.0,4.6,Meal,scooter,23.2,40.0,0.0,clear sky,Moderate,8.93,21.8,LUDH,3,26.79,0,clear sky,Other,0
32.0,4.0,Buffet,motorcycle,28.37,82.0,0.0,mist,High,13.7,50.8,CHEN,4,54.8,0,mist,CHEN,1
36.0,4.8,Drinks,scooter,22.95,46.0,0.0,haze,Moderate,11.38,39.76666667,JAP,3,34.14,0,haze,JAP,0
34.0,3.7,Meal,scooter,22.29,44.0,0.0,clear sky,Very High,26.95,46.2,INDO,5,134.75,0,clear sky,INDO,1
22.0,4.8,Meal,motorcycle,23.67,46.0,0.0,haze,Moderate,10.31,27.58333333,JAP,3,30.93,0,haze,JAP,0
38.0,4.6,Buffet,scooter,22.91,46.0,0.0,haze,High,16.93,44.01666667,JAP,4,67.72,0,haze,JAP,0
32.0,4.8,Snack,scooter,23.36,40.0,0.0,clear sky,Low,5.26,15.15,LUDH,2,10.52,0,clear sky,Other,0
28.0,4.8,Buffet,electric scooter,22.96,46.0,0.0,haze,Moderate,10.09,24.13333333,JAP,3,30.27,0,haze,JAP,0
23.0,5.0,Buffet,electric scooter,26.0,73.0,0.0,haze,High,16.82,36.08333333,COIMB,4,67.28,0,haze,COIMB,0
39.0,4.0,Buffet,motorcycle,22.12,60.0,0.0,haze,Moderate,12.79,28.81666667,INDO,3,38.37,0,haze,INDO,0
29.0,4.7,Meal,motorcycle,20.05,83.0,0.0,mist,Moderate,14.22,25.55,RANCHI,3,42.660000000000004,0,mist,RANCHI,0
39.0,4.4,Snack,electric scooter,21.94,73.0,0.0,haze,Moderate,15.71,33.05,BANG,3,47.13,0,haze,BANG,0
25.0,4.7,Snack,motorcycle,28.36,86.0,0.0,overcast clouds,Very High,25.21,65.73333333,CHEN,5,126.05000000000001,0,clouds,CHEN,1
32.0,4.2,Buffet,motorcycle,23.83,46.0,0.0,haze,Very Low,2.83,10.86666667,JAP,1,2.83,1,haze,JAP,0
32.0,4.8,Buffet,scooter,22.07,51.0,0.0,clear sky,Low,3.62,14.01666667,PUNE,2,7.24,0,clear sky,PUNE,0
37.0,4.1,Drinks,motorcycle,27.9,57.0,0.0,smoke,Moderate,7.96,41.85,MUM,3,23.88,0,smoke,MUM,0
38.0,4.7,Buffet,motorcycle,24.6,45.0,0.0,clear sky,Very High,28.06,57.95,ALH,5,140.29999999999998,0,clear sky,Other,1
27.0,4.6,Buffet,motorcycle,22.92,73.0,0.0,haze,Very High,21.31,50.13333333,BANG,5,106.55,0,haze,BANG,1
26.0,4.9,Meal,motorcycle,27.94,57.0,0.0,smoke,Moderate,7.26,26.16666667,MUM,3,21.78,0,smoke,MUM,0
26.0,4.6,Snack,scooter,24.96,39.0,0.0,clear sky,High,33.5,47.8,AGR,4,134.0,0,clear sky,Other,1
36.0,4.6,Drinks,motorcycle,24.94,73.0,0.0,mist,Low,5.58,25.35,SUR,2,11.16,0,mist,SUR,0
25.0,4.5,Buffet,motorcycle,25.86,73.0,0.0,haze,Moderate,11.24,29.18333333,COIMB,3,33.72,0,haze,COIMB,0
27.0,4.2,Drinks,electric scooter,26.06,73.0,0.0,haze,High,22.86,51.43333333,COIMB,4,91.44,0,haze,COIMB,1
36.0,4.6,Snack,motorcycle,24.94,43.0,0.0,clear sky,High,24.21,46.98333333,SUR,4,96.84,0,clear sky,SUR,1
25.0,4.7,Drinks,scooter,23.03,48.0,0.0,clear sky,High,12.59,41.56666667,PUNE,4,50.36,0,clear sky,PUNE,0
38.0,4.9,Snack,electric scooter,25.14,43.0,0.0,clear sky,Very High,27.08,54.8,KNP,5,135.39999999999998,0,clear sky,Other,1
26.0,5.0,Snack,motorcycle,24.93,41.0,0.0,clear sky,High,17.99,38.71666667,SUR,4,71.96,0,clear sky,SUR,0
32.0,4.7,Drinks,motorcycle,28.27,81.0,0.0,mist,Moderate,9.08,37.1,CHEN,3,27.240000000000002,0,mist,CHEN,0
25.0,4.5,Snack,motorcycle,20.01,83.0,0.0,mist,Moderate,10.0,29.73333333,RANCHI,3,30.0,0,mist,RANCHI,0
33.0,4.4,Meal,motorcycle,25.89,37.0,0.0,clear sky,High,26.17,43.03333333,AGR,4,104.68,0,clear sky,Other,0
31.0,4.7,Drinks,scooter,25.86,73.0,0.0,haze,Moderate,10.5,38.41666667,COIMB,3,31.5,0,haze,COIMB,0
38.0,4.7,Drinks,motorcycle,23.99,64.0,0.0,haze,Moderate,13.04,34.16666667,VAD,3,39.12,0,haze,Other,0
29.0,4.6,Drinks,motorcycle,20.06,83.0,0.0,mist,Very Low,2.37,19.28333333,RANCHI,1,2.37,1,mist,RANCHI,0
35.0,4.7,Drinks,electric scooter,22.77,60.0,0.0,haze,Low,3.22,23.83333333,HYD,2,6.44,0,haze,HYD,0
21.0,4.9,Drinks,motorcycle,22.43,50.0,0.0,clear sky,Very High,29.35,70.33333333,PUNE,5,146.75,0,clear sky,PUNE,1
36.0,4.9,Buffet,motorcycle,24.14,46.0,0.0,haze,Low,9.41,22.95,JAP,2,18.82,0,haze,JAP,0
24.0,4.7,Meal,motorcycle,22.23,46.0,0.0,clear sky,Moderate,15.1,24.28333333,INDO,3,45.3,0,clear sky,INDO,0
35.0,4.4,Meal,motorcycle,25.78,73.0,0.0,haze,Low,4.6,15.05,COIMB,2,9.2,0,haze,COIMB,0
22.0,4.0,Buffet,motorcycle,22.31,45.0,0.0,clear sky,Very High,29.59,49.45,INDO,5,147.95,0,clear sky,INDO,1
23.0,4.5,Drinks,motorcycle,22.47,73.0,0.0,haze,High,16.42,45.93333333,BANG,4,65.68,0,haze,BANG,1
31.0,4.7,Buffet,scooter,19.76,69.0,0.0,clear sky,High,25.55,42.15,MYS,4,102.2,0,clear sky,MYS,0
35.0,4.6,Buffet,motorcycle,22.63,60.0,0.0,haze,Very High,26.58,54.76666667,HYD,5,132.89999999999998,0,haze,HYD,1
27.0,4.6,Buffet,motorcycle,22.9,60.0,0.0,haze,Moderate,12.35,31.93333333,HYD,3,37.05,0,haze,HYD,0
34.0,4.9,Snack,scooter,28.3,81.0,0.0,mist,Low,6.03,21.36666667,CHEN,2,12.06,0,mist,CHEN,0
34.0,3.1,Drinks,motorcycle,27.86,57.0,0.0,smoke,Very High,28.84,68.06666667,MUM,5,144.2,0,smoke,MUM,1
36.0,4.2,Drinks,scooter,28.36,86.0,0.0,overcast clouds,Very High,24.34,70.1,CHEN,5,121.7,0,clouds,CHEN,1
25.0,4.8,Drinks,motorcycle,25.98,73.0,0.0,haze,High,19.65,48.43333333,COIMB,4,78.6,0,haze,COIMB,1
33.0,4.9,Buffet,motorcycle,22.76,72.0,0.0,haze,High,9.54,34.85,BANG,4,38.16,0,haze,BANG,0
38.0,4.0,Snack,scooter,24.95,85.0,0.0,few clouds,Low,6.14,20.05,KOC,2,12.28,0,clouds,Other,0
21.0,4.8,Drinks,motorcycle,24.94,73.0,0.0,mist,Low,6.64,26.85,SUR,2,13.28,0,mist,SUR,0
38.0,4.3,Snack,motorcycle,27.92,57.0,0.0,smoke,Moderate,5.86,30.26666667,MUM,3,17.580000000000002,0,smoke,MUM,0
22.0,4.9,Buffet,motorcycle,23.19,72.0,0.0,haze,Moderate,8.96,27.11666667,BANG,3,26.880000000000003,0,haze,BANG,0
38.0,4.9,Drinks,motorcycle,25.84,73.0,0.0,haze,Low,4.55,25.45,COIMB,2,9.1,0,haze,COIMB,0
28.0,4.6,Meal,motorcycle,20.16,63.0,0.0,scattered clouds,Moderate,19.11,32.23333333,RANCHI,3,57.33,0,clouds,RANCHI,0
24.0,4.9,Drinks,motorcycle,22.44,50.0,0.0,clear sky,Very High,21.42,58.13333333,PUNE,5,107.10000000000001,0,clear sky,PUNE,1
35.0,4.6,Snack,motorcycle,20.19,83.0,0.0,mist,Moderate,14.53,37.05,RANCHI,3,43.589999999999996,0,mist,RANCHI,0
39.0,3.5,Snack,electric scooter,22.18,46.0,0.0,clear sky,Very High,24.91,51.88333333,INDO,5,124.55,0,clear sky,INDO,1
29.0,4.6,Meal,electric scooter,22.59,73.0,0.0,haze,Very High,22.75,47.66666667,BANG,5,113.75,0,haze,BANG,1
35.0,4.4,Meal,scooter,27.9,57.0,0.0,smoke,Very High,27.21,56.73333333,MUM,5,136.05,0,smoke,MUM,1
29.0,4.5,Buffet,motorcycle,27.95,57.0,0.0,smoke,Very Low,2.45,17.51666667,MUM,1,2.45,1,smoke,MUM,0
31.0,4.1,Buffet,electric scooter,23.43,73.0,0.0,haze,Moderate,12.84,31.96666667,BANG,3,38.519999999999996,0,haze,BANG,0
29.0,2.7,Buffet,motorcycle,23.95,64.0,0.0,haze,Moderate,17.32,30.95,VAD,3,51.96,0,haze,Other,0
25.0,3.1,Drinks,scooter,22.22,45.0,0.0,clear sky,High,19.6,44.75,INDO,4,78.4,0,clear sky,INDO,0
34.0,4.9,Drinks,scooter,22.33,73.0,0.0,haze,High,21.37,49.96666667,BANG,4,85.48,0,haze,BANG,1
26.0,5.0,Buffet,scooter,23.6,46.0,0.0,haze,Very Low,1.92,11.6,JAP,1,1.92,1,haze,JAP,0
22.0,4.6,Meal,electric scooter,28.27,82.0,0.0,overcast clouds,High,16.35,47.73333333,CHEN,4,65.4,0,clouds,CHEN,1
25.0,4.6,Buffet,scooter,25.86,73.0,0.0,haze,Moderate,11.62,31.28333333,COIMB,3,34.86,0,haze,COIMB,0
24.0,5.0,Buffet,scooter,23.36,40.0,0.0,clear sky,Very Low,3.78,12.55,LUDH,1,3.78,0,clear sky,Other,0
29.0,4.6,Buffet,motorcycle,22.1,60.0,0.0,haze,Low,7.16,22.06666667,INDO,2,14.32,0,haze,INDO,0
23.0,3.3,Buffet,scooter,27.96,54.0,0.0,clear sky,High,18.24,43.33333333,MUM,4,72.96,0,clear sky,MUM,0
26.0,4.7,Snack,motorcycle,28.01,51.0,0.0,clear sky,Low,3.86,17.31666667,MUM,2,7.72,0,clear sky,MUM,0
20.0,4.8,Snack,motorcycle,23.56,46.0,0.0,haze,Moderate,10.21,28.36666667,JAP,3,30.630000000000003,0,haze,JAP,0
36.0,4.5,Meal,motorcycle,20.06,68.0,0.0,clear sky,Low,10.28,20.71666667,MYS,2,20.56,0,clear sky,MYS,0
25.0,5.0,Buffet,scooter,23.99,64.0,0.0,haze,Moderate,16.24,33.86666667,VAD,3,48.72,0,haze,Other,0
29.0,4.5,Snack,electric scooter,22.44,50.0,0.0,clear sky,Very High,20.02,50.18333333,PUNE,5,100.1,0,clear sky,PUNE,1
31.0,4.9,Buffet,motorcycle,23.31,72.0,0.0,haze,Low,6.74,21.55,BANG,2,13.48,0,haze,BANG,0
20.0,4.7,Meal,motorcycle,24.9,40.0,0.0,clear sky,Very High,28.79,57.05,SUR,5,143.95,0,clear sky,SUR,1
22.0,4.6,Drinks,scooter,24.94,73.0,0.0,mist,Moderate,13.86,42.41666667,SUR,3,41.58,0,mist,SUR,0
21.0,4.8,Drinks,motorcycle,28.42,82.0,0.0,overcast clouds,Very High,26.82,78.23333333,CHEN,5,134.1,0,clouds,CHEN,1
28.0,4.7,Drinks,motorcycle,22.52,60.0,0.0,haze,Very High,27.05,64.31666667,HYD,5,135.25,0,haze,HYD,1
34.0,4.8,Buffet,motorcycle,24.99,73.0,0.0,mist,Low,8.02,23.66666667,SUR,2,16.04,0,mist,SUR,0
35.0,4.4,Snack,motorcycle,20.17,68.0,0.0,clear sky,Moderate,12.65,28.56666667,MYS,3,37.95,0,clear sky,MYS,0
25.0,4.7,Snack,scooter,23.2,40.0,0.0,clear sky,Moderate,11.67,27.43333333,LUDH,3,35.01,0,clear sky,Other,0
25.0,4.9,Buffet,motorcycle,28.34,86.0,0.0,overcast clouds,Very High,25.39,65.85,CHEN,5,126.95,0,clouds,CHEN,1
24.0,4.6,Snack,scooter,27.99,65.0,0.0,haze,Low,3.72,17.91666667,KOL,2,7.44,0,haze,Other,0
35.0,4.6,Buffet,motorcycle,23.95,64.0,0.0,haze,Moderate,17.99,32.43333333,VAD,3,53.97,0,haze,Other,0
31.0,4.5,Buffet,scooter,28.26,82.0,0.0,overcast clouds,Very High,23.8,50.63333333,CHEN,5,119.0,0,clouds,CHEN,1
30.0,4.9,Meal,motorcycle,26.01,73.0,0.0,haze,High,19.24,39.16666667,COIMB,4,76.96,0,haze,COIMB,0
20.0,4.6,Meal,motorcycle,25.19,43.0,0.0,clear sky,Moderate,10.89,26.18333333,KNP,3,32.67,0,clear sky,Other,0
30.0,4.9,Drinks,scooter,19.98,83.0,0.0,mist,Low,5.45,26.68333333,RANCHI,2,10.9,0,mist,RANCHI,0
21.0,5.0,Meal,motorcycle,22.32,45.0,0.0,clear sky,High,24.35,42.76666667,INDO,4,97.4,0,clear sky,INDO,0
27.0,4.7,Meal,scooter,24.93,41.0,0.0,clear sky,High,17.73,34.26666667,SUR,4,70.92,0,clear sky,SUR,0
20.0,4.8,Drinks,motorcycle,20.08,69.0,0.0,clear sky,High,29.37,54.73333333,MYS,4,117.48,0,clear sky,MYS,1
27.0,4.8,Drinks,electric scooter,25.97,73.0,0.0,haze,High,15.72,42.05,COIMB,4,62.88,0,haze,COIMB,0
32.0,4.4,Snack,motorcycle,22.04,51.0,0.0,clear sky,Low,8.39,23.93333333,PUNE,2,16.78,0,clear sky,PUNE,0
24.0,4.7,Drinks,motorcycle,22.16,60.0,0.0,haze,Low,8.33,30.9,INDO,2,16.66,0,haze,INDO,0
34.0,4.4,Drinks,motorcycle,23.86,32.0,0.0,clear sky,Very High,27.74,58.65,JAP,5,138.7,0,clear sky,JAP,1
31.0,4.3,Snack,motorcycle,22.2,51.0,0.0,clear sky,Moderate,9.31,26.58333333,PUNE,3,27.93,0,clear sky,PUNE,0
34.0,4.7,Snack,motorcycle,20.08,69.0,0.0,clear sky,High,25.83,43.43333333,MYS,4,103.32,0,clear sky,MYS,0
31.0,4.7,Snack,motorcycle,25.94,73.0,0.0,haze,Moderate,12.2,32.08333333,COIMB,3,36.599999999999994,0,haze,COIMB,0
27.0,4.9,Buffet,motorcycle,25.97,73.0,0.0,haze,Moderate,11.43,25.06666667,COIMB,3,34.29,0,haze,COIMB,0
37.0,4.1,Meal,motorcycle,25.93,73.0,0.0,haze,Very Low,2.07,6.75,COIMB,1,2.07,1,haze,COIMB,0
29.0,4.9,Drinks,motorcycle,24.0,64.0,0.0,haze,Low,8.42,26.13333333,VAD,2,16.84,0,haze,Other,0
27.0,4.6,Meal,electric scooter,20.15,68.0,0.0,clear sky,Moderate,18.0,27.46666667,MYS,3,54.0,0,clear sky,MYS,0
27.0,4.8,Meal,motorcycle,28.35,82.0,0.0,overcast clouds,Very High,20.75,54.78333333,CHEN,5,103.75,0,clouds,CHEN,1
23.0,4.8,Drinks,motorcycle,25.84,73.0,0.0,haze,Low,4.9,24.1,COIMB,2,9.8,0,haze,COIMB,0
34.0,4.1,Drinks,electric scooter,20.22,63.0,0.0,scattered clouds,Low,14.22,30.71666667,RANCHI,2,28.44,0,clouds,RANCHI,0
38.0,4.8,Drinks,motorcycle,20.19,68.0,0.0,clear sky,Very High,16.83,55.1,MYS,5,84.14999999999999,0,clear sky,MYS,1
36.0,4.9,Buffet,electric scooter,22.74,60.0,0.0,haze,High,22.01,48.2,HYD,4,88.04,0,haze,HYD,1
30.0,5.0,Drinks,motorcycle,20.08,83.0,0.0,mist,Low,5.76,27.73333333,RANCHI,2,11.52,0,mist,RANCHI,0
35.0,4.1,Snack,motorcycle,28.34,81.0,0.0,mist,Very Low,2.66,15.96666667,CHEN,1,2.66,1,mist,CHEN,0
36.0,4.9,Buffet,motorcycle,28.26,82.0,0.0,mist,High,9.22,37.58333333,CHEN,4,36.88,0,mist,CHEN,0
30.0,4.5,Snack,scooter,24.92,73.0,0.0,mist,Moderate,9.82,32.25,SUR,3,29.46,0,mist,SUR,0
39.0,4.2,Meal,motorcycle,24.68,87.0,0.0,few clouds,Low,7.57,20.71666667,KOC,2,15.14,0,clouds,Other,0
24.0,4.4,Drinks,scooter,28.26,82.0,0.0,overcast clouds,Very High,23.8,59.7,CHEN,5,119.0,0,clouds,CHEN,1
29.0,4.1,Snack,motorcycle,24.8,86.0,0.0,few clouds,High,14.64,38.18333333,KOC,4,58.56,0,clouds,Other,0
30.0,4.3,Snack,motorcycle,23.98,64.0,0.0,haze,Low,4.31,16.31666667,VAD,2,8.62,0,haze,Other,0
36.0,4.4,Snack,motorcycle,28.3,82.0,0.0,overcast clouds,Very High,30.56,57.8,CHEN,5,152.79999999999998,0,clouds,CHEN,1
36.0,4.7,Snack,motorcycle,24.0,64.0,0.0,haze,Low,6.97,19.23333333,VAD,2,13.94,0,haze,Other,0
25.0,3.1,Drinks,motorcycle,28.44,82.0,0.0,mist,High,20.82,51.15,CHEN,4,83.28,0,mist,CHEN,1
26.0,4.9,Buffet,electric scooter,25.14,43.0,0.0,clear sky,Very High,34.0,58.28333333,KNP,5,170.0,0,clear sky,Other,1
29.0,4.5,Drinks,scooter,22.29,73.0,0.0,haze,Very High,25.35,64.16666667,BANG,5,126.75,0,haze,BANG,1
36.0,4.8,Buffet,motorcycle,20.12,83.0,0.0,mist,Moderate,13.04,29.08333333,RANCHI,3,39.12,0,mist,RANCHI,0
28.0,4.4,Meal,scooter,22.25,46.0,0.0,clear sky,Very High,31.28,49.66666667,INDO,5,156.4,0,clear sky,INDO,1
22.0,5.0,Snack,motorcycle,24.01,64.0,0.0,haze,Moderate,12.86,28.45,VAD,3,38.58,0,haze,Other,0
33.0,4.6,Meal,motorcycle,28.53,81.0,0.0,mist,Moderate,9.48,25.46666667,CHEN,3,28.44,0,mist,CHEN,0
32.0,4.7,Drinks,motorcycle,25.19,43.0,0.0,clear sky,Moderate,12.27,38.5,KNP,3,36.81,0,clear sky,Other,0
35.0,3.7,Buffet,scooter,20.16,62.0,0.0,scattered clouds,High,22.77,39.86666667,RANCHI,4,91.08,0,clouds,RANCHI,0
32.0,4.9,Buffet,scooter,27.99,65.0,0.0,haze,High,20.52,37.63333333,KOL,4,82.08,0,haze,Other,0
25.0,5.0,Buffet,scooter,25.01,73.0,0.0,mist,Moderate,11.64,32.8,SUR,3,34.92,0,mist,SUR,0
31.0,4.6,Buffet,scooter,21.88,60.0,0.0,haze,Low,6.7,18.2,AURG,2,13.4,0,haze,Other,0
34.0,4.3,Buffet,motorcycle,27.03,57.0,0.0,smoke,High,8.97,42.51666667,MUM,4,35.88,0,smoke,MUM,0
20.0,5.0,Snack,motorcycle,22.94,60.0,0.0,haze,Moderate,9.27,31.45,HYD,3,27.81,0,haze,HYD,0
50.0,4.7,Drinks,scooter,22.89,73.0,0.0,haze,High,14.22,46.86666667,BANG,4,56.88,0,haze,BANG,1
28.0,4.8,Buffet,motorcycle,22.77,60.0,0.0,haze,Very High,22.45,52.26666667,HYD,5,112.25,0,haze,HYD,1
29.0,4.6,Drinks,motorcycle,22.8,60.0,0.0,haze,High,19.89,49.63333333,HYD,4,79.56,0,haze,HYD,1
27.0,4.3,Buffet,motorcycle,28.3,81.0,0.0,mist,Low,6.03,19.88333333,CHEN,2,12.06,0,mist,CHEN,0
36.0,4.9,Buffet,scooter,24.6,45.0,0.0,clear sky,Very High,24.75,48.81666667,ALH,5,123.75,0,clear sky,Other,1
24.0,4.9,Drinks,scooter,28.53,81.0,0.0,mist,Low,7.79,31.43333333,CHEN,2,15.58,0,mist,CHEN,0
36.0,4.0,Snack,motorcycle,27.86,57.0,0.0,smoke,Very High,27.92,65.43333333,MUM,5,139.60000000000002,0,smoke,MUM,1
20.0,4.9,Buffet,scooter,26.08,73.0,0.0,haze,High,19.2,40.7,COIMB,4,76.8,0,haze,COIMB,0
23.0,2.7,Drinks,scooter,26.12,73.0,0.0,haze,High,20.35,52.91666667,COIMB,4,81.4,0,haze,COIMB,1
32.0,3.8,Snack,scooter,21.94,73.0,0.0,haze,Moderate,15.71,33.76666667,BANG,3,47.13,0,haze,BANG,0
39.0,4.8,Snack,motorcycle,20.07,68.0,0.0,clear sky,Low,9.95,23.33333333,MYS,2,19.9,0,clear sky,MYS,0
21.0,4.8,Meal,motorcycle,22.18,45.0,0.0,clear sky,Moderate,12.85,27.23333333,INDO,3,38.55,0,clear sky,INDO,0
20.0,4.7,Buffet,motorcycle,22.77,73.0,0.0,haze,Very High,24.77,61.08333333,BANG,5,123.85,0,haze,BANG,1
28.0,4.6,Meal,motorcycle,22.29,45.0,0.0,clear sky,High,26.6,45.43333333,INDO,4,106.4,0,clear sky,INDO,1
21.0,4.7,Buffet,motorcycle,23.51,46.0,0.0,haze,Moderate,11.26,32.95,JAP,3,33.78,0,haze,JAP,0
25.0,4.6,Buffet,motorcycle,26.08,73.0,0.0,haze,High,19.2,40.63333333,COIMB,4,76.8,0,haze,COIMB,0
33.0,5.0,Drinks,motorcycle,28.51,81.0,0.0,mist,Low,4.09,26.16666667,CHEN,2,8.18,0,mist,CHEN,0
37.0,4.6,Meal,scooter,22.68,60.0,0.0,haze,High,18.42,41.63333333,HYD,4,73.68,0,haze,HYD,0
27.0,4.9,Meal,motorcycle,28.29,81.0,0.0,mist,Moderate,6.51,25.08333333,CHEN,3,19.53,0,mist,CHEN,0
30.0,4.1,Meal,motorcycle,23.92,64.0,0.0,haze,High,21.29,41.4,VAD,4,85.16,0,haze,Other,0
29.0,4.9,Snack,motorcycle,23.6,46.0,0.0,haze,Very Low,2.42,12.88333333,JAP,1,2.42,1,haze,JAP,0
37.0,3.6,Snack,scooter,28.35,82.0,0.0,overcast clouds,Very High,23.65,64.05,CHEN,5,118.25,0,clouds,CHEN,1
37.0,3.6,Meal,motorcycle,24.92,73.0,0.0,mist,Moderate,14.03,33.36666667,SUR,3,42.089999999999996,0,mist,SUR,0
26.0,4.7,Buffet,electric scooter,24.95,73.0,0.0,mist,Moderate,13.5,33.95,SUR,3,40.5,0,mist,SUR,0
32.0,4.6,Drinks,motorcycle,27.95,57.0,0.0,smoke,Very Low,2.23,23.4,MUM,1,2.23,1,smoke,MUM,0
31.0,4.4,Meal,motorcycle,24.76,45.0,0.0,clear sky,High,15.56,34.78333333,ALH,4,62.24,0,clear sky,Other,0
24.0,4.1,Meal,motorcycle,25.19,43.0,0.0,clear sky,Moderate,10.63,23.81666667,KNP,3,31.89,0,clear sky,Other,0
24.0,4.6,Meal,scooter,24.07,46.0,0.0,haze,Very High,38.54,47.1,JAP,5,192.7,0,haze,JAP,1
23.0,4.3,Drinks,motorcycle,28.03,65.0,0.0,haze,Very High,22.58,64.46666667,KOL,5,112.89999999999999,0,haze,Other,1
26.0,4.9,Buffet,motorcycle,20.08,83.0,0.0,mist,Low,3.46,16.35,RANCHI,2,6.92,0,mist,RANCHI,0
26.0,4.9,Buffet,motorcycle,24.94,73.0,0.0,mist,Low,3.79,17.78333333,SUR,2,7.58,0,mist,SUR,0
30.0,5.0,Snack,electric scooter,22.12,60.0,0.0,haze,Moderate,12.94,35.05,INDO,3,38.82,0,haze,INDO,0
28.0,4.9,Snack,motorcycle,24.9,73.0,0.0,mist,Low,7.04,23.28333333,SUR,2,14.08,0,mist,SUR,0
39.0,4.9,Meal,motorcycle,23.6,46.0,0.0,haze,Low,3.76,13.13333333,JAP,2,7.52,0,haze,JAP,0
22.0,5.0,Buffet,motorcycle,23.64,46.0,0.0,haze,Very Low,1.78,8.566666667,JAP,1,1.78,1,haze,JAP,0
33.0,4.9,Drinks,scooter,27.22,54.0,0.0,clear sky,Very High,34.81,92.53333333,MUM,5,174.05,0,clear sky,MUM,1
23.0,4.6,Snack,scooter,28.38,81.0,0.0,mist,Low,6.1,24.63333333,CHEN,2,12.2,0,mist,CHEN,0
24.0,4.7,Snack,electric scooter,22.92,60.0,0.0,haze,Low,7.68,25.56666667,HYD,2,15.36,0,haze,HYD,0
34.0,5.0,Meal,motorcycle,20.06,83.0,0.0,mist,Very Low,2.58,12.9,RANCHI,1,2.58,1,mist,RANCHI,0
39.0,4.1,Buffet,motorcycle,22.75,60.0,0.0,haze,Low,2.32,15.01666667,HYD,2,4.64,1,haze,HYD,0
24.0,4.5,Meal,scooter,27.71,58.0,0.0,clear sky,Very High,51.16,97.28333333,MUM,5,255.79999999999998,0,clear sky,MUM,1
29.0,4.8,Snack,scooter,24.9,73.0,0.0,mist,Low,7.04,23.03333333,SUR,2,14.08,0,mist,SUR,0
38.0,4.6,Buffet,electric scooter,23.98,64.0,0.0,haze,Low,5.41,14.95,VAD,2,10.82,0,haze,Other,0
27.0,4.6,Snack,scooter,20.07,68.0,0.0,clear sky,High,12.88,35.38333333,MYS,4,51.52,0,clear sky,MYS,0
30.0,4.1,Drinks,electric scooter,23.9,31.0,0.0,clear sky,High,19.82,51.61666667,JAP,4,79.28,0,clear sky,JAP,1
29.0,4.6,Drinks,motorcycle,22.92,60.0,0.0,haze,Low,3.75,22.6,HYD,2,7.5,0,haze,HYD,0
34.0,4.5,Snack,scooter,22.1,60.0,0.0,haze,Low,6.92,23.73333333,INDO,2,13.84,0,haze,INDO,0
33.0,4.1,Buffet,motorcycle,25.99,73.0,0.0,haze,Moderate,13.92,32.25,COIMB,3,41.76,0,haze,COIMB,0
26.0,4.7,Drinks,scooter,23.97,46.0,0.0,haze,High,13.54,41.18333333,JAP,4,54.16,0,haze,JAP,0
27.0,4.6,Meal,motorcycle,20.04,69.0,0.0,clear sky,Very High,21.05,46.35,MYS,5,105.25,0,clear sky,MYS,1
37.0,4.6,Drinks,motorcycle,26.01,73.0,0.0,haze,High,17.11,43.81666667,COIMB,4,68.44,0,haze,COIMB,0
29.0,4.6,Drinks,motorcycle,24.95,73.0,0.0,mist,Moderate,13.57,40.0,SUR,3,40.71,0,mist,SUR,0
33.0,4.3,Meal,motorcycle,25.05,44.0,0.0,clear sky,Moderate,9.55,24.53333333,ALH,3,28.650000000000002,0,clear sky,Other,0
29.0,4.6,Meal,motorcycle,22.46,73.0,0.0,haze,High,16.67,37.16666667,BANG,4,66.68,0,haze,BANG,0
32.0,4.7,Drinks,motorcycle,20.17,68.0,0.0,clear sky,High,13.96,41.05,MYS,4,55.84,0,clear sky,MYS,0
31.0,4.9,Meal,scooter,23.67,46.0,0.0,haze,Moderate,8.53,24.03333333,JAP,3,25.589999999999996,0,haze,JAP,0
39.0,4.7,Snack,scooter,22.06,60.0,0.0,haze,Very Low,1.95,11.93333333,INDO,1,1.95,1,haze,INDO,0
29.0,4.2,Buffet,scooter,20.12,83.0,0.0,mist,High,15.68,37.4,RANCHI,4,62.72,0,mist,RANCHI,0
28.0,4.6,Drinks,motorcycle,22.61,60.0,0.0,haze,Very Low,2.17,20.95,HYD,1,2.17,1,haze,HYD,0
30.0,4.8,Drinks,motorcycle,22.25,45.0,0.0,clear sky,High,16.81,45.15,INDO,4,67.24,0,clear sky,INDO,1
23.0,4.9,Drinks,motorcycle,21.52,44.0,0.0,clear sky,Very High,20.98,55.13333333,BHP,5,104.9,0,clear sky,Other,1
34.0,4.5,Meal,motorcycle,27.86,57.0,0.0,smoke,Very High,27.92,61.6,MUM,5,139.60000000000002,0,smoke,MUM,1
30.0,4.5,Snack,motorcycle,20.27,83.0,0.0,mist,High,12.95,45.76666667,RANCHI,4,51.8,0,mist,RANCHI,1
31.0,4.5,Meal,motorcycle,23.07,64.0,0.0,overcast clouds,High,29.02,47.88333333,HYD,4,116.08,0,clouds,HYD,1
24.0,4.4,Buffet,motorcycle,26.46,57.0,0.0,smoke,Moderate,9.1,36.93333333,MUM,3,27.299999999999997,0,smoke,MUM,0
30.0,5.0,Meal,electric scooter,26.66,64.0,0.0,scattered clouds,Low,6.32,21.15,GOA,2,12.64,0,clouds,Other,0
34.0,4.7,Meal,electric scooter,22.59,60.0,0.0,haze,Low,4.87,17.35,HYD,2,9.74,0,haze,HYD,0
26.0,4.7,Snack,motorcycle,24.96,73.0,0.0,mist,Low,3.84,18.58333333,SUR,2,7.68,0,mist,SUR,0
36.0,4.6,Snack,motorcycle,23.64,46.0,0.0,haze,Very Low,1.78,10.56666667,JAP,1,1.78,1,haze,JAP,0
30.0,4.4,Meal,motorcycle,22.49,50.0,0.0,clear sky,Very Low,2.04,9.45,PUNE,1,2.04,1,clear sky,PUNE,0
27.0,4.8,Meal,motorcycle,22.61,49.0,0.0,clear sky,High,16.53,40.2,PUNE,4,66.12,0,clear sky,PUNE,0
26.0,4.6,Snack,scooter,25.26,43.0,0.0,clear sky,Very High,29.63,60.01666667,KNP,5,148.15,0,clear sky,Other,1
21.0,5.0,Snack,scooter,20.26,83.0,0.0,mist,Very High,23.34,53.1,RANCHI,5,116.7,0,mist,RANCHI,1
28.0,4.7,Meal,scooter,22.94,60.0,0.0,haze,Low,2.64,12.13333333,HYD,2,5.28,1,haze,HYD,0
22.0,4.9,Meal,motorcycle,22.47,51.0,0.0,clear sky,Moderate,10.74,27.33333333,PUNE,3,32.22,0,clear sky,PUNE,0
23.0,4.5,Drinks,scooter,23.96,30.0,0.0,clear sky,High,17.04,46.1,JAP,4,68.16,0,clear sky,JAP,1
37.0,4.8,Buffet,motorcycle,28.33,82.0,0.0,overcast clouds,Very High,20.89,62.16666667,CHEN,5,104.45,0,clouds,CHEN,1
27.0,4.8,Meal,motorcycle,24.94,73.0,0.0,mist,Low,6.71,18.81666667,SUR,2,13.42,0,mist,SUR,0
31.0,4.5,Drinks,scooter,24.95,73.0,0.0,mist,High,17.94,51.0,SUR,4,71.76,0,mist,SUR,1
38.0,4.8,Buffet,scooter,21.18,46.0,0.0,clear sky,Very High,29.43,60.48333333,BHP,5,147.15,0,clear sky,Other,1
35.0,3.8,Meal,scooter,28.43,81.0,0.0,mist,High,20.42,42.58333333,CHEN,4,81.68,0,mist,CHEN,0
23.0,4.9,Snack,scooter,26.08,73.0,0.0,haze,Very High,27.37,53.31666667,COIMB,5,136.85,0,haze,COIMB,1
37.0,4.8,Buffet,scooter,22.47,51.0,0.0,clear sky,Low,7.5,22.35,PUNE,2,15.0,0,clear sky,PUNE,0
28.0,4.1,Buffet,motorcycle,24.8,86.0,0.0,few clouds,Very Low,2.89,12.86666667,KOC,1,2.89,1,clouds,Other,0
37.0,5.0,Snack,scooter,23.1,40.0,0.0,clear sky,High,21.83,39.26666667,LUDH,4,87.32,0,clear sky,Other,0
33.0,4.0,Meal,motorcycle,26.1,73.0,0.0,haze,High,22.51,40.7,COIMB,4,90.04,0,haze,COIMB,0
28.0,4.8,Buffet,scooter,28.36,82.0,0.0,overcast clouds,Very High,16.93,58.05,CHEN,5,84.65,0,clouds,CHEN,1
24.0,4.8,Meal,scooter,19.8,68.0,0.0,clear sky,High,25.94,39.43333333,MYS,4,103.76,0,clear sky,MYS,0
34.0,4.6,Snack,motorcycle,22.75,60.0,0.0,haze,Low,4.71,23.73333333,HYD,2,9.42,0,haze,HYD,0
33.0,4.6,Snack,scooter,25.8,73.0,0.0,haze,Low,8.02,25.63333333,COIMB,2,16.04,0,haze,COIMB,0
20.0,4.5,Drinks,motorcycle,27.95,57.0,0.0,smoke,Very Low,2.23,23.4,MUM,1,2.23,1,smoke,MUM,0
23.0,4.7,Drinks,scooter,27.95,57.0,0.0,smoke,Low,2.31,25.68333333,MUM,2,4.62,1,smoke,MUM,0
32.0,4.9,Buffet,electric scooter,22.6,60.0,0.0,haze,Very High,26.46,55.75,HYD,5,132.3,0,haze,HYD,1
31.0,4.7,Buffet,motorcycle,22.07,51.0,0.0,clear sky,Low,3.62,14.21666667,PUNE,2,7.24,0,clear sky,PUNE,0
35.0,4.8,Drinks,motorcycle,22.11,60.0,0.0,haze,Low,4.18,22.48333333,INDO,2,8.36,0,haze,INDO,0
37.0,4.8,Snack,electric scooter,22.66,60.0,0.0,haze,Moderate,11.24,34.48333333,HYD,3,33.72,0,haze,HYD,0
24.0,5.0,Drinks,motorcycle,25.49,38.0,0.0,clear sky,High,24.33,43.91666667,AGR,4,97.32,0,clear sky,Other,0
26.0,5.0,Buffet,motorcycle,11.87,83.0,0.0,clear sky,Very High,19.11,64.18333333,DEH,5,95.55,0,clear sky,Other,1
39.0,5.0,Drinks,motorcycle,23.18,72.0,0.0,haze,Moderate,10.93,35.3,BANG,3,32.79,0,haze,BANG,0
37.0,4.7,Meal,motorcycle,23.91,64.0,0.0,haze,High,24.48,39.58333333,VAD,4,97.92,0,haze,Other,0
22.0,4.8,Snack,scooter,22.45,50.0,0.0,clear sky,Moderate,11.39,29.95,PUNE,3,34.17,0,clear sky,PUNE,0
29.0,4.8,Drinks,scooter,22.04,52.0,0.0,clear sky,Low,4.47,23.1,PUNE,2,8.94,0,clear sky,PUNE,0
25.0,4.7,Drinks,scooter,24.9,40.0,0.0,clear sky,High,26.04,54.7,SUR,4,104.16,0,clear sky,SUR,1
30.0,4.5,Meal,motorcycle,23.99,64.0,0.0,haze,Very Low,4.62,11.98333333,VAD,1,4.62,0,haze,Other,0
31.0,4.7,Drinks,motorcycle,22.55,49.0,0.0,clear sky,High,15.37,44.31666667,PUNE,4,61.48,0,clear sky,PUNE,0
24.0,4.7,Buffet,scooter,23.18,72.0,0.0,haze,High,12.96,35.71666667,BANG,4,51.84,0,haze,BANG,0
20.0,4.7,Snack,scooter,24.98,73.0,0.0,mist,Very Low,2.41,15.7,SUR,1,2.41,1,mist,SUR,0
36.0,4.2,Snack,motorcycle,23.93,32.0,0.0,clear sky,Very High,29.49,52.45,JAP,5,147.45,0,clear sky,JAP,1
22.0,4.7,Drinks,motorcycle,22.2,60.0,0.0,haze,Moderate,14.3,38.21666667,INDO,3,42.900000000000006,0,haze,INDO,0
36.0,4.8,Drinks,electric scooter,22.65,73.0,0.0,haze,Moderate,9.91,33.95,BANG,3,29.73,0,haze,BANG,0
24.0,4.8,Drinks,scooter,22.11,60.0,0.0,haze,Moderate,7.46,31.21666667,INDO,3,22.38,0,haze,INDO,0
39.0,4.8,Snack,motorcycle,22.54,50.0,0.0,clear sky,Low,7.86,22.03333333,PUNE,2,15.72,0,clear sky,PUNE,0
32.0,4.8,Drinks,motorcycle,28.47,81.0,0.0,mist,High,14.76,46.58333333,CHEN,4,59.04,0,mist,CHEN,1
26.0,4.8,Snack,motorcycle,24.94,73.0,0.0,mist,Moderate,12.5,34.91666667,SUR,3,37.5,0,mist,SUR,0
25.0,5.0,Drinks,motorcycle,22.63,50.0,0.0,clear sky,Very Low,2.41,18.26666667,PUNE,1,2.41,1,clear sky,PUNE,0
38.0,4.9,Snack,scooter,21.54,44.0,0.0,clear sky,Moderate,8.6,28.53333333,BHP,3,25.799999999999997,0,clear sky,Other,0
27.0,4.6,Meal,scooter,20.08,83.0,0.0,mist,Low,3.46,14.35,RANCHI,2,6.92,0,mist,RANCHI,0
33.0,4.2,Drinks,motorcycle,28.01,65.0,0.0,haze,Low,9.62,28.58333333,KOL,2,19.24,0,haze,Other,0
28.0,4.6,Snack,scooter,28.35,82.0,0.0,overcast clouds,Very High,28.07,74.5,CHEN,5,140.35,0,clouds,CHEN,1
27.0,5.0,Buffet,scooter,25.95,80.0,0.0,clear sky,Very Low,2.88,11.8,KOC,1,2.88,1,clear sky,Other,0
23.0,4.7,Meal,scooter,22.09,43.0,0.0,clear sky,High,14.64,31.13333333,BHP,4,58.56,0,clear sky,Other,0
26.0,4.9,Snack,scooter,25.84,73.0,0.0,haze,Moderate,9.36,26.05,COIMB,3,28.08,0,haze,COIMB,0
31.0,4.4,Meal,motorcycle,22.47,51.0,0.0,clear sky,Low,6.36,18.55,PUNE,2,12.72,0,clear sky,PUNE,0
25.0,4.1,Snack,scooter,27.95,57.0,0.0,smoke,Very High,27.95,60.7,MUM,5,139.75,0,smoke,MUM,1
34.0,4.6,Drinks,motorcycle,23.99,64.0,0.0,haze,High,15.98,41.01666667,VAD,4,63.92,0,haze,Other,0
36.0,4.2,Meal,motorcycle,24.96,73.0,0.0,mist,Low,3.84,14.56666667,SUR,2,7.68,0,mist,SUR,0
29.0,4.7,Drinks,scooter,22.07,73.0,0.0,haze,Very High,26.95,56.8,BANG,5,134.75,0,haze,BANG,1
22.0,4.8,Snack,motorcycle,19.82,68.0,0.0,clear sky,Very Low,3.15,14.23333333,MYS,1,3.15,0,clear sky,MYS,0
39.0,4.8,Buffet,motorcycle,20.05,83.0,0.0,mist,Moderate,8.76,27.06666667,RANCHI,3,26.28,0,mist,RANCHI,0
26.0,4.3,Meal,motorcycle,28.02,56.0,0.0,clear sky,Low,5.35,18.43333333,MUM,2,10.7,0,clear sky,MUM,0
33.0,4.7,Meal,motorcycle,24.44,88.0,0.0,scattered clouds,Moderate,13.34,28.96666667,KOC,3,40.019999999999996,0,clouds,Other,0
33.0,3.6,Buffet,motorcycle,26.0,73.0,0.0,haze,High,16.82,36.95,COIMB,4,67.28,0,haze,COIMB,0
24.0,5.0,Buffet,motorcycle,27.71,57.0,0.0,smoke,Very Low,3.3,17.6,MUM,1,3.3,0,smoke,MUM,0
29.0,4.9,Snack,scooter,22.96,49.0,0.0,clear sky,Very High,18.49,54.68333333,PUNE,5,92.44999999999999,0,clear sky,PUNE,1
27.0,4.9,Drinks,scooter,24.97,73.0,0.0,mist,Low,8.4,30.61666667,SUR,2,16.8,0,mist,SUR,0
21.0,4.0,Snack,motorcycle,25.21,43.0,0.0,clear sky,High,22.84,45.91666667,KNP,4,91.36,0,clear sky,Other,1
31.0,4.6,Buffet,motorcycle,22.49,50.0,0.0,clear sky,Moderate,12.37,31.58333333,PUNE,3,37.11,0,clear sky,PUNE,0
29.0,4.7,Buffet,scooter,25.07,39.0,0.0,clear sky,High,22.5,42.6,AGR,4,90.0,0,clear sky,Other,0
30.0,4.2,Meal,scooter,20.89,60.0,0.0,haze,Very High,26.62,56.06666667,AURG,5,133.1,0,haze,Other,1
26.0,4.5,Drinks,motorcycle,28.38,82.0,0.0,mist,Very High,16.28,61.03333333,CHEN,5,81.4,0,mist,CHEN,1
36.0,4.5,Buffet,scooter,27.96,57.0,0.0,smoke,Moderate,12.11,32.85,MUM,3,36.33,0,smoke,MUM,0
25.0,4.6,Buffet,motorcycle,27.86,57.0,0.0,smoke,Moderate,7.52,32.76666667,MUM,3,22.56,0,smoke,MUM,0
29.0,5.0,Snack,motorcycle,21.39,45.0,0.0,clear sky,Very High,30.86,64.05,BHP,5,154.3,0,clear sky,Other,1
33.0,4.9,Drinks,motorcycle,20.09,83.0,0.0,mist,Moderate,10.79,38.91666667,RANCHI,3,32.37,0,mist,RANCHI,0
35.0,5.0,Buffet,motorcycle,23.95,64.0,0.0,haze,Moderate,18.1,32.58333333,VAD,3,54.300000000000004,0,haze,Other,0
38.0,3.6,Drinks,scooter,28.34,82.0,0.0,overcast clouds,Very High,27.07,76.1,CHEN,5,135.35,0,clouds,CHEN,1
22.0,4.1,Buffet,motorcycle,27.93,57.0,0.0,smoke,Low,5.54,25.88333333,MUM,2,11.08,0,smoke,MUM,0
25.0,4.7,Drinks,motorcycle,24.8,86.0,0.0,few clouds,Moderate,12.76,38.91666667,KOC,3,38.28,0,clouds,Other,0
34.0,4.8,Snack,scooter,28.34,81.0,0.0,mist,Low,5.09,23.45,CHEN,2,10.18,0,mist,CHEN,0
39.0,4.7,Snack,scooter,24.95,73.0,0.0,mist,High,15.7,42.21666667,SUR,4,62.8,0,mist,SUR,0
31.0,4.7,Snack,electric scooter,27.84,57.0,0.0,smoke,High,22.59,54.65,MUM,4,90.36,0,smoke,MUM,1
33.0,4.9,Snack,scooter,22.65,73.0,0.0,haze,Moderate,10.26,28.96666667,BANG,3,30.78,0,haze,BANG,0
25.0,4.6,Drinks,scooter,19.76,69.0,0.0,clear sky,Very High,25.66,64.78333333,MYS,5,128.3,0,clear sky,MYS,1
24.0,4.5,Drinks,scooter,28.38,82.0,0.0,overcast clouds,Very High,22.66,75.13333333,CHEN,5,113.3,0,clouds,CHEN,1
36.0,4.9,Snack,scooter,20.28,68.0,0.0,clear sky,High,12.51,41.0,MYS,4,50.04,0,clear sky,MYS,0
25.0,4.7,Meal,motorcycle,24.97,73.0,0.0,mist,Low,8.4,21.61666667,SUR,2,16.8,0,mist,SUR,0
31.0,4.0,Drinks,scooter,23.92,64.0,0.0,haze,High,20.24,45.83333333,VAD,4,80.96,0,haze,Other,1
31.0,4.7,Drinks,scooter,22.08,60.0,0.0,haze,Low,4.04,25.3,INDO,2,8.08,0,haze,INDO,0
35.0,4.1,Drinks,scooter,22.04,52.0,0.0,clear sky,Low,5.89,27.28333333,PUNE,2,11.78,0,clear sky,PUNE,0
37.0,4.9,Drinks,scooter,23.68,46.0,0.0,haze,Low,6.25,27.3,JAP,2,12.5,0,haze,JAP,0
25.0,4.6,Snack,motorcycle,23.99,64.0,0.0,haze,High,16.44,37.08333333,VAD,4,65.76,0,haze,Other,0
27.0,4.9,Meal,motorcycle,20.12,83.0,0.0,mist,Low,7.15,21.05,RANCHI,2,14.3,0,mist,RANCHI,0
32.0,4.6,Meal,motorcycle,25.9,73.0,0.0,haze,Very Low,2.95,11.31666667,COIMB,1,2.95,1,haze,COIMB,0
37.0,4.9,Buffet,motorcycle,22.25,51.0,0.0,clear sky,High,15.81,36.66666667,PUNE,4,63.24,0,clear sky,PUNE,0
38.0,4.6,Snack,scooter,28.35,82.0,0.0,overcast clouds,Very High,20.75,60.41666667,CHEN,5,103.75,0,clouds,CHEN,1
23.0,4.8,Drinks,scooter,20.03,83.0,0.0,mist,Low,7.15,30.48333333,RANCHI,2,14.3,0,mist,RANCHI,0
38.0,4.3,Buffet,motorcycle,24.97,73.0,0.0,mist,Very Low,3.13,15.05,SUR,1,3.13,0,mist,SUR,0
20.0,4.9,Meal,scooter,20.07,68.0,0.0,clear sky,Moderate,9.8,22.38333333,MYS,3,29.400000000000002,0,clear sky,MYS,0
20.0,4.6,Meal,scooter,23.02,71.0,0.0,haze,Low,2.31,16.48333333,BANG,2,4.62,1,haze,BANG,0
31.0,4.6,Snack,motorcycle,27.99,51.0,0.0,clear sky,Very High,25.72,55.35,MUM,5,128.6,0,clear sky,MUM,1
33.0,4.5,Buffet,motorcycle,28.47,81.0,0.0,mist,Very Low,3.19,13.25,CHEN,1,3.19,0,mist,CHEN,0
33.0,4.9,Drinks,scooter,20.06,68.0,0.0,clear sky,Moderate,8.67,32.98333333,MYS,3,26.009999999999998,0,clear sky,MYS,0
39.0,4.4,Drinks,scooter,25.57,65.0,0.0,scattered clouds,High,11.94,45.08333333,GOA,4,47.76,0,clouds,Other,1
28.0,4.0,Meal,motorcycle,22.58,73.0,0.0,haze,High,12.05,34.0,BANG,4,48.2,0,haze,BANG,0
37.0,3.8,Buffet,motorcycle,28.36,82.0,0.0,overcast clouds,Very High,16.93,57.95,CHEN,5,84.65,0,clouds,CHEN,1
23.0,4.8,Snack,motorcycle,23.95,31.0,0.0,clear sky,High,19.0,49.01666667,JAP,4,76.0,0,clear sky,JAP,1
39.0,4.9,Snack,motorcycle,22.11,60.0,0.0,haze,Moderate,7.46,26.16666667,INDO,3,22.38,0,haze,INDO,0
35.0,4.9,Drinks,scooter,20.98,60.0,0.0,haze,Very High,25.32,72.45,AURG,5,126.6,0,haze,Other,1
26.0,4.5,Drinks,scooter,23.77,46.0,0.0,haze,Low,7.14,30.78333333,JAP,2,14.28,0,haze,JAP,0
28.0,5.0,Snack,scooter,22.1,60.0,0.0,haze,Moderate,10.8,29.56666667,INDO,3,32.400000000000006,0,haze,INDO,0
36.0,4.7,Meal,motorcycle,23.93,64.0,0.0,haze,High,24.65,39.35,VAD,4,98.6,0,haze,Other,0
27.0,4.7,Drinks,electric scooter,28.27,82.0,0.0,overcast clouds,High,21.29,52.93333333,CHEN,4,85.16,0,clouds,CHEN,1
31.0,4.9,Drinks,scooter,25.82,73.0,0.0,haze,Moderate,9.62,34.0,COIMB,3,28.86,0,haze,COIMB,0
35.0,4.5,Drinks,motorcycle,27.94,57.0,0.0,smoke,High,11.86,50.63333333,MUM,4,47.44,0,smoke,MUM,1
39.0,4.6,Drinks,motorcycle,25.12,43.0,0.0,clear sky,High,16.57,40.6,KNP,4,66.28,0,clear sky,Other,0
33.0,5.0,Snack,electric scooter,28.31,82.0,0.0,overcast clouds,High,14.76,41.35,CHEN,4,59.04,0,clouds,CHEN,0
23.0,4.6,Snack,scooter,22.09,60.0,0.0,haze,Very Low,3.45,15.95,INDO,1,3.45,0,haze,INDO,0
25.0,3.1,Snack,scooter,20.12,83.0,0.0,mist,High,14.97,38.46666667,RANCHI,4,59.88,0,mist,RANCHI,0
37.0,4.7,Buffet,motorcycle,22.55,72.0,0.0,haze,Low,7.08,21.3,BANG,2,14.16,0,haze,BANG,0
28.0,4.6,Drinks,motorcycle,28.35,82.0,0.0,overcast clouds,Very High,23.55,67.55,CHEN,5,117.75,0,clouds,CHEN,1
27.0,4.9,Meal,scooter,24.95,73.0,0.0,mist,Low,7.64,22.65,SUR,2,15.28,0,mist,SUR,0
39.0,4.8,Buffet,motorcycle,24.97,73.0,0.0,mist,Low,8.4,23.61666667,SUR,2,16.8,0,mist,SUR,0
38.0,4.9,Buffet,motorcycle,22.49,50.0,0.0,clear sky,Moderate,8.29,26.73333333,PUNE,3,24.869999999999997,0,clear sky,PUNE,0
29.0,4.3,Meal,motorcycle,28.53,81.0,0.0,mist,Very Low,3.21,11.86666667,CHEN,1,3.21,0,mist,CHEN,0
35.0,4.6,Snack,motorcycle,23.04,72.0,0.0,broken clouds,High,21.3,38.48333333,GOA,4,85.2,0,clouds,Other,0
25.0,5.0,Buffet,motorcycle,22.74,60.0,0.0,haze,Low,5.96,16.43333333,HYD,2,11.92,0,haze,HYD,0
25.0,4.8,Meal,motorcycle,23.92,46.0,0.0,haze,High,12.85,32.68333333,JAP,4,51.4,0,haze,JAP,0
33.0,5.0,Drinks,motorcycle,22.79,60.0,0.0,haze,High,21.58,54.28333333,HYD,4,86.32,0,haze,HYD,1
33.0,4.1,Meal,motorcycle,24.92,73.0,0.0,mist,Moderate,12.49,29.06666667,SUR,3,37.47,0,mist,SUR,0
37.0,4.7,Drinks,scooter,20.03,83.0,0.0,mist,Low,4.97,26.96666667,RANCHI,2,9.94,0,mist,RANCHI,0
21.0,4.7,Buffet,electric scooter,23.4,46.0,0.0,haze,Moderate,10.09,24.25,JAP,3,30.27,0,haze,JAP,0
38.0,4.6,Meal,scooter,23.23,29.0,0.0,clear sky,High,16.54,37.9,JAP,4,66.16,0,clear sky,JAP,0
21.0,4.7,Drinks,scooter,28.36,77.0,0.0,overcast clouds,Very High,28.29,75.88333333,CHEN,5,141.45,0,clouds,CHEN,1
31.0,4.2,Snack,motorcycle,24.18,46.0,0.0,haze,High,15.66,36.15,JAP,4,62.64,0,haze,JAP,0
29.0,4.6,Buffet,motorcycle,25.38,38.0,0.0,clear sky,Very Low,2.52,10.55,AGR,1,2.52,1,clear sky,Other,0
29.0,4.8,Meal,scooter,21.32,45.0,0.0,clear sky,High,21.25,41.3,BHP,4,85.0,0,clear sky,Other,0
20.0,4.9,Snack,motorcycle,22.77,60.0,0.0,haze,Very Low,2.93,14.96666667,HYD,1,2.93,1,haze,HYD,0
34.0,4.7,Meal,scooter,26.01,73.0,0.0,haze,Moderate,15.45,31.46666667,COIMB,3,46.349999999999994,0,haze,COIMB,0
20.0,4.9,Buffet,motorcycle,21.85,43.0,0.0,clear sky,High,28.01,47.63333333,BHP,4,112.04,0,clear sky,Other,1
32.0,4.6,Meal,motorcycle,22.76,60.0,0.0,haze,High,15.76,38.83333333,HYD,4,63.04,0,haze,HYD,0
22.0,4.7,Snack,electric scooter,28.46,81.0,0.0,mist,Moderate,9.41,30.11666667,CHEN,3,28.23,0,mist,CHEN,0
20.0,5.0,Snack,motorcycle,28.32,82.0,0.0,overcast clouds,Very High,16.3,56.76666667,CHEN,5,81.5,0,clouds,CHEN,1
24.0,4.8,Meal,motorcycle,22.25,51.0,0.0,clear sky,Moderate,13.2,26.28333333,PUNE,3,39.599999999999994,0,clear sky,PUNE,0
27.0,4.6,Drinks,motorcycle,20.11,83.0,0.0,mist,Low,7.62,32.98333333,RANCHI,2,15.24,0,mist,RANCHI,0
22.0,4.7,Buffet,scooter,20.27,83.0,0.0,mist,High,12.95,43.56666667,RANCHI,4,51.8,0,mist,RANCHI,0
28.0,4.1,Drinks,motorcycle,23.47,72.0,0.0,haze,Moderate,10.36,37.03333333,BANG,3,31.08,0,haze,BANG,0
36.0,4.4,Meal,motorcycle,25.24,43.0,0.0,clear sky,High,17.86,43.06666667,KNP,4,71.44,0,clear sky,Other,0
23.0,4.7,Drinks,motorcycle,21.71,60.0,0.0,haze,High,13.66,44.28333333,AURG,4,54.64,0,haze,Other,0
34.0,4.8,Meal,scooter,20.17,83.0,0.0,mist,High,11.5,34.68333333,RANCHI,4,46.0,0,mist,RANCHI,0
33.0,5.0,Meal,scooter,22.93,48.0,0.0,clear sky,Very High,25.16,59.03333333,PUNE,5,125.8,0,clear sky,PUNE,1
31.0,3.9,Buffet,scooter,28.04,53.0,0.0,clear sky,Very High,42.6,103.5,MUM,5,213.0,0,clear sky,MUM,1
26.0,4.6,Snack,motorcycle,22.06,60.0,0.0,haze,Low,4.17,21.28333333,INDO,2,8.34,0,haze,INDO,0
27.0,4.6,Buffet,scooter,26.17,73.0,0.0,haze,Very High,24.97,50.83333333,COIMB,5,124.85,0,haze,COIMB,1
32.0,4.5,Buffet,scooter,26.25,73.0,0.0,haze,High,31.46,47.88333333,COIMB,4,125.84,0,haze,COIMB,1
29.0,4.6,Drinks,motorcycle,23.17,72.0,0.0,haze,Moderate,8.96,34.83333333,BANG,3,26.880000000000003,0,haze,BANG,0
28.0,4.1,Meal,motorcycle,20.17,67.0,0.0,clear sky,Low,5.42,12.61666667,MYS,2,10.84,0,clear sky,MYS,0
29.0,4.6,Snack,motorcycle,24.62,45.0,0.0,clear sky,High,22.66,43.63333333,ALH,4,90.64,0,clear sky,Other,0
36.0,3.7,Meal,scooter,22.49,50.0,0.0,clear sky,Moderate,13.11,29.9,PUNE,3,39.33,0,clear sky,PUNE,0
24.0,4.9,Meal,motorcycle,24.76,45.0,0.0,clear sky,Moderate,14.61,29.43333333,ALH,3,43.83,0,clear sky,Other,0
24.0,4.8,Buffet,electric scooter,20.29,68.0,0.0,clear sky,Moderate,12.91,25.35,MYS,3,38.730000000000004,0,clear sky,MYS,0
37.0,4.6,Meal,motorcycle,22.69,60.0,0.0,haze,High,15.71,38.73333333,HYD,4,62.84,0,haze,HYD,0
24.0,4.8,Snack,motorcycle,22.96,49.0,0.0,clear sky,Very High,23.05,59.63333333,PUNE,5,115.25,0,clear sky,PUNE,1
38.0,4.7,Drinks,scooter,24.94,73.0,0.0,mist,Moderate,13.02,39.68333333,SUR,3,39.06,0,mist,SUR,0
36.0,4.6,Drinks,motorcycle,23.92,64.0,0.0,haze,High,20.91,49.25,VAD,4,83.64,0,haze,Other,1
36.0,3.7,Drinks,scooter,23.8,46.0,0.0,haze,High,17.93,45.66666667,JAP,4,71.72,0,haze,JAP,1
39.0,4.3,Buffet,motorcycle,25.93,73.0,0.0,haze,Very Low,2.26,10.58333333,COIMB,1,2.26,1,haze,COIMB,0
22.0,4.8,Meal,motorcycle,28.53,81.0,0.0,mist,Very Low,2.61,12.36666667,CHEN,1,2.61,1,mist,CHEN,0
20.0,5.0,Meal,motorcycle,21.39,45.0,0.0,clear sky,Very High,30.83,50.68333333,BHP,5,154.14999999999998,0,clear sky,Other,1
39.0,5.0,Snack,motorcycle,20.09,83.0,0.0,mist,Moderate,8.81,29.78333333,RANCHI,3,26.43,0,mist,RANCHI,0
38.0,4.8,Buffet,scooter,23.99,64.0,0.0,haze,Low,6.62,15.58333333,VAD,2,13.24,0,haze,Other,0
32.0,4.9,Drinks,scooter,22.65,60.0,0.0,haze,High,14.28,48.13333333,HYD,4,57.12,0,haze,HYD,1
34.0,4.5,Meal,scooter,28.23,82.0,0.0,mist,High,18.99,40.76666667,CHEN,4,75.96,0,mist,CHEN,0
34.0,5.0,Drinks,motorcycle,23.98,64.0,0.0,haze,Low,5.53,22.41666667,VAD,2,11.06,0,haze,Other,0
26.0,4.5,Snack,scooter,23.07,31.0,0.0,clear sky,Very High,34.12,66.46666667,JAP,5,170.6,0,clear sky,JAP,1
29.0,4.6,Drinks,motorcycle,20.21,83.0,0.0,mist,Low,6.44,23.63333333,RANCHI,2,12.88,0,mist,RANCHI,0
29.0,4.6,Drinks,motorcycle,22.1,60.0,0.0,haze,Moderate,8.77,34.38333333,INDO,3,26.31,0,haze,INDO,0
21.0,4.6,Meal,scooter,24.8,86.0,0.0,few clouds,Moderate,13.57,30.13333333,KOC,3,40.71,0,clouds,Other,0
37.0,4.0,Meal,motorcycle,20.17,68.0,0.0,clear sky,High,15.76,39.91666667,MYS,4,63.04,0,clear sky,MYS,0
24.0,4.9,Meal,motorcycle,23.99,64.0,0.0,haze,Moderate,13.05,31.31666667,VAD,3,39.150000000000006,0,haze,Other,0
29.0,4.8,Meal,scooter,22.2,45.0,0.0,clear sky,Very High,26.3,49.63333333,INDO,5,131.5,0,clear sky,INDO,1
29.0,4.6,Drinks,motorcycle,22.83,49.0,0.0,clear sky,Very High,24.84,72.2,PUNE,5,124.2,0,clear sky,PUNE,1
30.0,5.0,Drinks,motorcycle,23.93,64.0,0.0,haze,High,19.95,45.35,VAD,4,79.8,0,haze,Other,1
25.0,4.4,Snack,motorcycle,27.99,57.0,0.0,smoke,Low,3.46,22.76666667,MUM,2,6.92,0,smoke,MUM,0
30.0,3.5,Meal,motorcycle,21.54,44.0,0.0,clear sky,High,14.05,32.35,BHP,4,56.2,0,clear sky,Other,0
25.0,4.8,Snack,motorcycle,25.24,43.0,0.0,clear sky,Moderate,10.05,26.98333333,KNP,3,30.150000000000002,0,clear sky,Other,0
29.0,4.6,Drinks,scooter,22.86,73.0,0.0,haze,High,15.99,53.81666667,BANG,4,63.96,0,haze,BANG,1
36.0,4.7,Buffet,scooter,22.63,50.0,0.0,clear sky,Moderate,7.91,24.21666667,PUNE,3,23.73,0,clear sky,PUNE,0
25.0,5.0,Snack,electric scooter,25.43,38.0,0.0,clear sky,High,20.09,35.0,AGR,4,80.36,0,clear sky,Other,0
21.0,4.3,Buffet,motorcycle,22.49,50.0,0.0,clear sky,Moderate,7.07,23.83333333,PUNE,3,21.21,0,clear sky,PUNE,0
35.0,4.9,Snack,electric scooter,20.15,68.0,0.0,clear sky,High,23.19,37.68333333,MYS,4,92.76,0,clear sky,MYS,0
21.0,5.0,Snack,motorcycle,22.91,46.0,0.0,haze,Low,6.04,17.48333333,JAP,2,12.08,0,haze,JAP,0
21.0,4.8,Drinks,motorcycle,24.0,64.0,0.0,haze,Low,9.99,29.53333333,VAD,2,19.98,0,haze,Other,0
21.0,4.6,Meal,motorcycle,22.75,60.0,0.0,haze,Very High,22.65,50.26666667,HYD,5,113.25,0,haze,HYD,1
30.0,4.6,Buffet,motorcycle,28.05,54.0,0.0,clear sky,Very High,32.34,79.8,MUM,5,161.70000000000002,0,clear sky,MUM,1
21.0,4.6,Buffet,motorcycle,20.29,68.0,0.0,clear sky,High,17.68,39.08333333,MYS,4,70.72,0,clear sky,MYS,0
29.0,4.8,Meal,motorcycle,28.0,57.0,0.0,smoke,High,15.93,41.65,MUM,4,63.72,0,smoke,MUM,0
36.0,4.5,Buffet,scooter,20.29,68.0,0.0,clear sky,High,17.34,36.18333333,MYS,4,69.36,0,clear sky,MYS,0
35.0,4.0,Buffet,motorcycle,28.25,82.0,0.13,mist,Moderate,9.25,30.63333333,CHEN,3,27.75,0,mist,CHEN,0
38.0,4.8,Snack,scooter,25.02,44.0,0.0,clear sky,High,14.78,35.41666667,ALH,4,59.12,0,clear sky,Other,0
27.0,4.6,Drinks,electric scooter,22.07,73.0,0.0,haze,Very High,27.12,57.03333333,BANG,5,135.6,0,haze,BANG,1
22.0,4.7,Buffet,motorcycle,22.62,46.0,0.0,haze,High,14.98,40.88333333,JAP,4,59.92,0,haze,JAP,0
29.0,4.6,Meal,motorcycle,28.0,57.0,0.0,smoke,High,15.53,40.23333333,MUM,4,62.12,0,smoke,MUM,0
20.0,4.7,Snack,motorcycle,22.61,49.0,0.0,clear sky,High,16.83,44.93333333,PUNE,4,67.32,0,clear sky,PUNE,0
29.0,4.0,Buffet,scooter,22.29,45.0,0.0,clear sky,High,26.6,47.16666667,INDO,4,106.4,0,clear sky,INDO,1
26.0,4.8,Drinks,motorcycle,20.28,68.0,0.0,clear sky,High,16.35,41.78333333,MYS,4,65.4,0,clear sky,MYS,0
20.0,4.9,Drinks,motorcycle,28.03,57.0,0.0,smoke,Low,3.78,29.56666667,MUM,2,7.56,0,smoke,MUM,0
30.0,4.6,Buffet,scooter,23.97,64.0,0.0,haze,Moderate,17.83,32.25,VAD,3,53.489999999999995,0,haze,Other,0
20.0,4.9,Meal,motorcycle,22.9,60.0,0.0,haze,Low,4.85,16.41666667,HYD,2,9.7,0,haze,HYD,0
26.0,4.7,Snack,motorcycle,24.91,40.0,0.0,clear sky,Very High,34.22,50.58333333,SUR,5,171.1,0,clear sky,SUR,1
39.0,4.1,Snack,motorcycle,28.48,82.0,0.36,mist,Low,8.25,25.23333333,CHEN,2,16.5,0,mist,CHEN,0
24.0,4.9,Drinks,motorcycle,21.58,44.0,0.0,clear sky,Low,6.48,26.45,BHP,2,12.96,0,clear sky,Other,0
39.0,4.8,Drinks,motorcycle,17.27,76.0,0.0,clear sky,Very Low,4.1,18.78333333,DEH,1,4.1,0,clear sky,Other,0
30.0,4.6,Drinks,motorcycle,22.82,60.0,0.0,haze,Very Low,2.5,19.66666667,HYD,1,2.5,1,haze,HYD,0
29.0,4.9,Snack,motorcycle,28.0,65.0,0.0,haze,High,15.2,36.35,KOL,4,60.8,0,haze,Other,0
20.0,4.9,Buffet,scooter,24.95,73.0,0.0,mist,Very Low,2.23,12.2,SUR,1,2.23,1,mist,SUR,0
25.0,5.0,Meal,motorcycle,22.89,73.0,0.0,haze,High,14.6,40.78333333,BANG,4,58.4,0,haze,BANG,0
33.0,4.6,Snack,motorcycle,26.25,73.0,0.0,haze,Very High,32.94,53.35,COIMB,5,164.7,0,haze,COIMB,1
30.0,4.9,Snack,scooter,23.97,46.0,0.0,haze,High,13.54,37.0,JAP,4,54.16,0,haze,JAP,0
28.0,4.8,Snack,scooter,22.84,46.0,0.0,haze,Very High,23.35,56.0,JAP,5,116.75,0,haze,JAP,1
27.0,4.0,Drinks,scooter,23.9,46.0,0.0,haze,High,13.96,41.66666667,JAP,4,55.84,0,haze,JAP,0
36.0,4.1,Buffet,scooter,26.12,73.0,0.0,haze,High,20.42,46.61666667,COIMB,4,81.68,0,haze,COIMB,1
24.0,4.6,Meal,motorcycle,21.35,60.0,0.0,haze,High,16.53,46.63333333,AURG,4,66.12,0,haze,Other,1
29.0,4.5,Snack,motorcycle,22.99,60.0,0.0,haze,Moderate,11.49,32.58333333,HYD,3,34.47,0,haze,HYD,0
38.0,4.5,Buffet,motorcycle,20.26,83.0,0.0,mist,High,16.38,40.93333333,RANCHI,4,65.52,0,mist,RANCHI,0
22.0,4.6,Drinks,motorcycle,20.0,68.0,0.0,clear sky,Low,6.61,27.36666667,MYS,2,13.22,0,clear sky,MYS,0
38.0,5.0,Drinks,scooter,26.17,73.0,0.0,haze,Very High,24.97,57.73333333,COIMB,5,124.85,0,haze,COIMB,1
23.0,4.8,Drinks,motorcycle,23.27,73.0,0.0,haze,High,16.86,47.13333333,BANG,4,67.44,0,haze,BANG,1
31.0,4.8,Buffet,motorcycle,22.75,60.0,0.0,haze,High,15.78,36.35,HYD,4,63.12,0,haze,HYD,0
30.0,4.6,Meal,scooter,22.98,73.0,0.0,haze,Moderate,10.31,26.61666667,BANG,3,30.93,0,haze,BANG,0
23.0,4.7,Meal,motorcycle,23.96,30.0,0.0,clear sky,High,16.67,38.03333333,JAP,4,66.68,0,clear sky,JAP,0
30.0,4.9,Snack,scooter,22.89,49.0,0.0,clear sky,Very High,20.74,58.61666667,PUNE,5,103.69999999999999,0,clear sky,PUNE,1
35.0,4.6,Drinks,motorcycle,21.54,44.0,0.0,clear sky,High,12.11,40.83333333,BHP,4,48.44,0,clear sky,Other,0
28.0,4.8,Meal,motorcycle,20.3,63.0,0.0,scattered clouds,High,17.44,34.8,RANCHI,4,69.76,0,clouds,RANCHI,0
38.0,3.9,Buffet,scooter,22.18,45.0,0.0,clear sky,High,16.92,39.76666667,INDO,4,67.68,0,clear sky,INDO,0
29.0,4.6,Drinks,motorcycle,27.66,57.0,0.0,smoke,High,21.38,58.06666667,MUM,4,85.52,0,smoke,MUM,1
28.0,4.7,Buffet,motorcycle,25.9,73.0,0.0,haze,Low,6.4,19.61666667,COIMB,2,12.8,0,haze,COIMB,0
33.0,4.0,Meal,motorcycle,20.08,83.0,0.0,mist,Low,3.94,20.13333333,RANCHI,2,7.88,0,mist,RANCHI,0
34.0,4.8,Drinks,electric scooter,23.4,46.0,0.0,haze,Moderate,10.08,31.53333333,JAP,3,30.240000000000002,0,haze,JAP,0
38.0,5.0,Snack,motorcycle,23.77,46.0,0.0,haze,Moderate,13.58,32.91666667,JAP,3,40.74,0,haze,JAP,0
36.0,4.9,Meal,electric scooter,27.99,65.0,0.0,haze,Low,2.85,13.95,KOL,2,5.7,1,haze,Other,0
21.0,4.8,Snack,motorcycle,22.62,73.0,0.0,haze,High,12.77,37.13333333,BANG,4,51.08,0,haze,BANG,0
34.0,4.6,Buffet,motorcycle,28.05,57.0,0.0,smoke,High,18.66,45.65,MUM,4,74.64,0,smoke,MUM,1
25.0,4.8,Snack,scooter,25.24,84.0,0.0,few clouds,Very Low,1.98,11.55,KOC,1,1.98,1,clouds,Other,0
34.0,4.1,Meal,motorcycle,25.05,44.0,0.0,clear sky,Moderate,7.57,23.23333333,ALH,3,22.71,0,clear sky,Other,0
29.0,4.8,Snack,motorcycle,22.37,73.0,0.0,haze,Low,7.03,23.58333333,BANG,2,14.06,0,haze,BANG,0
22.0,4.3,Snack,motorcycle,22.04,52.0,0.0,clear sky,Low,4.47,18.01666667,PUNE,2,8.94,0,clear sky,PUNE,0
25.0,4.6,Meal,electric scooter,28.25,82.0,0.13,mist,Moderate,9.4,26.81666667,CHEN,3,28.200000000000003,0,mist,CHEN,0
29.0,4.6,Snack,motorcycle,23.94,30.0,0.0,clear sky,High,18.56,43.83333333,JAP,4,74.24,0,clear sky,JAP,0
35.0,3.6,Drinks,scooter,24.12,91.0,0.0,scattered clouds,Very High,24.16,62.26666667,KOC,5,120.8,0,clouds,Other,1
35.0,4.5,Meal,motorcycle,24.12,91.0,0.0,scattered clouds,Very High,31.48,52.53333333,KOC,5,157.4,0,clouds,Other,1
30.0,3.5,Meal,scooter,25.97,73.0,0.0,haze,High,17.5,38.9,COIMB,4,70.0,0,haze,COIMB,0
35.0,4.8,Drinks,scooter,22.5,50.0,0.0,clear sky,Very High,29.83,76.38333333,PUNE,5,149.14999999999998,0,clear sky,PUNE,1
21.0,4.5,Snack,motorcycle,23.25,46.0,0.0,haze,Moderate,10.51,30.53333333,JAP,3,31.53,0,haze,JAP,0
36.0,4.7,Buffet,scooter,20.12,83.0,0.0,mist,Moderate,16.28,34.05,RANCHI,3,48.84,0,mist,RANCHI,0
33.0,4.8,Snack,motorcycle,24.92,73.0,0.0,mist,Low,9.13,27.4,SUR,2,18.26,0,mist,SUR,0
22.0,4.7,Meal,motorcycle,23.31,71.0,0.0,haze,Very Low,2.41,10.38333333,BANG,1,2.41,1,haze,BANG,0
29.0,4.7,Meal,motorcycle,20.28,68.0,0.0,clear sky,High,17.7,38.53333333,MYS,4,70.8,0,clear sky,MYS,0
30.0,4.6,Meal,motorcycle,28.33,81.0,0.0,mist,Low,7.31,20.73333333,CHEN,2,14.62,0,mist,CHEN,0
27.0,4.7,Drinks,motorcycle,20.29,68.0,0.0,clear sky,Moderate,14.28,31.03333333,MYS,3,42.839999999999996,0,clear sky,MYS,0
37.0,3.7,Snack,scooter,26.24,73.0,0.0,haze,Very High,24.84,55.45,COIMB,5,124.2,0,haze,COIMB,1
22.0,4.7,Drinks,electric scooter,24.01,64.0,0.0,haze,Moderate,13.47,37.85,VAD,3,40.410000000000004,0,haze,Other,0
27.0,4.6,Meal,scooter,21.74,60.0,0.0,haze,Moderate,10.49,27.96666667,AURG,3,31.47,0,haze,Other,0
30.0,4.6,Meal,scooter,25.97,73.0,0.0,haze,High,15.83,35.15,COIMB,4,63.32,0,haze,COIMB,0
38.0,4.1,Snack,motorcycle,20.29,63.0,0.0,scattered clouds,High,18.86,40.35,RANCHI,4,75.44,0,clouds,RANCHI,0
20.0,5.0,Snack,motorcycle,28.02,57.0,0.0,smoke,Low,3.66,24.55,MUM,2,7.32,0,smoke,MUM,0
27.0,4.9,Meal,motorcycle,22.64,60.0,0.0,haze,Very Low,2.62,10.91666667,HYD,1,2.62,1,haze,HYD,0
38.0,4.9,Snack,scooter,26.97,89.0,0.0,mist,Very Low,2.07,15.76666667,KOC,1,2.07,1,mist,Other,0
20.0,4.5,Snack,scooter,23.36,40.0,0.0,clear sky,Low,5.26,15.38333333,LUDH,2,10.52,0,clear sky,Other,0
24.0,4.9,Buffet,motorcycle,19.8,68.0,0.0,clear sky,High,26.25,42.41666667,MYS,4,105.0,0,clear sky,MYS,0
31.0,5.0,Meal,motorcycle,19.92,68.0,0.0,clear sky,Very Low,3.09,6.766666667,MYS,1,3.09,0,clear sky,MYS,0
36.0,4.1,Drinks,scooter,28.44,82.0,0.0,mist,High,20.82,50.68333333,CHEN,4,83.28,0,mist,CHEN,1
32.0,5.0,Drinks,motorcycle,26.5,57.0,0.0,smoke,Very High,24.71,77.85,MUM,5,123.55000000000001,0,smoke,MUM,1
27.0,4.6,Meal,motorcycle,26.2,73.0,0.0,haze,High,21.79,43.16666667,COIMB,4,87.16,0,haze,COIMB,0
36.0,4.4,Snack,scooter,23.93,32.0,0.0,clear sky,Very High,27.74,56.23333333,JAP,5,138.7,0,clear sky,JAP,1
23.0,4.8,Snack,motorcycle,22.44,50.0,0.0,clear sky,Very High,21.42,54.08333333,PUNE,5,107.10000000000001,0,clear sky,PUNE,1
25.0,4.7,Drinks,motorcycle,23.36,71.0,0.0,haze,Very Low,2.13,20.7,BANG,1,2.13,1,haze,BANG,0
37.0,4.4,Buffet,scooter,11.01,86.0,0.0,clear sky,Very High,29.71,74.98333333,DEH,5,148.55,0,clear sky,Other,1
31.0,4.8,Drinks,electric scooter,22.41,51.0,0.0,clear sky,Moderate,8.72,33.31666667,PUNE,3,26.160000000000004,0,clear sky,PUNE,0
20.0,3.2,Snack,scooter,23.99,64.0,0.0,haze,High,16.42,36.85,VAD,4,65.68,0,haze,Other,0
21.0,4.5,Buffet,motorcycle,24.91,40.0,0.0,clear sky,Very High,34.21,48.48333333,SUR,5,171.05,0,clear sky,SUR,1
26.0,4.5,Meal,motorcycle,22.86,73.0,0.0,haze,High,13.79,32.41666667,BANG,4,55.16,0,haze,BANG,0
37.0,3.5,Buffet,scooter,23.04,48.0,0.0,clear sky,Very High,26.07,58.38333333,PUNE,5,130.35,0,clear sky,PUNE,1
25.0,4.2,Buffet,scooter,22.89,73.0,0.0,haze,High,16.29,39.21666667,BANG,4,65.16,0,haze,BANG,0
26.0,4.8,Meal,electric scooter,25.95,73.0,0.0,haze,High,13.62,32.41666667,COIMB,4,54.48,0,haze,COIMB,0
22.0,4.9,Meal,electric scooter,22.29,45.0,0.0,clear sky,High,23.69,45.73333333,INDO,4,94.76,0,clear sky,INDO,1
25.0,5.0,Meal,motorcycle,22.23,45.0,0.0,clear sky,Moderate,14.82,26.56666667,INDO,3,44.46,0,clear sky,INDO,0
39.0,4.7,Drinks,electric scooter,15.89,78.0,0.0,clear sky,Moderate,11.05,35.36666667,DEH,3,33.150000000000006,0,clear sky,Other,0
26.0,4.3,Snack,motorcycle,27.69,57.0,0.0,smoke,Low,2.98,21.38333333,MUM,2,5.96,1,smoke,MUM,0
25.0,4.9,Meal,scooter,22.2,60.0,0.0,haze,High,16.78,35.51666667,INDO,4,67.12,0,haze,INDO,0
27.0,4.5,Buffet,motorcycle,23.99,46.0,0.0,haze,Moderate,13.46,33.98333333,JAP,3,40.38,0,haze,JAP,0
26.0,4.5,Buffet,motorcycle,21.78,44.0,0.0,clear sky,Moderate,9.29,27.98333333,BHP,3,27.869999999999997,0,clear sky,Other,0
28.0,4.7,Drinks,scooter,24.94,73.0,0.0,mist,Moderate,11.08,37.9,SUR,3,33.24,0,mist,SUR,0
23.0,5.0,Meal,motorcycle,22.62,73.0,0.0,haze,High,19.97,36.05,BANG,4,79.88,0,haze,BANG,0
24.0,4.5,Buffet,motorcycle,24.95,73.0,0.0,mist,Very Low,2.22,12.4,SUR,1,2.22,1,mist,SUR,0
32.0,4.9,Buffet,electric scooter,28.0,57.0,0.0,smoke,High,14.88,41.45,MUM,4,59.52,0,smoke,MUM,0
23.0,4.7,Drinks,motorcycle,28.34,81.0,0.0,mist,Very Low,2.66,20.85,CHEN,1,2.66,1,mist,CHEN,0
24.0,4.7,Snack,scooter,28.02,57.0,0.0,smoke,Low,5.02,28.86666667,MUM,2,10.04,0,smoke,MUM,0
21.0,4.5,Snack,scooter,27.98,57.0,0.0,smoke,Low,7.79,29.55,MUM,2,15.58,0,smoke,MUM,0
21.0,4.9,Snack,scooter,28.5,82.0,0.6,mist,High,12.88,39.03333333,CHEN,4,51.52,0,mist,CHEN,0
33.0,4.5,Buffet,motorcycle,22.21,45.0,0.0,clear sky,High,14.61,36.66666667,INDO,4,58.44,0,clear sky,INDO,0
34.0,4.8,Buffet,motorcycle,22.92,60.0,0.0,haze,Low,3.75,15.48333333,HYD,2,7.5,0,haze,HYD,0
35.0,4.2,Drinks,scooter,22.17,45.0,0.0,clear sky,Very High,31.22,57.95,INDO,5,156.1,0,clear sky,INDO,1
38.0,3.8,Buffet,scooter,22.89,49.0,0.0,clear sky,Very High,21.35,54.03333333,PUNE,5,106.75,0,clear sky,PUNE,1
31.0,4.7,Meal,scooter,22.95,60.0,0.0,haze,Moderate,8.47,24.15,HYD,3,25.410000000000004,0,haze,HYD,0
21.0,4.6,Snack,scooter,25.05,44.0,0.0,clear sky,High,15.63,39.9,ALH,4,62.52,0,clear sky,Other,0
32.0,4.7,Meal,scooter,21.6,44.0,0.0,clear sky,Low,7.26,17.11666667,BHP,2,14.52,0,clear sky,Other,0
35.0,4.7,Snack,scooter,27.99,57.0,0.0,smoke,Low,5.02,29.85,MUM,2,10.04,0,smoke,MUM,0
21.0,4.8,Drinks,motorcycle,23.36,71.0,0.0,haze,Low,2.69,23.95,BANG,2,5.38,1,haze,BANG,0
26.0,4.9,Buffet,electric scooter,23.19,72.0,0.0,haze,Moderate,8.96,27.73333333,BANG,3,26.880000000000003,0,haze,BANG,0
27.0,4.6,Meal,motorcycle,28.27,81.0,0.0,mist,Moderate,9.65,28.71666667,CHEN,3,28.950000000000003,0,mist,CHEN,0
33.0,4.5,Buffet,motorcycle,28.25,82.0,0.13,mist,Moderate,9.4,28.75,CHEN,3,28.200000000000003,0,mist,CHEN,0
29.0,4.6,Drinks,motorcycle,22.49,50.0,0.0,clear sky,Moderate,9.65,35.1,PUNE,3,28.950000000000003,0,clear sky,PUNE,0
23.0,4.8,Snack,motorcycle,20.14,83.0,0.0,mist,Moderate,14.12,34.45,RANCHI,3,42.36,0,mist,RANCHI,0
33.0,4.7,Snack,motorcycle,22.49,50.0,0.0,clear sky,High,15.09,39.8,PUNE,4,60.36,0,clear sky,PUNE,0
36.0,4.9,Meal,motorcycle,22.49,50.0,0.0,clear sky,Moderate,12.37,28.76666667,PUNE,3,37.11,0,clear sky,PUNE,0
34.0,4.6,Meal,motorcycle,25.86,73.0,0.0,haze,Moderate,12.39,27.2,COIMB,3,37.17,0,haze,COIMB,0
36.0,4.7,Drinks,motorcycle,22.14,60.0,0.0,haze,Moderate,13.34,39.21666667,INDO,3,40.019999999999996,0,haze,INDO,0
24.0,4.7,Buffet,motorcycle,22.87,60.0,0.0,haze,Moderate,11.03,29.08333333,HYD,3,33.089999999999996,0,haze,HYD,0
34.0,4.2,Meal,electric scooter,23.81,32.0,0.0,clear sky,Very High,30.73,59.96666667,JAP,5,153.65,0,clear sky,JAP,1
29.0,4.6,Snack,motorcycle,25.54,38.0,0.0,clear sky,High,7.93,38.96666667,AGR,4,31.72,0,clear sky,Other,0
21.0,4.4,Buffet,motorcycle,26.05,73.0,0.0,haze,Moderate,10.01,26.3,COIMB,3,30.03,0,haze,COIMB,0
28.0,4.8,Buffet,motorcycle,22.61,60.0,0.0,haze,Very Low,2.52,12.46666667,HYD,1,2.52,1,haze,HYD,0
25.0,5.0,Meal,electric scooter,22.79,73.0,0.0,haze,High,15.3,36.8,BANG,4,61.2,0,haze,BANG,0
31.0,3.2,Drinks,motorcycle,22.54,41.0,0.0,clear sky,Very High,37.41,55.45,LUDH,5,187.04999999999998,0,clear sky,Other,1
24.0,4.6,Snack,motorcycle,25.21,44.0,0.0,clear sky,Low,7.18,23.31666667,ALH,2,14.36,0,clear sky,Other,0
26.0,4.7,Drinks,electric scooter,24.98,73.0,0.0,mist,Very Low,2.41,20.7,SUR,1,2.41,1,mist,SUR,0
31.0,4.3,Snack,scooter,22.45,50.0,0.0,clear sky,High,14.0,37.98333333,PUNE,4,56.0,0,clear sky,PUNE,0
31.0,4.3,Meal,motorcycle,23.99,64.0,0.0,haze,Moderate,11.19,22.05,VAD,3,33.57,0,haze,Other,0
23.0,4.8,Buffet,electric scooter,23.25,46.0,0.0,haze,Moderate,10.13,28.45,JAP,3,30.39,0,haze,JAP,0
26.0,4.2,Drinks,motorcycle,22.99,60.0,0.0,haze,Moderate,11.49,37.1,HYD,3,34.47,0,haze,HYD,0
20.0,4.5,Snack,motorcycle,24.91,40.0,0.0,clear sky,High,21.84,45.88333333,SUR,4,87.36,0,clear sky,SUR,1
32.0,4.7,Drinks,scooter,24.99,73.0,0.0,mist,Very Low,2.77,20.25,SUR,1,2.77,1,mist,SUR,0
29.0,4.6,Meal,scooter,28.54,82.0,0.6,mist,Low,8.77,22.7,CHEN,2,17.54,0,mist,CHEN,0
22.0,4.7,Buffet,motorcycle,23.9,31.0,0.0,clear sky,High,20.18,43.86666667,JAP,4,80.72,0,clear sky,JAP,0
39.0,4.4,Buffet,scooter,22.29,73.0,0.0,haze,Very High,25.77,57.01666667,BANG,5,128.85,0,haze,BANG,1
39.0,3.9,Buffet,motorcycle,21.96,51.0,0.0,clear sky,Very High,22.96,52.51666667,PUNE,5,114.80000000000001,0,clear sky,PUNE,1
23.0,4.7,Snack,motorcycle,22.77,72.0,0.0,haze,Moderate,7.0,28.63333333,BANG,3,21.0,0,haze,BANG,0
29.0,4.9,Snack,motorcycle,25.21,44.0,0.0,clear sky,Low,6.11,21.86666667,ALH,2,12.22,0,clear sky,Other,0
36.0,4.8,Buffet,motorcycle,22.14,60.0,0.0,haze,Moderate,11.78,31.1,INDO,3,35.339999999999996,0,haze,INDO,0
37.0,4.4,Meal,scooter,22.25,51.0,0.0,clear sky,High,19.17,42.75,PUNE,4,76.68,0,clear sky,PUNE,0
35.0,4.7,Buffet,scooter,22.18,60.0,0.0,haze,High,17.09,41.66666667,INDO,4,68.36,0,haze,INDO,0
23.0,5.0,Drinks,scooter,22.88,60.0,0.0,haze,High,16.6,53.73333333,HYD,4,66.4,0,haze,HYD,1
22.0,4.2,Meal,motorcycle,24.95,73.0,0.0,mist,Moderate,9.49,24.93333333,SUR,3,28.47,0,mist,SUR,0
30.0,4.9,Drinks,motorcycle,27.26,57.0,0.0,smoke,Very High,18.18,67.56666667,MUM,5,90.9,0,smoke,MUM,1
32.0,4.7,Snack,scooter,22.19,60.0,0.0,haze,Moderate,11.53,32.2,INDO,3,34.589999999999996,0,haze,INDO,0
20.0,4.1,Buffet,motorcycle,23.95,64.0,0.0,haze,Moderate,18.18,32.83333333,VAD,3,54.54,0,haze,Other,0
33.0,4.5,Meal,motorcycle,25.15,39.0,0.0,clear sky,Very High,40.16,59.76666667,AGR,5,200.79999999999998,0,clear sky,Other,1
36.0,4.6,Buffet,motorcycle,22.25,50.0,0.0,clear sky,Very High,22.84,56.51666667,PUNE,5,114.2,0,clear sky,PUNE,1
31.0,4.1,Snack,scooter,25.01,73.0,0.0,mist,Very Low,3.42,15.8,SUR,1,3.42,0,mist,SUR,0
20.0,4.9,Meal,scooter,28.01,65.0,0.0,haze,Moderate,10.15,24.7,KOL,3,30.450000000000003,0,haze,Other,0
26.0,4.8,Drinks,scooter,22.29,73.0,0.0,haze,Very High,25.38,63.56666667,BANG,5,126.89999999999999,0,haze,BANG,1
23.0,4.8,Meal,scooter,24.02,46.0,0.0,haze,High,18.78,38.33333333,JAP,4,75.12,0,haze,JAP,0
33.0,4.8,Meal,scooter,24.92,73.0,0.0,mist,Low,6.42,18.4,SUR,2,12.84,0,mist,SUR,0
24.0,4.7,Meal,motorcycle,22.79,60.0,0.0,haze,Low,5.75,17.51666667,HYD,2,11.5,0,haze,HYD,0
37.0,4.7,Meal,scooter,22.68,50.0,0.0,clear sky,Very High,25.87,58.66666667,PUNE,5,129.35,0,clear sky,PUNE,1
36.0,4.5,Meal,scooter,28.01,57.0,0.0,smoke,High,17.63,43.78333333,MUM,4,70.52,0,smoke,MUM,0
29.0,4.6,Drinks,motorcycle,28.34,82.0,0.0,mist,High,11.95,43.35,CHEN,4,47.8,0,mist,CHEN,0
24.0,4.6,Drinks,motorcycle,22.29,45.0,0.0,clear sky,Very High,24.08,55.65,INDO,5,120.39999999999999,0,clear sky,INDO,1
20.0,4.9,Drinks,scooter,22.07,51.0,0.0,clear sky,Low,3.7,21.98333333,PUNE,2,7.4,0,clear sky,PUNE,0
36.0,4.7,Buffet,electric scooter,22.91,40.0,0.0,clear sky,High,17.97,35.36666667,LUDH,4,71.88,0,clear sky,Other,0
28.0,4.6,Drinks,motorcycle,27.98,65.0,0.0,haze,High,15.31,44.16666667,KOL,4,61.24,0,haze,Other,0
37.0,4.9,Meal,scooter,22.19,73.0,0.0,haze,Very High,25.41,48.95,BANG,5,127.05,0,haze,BANG,1
28.0,4.8,Meal,scooter,23.4,46.0,0.0,haze,Moderate,10.09,22.05,JAP,3,30.27,0,haze,JAP,0
38.0,4.6,Buffet,motorcycle,20.14,83.0,0.0,mist,Moderate,15.26,35.76666667,RANCHI,3,45.78,0,mist,RANCHI,0
38.0,4.6,Snack,electric scooter,22.09,60.0,0.0,haze,Moderate,13.25,33.16666667,INDO,3,39.75,0,haze,INDO,0
33.0,4.5,Buffet,scooter,26.2,73.0,0.0,haze,High,21.79,44.85,COIMB,4,87.16,0,haze,COIMB,0
34.0,4.8,Buffet,scooter,24.92,41.0,0.0,clear sky,High,24.59,46.38333333,SUR,4,98.36,0,clear sky,SUR,1
35.0,3.6,Meal,scooter,28.45,87.0,1.46,moderate rain,Very High,25.21,66.45,CHEN,5,126.05000000000001,0,other,CHEN,1
34.0,4.2,Snack,motorcycle,19.82,68.0,0.0,clear sky,Very Low,3.15,14.16666667,MYS,1,3.15,0,clear sky,MYS,0
37.0,4.8,Meal,motorcycle,23.17,72.0,0.0,haze,Moderate,12.71,31.53333333,BANG,3,38.13,0,haze,BANG,0
27.0,4.7,Meal,scooter,20.22,63.0,0.0,scattered clouds,Very High,25.71,51.11666667,RANCHI,5,128.55,0,clouds,RANCHI,1
32.0,4.2,Meal,scooter,22.11,60.0,0.0,haze,Low,6.77,19.4,INDO,2,13.54,0,haze,INDO,0
22.0,4.6,Snack,motorcycle,28.04,57.0,0.0,smoke,High,18.59,42.51666667,MUM,4,74.36,0,smoke,MUM,0
21.0,4.1,Snack,motorcycle,24.93,41.0,0.0,clear sky,High,16.73,37.5,SUR,4,66.92,0,clear sky,SUR,0
22.0,4.6,Meal,scooter,27.99,51.0,0.0,clear sky,Very High,26.81,52.48333333,MUM,5,134.04999999999998,0,clear sky,MUM,1
35.0,4.0,Drinks,motorcycle,27.97,65.0,0.0,haze,Low,7.66,30.55,KOL,2,15.32,0,haze,Other,0
28.0,5.0,Meal,motorcycle,20.03,83.0,0.0,mist,Moderate,10.22,26.85,RANCHI,3,30.660000000000004,0,mist,RANCHI,0
25.0,4.0,Meal,motorcycle,28.03,57.0,0.0,smoke,Low,3.78,18.2,MUM,2,7.56,0,smoke,MUM,0
32.0,4.2,Meal,motorcycle,23.96,64.0,0.0,haze,High,18.92,32.61666667,VAD,4,75.68,0,haze,Other,0
36.0,4.7,Meal,motorcycle,22.94,60.0,0.0,haze,Low,2.64,12.01666667,HYD,2,5.28,1,haze,HYD,0
37.0,4.6,Buffet,scooter,23.72,31.0,0.0,clear sky,Very High,28.8,51.06666667,JAP,5,144.0,0,clear sky,JAP,1
29.0,4.7,Meal,scooter,28.01,57.0,0.0,smoke,High,17.63,43.8,MUM,4,70.52,0,smoke,MUM,0
