Delivery Person Age,Delivery Person Ratings,Order Type,Vehicle Type,Temperature,Humidity,Precipitation,Weather Description,Traffic Level,Distance,Delivery Time,City,traffic_score,dist_x_traffic,short_trip,weather_grp,city_grp,is_delayed,predicted_time,abs_error,delay_prob,risk_band
29.0,5.0,Drinks,electric scooter,23.4,46.0,0.0,haze,Moderate,10.37,36.46666667,JAP,3,31.11,0,haze,JAP,0,35.9,0.6,0.0,Low
29.0,4.6,Snack,scooter,25.88,65.0,0.0,haze,Low,8.02,24.28333333,COIMB,2,16.04,0,haze,COIMB,0,23.6,0.7,0.0,Low
38.0,4.6,Buffet,motorcycle,17.99,58.0,0.0,clear sky,Very High,28.91,55.56666667,BHP,5,144.55,0,clear sky,Other,1,55.2,0.4,1.0,High
38.0,4.6,Buffet,electric scooter,23.21,73.0,0.0,haze,Moderate,8.96,29.5,BANG,3,26.880000000000003,0,haze,BANG,0,27.8,1.7,0.0,Low
37.0,4.7,Meal,scooter,22.68,50.0,0.0,clear sky,Very High,25.87,58.66666667,PUNE,5,129.35,0,clear sky,PUNE,1,59.3,0.6,1.0,High
27.0,4.7,Snack,motorcycle,27.0,44.0,0.0,smoke,Moderate,8.49,35.15,MUM,3,25.47,0,smoke,MUM,0,36.7,1.6,0.0,Low
28.0,4.5,Snack,motorcycle,23.2,60.0,0.0,haze,Moderate,13.4,35.86666667,INDO,3,40.2,0,haze,INDO,0,32.8,3.1,0.0,Low
37.0,4.7,Drinks,scooter,24.94,73.0,0.0,mist,Low,9.35,32.35,SUR,2,18.7,0,mist,SUR,0,30.8,1.6,0.0,Low
34.0,3.8,Meal,scooter,22.79,43.0,0.0,clear sky,High,20.19,42.15,SUR,4,80.76,0,clear sky,SUR,0,40.5,1.6,0.04,Low
24.0,4.8,Drinks,scooter,28.49,81.0,0.0,mist,Moderate,11.13,38.35,CHEN,3,33.39,0,mist,CHEN,0,37.7,0.6,0.0,Low
29.0,4.8,Meal,scooter,22.14,60.0,0.0,haze,Moderate,9.33,24.86666667,INDO,3,27.99,0,haze,INDO,0,25.7,0.8,0.0,Low
21.0,4.6,Buffet,motorcycle,22.23,44.0,0.0,clear sky,High,16.86,33.61666667,INDO,4,67.44,0,clear sky,INDO,0,38.4,4.8,0.013,Low
38.0,4.7,Drinks,scooter,24.94,73.0,0.0,mist,Moderate,13.02,39.68333333,SUR,3,39.06,0,mist,SUR,0,39.9,0.2,0.0,Low
36.0,4.8,Buffet,motorcycle,18.46,82.0,0.0,broken clouds,High,19.34,43.16666667,MYS,4,77.36,0,clouds,MYS,0,41.2,2.0,0.31,Medium
27.0,4.7,Buffet,scooter,28.05,49.0,0.0,clear sky,Low,4.74,15.71666667,MUM,2,9.48,0,clear sky,MUM,0,17.5,1.8,0.0,Low
37.0,4.6,Snack,scooter,20.64,67.0,0.0,clear sky,Moderate,19.45,33.68333333,MYS,3,58.35,0,clear sky,MYS,0,30.9,2.8,0.0,Low
33.0,5.0,Buffet,scooter,28.29,54.0,0.0,smoke,Low,4.36,21.45,MUM,2,8.72,0,smoke,MUM,0,23.4,1.9,0.0,Low
25.0,4.9,Meal,motorcycle,22.87,42.0,0.0,clear sky,High,20.48,44.05,SUR,4,81.92,0,clear sky,SUR,0,41.2,2.8,0.025,Low
23.0,4.6,Drinks,scooter,24.94,73.0,0.0,mist,High,14.0,48.73333333,SUR,4,56.0,0,mist,SUR,1,46.6,2.1,0.295,Low
25.0,4.9,Snack,scooter,17.66,68.0,0.0,clear sky,Moderate,7.67,27.91666667,RANCHI,3,23.01,0,clear sky,RANCHI,0,29.0,1.1,0.0,Low
39.0,4.6,Buffet,motorcycle,20.06,83.0,0.0,mist,Low,6.99,25.51666667,RANCHI,2,13.98,0,mist,RANCHI,0,23.3,2.2,0.0,Low
24.0,4.6,Buffet,scooter,22.91,60.0,0.0,haze,Moderate,8.38,31.83333333,HYD,3,25.14,0,haze,HYD,0,27.2,4.6,0.0,Low
20.0,4.6,Drinks,motorcycle,24.95,73.0,0.0,mist,Low,4.82,26.48333333,COIMB,2,9.64,0,mist,COIMB,0,27.4,0.9,0.0,Low
22.0,4.8,Drinks,scooter,19.25,65.0,0.0,clear sky,High,11.72,40.13333333,PUNE,4,46.88,0,clear sky,PUNE,0,44.0,3.9,0.374,Medium
33.0,4.1,Snack,scooter,28.01,49.0,0.0,clear sky,Very High,25.98,53.1,MUM,5,129.9,0,clear sky,MUM,1,60.5,7.4,1.0,High
35.0,3.8,Snack,scooter,19.5,93.0,0.0,mist,Very High,29.57,69.73333333,BANG,5,147.85,0,mist,BANG,1,66.1,3.6,1.0,High
35.0,4.6,Buffet,motorcycle,28.49,82.0,0.0,overcast clouds,Very High,30.77,77.31666667,CHEN,5,153.85,0,clouds,CHEN,1,75.2,2.1,1.0,High
32.0,4.9,Buffet,scooter,27.99,65.0,0.0,haze,High,20.52,37.63333333,KOL,4,82.08,0,haze,Other,0,43.8,6.2,0.065,Low
30.0,4.7,Drinks,scooter,26.36,87.0,0.0,scattered clouds,Very High,26.35,64.36666667,CHEN,5,131.75,0,clouds,CHEN,1,69.1,4.7,1.0,High
29.0,4.6,Buffet,motorcycle,18.92,82.0,0.0,haze,High,23.78,38.38333333,VAD,4,95.12,0,haze,Other,0,47.3,8.9,0.517,Medium
26.0,4.6,Snack,scooter,18.4,82.0,0.0,broken clouds,Moderate,20.42,35.75,MYS,3,61.260000000000005,0,clouds,MYS,0,32.2,3.5,0.0,Low
22.0,4.7,Buffet,scooter,19.71,47.0,0.0,clear sky,Very High,29.44,49.86666667,JAP,5,147.20000000000002,0,clear sky,JAP,1,56.2,6.3,1.0,High
30.0,4.8,Snack,scooter,24.94,73.0,0.0,mist,Low,5.1,19.36666667,COIMB,2,10.2,0,mist,COIMB,0,22.0,2.6,0.0,Low
38.0,5.0,Buffet,scooter,22.7,60.0,0.0,haze,Very High,22.05,56.38333333,HYD,5,110.25,0,haze,HYD,1,54.3,2.1,1.0,High
23.0,4.5,Meal,motorcycle,24.95,73.0,0.0,mist,Moderate,11.12,27.43333333,SUR,3,33.36,0,mist,SUR,0,29.7,2.3,0.0,Low
38.0,4.9,Drinks,motorcycle,22.92,49.0,0.0,clear sky,Low,4.37,22.66666667,PUNE,2,8.74,0,clear sky,PUNE,0,23.9,1.2,0.0,Low
34.0,4.7,Drinks,motorcycle,17.44,76.0,0.0,clear sky,Very Low,3.63,17.96666667,DEH,1,3.63,0,clear sky,Other,0,18.1,0.1,0.0,Low
31.0,5.0,Meal,scooter,25.86,65.0,0.0,haze,Low,6.22,20.96666667,COIMB,2,12.44,0,haze,COIMB,0,17.8,3.2,0.0,Low
36.0,4.7,Snack,scooter,26.42,87.0,0.0,scattered clouds,Very High,17.62,58.51666667,CHEN,5,88.10000000000001,0,clouds,CHEN,1,61.8,3.3,1.0,High
38.0,4.6,Snack,motorcycle,20.8,67.0,0.0,clear sky,Moderate,16.12,34.65,MYS,3,48.36,0,clear sky,MYS,0,30.4,4.2,0.0,Low
27.0,4.8,Drinks,motorcycle,19.76,93.0,0.0,mist,High,20.65,57.53333333,BANG,4,82.6,0,mist,BANG,1,57.7,0.2,0.981,High
35.0,4.8,Snack,scooter,28.4,81.0,0.0,mist,Moderate,11.46,33.15,CHEN,3,34.38,0,mist,CHEN,0,33.5,0.4,0.0,Low
37.0,5.0,Drinks,motorcycle,23.05,73.0,0.0,haze,Low,5.53,21.53333333,BANG,2,11.06,0,haze,BANG,0,26.4,4.9,0.0,Low
27.0,4.9,Snack,scooter,23.77,46.0,0.0,haze,Moderate,9.13,35.53333333,JAP,3,27.39,0,haze,JAP,0,29.6,5.9,0.0,Low
21.0,4.7,Drinks,motorcycle,25.35,38.0,0.0,clear sky,High,30.14,53.13333333,AGR,4,120.56,0,clear sky,Other,1,52.3,0.8,0.974,High
35.0,4.7,Meal,motorcycle,25.96,37.0,0.0,clear sky,Moderate,20.74,24.85,AGR,3,62.22,0,clear sky,Other,0,29.1,4.2,0.0,Low
37.0,4.9,Drinks,scooter,19.76,93.0,0.0,mist,High,13.05,46.43333333,BANG,4,52.2,0,mist,BANG,1,50.9,4.5,0.881,High
23.0,4.9,Drinks,scooter,29.05,53.0,0.0,clear sky,Very High,32.34,83.03333333,MUM,5,161.70000000000002,0,clear sky,MUM,1,84.3,1.3,1.0,High
27.0,4.8,Drinks,motorcycle,24.95,73.0,0.0,mist,High,13.57,44.78333333,SUR,4,54.28,0,mist,SUR,0,46.3,1.5,0.233,Low
35.0,4.6,Snack,scooter,19.42,93.0,0.0,mist,High,14.13,44.81666667,BANG,4,56.52,0,mist,BANG,0,41.8,3.0,0.379,Medium
36.0,4.7,Drinks,electric scooter,26.84,44.0,0.0,smoke,Very High,22.46,62.16666667,MUM,5,112.3,0,smoke,MUM,1,70.4,8.2,1.0,High
25.0,4.5,Drinks,scooter,16.05,79.0,0.0,clear sky,Low,5.2,21.2,DEH,2,10.4,0,clear sky,Other,0,23.7,2.5,0.0,Low
20.0,4.8,Snack,motorcycle,26.12,65.0,0.0,haze,High,16.73,39.73333333,COIMB,4,66.92,0,haze,COIMB,0,41.6,1.9,0.292,Low
22.0,4.8,Snack,motorcycle,20.61,67.0,0.0,clear sky,Moderate,7.25,29.88333333,MYS,3,21.75,0,clear sky,MYS,0,28.2,1.7,0.0,Low
24.0,4.5,Snack,scooter,22.96,48.0,0.0,clear sky,Low,6.27,23.53333333,PUNE,2,12.54,0,clear sky,PUNE,0,21.3,2.2,0.0,Low
28.0,4.4,Meal,scooter,22.25,46.0,0.0,clear sky,Very High,31.28,49.66666667,INDO,5,156.4,0,clear sky,INDO,1,53.6,3.9,1.0,High
36.0,4.8,Buffet,motorcycle,28.01,57.0,0.0,smoke,Low,2.19,26.08333333,MUM,2,4.38,1,smoke,MUM,0,20.3,5.8,0.0,Low
29.0,4.8,Drinks,motorcycle,22.12,60.0,0.0,haze,Low,7.46,30.4,INDO,2,14.92,0,haze,INDO,0,29.1,1.3,0.0,Low
22.0,4.4,Meal,motorcycle,22.14,73.0,0.0,haze,Very High,22.12,49.63333333,BANG,5,110.6,0,haze,BANG,1,49.5,0.1,1.0,High
21.0,4.6,Buffet,motorcycle,19.24,65.0,0.0,clear sky,Low,7.73,22.73333333,PUNE,2,15.46,0,clear sky,PUNE,0,21.1,1.6,0.0,Low
29.0,4.6,Drinks,scooter,21.2,65.0,0.0,broken clouds,Very High,27.73,68.56666667,HYD,5,138.65,0,clouds,HYD,1,66.0,2.6,1.0,High
33.0,4.6,Snack,motorcycle,25.81,73.0,0.0,haze,Moderate,7.29,26.98333333,COIMB,3,21.87,0,haze,COIMB,0,29.2,2.2,0.0,Low
22.0,4.8,Meal,scooter,27.64,57.0,0.0,smoke,High,12.1,42.85,MUM,4,48.4,0,smoke,MUM,0,40.2,2.6,0.017,Low
27.0,4.9,Meal,scooter,24.95,73.0,0.0,mist,Low,7.64,22.65,SUR,2,15.28,0,mist,SUR,0,21.1,1.5,0.0,Low
21.0,4.9,Snack,scooter,28.5,82.0,0.6,mist,High,12.88,39.03333333,CHEN,4,51.52,0,mist,CHEN,0,41.4,2.4,0.603,Medium
27.0,4.7,Snack,motorcycle,24.9,42.0,0.0,clear sky,High,20.21,42.83333333,SUR,4,80.84,0,clear sky,SUR,0,44.6,1.8,0.476,Medium
35.0,4.6,Buffet,motorcycle,22.68,43.0,0.0,clear sky,Low,11.19,22.9,VAD,2,22.38,0,clear sky,Other,0,20.8,2.1,0.0,Low
35.0,4.2,Drinks,scooter,22.17,45.0,0.0,clear sky,Very High,31.22,57.95,INDO,5,156.1,0,clear sky,INDO,1,61.4,3.4,1.0,High
30.0,4.4,Buffet,motorcycle,19.21,64.0,0.0,clear sky,Low,2.89,13.23333333,PUNE,2,5.78,1,clear sky,PUNE,0,14.3,1.1,0.0,Low
39.0,4.7,Meal,motorcycle,28.97,52.0,0.0,clear sky,High,21.95,44.06666667,MUM,4,87.8,0,clear sky,MUM,0,43.8,0.3,0.584,Medium
31.0,5.0,Buffet,motorcycle,23.13,73.0,0.0,haze,Very Low,2.12,11.81666667,BANG,1,2.12,1,haze,BANG,0,12.8,1.0,0.0,Low
33.0,4.9,Drinks,electric scooter,25.95,37.0,0.0,clear sky,High,7.93,44.66666667,AGR,4,31.72,0,clear sky,Other,0,41.8,2.9,0.186,Low
31.0,5.0,Snack,motorcycle,17.08,72.0,0.0,haze,Moderate,6.16,26.51666667,INDO,3,18.48,0,haze,INDO,0,28.5,2.0,0.0,Low
22.0,5.0,Buffet,motorcycle,23.64,46.0,0.0,haze,Very Low,1.78,8.566666667,JAP,1,1.78,1,haze,JAP,0,9.8,1.2,0.0,Low
29.0,4.6,Snack,motorcycle,22.94,49.0,0.0,clear sky,Moderate,10.74,34.56666667,PUNE,3,32.22,0,clear sky,PUNE,0,31.2,3.4,0.0,Low
33.0,4.6,Buffet,motorcycle,21.81,55.0,0.0,clear sky,Low,4.24,17.28333333,KNP,2,8.48,0,clear sky,Other,0,16.1,1.2,0.0,Low
27.0,4.6,Snack,motorcycle,20.5,68.0,0.0,clear sky,High,26.27,46.05,MYS,4,105.08,0,clear sky,MYS,1,43.2,2.8,0.459,Medium
34.0,4.5,Meal,motorcycle,22.29,43.0,0.0,clear sky,High,23.69,44.18333333,INDO,4,94.76,0,clear sky,INDO,0,41.2,3.0,0.229,Low
35.0,4.8,Snack,motorcycle,23.39,43.0,0.0,clear sky,Moderate,9.79,29.96666667,SUR,3,29.37,0,clear sky,SUR,0,28.1,1.9,0.0,Low
25.0,4.2,Snack,motorcycle,23.1,49.0,0.0,clear sky,Very Low,2.3,13.58333333,PUNE,1,2.3,1,clear sky,PUNE,0,13.1,0.5,0.0,Low
36.0,4.8,Buffet,scooter,21.82,60.0,0.0,haze,Low,8.59,23.18333333,AURG,2,17.18,0,haze,Other,0,22.0,1.2,0.0,Low
33.0,4.1,Snack,motorcycle,28.99,74.0,0.0,mist,Very Low,3.41,17.8,GOA,1,3.41,0,mist,Other,0,15.6,2.2,0.0,Low
22.0,4.8,Drinks,motorcycle,20.3,91.0,0.0,mist,Moderate,5.39,34.6,BANG,3,16.169999999999998,0,mist,BANG,0,36.6,2.0,0.0,Low
30.0,4.8,Meal,motorcycle,25.27,73.0,0.0,mist,Very High,32.94,55.55,COIMB,5,164.7,0,mist,COIMB,1,53.9,1.6,1.0,High
35.0,4.8,Drinks,motorcycle,20.45,68.0,0.0,clear sky,High,26.02,52.41666667,MYS,4,104.08,0,clear sky,MYS,1,49.6,2.8,0.993,High
36.0,5.0,Snack,scooter,19.17,93.0,0.0,mist,Very High,28.15,60.65,BANG,5,140.75,0,mist,BANG,1,64.2,3.6,1.0,High
32.0,4.8,Drinks,motorcycle,21.38,64.0,0.0,broken clouds,Moderate,11.48,37.7,HYD,3,34.44,0,clouds,HYD,0,36.4,1.3,0.0,Low
25.0,4.8,Meal,scooter,24.94,73.0,0.0,mist,Low,5.1,14.73333333,COIMB,2,10.2,0,mist,COIMB,0,18.1,3.4,0.0,Low
28.0,4.5,Drinks,motorcycle,21.17,78.0,0.0,mist,High,15.49,43.73333333,RANCHI,4,61.96,0,mist,RANCHI,0,47.7,4.0,0.934,High
27.0,4.9,Snack,motorcycle,20.81,67.0,0.0,clear sky,High,16.81,39.41666667,MYS,4,67.24,0,clear sky,MYS,0,39.8,0.4,0.106,Low
21.0,4.6,Snack,motorcycle,28.05,54.0,0.0,clear sky,High,15.94,49.11666667,MUM,4,63.76,0,clear sky,MUM,1,44.1,5.0,0.716,High
38.0,4.9,Buffet,motorcycle,24.9,73.0,0.0,mist,Very Low,2.51,14.18333333,COIMB,1,2.51,1,mist,COIMB,0,13.7,0.5,0.0,Low
39.0,5.0,Meal,motorcycle,19.81,68.0,0.0,haze,Moderate,9.22,31.21666667,JAP,3,27.660000000000004,0,haze,JAP,0,25.5,5.7,0.0,Low
23.0,4.8,Buffet,motorcycle,26.01,65.0,0.0,haze,Moderate,12.91,29.91666667,COIMB,3,38.73,0,haze,COIMB,0,30.1,0.2,0.0,Low
26.0,4.8,Drinks,electric scooter,22.99,74.0,0.0,haze,Low,4.96,22.88333333,BANG,2,9.92,0,haze,BANG,0,26.4,3.5,0.0,Low
20.0,4.2,Snack,motorcycle,26.94,44.0,0.0,smoke,Low,5.06,26.51666667,MUM,2,10.12,0,smoke,MUM,0,26.8,0.3,0.0,Low
34.0,4.7,Snack,motorcycle,28.59,81.0,0.0,mist,Moderate,9.89,34.08333333,CHEN,3,29.67,0,mist,CHEN,0,32.2,1.9,0.0,Low
22.0,4.9,Meal,motorcycle,28.42,67.0,0.0,scattered clouds,High,21.05,40.13333333,GOA,4,84.2,0,clouds,Other,0,41.7,1.6,0.263,Low
29.0,4.8,Meal,motorcycle,23.12,60.0,0.0,haze,Moderate,12.87,30.51666667,INDO,3,38.61,0,haze,INDO,0,27.9,2.6,0.0,Low
31.0,4.8,Buffet,motorcycle,17.89,77.0,0.0,scattered clouds,Low,4.51,16.46666667,MYS,2,9.02,0,clouds,MYS,0,17.7,1.2,0.0,Low
36.0,4.6,Meal,motorcycle,26.42,88.0,0.0,mist,Moderate,6.03,27.38333333,CHEN,3,18.09,0,mist,CHEN,0,26.6,0.8,0.0,Low
37.0,4.6,Snack,motorcycle,26.59,44.0,0.0,smoke,Very High,22.07,69.58333333,MUM,5,110.35,0,smoke,MUM,1,66.2,3.4,1.0,High
29.0,4.6,Meal,bicycle,23.39,47.0,0.0,clear sky,High,14.96,37.26666667,PUNE,4,59.84,0,clear sky,PUNE,0,38.5,1.2,0.028,Low
21.0,5.0,Meal,scooter,24.88,61.0,0.0,few clouds,Very High,21.44,55.65,GOA,5,107.2,0,clouds,Other,1,48.6,7.0,1.0,High
28.0,4.1,Drinks,motorcycle,23.47,72.0,0.0,haze,Moderate,10.36,37.03333333,BANG,3,31.08,0,haze,BANG,0,36.1,0.9,0.0,Low
30.0,4.8,Meal,scooter,19.56,46.0,0.0,clear sky,Very High,19.62,51.81666667,JAP,5,98.1,0,clear sky,JAP,1,48.9,2.9,1.0,High
30.0,4.2,Drinks,electric scooter,25.89,73.0,0.0,haze,Moderate,8.14,36.56666667,COIMB,3,24.42,0,haze,COIMB,0,34.6,2.0,0.0,Low
29.0,4.6,Snack,motorcycle,25.1,73.0,0.0,mist,High,22.51,45.15,COIMB,4,90.04,0,mist,COIMB,1,49.1,4.0,0.943,High
29.0,4.6,Buffet,scooter,21.19,78.0,0.0,mist,Very Low,3.1,11.61666667,RANCHI,1,3.1,0,mist,RANCHI,0,14.1,2.5,0.0,Low
26.0,4.7,Snack,motorcycle,24.93,42.0,0.0,clear sky,High,16.73,37.43333333,SUR,4,66.92,0,clear sky,SUR,0,40.7,3.3,0.039,Low
20.0,4.6,Drinks,scooter,17.58,69.0,0.0,clear sky,Low,4.15,26.86666667,RANCHI,2,8.3,0,clear sky,RANCHI,0,23.2,3.7,0.0,Low
21.0,4.9,Snack,scooter,26.93,57.0,0.0,smoke,Very High,33.07,82.38333333,MUM,5,165.35,0,smoke,MUM,1,76.0,6.4,1.0,High
22.0,4.7,Drinks,electric scooter,22.81,60.0,0.0,haze,Very Low,2.53,17.48333333,HYD,1,2.53,1,haze,HYD,0,19.1,1.6,0.0,Low
26.0,4.5,Buffet,scooter,26.96,44.0,0.0,smoke,Moderate,11.94,35.83333333,MUM,3,35.82,0,smoke,MUM,0,35.0,0.8,0.0,Low
23.0,4.9,Drinks,motorcycle,19.7,93.0,0.0,mist,Moderate,8.74,35.55,BANG,3,26.22,0,mist,BANG,0,37.7,2.2,0.0,Low
30.0,4.3,Snack,motorcycle,19.97,47.0,0.0,clear sky,Very High,25.13,67.38333333,JAP,5,125.65,0,clear sky,JAP,1,59.6,7.8,1.0,High
22.0,5.0,Snack,motorcycle,19.18,93.0,0.0,mist,Very High,24.75,72.75,BANG,5,123.75,0,mist,BANG,1,64.2,8.5,1.0,High
30.0,4.7,Meal,motorcycle,23.67,39.0,0.0,clear sky,Very High,20.17,47.35,LUDH,5,100.85,0,clear sky,Other,1,49.2,1.9,1.0,High
23.0,4.5,Meal,motorcycle,24.98,73.0,0.0,mist,Very Low,2.41,12.16666667,SUR,1,2.41,1,mist,SUR,0,11.4,0.8,0.0,Low
23.0,4.8,Meal,motorcycle,28.54,81.0,0.0,mist,Very High,20.91,50.28333333,CHEN,5,104.55,0,mist,CHEN,1,62.3,12.0,1.0,High
22.0,4.6,Drinks,motorcycle,19.21,64.0,0.0,clear sky,Low,2.89,20.26666667,PUNE,2,5.78,1,clear sky,PUNE,0,21.0,0.7,0.0,Low
35.0,4.6,Drinks,motorcycle,22.03,60.0,0.0,haze,Low,3.93,23.15,INDO,2,7.86,0,haze,INDO,0,24.2,1.1,0.0,Low
22.0,4.8,Meal,motorcycle,24.81,73.0,0.0,mist,Moderate,8.79,30.46666667,COIMB,3,26.37,0,mist,COIMB,0,28.4,2.1,0.0,Low
30.0,4.6,Drinks,scooter,28.51,82.0,0.0,overcast clouds,Very High,17.95,66.58333333,CHEN,5,89.75,0,clouds,CHEN,1,65.8,0.8,1.0,High
22.0,4.3,Snack,motorcycle,21.43,65.0,0.0,broken clouds,Moderate,8.03,26.8,HYD,3,24.09,0,clouds,HYD,0,29.8,3.0,0.0,Low
20.0,4.7,Buffet,electric scooter,19.09,65.0,0.0,clear sky,High,15.59,35.86666667,PUNE,4,62.36,0,clear sky,PUNE,0,38.8,2.9,0.042,Low
31.0,4.6,Drinks,motorcycle,24.93,73.0,0.0,mist,High,14.17,44.06666667,SUR,4,56.68,0,mist,SUR,0,46.3,2.2,0.237,Low
36.0,4.5,Snack,electric scooter,21.23,68.0,0.0,broken clouds,Very Low,2.15,12.66666667,HYD,1,2.15,1,clouds,HYD,0,13.5,0.8,0.0,Low
30.0,4.8,Meal,electric scooter,20.23,83.0,0.0,mist,High,17.81,34.11666667,RANCHI,4,71.24,0,mist,RANCHI,0,38.3,4.2,0.088,Low
29.0,4.7,Snack,electric scooter,25.93,73.0,0.0,haze,Very Low,2.07,10.9,COIMB,1,2.07,1,haze,COIMB,0,12.4,1.5,0.0,Low
29.0,4.6,Drinks,motorcycle,17.08,72.0,0.0,haze,Low,5.87,26.76666667,INDO,2,11.74,0,haze,INDO,0,27.2,0.4,0.0,Low
22.0,4.6,Meal,motorcycle,23.8,46.0,0.0,haze,High,16.11,33.53333333,JAP,4,64.44,0,haze,JAP,0,38.7,5.2,0.029,Low
27.0,4.6,Snack,motorcycle,26.4,88.0,0.0,mist,Moderate,6.47,32.21666667,CHEN,3,19.41,0,mist,CHEN,0,31.6,0.6,0.0,Low
31.0,4.4,Buffet,motorcycle,19.72,93.0,0.0,mist,High,12.6,50.96666667,BANG,4,50.4,0,mist,BANG,1,42.9,8.1,0.155,Low
35.0,4.6,Meal,motorcycle,18.03,82.0,0.0,scattered clouds,Very High,28.41,50.0,MYS,5,142.05,0,clouds,MYS,1,57.4,7.4,1.0,High
22.0,4.9,Meal,motorcycle,22.99,83.0,0.0,haze,High,12.01,44.16666667,KOL,4,48.04,0,haze,Other,0,35.9,8.3,0.041,Low
39.0,5.0,Buffet,motorcycle,17.24,78.0,0.0,clear sky,Moderate,9.52,27.13333333,DEH,3,28.56,0,clear sky,Other,0,26.3,0.8,0.0,Low
25.0,4.7,Buffet,scooter,27.84,57.0,0.0,smoke,Moderate,8.18,35.48333333,MUM,3,24.54,0,smoke,MUM,0,33.1,2.4,0.0,Low
32.0,4.9,Buffet,electric scooter,28.0,57.0,0.0,smoke,High,14.88,41.45,MUM,4,59.52,0,smoke,MUM,0,44.6,3.1,0.352,Medium
29.0,4.6,Drinks,motorcycle,25.13,73.0,0.0,mist,High,21.15,55.48333333,COIMB,4,84.6,0,mist,COIMB,1,53.3,2.2,0.989,High
26.0,4.9,Meal,scooter,19.94,47.0,0.0,clear sky,Very High,28.39,55.83333333,JAP,5,141.95,0,clear sky,JAP,1,56.5,0.7,1.0,High
31.0,4.8,Meal,motorcycle,17.17,72.0,0.0,haze,Moderate,12.44,24.0,INDO,3,37.32,0,haze,INDO,0,27.8,3.8,0.0,Low
35.0,4.0,Buffet,scooter,23.96,64.0,0.0,haze,High,18.7,35.23333333,VAD,4,74.8,0,haze,Other,0,41.2,6.0,0.075,Low
27.0,4.6,Snack,scooter,22.21,60.0,0.0,haze,High,14.29,36.06666667,INDO,4,57.16,0,haze,INDO,0,39.9,3.8,0.022,Low
20.0,4.7,Drinks,scooter,19.88,47.0,0.0,clear sky,Very High,24.22,63.83333333,JAP,5,121.1,0,clear sky,JAP,1,60.3,3.5,1.0,High
35.0,4.9,Snack,motorcycle,28.48,82.0,0.0,overcast clouds,Very High,17.27,57.41666667,CHEN,5,86.35,0,clouds,CHEN,1,58.4,1.0,1.0,High
39.0,5.0,Buffet,motorcycle,18.76,93.0,0.0,fog,High,22.12,47.56666667,BANG,4,88.48,0,other,BANG,1,45.6,2.0,0.254,Low
39.0,4.4,Snack,motorcycle,28.52,82.0,0.0,overcast clouds,Very High,30.52,81.95,CHEN,5,152.6,0,clouds,CHEN,1,77.4,4.5,1.0,High
21.0,4.8,Meal,scooter,21.27,78.0,0.0,mist,Moderate,11.64,33.36666667,RANCHI,3,34.92,0,mist,RANCHI,0,29.7,3.7,0.0,Low
31.0,4.8,Drinks,scooter,25.17,73.0,0.0,mist,Very High,24.97,62.85,COIMB,5,124.85,0,mist,COIMB,1,63.7,0.9,1.0,High
31.0,4.7,Drinks,motorcycle,21.27,64.0,0.0,broken clouds,High,14.01,42.85,HYD,4,56.04,0,clouds,HYD,0,46.1,3.2,0.352,Medium
25.0,4.7,Drinks,motorcycle,23.36,71.0,0.0,haze,Very Low,2.13,20.7,BANG,1,2.13,1,haze,BANG,0,19.4,1.3,0.0,Low
34.0,4.7,Snack,motorcycle,21.56,64.0,0.0,broken clouds,Moderate,8.41,27.23333333,HYD,3,25.23,0,clouds,HYD,0,29.8,2.6,0.0,Low
37.0,4.3,Drinks,scooter,18.19,81.0,0.0,scattered clouds,Moderate,10.51,35.4,MYS,3,31.53,0,clouds,MYS,0,35.8,0.4,0.0,Low
32.0,4.6,Meal,scooter,27.0,79.0,0.0,clear sky,Very Low,2.0,6.85,KOC,1,2.0,1,clear sky,Other,0,8.5,1.7,0.0,Low
26.0,4.9,Buffet,motorcycle,22.11,60.0,0.0,haze,Moderate,18.25,31.86666667,INDO,3,54.75,0,haze,INDO,0,31.9,0.0,0.0,Low
32.0,3.7,Drinks,scooter,24.93,44.0,0.0,clear sky,Moderate,12.01,39.8,SUR,3,36.03,0,clear sky,SUR,0,36.7,3.1,0.0,Low
29.0,4.7,Meal,motorcycle,26.55,87.0,0.0,mist,High,9.89,37.6,CHEN,4,39.56,0,mist,CHEN,0,37.0,0.6,0.007,Low
37.0,4.8,Buffet,motorcycle,21.29,63.0,0.0,scattered clouds,Moderate,12.82,25.11666667,RANCHI,3,38.46,0,clouds,RANCHI,0,30.1,5.0,0.0,Low
34.0,5.0,Meal,scooter,18.88,57.0,0.0,clear sky,Moderate,5.97,24.48333333,LUDH,3,17.91,0,clear sky,Other,0,22.8,1.7,0.0,Low
21.0,4.7,Buffet,electric scooter,23.4,46.0,0.0,haze,Moderate,10.09,24.25,JAP,3,30.27,0,haze,JAP,0,27.9,3.6,0.0,Low
36.0,4.4,Meal,motorcycle,22.08,60.0,0.0,haze,Very Low,2.2,10.73333333,INDO,1,2.2,1,haze,INDO,0,10.1,0.6,0.0,Low
27.0,4.9,Meal,scooter,18.82,57.0,0.0,clear sky,High,15.41,34.56666667,LUDH,4,61.64,0,clear sky,Other,0,37.2,2.6,0.018,Low
32.0,4.7,Buffet,motorcycle,24.18,46.0,0.0,haze,High,15.66,34.61666667,JAP,4,62.64,0,haze,JAP,0,39.1,4.5,0.068,Low
38.0,4.9,Buffet,motorcycle,22.97,43.0,0.0,clear sky,High,14.57,36.81666667,SUR,4,58.28,0,clear sky,SUR,0,35.5,1.3,0.005,Low
23.0,4.1,Meal,motorcycle,26.46,88.0,0.0,mist,Low,5.02,15.51666667,CHEN,2,10.04,0,mist,CHEN,0,18.4,2.9,0.0,Low
33.0,4.9,Meal,motorcycle,18.4,82.0,0.0,broken clouds,High,25.86,41.28333333,MYS,4,103.44,0,clouds,MYS,0,41.2,0.1,0.117,Low
32.0,4.0,Meal,motorcycle,24.94,73.0,0.0,mist,Very Low,1.6,8.433333333,SUR,1,1.6,1,mist,SUR,0,9.6,1.2,0.0,Low
23.0,4.6,Snack,scooter,26.12,73.0,0.0,haze,Very High,20.42,51.66666667,COIMB,5,102.1,0,haze,COIMB,1,54.6,2.9,1.0,High
30.0,4.8,Drinks,motorcycle,23.64,46.0,0.0,haze,Moderate,8.29,37.08333333,JAP,3,24.87,0,haze,JAP,0,34.5,2.6,0.0,Low
29.0,4.5,Buffet,scooter,19.62,68.0,0.0,haze,Moderate,12.61,28.03333333,JAP,3,37.83,0,haze,JAP,0,29.8,1.8,0.0,Low
25.0,4.6,Drinks,scooter,19.19,93.0,0.0,mist,High,21.92,47.63333333,BANG,4,87.68,0,mist,BANG,1,52.2,4.6,0.979,High
38.0,4.6,Snack,scooter,17.73,67.0,0.0,clear sky,Very High,26.18,50.95,RANCHI,5,130.9,0,clear sky,RANCHI,1,56.3,5.3,1.0,High
34.0,4.0,Buffet,scooter,20.61,67.0,0.0,clear sky,Moderate,9.21,25.76666667,MYS,3,27.630000000000003,0,clear sky,MYS,0,26.2,0.4,0.0,Low
29.0,5.0,Snack,scooter,21.23,64.0,0.0,broken clouds,High,12.73,36.7,HYD,4,50.92,0,clouds,HYD,0,39.6,2.9,0.026,Low
21.0,4.8,Drinks,motorcycle,19.23,65.0,0.0,clear sky,Low,6.21,27.06666667,PUNE,2,12.42,0,clear sky,PUNE,0,26.3,0.8,0.0,Low
39.0,4.8,Buffet,motorcycle,23.99,88.0,0.0,mist,Low,3.78,18.1,KOC,2,7.56,0,mist,Other,0,18.7,0.6,0.0,Low
30.0,4.6,Buffet,motorcycle,27.94,55.0,0.0,clear sky,Very High,35.89,84.88333333,MUM,5,179.45,0,clear sky,MUM,1,85.8,0.9,1.0,High
28.0,4.7,Drinks,scooter,25.12,73.0,0.0,mist,High,17.58,50.3,COIMB,4,70.32,0,mist,COIMB,1,49.2,1.1,0.952,High
38.0,4.4,Meal,motorcycle,17.45,82.0,0.0,mist,Moderate,12.1,27.55,AURG,3,36.3,0,mist,Other,0,29.2,1.6,0.0,Low
25.0,4.6,Meal,motorcycle,21.19,64.0,0.0,overcast clouds,Very High,22.48,57.86666667,HYD,5,112.4,0,clouds,HYD,1,51.9,6.0,1.0,High
30.0,4.2,Snack,motorcycle,23.12,73.0,0.0,haze,Low,4.9,24.05,BANG,2,9.8,0,haze,BANG,0,21.2,2.9,0.0,Low
32.0,4.9,Meal,motorcycle,22.8,73.0,0.0,haze,Very High,24.83,54.5,BANG,5,124.15,0,haze,BANG,1,54.4,0.1,1.0,High
34.0,4.9,Drinks,scooter,23.64,46.0,0.0,haze,Very Low,3.07,20.65,JAP,1,3.07,0,haze,JAP,0,19.1,1.5,0.0,Low
30.0,4.9,Buffet,scooter,21.02,65.0,0.0,broken clouds,Very High,33.29,59.23333333,HYD,5,166.45,0,clouds,HYD,1,61.4,2.2,1.0,High
30.0,4.9,Drinks,motorcycle,19.95,46.0,0.0,clear sky,High,16.4,45.2,JAP,4,65.6,0,clear sky,JAP,1,47.4,2.2,0.71,High
29.0,4.6,Drinks,motorcycle,20.18,83.0,0.0,mist,High,15.8,49.33333333,RANCHI,4,63.2,0,mist,RANCHI,1,48.4,0.9,0.94,High
36.0,4.8,Snack,motorcycle,19.63,92.0,0.0,mist,High,12.97,46.6,BANG,4,51.88,0,mist,BANG,1,42.5,4.1,0.753,High
31.0,4.9,Buffet,motorcycle,17.62,68.0,0.0,clear sky,Moderate,7.54,24.16666667,RANCHI,3,22.62,0,clear sky,RANCHI,0,26.3,2.1,0.0,Low
31.0,4.6,Meal,scooter,24.92,43.0,0.0,clear sky,High,18.48,36.86666667,SUR,4,73.92,0,clear sky,SUR,0,37.4,0.5,0.007,Low
26.0,4.9,Buffet,scooter,19.96,47.0,0.0,clear sky,Very High,23.51,62.81666667,JAP,5,117.55,0,clear sky,JAP,1,52.1,10.7,1.0,High
24.0,4.7,Buffet,motorcycle,24.04,78.0,0.0,mist,High,19.07,49.71666667,COIMB,4,76.28,0,mist,COIMB,1,43.9,5.8,0.65,Medium
28.0,4.9,Meal,scooter,22.89,94.0,0.0,mist,Moderate,13.65,31.58333333,KOC,3,40.95,0,mist,Other,0,31.0,0.6,0.0,Low
25.0,4.7,Snack,motorcycle,17.25,53.0,0.0,clear sky,High,19.6,39.48333333,INDO,4,78.4,0,clear sky,INDO,0,40.3,0.8,0.015,Low
36.0,4.7,Buffet,scooter,19.0,64.0,0.0,clear sky,Moderate,12.05,29.8,PUNE,3,36.150000000000006,0,clear sky,PUNE,0,29.9,0.1,0.0,Low
24.0,4.4,Meal,motorcycle,26.53,87.0,0.0,mist,Very Low,3.19,10.93333333,CHEN,1,3.19,0,mist,CHEN,0,12.2,1.3,0.0,Low
34.0,4.5,Meal,motorcycle,22.8,43.0,0.0,clear sky,Moderate,11.46,22.35,VAD,3,34.38,0,clear sky,Other,0,26.3,3.9,0.0,Low
25.0,4.9,Buffet,motorcycle,25.84,65.0,0.0,haze,Low,9.36,23.58333333,COIMB,2,18.72,0,haze,COIMB,0,22.0,1.6,0.0,Low
37.0,3.8,Meal,electric scooter,22.97,43.0,0.0,clear sky,Moderate,13.5,28.15,SUR,3,40.5,0,clear sky,SUR,0,27.7,0.4,0.0,Low
25.0,4.8,Drinks,motorcycle,20.21,83.0,0.0,mist,High,9.19,45.73333333,RANCHI,4,36.76,0,mist,RANCHI,1,45.9,0.2,0.942,High
36.0,4.4,Drinks,scooter,23.9,88.0,0.0,mist,Very High,18.67,58.83333333,KOC,5,93.35,0,mist,Other,1,63.4,4.6,1.0,High
28.0,4.5,Buffet,scooter,18.12,77.0,0.0,scattered clouds,High,26.21,40.61666667,MYS,4,104.84,0,clouds,MYS,0,44.4,3.8,0.606,Medium
36.0,4.2,Meal,motorcycle,20.19,83.0,0.0,mist,High,15.7,37.48333333,RANCHI,4,62.8,0,mist,RANCHI,0,37.8,0.3,0.083,Low
23.0,4.6,Meal,electric scooter,23.29,46.0,0.0,haze,High,11.72,35.7,JAP,4,46.88,0,haze,JAP,0,36.4,0.7,0.002,Low
21.0,4.5,Meal,scooter,26.99,48.0,0.0,clear sky,Very High,25.54,56.68333333,MUM,5,127.7,0,clear sky,MUM,1,62.3,5.6,1.0,High
22.0,4.5,Snack,motorcycle,24.91,43.0,0.0,clear sky,High,20.55,45.93333333,SUR,4,82.2,0,clear sky,SUR,1,45.3,0.6,0.696,Medium
34.0,4.9,Meal,scooter,19.9,68.0,0.0,haze,Moderate,14.46,28.3,JAP,3,43.38,0,haze,JAP,0,29.9,1.6,0.0,Low
21.0,4.5,Snack,scooter,27.98,57.0,0.0,smoke,Low,7.79,29.55,MUM,2,15.58,0,smoke,MUM,0,29.2,0.4,0.0,Low
22.0,4.7,Buffet,scooter,23.99,64.0,0.0,haze,Moderate,12.93,31.2,VAD,3,38.79,0,haze,Other,0,29.6,1.6,0.0,Low
24.0,4.7,Snack,scooter,28.02,57.0,0.0,smoke,Low,5.02,28.86666667,MUM,2,10.04,0,smoke,MUM,0,26.6,2.3,0.0,Low
35.0,4.3,Drinks,scooter,22.24,44.0,0.0,clear sky,High,18.76,44.98333333,INDO,4,75.04,0,clear sky,INDO,0,45.9,0.9,0.62,Medium
36.0,4.7,Snack,electric scooter,21.29,65.0,0.0,broken clouds,Moderate,6.88,27.25,HYD,3,20.64,0,clouds,HYD,0,28.8,1.6,0.0,Low
26.0,4.6,Drinks,motorcycle,21.14,78.0,0.0,mist,High,14.12,43.73333333,RANCHI,4,56.48,0,mist,RANCHI,0,46.7,3.0,0.775,High
38.0,4.7,Buffet,scooter,17.08,72.0,0.0,haze,Very Low,2.29,12.16666667,INDO,1,2.29,1,haze,INDO,0,12.4,0.2,0.0,Low
28.0,4.7,Buffet,electric scooter,23.16,43.0,0.0,clear sky,Moderate,11.45,27.15,SUR,3,34.349999999999994,0,clear sky,SUR,0,28.1,1.0,0.0,Low
37.0,5.0,Snack,motorcycle,17.73,68.0,0.0,clear sky,Low,3.81,15.9,RANCHI,2,7.62,0,clear sky,RANCHI,0,16.8,0.9,0.0,Low
29.0,4.7,Snack,motorcycle,21.32,65.0,0.0,broken clouds,Very Low,3.86,15.05,HYD,1,3.86,0,clouds,HYD,0,14.6,0.5,0.0,Low
26.0,4.9,Buffet,motorcycle,26.45,88.0,0.0,mist,Very High,13.7,51.3,CHEN,5,68.5,0,mist,CHEN,1,60.0,8.7,1.0,High
33.0,4.6,Buffet,motorcycle,21.03,65.0,0.0,broken clouds,Very High,31.11,66.38333333,HYD,5,155.55,0,clouds,HYD,1,66.5,0.1,1.0,High
25.0,4.8,Drinks,scooter,18.74,64.0,0.0,haze,Very High,21.14,65.18333333,JAP,5,105.7,0,haze,JAP,1,61.0,4.2,1.0,High
39.0,4.6,Buffet,scooter,19.5,93.0,0.0,mist,Very High,29.32,70.16666667,BANG,5,146.6,0,mist,BANG,1,65.4,4.8,1.0,High
20.0,4.8,Snack,motorcycle,21.67,52.0,0.0,clear sky,Moderate,7.2,32.88333333,AGR,3,21.6,0,clear sky,Other,0,28.6,4.3,0.0,Low
35.0,4.5,Meal,scooter,23.57,44.0,0.0,clear sky,Low,6.21,15.45,SUR,2,12.42,0,clear sky,SUR,0,16.6,1.2,0.0,Low
31.0,3.9,Buffet,scooter,26.77,44.0,0.0,smoke,Very High,17.15,54.18333333,MUM,5,85.75,0,smoke,MUM,1,59.2,5.0,1.0,High
23.0,4.2,Drinks,scooter,21.59,52.0,0.0,clear sky,High,21.37,43.15,AGR,4,85.48,0,clear sky,Other,0,48.2,5.1,0.893,High
23.0,4.9,Drinks,scooter,21.27,64.0,0.0,broken clouds,High,14.01,41.23333333,HYD,4,56.04,0,clouds,HYD,0,46.4,5.2,0.397,Medium
25.0,4.8,Buffet,scooter,23.99,64.0,0.0,haze,Moderate,13.56,32.13333333,VAD,3,40.68,0,haze,Other,0,30.7,1.4,0.0,Low
33.0,4.8,Drinks,motorcycle,21.16,65.0,0.0,broken clouds,Very High,20.65,63.61666667,HYD,5,103.25,0,clouds,HYD,1,61.7,1.9,1.0,High
23.0,4.4,Meal,motorcycle,22.16,60.0,0.0,haze,Moderate,10.17,25.85,INDO,3,30.51,0,haze,INDO,0,26.1,0.2,0.0,Low
25.0,4.0,Meal,motorcycle,27.99,65.0,0.0,haze,Moderate,10.14,30.1,KOL,3,30.42,0,haze,Other,0,25.7,4.4,0.0,Low
39.0,4.1,Drinks,scooter,23.99,64.0,0.0,haze,High,14.01,42.43333333,VAD,4,56.04,0,haze,Other,0,44.8,2.4,0.084,Low
36.0,4.9,Meal,electric scooter,17.08,72.0,0.0,haze,High,13.17,32.81666667,INDO,4,52.68,0,haze,INDO,0,35.7,2.9,0.01,Low
23.0,5.0,Snack,motorcycle,17.19,72.0,0.0,haze,Moderate,11.53,32.6,INDO,3,34.59,0,haze,INDO,0,31.3,1.3,0.0,Low
38.0,4.9,Snack,scooter,16.05,79.0,0.0,clear sky,Low,5.73,20.5,DEH,2,11.46,0,clear sky,Other,0,17.4,3.1,0.0,Low
32.0,3.5,Snack,scooter,24.16,46.0,0.0,haze,High,33.29,43.26666667,JAP,4,133.16,0,haze,JAP,0,48.0,4.7,0.921,High
26.0,4.9,Drinks,motorcycle,28.34,82.0,0.0,overcast clouds,Very High,21.95,70.18333333,CHEN,5,109.75,0,clouds,CHEN,1,69.5,0.7,1.0,High
25.0,5.0,Buffet,scooter,19.01,65.0,0.0,clear sky,High,15.81,35.93333333,PUNE,4,63.24,0,clear sky,PUNE,0,39.4,3.5,0.071,Low
20.0,4.7,Snack,motorcycle,24.08,57.0,0.0,haze,Moderate,9.15,30.65,HYD,3,27.450000000000003,0,haze,HYD,0,29.6,1.0,0.0,Low
26.0,4.8,Meal,electric scooter,23.94,46.0,0.0,haze,High,16.67,45.63333333,JAP,4,66.68,0,haze,JAP,1,38.7,6.9,0.017,Low
21.0,4.7,Meal,motorcycle,21.39,63.0,0.0,broken clouds,Moderate,11.17,28.45,HYD,3,33.51,0,clouds,HYD,0,28.2,0.2,0.0,Low
27.0,4.6,Buffet,motorcycle,22.9,60.0,0.0,haze,Moderate,12.35,31.93333333,HYD,3,37.05,0,haze,HYD,0,30.5,1.4,0.0,Low
27.0,4.7,Buffet,scooter,20.14,83.0,0.0,mist,Moderate,6.09,26.33333333,RANCHI,3,18.27,0,mist,RANCHI,0,28.1,1.8,0.0,Low
39.0,4.9,Buffet,scooter,21.13,64.0,0.0,overcast clouds,Very High,25.61,56.13333333,HYD,5,128.05,0,clouds,HYD,1,57.2,1.1,1.0,High
26.0,5.0,Drinks,motorcycle,16.27,94.0,0.0,mist,Moderate,11.66,42.68333333,RANCHI,3,34.980000000000004,0,mist,RANCHI,0,38.9,3.8,0.0,Low
25.0,5.0,Snack,scooter,22.92,94.0,0.0,mist,Moderate,14.94,37.68333333,KOC,3,44.82,0,mist,Other,0,36.3,1.4,0.0,Low
32.0,4.8,Meal,motorcycle,17.75,68.0,0.0,clear sky,Moderate,13.04,22.56666667,RANCHI,3,39.12,0,clear sky,RANCHI,0,27.8,5.2,0.0,Low
32.0,4.4,Buffet,motorcycle,24.88,59.0,0.0,scattered clouds,High,16.61,38.61666667,GOA,4,66.44,0,clouds,Other,0,40.6,2.0,0.043,Low
37.0,4.7,Snack,electric scooter,22.83,43.0,0.0,clear sky,Low,9.07,23.4,VAD,2,18.14,0,clear sky,Other,0,22.0,1.4,0.0,Low
24.0,4.6,Buffet,motorcycle,28.97,70.0,0.0,scattered clouds,Low,4.42,23.5,GOA,2,8.84,0,clouds,Other,0,18.0,5.5,0.0,Low
35.0,4.6,Meal,motorcycle,23.36,73.0,0.0,haze,Low,5.39,19.11666667,BANG,2,10.78,0,haze,BANG,0,17.4,1.7,0.0,Low
39.0,4.5,Drinks,scooter,22.69,49.0,0.0,clear sky,High,12.84,46.26666667,PUNE,4,51.36,0,clear sky,PUNE,1,44.4,1.9,0.486,Medium
24.0,4.7,Meal,scooter,25.54,38.0,0.0,clear sky,Very High,40.33,54.3,AGR,5,201.65,0,clear sky,Other,1,52.8,1.5,1.0,High
20.0,3.5,Drinks,scooter,26.86,44.0,0.0,smoke,Very High,26.66,70.86666667,MUM,5,133.3,0,smoke,MUM,1,72.3,1.4,1.0,High
31.0,4.7,Drinks,scooter,19.22,65.0,0.0,clear sky,Moderate,8.03,37.58333333,PUNE,3,24.09,0,clear sky,PUNE,0,34.5,3.1,0.0,Low
37.0,4.0,Drinks,motorcycle,17.08,72.0,0.0,haze,Low,5.87,26.13333333,INDO,2,11.74,0,haze,INDO,0,27.2,1.1,0.0,Low
22.0,4.5,Meal,motorcycle,22.1,60.0,0.0,haze,Low,6.53,19.78333333,INDO,2,13.06,0,haze,INDO,0,18.2,1.6,0.0,Low
29.0,4.8,Drinks,motorcycle,25.87,73.0,0.0,haze,High,14.7,45.6,COIMB,4,58.8,0,haze,COIMB,1,44.5,1.1,0.359,Medium
23.0,4.6,Drinks,motorcycle,17.18,53.0,0.0,clear sky,High,16.92,46.55,INDO,4,67.68,0,clear sky,INDO,1,45.7,0.8,0.443,Medium
27.0,4.9,Buffet,scooter,22.85,60.0,0.0,haze,Moderate,14.95,30.16666667,HYD,3,44.85,0,haze,HYD,0,32.4,2.2,0.0,Low
32.0,5.0,Buffet,motorcycle,24.93,73.0,0.0,mist,High,14.17,42.05,SUR,4,56.68,0,mist,SUR,0,39.3,2.8,0.016,Low
27.0,5.0,Meal,motorcycle,24.94,43.0,0.0,clear sky,Moderate,13.86,30.38333333,SUR,3,41.58,0,clear sky,SUR,0,28.3,2.1,0.0,Low
27.0,4.9,Meal,scooter,26.86,44.0,0.0,smoke,Very High,29.4,64.23333333,MUM,5,147.0,0,smoke,MUM,1,66.9,2.7,1.0,High
23.0,4.6,Snack,scooter,19.2,65.0,0.0,clear sky,Moderate,8.72,30.31666667,PUNE,3,26.160000000000004,0,clear sky,PUNE,0,29.0,1.3,0.0,Low
37.0,4.7,Buffet,motorcycle,17.17,72.0,0.0,haze,Low,5.86,22.55,INDO,2,11.72,0,haze,INDO,0,20.2,2.4,0.0,Low
28.0,5.0,Buffet,motorcycle,23.83,46.0,0.0,haze,High,15.3,42.46666667,JAP,4,61.2,0,haze,JAP,0,39.7,2.8,0.119,Low
38.0,4.8,Meal,motorcycle,24.14,46.0,0.0,haze,Moderate,10.76,22.13333333,JAP,3,32.28,0,haze,JAP,0,27.5,5.4,0.0,Low
30.0,4.6,Drinks,motorcycle,19.14,65.0,0.0,clear sky,Moderate,11.98,36.86666667,PUNE,3,35.94,0,clear sky,PUNE,0,36.6,0.3,0.0,Low
38.0,4.9,Meal,scooter,28.01,57.0,0.0,smoke,Low,3.46,20.7,MUM,2,6.92,0,smoke,MUM,0,20.4,0.3,0.0,Low
29.0,5.0,Drinks,motorcycle,22.84,60.0,0.0,haze,High,15.81,48.23333333,HYD,4,63.24,0,haze,HYD,1,48.2,0.0,0.876,High
30.0,4.9,Drinks,motorcycle,27.26,57.0,0.0,smoke,Very High,18.18,67.56666667,MUM,5,90.9,0,smoke,MUM,1,66.6,1.0,1.0,High
24.0,5.0,Drinks,scooter,17.72,82.0,0.0,mist,Moderate,11.91,34.25,AURG,3,35.730000000000004,0,mist,Other,0,37.6,3.4,0.0,Low
28.0,4.7,Buffet,motorcycle,23.9,38.0,0.0,clear sky,Low,7.47,19.73333333,LUDH,2,14.94,0,clear sky,Other,0,19.8,0.1,0.0,Low
39.0,4.8,Meal,motorcycle,26.37,88.0,0.0,mist,Moderate,9.7,24.6,CHEN,3,29.1,0,mist,CHEN,0,29.0,4.4,0.0,Low
26.0,4.8,Snack,motorcycle,24.94,73.0,0.0,mist,Moderate,12.5,34.91666667,SUR,3,37.5,0,mist,SUR,0,34.0,0.9,0.0,Low
28.0,4.8,Drinks,electric scooter,17.07,72.0,0.0,haze,Moderate,13.06,36.38333333,INDO,3,39.18,0,haze,INDO,0,37.2,0.8,0.0,Low
28.0,4.7,Snack,motorcycle,22.25,44.0,0.0,clear sky,Very High,27.93,52.58333333,INDO,5,139.65,0,clear sky,INDO,1,54.4,1.8,1.0,High
35.0,4.9,Drinks,scooter,28.14,54.0,0.0,smoke,High,11.92,50.15,MUM,4,47.68,0,smoke,MUM,1,49.1,1.0,0.989,High
37.0,4.5,Meal,scooter,22.54,74.0,0.0,haze,Very High,22.79,52.13333333,BANG,5,113.95,0,haze,BANG,1,52.8,0.7,1.0,High
35.0,4.9,Snack,motorcycle,26.99,48.0,0.0,clear sky,Very High,25.98,58.53333333,MUM,5,129.9,0,clear sky,MUM,1,63.8,5.3,1.0,High
30.0,4.2,Meal,motorcycle,23.09,48.0,0.0,clear sky,Very High,17.82,48.71666667,PUNE,5,89.1,0,clear sky,PUNE,1,52.0,3.3,1.0,High
24.0,4.8,Meal,motorcycle,26.48,87.0,0.0,scattered clouds,Very High,30.52,98.18333333,CHEN,5,152.6,0,clouds,CHEN,1,80.3,17.9,1.0,High
33.0,4.7,Drinks,scooter,18.91,65.0,0.0,clear sky,High,17.3,50.73333333,PUNE,4,69.2,0,clear sky,PUNE,1,50.0,0.7,0.95,High
32.0,4.6,Drinks,motorcycle,16.78,82.0,0.0,mist,Very High,22.42,69.98333333,AURG,5,112.1,0,mist,Other,1,64.2,5.8,1.0,High
28.0,4.3,Drinks,motorcycle,23.0,43.0,0.0,clear sky,High,16.11,43.0,SUR,4,64.44,0,clear sky,SUR,0,44.3,1.3,0.177,Low
22.0,4.7,Drinks,electric scooter,24.01,64.0,0.0,haze,Moderate,13.47,37.85,VAD,3,40.41,0,haze,Other,0,37.1,0.8,0.0,Low
22.0,4.1,Snack,motorcycle,26.11,65.0,0.0,haze,High,17.69,38.73333333,COIMB,4,70.76,0,haze,COIMB,0,42.2,3.5,0.166,Low
35.0,4.6,Buffet,motorcycle,17.03,72.0,0.0,haze,Moderate,7.32,24.41666667,INDO,3,21.96,0,haze,INDO,0,26.9,2.5,0.0,Low
26.0,4.6,Snack,scooter,22.96,48.0,0.0,clear sky,Moderate,10.05,30.3,PUNE,3,30.15,0,clear sky,PUNE,0,29.8,0.5,0.0,Low
25.0,4.5,Drinks,scooter,25.97,65.0,0.0,haze,Moderate,11.89,35.41666667,COIMB,3,35.67,0,haze,COIMB,0,36.3,0.9,0.0,Low
27.0,4.7,Buffet,motorcycle,19.08,65.0,0.0,clear sky,High,9.18,34.88333333,PUNE,4,36.72,0,clear sky,PUNE,0,35.6,0.7,0.011,Low
34.0,4.6,Drinks,motorcycle,18.28,77.0,0.0,scattered clouds,High,17.5,44.43333333,MYS,4,70.0,0,clouds,MYS,0,46.3,1.9,0.534,Medium
33.0,4.9,Drinks,motorcycle,23.99,64.0,0.0,haze,High,16.43,44.26666667,VAD,4,65.72,0,haze,Other,0,45.3,1.0,0.316,Medium
25.0,4.3,Snack,motorcycle,23.97,78.0,0.0,mist,Moderate,12.91,33.36666667,COIMB,3,38.73,0,mist,COIMB,0,34.3,0.9,0.0,Low
30.0,4.3,Snack,scooter,17.23,69.0,0.0,clear sky,High,19.93,40.71666667,RANCHI,4,79.72,0,clear sky,RANCHI,0,41.0,0.3,0.293,Low
30.0,4.7,Snack,motorcycle,23.32,43.0,0.0,clear sky,High,26.6,49.5,INDO,4,106.4,0,clear sky,INDO,1,46.9,2.6,0.962,High
38.0,5.0,Buffet,motorcycle,22.49,74.0,0.0,haze,Moderate,13.6,33.38333333,BANG,3,40.8,0,haze,BANG,0,32.7,0.7,0.0,Low
20.0,4.7,Meal,motorcycle,22.05,60.0,0.0,haze,Low,4.26,18.75,INDO,2,8.52,0,haze,INDO,0,15.6,3.2,0.0,Low
22.0,3.5,Buffet,motorcycle,22.21,44.0,0.0,clear sky,High,14.73,38.81666667,INDO,4,58.92,0,clear sky,INDO,0,36.5,2.3,0.005,Low
27.0,4.9,Snack,scooter,20.08,83.0,0.0,mist,Low,3.87,24.83333333,RANCHI,2,7.74,0,mist,RANCHI,0,20.5,4.3,0.0,Low
24.0,4.4,Buffet,motorcycle,26.46,57.0,0.0,smoke,Moderate,9.1,36.93333333,MUM,3,27.3,0,smoke,MUM,0,34.4,2.5,0.0,Low
22.0,4.8,Meal,motorcycle,28.36,82.0,0.0,overcast clouds,Very High,14.88,57.01666667,CHEN,5,74.4,0,clouds,CHEN,1,56.9,0.1,1.0,High
38.0,4.6,Snack,scooter,28.35,82.0,0.0,overcast clouds,Very High,20.75,60.41666667,CHEN,5,103.75,0,clouds,CHEN,1,63.8,3.4,1.0,High
29.0,4.6,Drinks,motorcycle,23.54,46.0,0.0,haze,High,18.11,47.78333333,JAP,4,72.44,0,haze,JAP,1,48.1,0.3,0.834,High
23.0,4.9,Snack,scooter,17.91,77.0,0.0,scattered clouds,Very Low,2.54,13.3,MYS,1,2.54,1,clouds,MYS,0,13.2,0.1,0.0,Low
25.0,4.5,Snack,motorcycle,23.11,43.0,0.0,clear sky,Moderate,13.93,34.66666667,SUR,3,41.79,0,clear sky,SUR,0,32.1,2.6,0.0,Low
30.0,4.2,Meal,motorcycle,23.56,27.0,0.0,clear sky,Very High,20.2,49.96666667,JAP,5,101.0,0,clear sky,JAP,1,50.8,0.8,1.0,High
22.0,4.8,Drinks,motorcycle,18.21,81.0,0.0,broken clouds,Moderate,7.2,31.28333333,MYS,3,21.6,0,clouds,MYS,0,34.9,3.6,0.0,Low
27.0,4.8,Buffet,electric scooter,26.12,73.0,0.0,haze,Very High,20.63,50.0,COIMB,5,103.15,0,haze,COIMB,1,51.9,1.9,1.0,High
33.0,4.3,Snack,electric scooter,26.35,88.0,0.0,mist,High,10.62,38.1,CHEN,4,42.48,0,mist,CHEN,0,42.5,4.4,0.068,Low
29.0,4.8,Buffet,scooter,22.85,43.0,0.0,clear sky,Very High,25.4,52.26666667,SUR,5,127.0,0,clear sky,SUR,1,53.1,0.8,1.0,High
29.0,4.9,Drinks,scooter,25.97,73.0,0.0,haze,Moderate,12.91,39.3,COIMB,3,38.73,0,haze,COIMB,0,36.8,2.5,0.0,Low
29.0,4.6,Snack,electric scooter,22.88,43.0,0.0,clear sky,High,16.18,41.41666667,SUR,4,64.72,0,clear sky,SUR,0,39.3,2.1,0.03,Low
30.0,4.5,Snack,motorcycle,22.47,44.0,0.0,clear sky,High,20.94,42.45,VAD,4,83.76,0,clear sky,Other,0,42.6,0.1,0.098,Low
20.0,4.9,Meal,motorcycle,24.87,73.0,0.0,mist,Low,4.64,18.51666667,COIMB,2,9.28,0,mist,COIMB,0,18.6,0.1,0.0,Low
34.0,4.8,Meal,motorcycle,26.9,44.0,0.0,smoke,Very High,28.96,59.68333333,MUM,5,144.8,0,smoke,MUM,1,60.9,1.2,1.0,High
29.0,4.6,Drinks,scooter,23.99,64.0,0.0,haze,Moderate,13.05,40.25,VAD,3,39.150000000000006,0,haze,Other,0,37.3,3.0,0.0,Low
29.0,4.6,Meal,scooter,25.88,73.0,0.0,haze,Low,4.59,15.33333333,COIMB,2,9.18,0,haze,COIMB,0,15.7,0.4,0.0,Low
26.0,4.6,Snack,scooter,26.96,49.0,0.0,clear sky,High,18.24,41.18333333,MUM,4,72.96,0,clear sky,MUM,0,44.7,3.5,0.613,Medium
21.0,4.6,Buffet,motorcycle,25.88,65.0,0.0,haze,Moderate,11.24,29.43333333,COIMB,3,33.72,0,haze,COIMB,0,29.3,0.1,0.0,Low
27.0,4.5,Drinks,scooter,21.43,65.0,0.0,broken clouds,High,9.43,41.55,HYD,4,37.72,0,clouds,HYD,0,44.2,2.7,0.31,Medium
29.0,4.5,Drinks,motorcycle,24.01,64.0,0.0,haze,Moderate,10.4,31.11666667,VAD,3,31.200000000000003,0,haze,Other,0,34.9,3.8,0.0,Low
24.0,4.8,Drinks,scooter,22.66,43.0,0.0,clear sky,Moderate,14.01,38.56666667,VAD,3,42.03,0,clear sky,Other,0,36.8,1.8,0.0,Low
30.0,4.8,Meal,scooter,24.99,73.0,0.0,mist,Low,7.31,19.56666667,SUR,2,14.62,0,mist,SUR,0,20.5,0.9,0.0,Low
39.0,4.3,Meal,motorcycle,24.14,46.0,0.0,haze,Moderate,10.76,23.15,JAP,3,32.28,0,haze,JAP,0,27.6,4.5,0.0,Low
35.0,4.6,Buffet,motorcycle,19.49,91.0,0.0,mist,Moderate,6.02,30.98333333,BANG,3,18.06,0,mist,BANG,0,28.3,2.7,0.0,Low
24.0,4.9,Drinks,electric scooter,24.96,73.0,0.0,mist,Moderate,11.7,40.53333333,COIMB,3,35.099999999999994,0,mist,COIMB,0,37.9,2.6,0.0,Low
21.0,5.0,Buffet,electric scooter,23.64,39.0,0.0,clear sky,Very High,23.0,56.71666667,LUDH,5,115.0,0,clear sky,Other,1,49.8,6.9,1.0,High
33.0,4.8,Buffet,motorcycle,18.97,65.0,0.0,clear sky,Very High,17.97,49.03333333,PUNE,5,89.85,0,clear sky,PUNE,1,53.6,4.6,1.0,High
29.0,4.5,Snack,motorcycle,22.99,60.0,0.0,haze,Moderate,11.49,32.58333333,HYD,3,34.47,0,haze,HYD,0,31.7,0.9,0.0,Low
35.0,4.6,Snack,scooter,23.11,60.0,0.0,haze,Moderate,18.25,34.38333333,INDO,3,54.75,0,haze,INDO,0,33.7,0.7,0.0,Low
26.0,4.9,Buffet,electric scooter,22.52,74.0,0.0,haze,Moderate,11.86,32.73333333,BANG,3,35.58,0,haze,BANG,0,30.7,2.0,0.0,Low
35.0,4.7,Snack,motorcycle,19.99,83.0,0.0,mist,Very Low,1.91,16.81666667,RANCHI,1,1.91,1,mist,RANCHI,0,14.8,2.0,0.0,Low
28.0,4.9,Meal,motorcycle,26.31,88.0,0.0,scattered clouds,Very High,16.04,58.2,CHEN,5,80.19999999999999,0,clouds,CHEN,1,56.0,2.2,1.0,High
28.0,4.9,Meal,motorcycle,21.03,78.0,0.0,mist,Moderate,7.34,30.3,RANCHI,3,22.02,0,mist,RANCHI,0,27.4,2.9,0.0,Low
22.0,4.6,Meal,motorcycle,22.28,44.0,0.0,clear sky,High,22.12,36.93333333,INDO,4,88.48,0,clear sky,INDO,0,40.8,3.9,0.145,Low
34.0,4.9,Buffet,scooter,18.28,81.0,0.0,scattered clouds,Low,9.89,24.13333333,MYS,2,19.78,0,clouds,MYS,0,23.1,1.0,0.0,Low
22.0,4.9,Meal,motorcycle,22.94,49.0,0.0,clear sky,Moderate,10.74,27.25,PUNE,3,32.22,0,clear sky,PUNE,0,27.7,0.4,0.0,Low
23.0,4.6,Buffet,scooter,21.08,65.0,0.0,broken clouds,Very High,29.29,64.48333333,HYD,5,146.45,0,clouds,HYD,1,65.2,0.7,1.0,High
34.0,5.0,Drinks,motorcycle,26.49,87.0,0.0,mist,Moderate,10.95,41.7,CHEN,3,32.849999999999994,0,mist,CHEN,0,38.6,3.1,0.0,Low
28.0,4.7,Drinks,motorcycle,22.21,60.0,0.0,haze,Moderate,15.55,38.13333333,INDO,3,46.650000000000006,0,haze,INDO,0,38.1,0.0,0.0,Low
22.0,4.9,Meal,electric scooter,23.72,39.0,0.0,clear sky,High,16.63,38.11666667,LUDH,4,66.52,0,clear sky,Other,0,37.1,1.0,0.008,Low
35.0,5.0,Buffet,scooter,23.99,88.0,0.0,mist,Moderate,8.28,26.01666667,KOC,3,24.84,0,mist,Other,0,29.7,3.7,0.0,Low
29.0,4.6,Meal,scooter,27.04,57.0,0.0,smoke,Very High,20.48,61.06666667,MUM,5,102.4,0,smoke,MUM,1,62.6,1.5,1.0,High
27.0,4.5,Buffet,motorcycle,22.25,44.0,0.0,clear sky,Very High,27.93,49.05,INDO,5,139.65,0,clear sky,INDO,1,52.1,3.1,1.0,High
30.0,4.6,Buffet,motorcycle,23.39,43.0,0.0,clear sky,Low,6.06,16.63333333,SUR,2,12.12,0,clear sky,SUR,0,17.8,1.2,0.0,Low
30.0,5.0,Meal,electric scooter,24.94,58.0,0.0,scattered clouds,Low,5.66,20.9,GOA,2,11.32,0,clouds,Other,0,16.1,4.8,0.0,Low
20.0,4.6,Buffet,scooter,24.92,73.0,0.0,mist,Moderate,11.58,28.51666667,COIMB,3,34.74,0,mist,COIMB,0,31.8,3.3,0.0,Low
33.0,4.2,Meal,motorcycle,22.1,60.0,0.0,haze,Low,6.92,18.81666667,INDO,2,13.84,0,haze,INDO,0,18.7,0.1,0.0,Low
38.0,4.6,Meal,motorcycle,18.28,82.0,0.0,broken clouds,Very High,22.79,50.66666667,MYS,5,113.95,0,clouds,MYS,1,52.4,1.7,1.0,High
34.0,4.4,Drinks,electric scooter,27.0,44.0,0.0,smoke,Moderate,8.49,39.85,MUM,3,25.47,0,smoke,MUM,0,40.5,0.6,0.0,Low
37.0,4.8,Meal,scooter,20.81,67.0,0.0,clear sky,High,15.66,34.58333333,MYS,4,62.64,0,clear sky,MYS,0,36.1,1.5,0.009,Low
24.0,4.9,Drinks,motorcycle,22.81,43.0,0.0,clear sky,High,23.68,54.01666667,SUR,4,94.72,0,clear sky,SUR,1,50.5,3.5,0.942,High
33.0,4.0,Snack,motorcycle,21.93,60.0,0.0,haze,Low,4.1,22.05,AURG,2,8.2,0,haze,Other,0,18.7,3.4,0.0,Low
20.0,4.8,Snack,scooter,26.38,88.0,0.0,mist,Low,4.28,21.75,CHEN,2,8.56,0,mist,CHEN,0,22.3,0.6,0.0,Low
20.0,4.9,Meal,motorcycle,21.17,78.0,0.0,mist,High,15.49,34.75,RANCHI,4,61.96,0,mist,RANCHI,0,38.4,3.6,0.013,Low
39.0,3.9,Meal,scooter,27.99,65.0,0.0,haze,Very High,16.15,48.28333333,KOL,5,80.75,0,haze,Other,1,52.4,4.1,1.0,High
39.0,4.9,Buffet,motorcycle,22.9,43.0,0.0,clear sky,High,13.86,34.16666667,SUR,4,55.44,0,clear sky,SUR,0,35.5,1.3,0.006,Low
27.0,4.4,Snack,scooter,19.86,47.0,0.0,clear sky,Very High,28.2,59.15,JAP,5,141.0,0,clear sky,JAP,1,58.0,1.1,1.0,High
29.0,4.6,Meal,scooter,19.99,46.0,0.0,clear sky,High,24.02,44.6,JAP,4,96.08,0,clear sky,JAP,0,43.5,1.1,0.365,Medium
36.0,4.8,Buffet,motorcycle,22.93,42.0,0.0,clear sky,Low,5.29,13.51666667,VAD,2,10.58,0,clear sky,Other,0,15.4,1.9,0.0,Low
35.0,4.4,Buffet,scooter,22.1,60.0,0.0,haze,Moderate,17.5,30.9,INDO,3,52.5,0,haze,INDO,0,31.6,0.7,0.0,Low
27.0,4.9,Drinks,scooter,19.64,92.0,0.0,mist,Very High,18.25,65.25,BANG,5,91.25,0,mist,BANG,1,62.9,2.4,1.0,High
30.0,4.8,Meal,motorcycle,28.26,82.0,0.0,mist,High,10.88,34.31666667,CHEN,4,43.52,0,mist,CHEN,0,37.3,3.0,0.002,Low
25.0,4.6,Meal,electric scooter,24.92,43.0,0.0,clear sky,High,24.59,43.73333333,SUR,4,98.36,0,clear sky,SUR,0,42.5,1.2,0.213,Low
28.0,4.8,Drinks,motorcycle,28.44,82.0,0.0,overcast clouds,Very High,22.5,69.65,CHEN,5,112.5,0,clouds,CHEN,1,69.8,0.1,1.0,High
26.0,4.9,Meal,motorcycle,22.81,60.0,0.0,haze,High,21.38,46.65,HYD,4,85.52,0,haze,HYD,1,43.8,2.9,0.367,Medium
32.0,4.9,Snack,motorcycle,18.78,65.0,0.0,few clouds,Very High,26.46,58.08333333,PUNE,5,132.3,0,clouds,PUNE,1,62.4,4.3,1.0,High
20.0,4.7,Drinks,scooter,23.39,47.0,0.0,clear sky,Very High,21.24,59.05,PUNE,5,106.2,0,clear sky,PUNE,1,62.8,3.8,1.0,High
38.0,4.9,Meal,scooter,26.46,57.0,0.0,smoke,High,14.75,43.56666667,MUM,4,59.0,0,smoke,MUM,0,43.2,0.4,0.119,Low
27.0,4.8,Snack,scooter,19.67,68.0,0.0,haze,Very Low,1.97,11.95,JAP,1,1.97,1,haze,JAP,0,12.3,0.4,0.0,Low
35.0,4.9,Buffet,motorcycle,20.61,67.0,0.0,clear sky,High,12.81,37.26666667,MYS,4,51.24,0,clear sky,MYS,0,36.4,0.9,0.005,Low
38.0,5.0,Drinks,scooter,28.49,82.0,0.0,overcast clouds,High,12.17,43.35,CHEN,4,48.68,0,clouds,CHEN,0,47.0,3.6,0.939,High
35.0,4.1,Snack,motorcycle,28.34,81.0,0.0,mist,Very Low,2.66,15.96666667,CHEN,1,2.66,1,mist,CHEN,0,15.1,0.9,0.0,Low
28.0,4.8,Drinks,motorcycle,28.27,82.0,0.0,overcast clouds,Very High,37.93,70.91666667,CHEN,5,189.65,0,clouds,CHEN,1,89.6,18.7,1.0,High
30.0,4.9,Drinks,motorcycle,26.45,87.0,0.0,scattered clouds,Very High,18.75,72.46666667,CHEN,5,93.75,0,clouds,CHEN,1,67.3,5.2,1.0,High
25.0,4.8,Buffet,motorcycle,21.32,64.0,0.0,broken clouds,Moderate,11.67,27.91666667,HYD,3,35.01,0,clouds,HYD,0,30.2,2.3,0.0,Low
20.0,4.9,Meal,motorcycle,17.41,69.0,0.0,clear sky,High,18.92,35.45,RANCHI,4,75.68,0,clear sky,RANCHI,0,37.2,1.8,0.012,Low
35.0,4.7,Meal,scooter,21.95,44.0,0.0,clear sky,High,15.54,38.3,BHP,4,62.16,0,clear sky,Other,0,37.1,1.2,0.008,Low
37.0,4.3,Buffet,motorcycle,19.44,91.0,0.0,mist,Low,7.08,23.28333333,BANG,2,14.16,0,mist,BANG,0,22.9,0.4,0.0,Low
29.0,4.6,Drinks,scooter,23.6,46.0,0.0,haze,Very Low,2.54,19.33333333,JAP,1,2.54,1,haze,JAP,0,18.7,0.6,0.0,Low
31.0,4.0,Drinks,motorcycle,18.97,93.0,0.0,fog,High,27.12,58.85,BANG,4,108.48,0,other,BANG,1,54.2,4.6,0.995,High
25.0,4.6,Meal,motorcycle,19.9,93.0,0.0,mist,Moderate,11.08,31.26666667,BANG,3,33.24,0,mist,BANG,0,30.3,1.0,0.0,Low
25.0,4.0,Snack,motorcycle,17.32,53.0,0.0,clear sky,High,24.35,47.45,INDO,4,97.4,0,clear sky,INDO,1,44.1,3.4,0.439,Medium
34.0,4.8,Buffet,motorcycle,22.92,60.0,0.0,haze,Low,3.75,15.48333333,HYD,2,7.5,0,haze,HYD,0,16.2,0.7,0.0,Low
39.0,4.7,Snack,motorcycle,19.63,68.0,0.0,haze,Moderate,7.81,26.13333333,JAP,3,23.43,0,haze,JAP,0,29.4,3.3,0.0,Low
37.0,4.8,Meal,motorcycle,22.57,60.0,0.0,haze,Very High,31.89,56.81666667,HYD,5,159.45,0,haze,HYD,1,64.6,7.8,1.0,High
50.0,4.7,Meal,electric scooter,22.86,74.0,0.0,haze,Very High,27.03,55.8,BANG,5,135.15,0,haze,BANG,1,59.8,4.0,1.0,High
23.0,5.0,Buffet,motorcycle,22.9,43.0,0.0,clear sky,Moderate,11.52,30.13333333,SUR,3,34.56,0,clear sky,SUR,0,28.3,1.8,0.0,Low
36.0,4.7,Snack,motorcycle,17.71,68.0,0.0,clear sky,Very Low,3.05,13.81666667,RANCHI,1,3.05,0,clear sky,RANCHI,0,13.4,0.4,0.0,Low
23.0,4.9,Meal,motorcycle,26.39,88.0,0.0,scattered clouds,High,14.08,35.78333333,CHEN,4,56.32,0,clouds,CHEN,0,39.9,4.1,0.031,Low
32.0,4.3,Snack,motorcycle,19.6,68.0,0.0,haze,Low,3.77,16.51666667,JAP,2,7.54,0,haze,JAP,0,17.7,1.2,0.0,Low
37.0,4.9,Snack,motorcycle,28.05,57.0,0.0,smoke,Low,4.93,25.28333333,MUM,2,9.86,0,smoke,MUM,0,26.2,0.9,0.0,Low
34.0,4.6,Snack,scooter,24.92,43.0,0.0,clear sky,High,22.71,48.65,SUR,4,90.84,0,clear sky,SUR,1,45.9,2.8,0.893,High
25.0,4.2,Buffet,motorcycle,25.2,85.0,0.0,few clouds,Very Low,2.42,12.23333333,KOC,1,2.42,1,clouds,Other,0,12.6,0.4,0.0,Low
39.0,4.4,Drinks,scooter,26.47,87.0,0.0,broken clouds,Very High,25.39,105.95,CHEN,5,126.95,0,clouds,CHEN,1,84.4,21.5,1.0,High
35.0,4.7,Drinks,scooter,27.85,57.0,0.0,smoke,Moderate,7.96,43.03333333,MUM,3,23.88,0,smoke,MUM,0,39.7,3.3,0.0,Low
38.0,4.7,Buffet,scooter,17.91,77.0,0.0,scattered clouds,Very Low,2.83,12.51666667,MYS,1,2.83,1,clouds,MYS,0,12.6,0.1,0.0,Low
35.0,4.9,Meal,scooter,21.32,64.0,0.0,broken clouds,High,13.63,35.85,HYD,4,54.52,0,clouds,HYD,0,36.6,0.8,0.005,Low
33.0,4.7,Meal,scooter,24.92,73.0,0.0,mist,Low,6.42,18.86666667,SUR,2,12.84,0,mist,SUR,0,19.7,0.8,0.0,Low
29.0,4.6,Drinks,motorcycle,27.99,49.0,0.0,clear sky,Very High,26.81,59.11666667,MUM,5,134.04999999999998,0,clear sky,MUM,1,66.9,7.8,1.0,High
27.0,4.6,Meal,motorcycle,18.26,82.0,0.0,broken clouds,Very High,21.05,47.88333333,MYS,5,105.25,0,clouds,MYS,1,51.6,3.7,1.0,High
27.0,4.2,Snack,motorcycle,20.61,67.0,0.0,clear sky,Low,4.56,20.38333333,MYS,2,9.12,0,clear sky,MYS,0,17.5,2.9,0.0,Low
22.0,4.0,Buffet,motorcycle,22.31,45.0,0.0,clear sky,Very High,29.59,49.45,INDO,5,147.95,0,clear sky,INDO,1,54.0,4.5,1.0,High
20.0,4.7,Meal,scooter,17.94,82.0,0.0,mist,Low,4.08,16.93333333,AURG,2,8.16,0,mist,Other,0,16.3,0.6,0.0,Low
30.0,4.8,Buffet,scooter,17.08,72.0,0.0,haze,Low,6.09,21.41666667,INDO,2,12.18,0,haze,INDO,0,20.4,1.0,0.0,Low
22.0,4.7,Meal,scooter,17.83,67.0,0.0,clear sky,Moderate,15.92,29.31666667,RANCHI,3,47.76,0,clear sky,RANCHI,0,29.3,0.0,0.0,Low
30.0,4.7,Meal,scooter,26.26,44.0,0.0,smoke,Very High,18.18,57.98333333,MUM,5,90.9,0,smoke,MUM,1,56.7,1.3,1.0,High
28.0,4.7,Drinks,scooter,17.69,68.0,0.0,clear sky,Low,4.57,21.85,RANCHI,2,9.14,0,clear sky,RANCHI,0,23.9,2.0,0.0,Low
32.0,4.9,Meal,scooter,24.9,42.0,0.0,clear sky,Very High,21.59,47.73333333,SUR,5,107.95,0,clear sky,SUR,1,48.6,0.9,1.0,High
31.0,4.9,Buffet,scooter,25.99,65.0,0.0,haze,Moderate,13.88,31.21666667,COIMB,3,41.64,0,haze,COIMB,0,31.1,0.1,0.0,Low
27.0,4.9,Drinks,scooter,24.97,73.0,0.0,mist,Low,8.4,30.61666667,SUR,2,16.8,0,mist,SUR,0,30.6,0.0,0.0,Low
25.0,4.5,Buffet,motorcycle,22.99,83.0,0.0,haze,Very High,15.04,49.01666667,KOL,5,75.19999999999999,0,haze,Other,1,51.7,2.7,0.999,High
39.0,4.9,Buffet,scooter,28.97,54.0,0.0,smoke,Low,2.98,18.91666667,MUM,2,5.96,1,smoke,MUM,0,21.1,2.2,0.0,Low
22.0,4.9,Meal,motorcycle,25.99,59.0,0.0,scattered clouds,Moderate,14.73,30.71666667,GOA,3,44.19,0,clouds,Other,0,30.1,0.6,0.0,Low
31.0,4.6,Drinks,scooter,21.29,65.0,0.0,broken clouds,Low,5.96,23.55,HYD,2,11.92,0,clouds,HYD,0,27.5,3.9,0.0,Low
31.0,5.0,Buffet,motorcycle,26.34,88.0,0.0,mist,Very High,13.61,56.36666667,CHEN,5,68.05,0,mist,CHEN,1,60.3,3.9,0.999,High
31.0,4.0,Snack,scooter,21.18,65.0,0.0,broken clouds,High,16.52,46.93333333,HYD,4,66.08,0,clouds,HYD,1,44.8,2.1,0.27,Low
26.0,4.8,Meal,electric scooter,25.95,73.0,0.0,haze,High,13.62,32.41666667,COIMB,4,54.48,0,haze,COIMB,0,36.4,4.0,0.006,Low
31.0,4.9,Meal,motorcycle,23.54,46.0,0.0,haze,High,17.98,37.63333333,JAP,4,71.92,0,haze,JAP,0,38.9,1.3,0.016,Low
21.0,4.4,Meal,motorcycle,17.84,68.0,0.0,clear sky,High,10.37,41.71666667,RANCHI,4,41.48,0,clear sky,RANCHI,0,35.2,6.5,0.004,Low
33.0,4.5,Buffet,scooter,26.53,87.0,0.0,mist,Low,8.36,23.71666667,CHEN,2,16.72,0,mist,CHEN,0,24.6,0.9,0.0,Low
29.0,4.9,Meal,motorcycle,19.08,93.0,0.0,fog,Very High,26.65,55.13333333,BANG,5,133.25,0,other,BANG,1,58.4,3.3,1.0,High
35.0,4.7,Meal,motorcycle,28.92,54.0,0.0,smoke,Very Low,2.15,14.96666667,MUM,1,2.15,1,smoke,MUM,0,14.2,0.8,0.0,Low
21.0,5.0,Meal,scooter,17.64,69.0,0.0,clear sky,Moderate,12.82,21.6,RANCHI,3,38.46,0,clear sky,RANCHI,0,27.0,5.4,0.0,Low
28.0,4.9,Meal,motorcycle,23.21,43.0,0.0,clear sky,Low,5.58,13.71666667,SUR,2,11.16,0,clear sky,SUR,0,14.3,0.6,0.0,Low
29.0,4.7,Buffet,electric scooter,22.88,43.0,0.0,clear sky,High,17.58,36.01666667,SUR,4,70.32,0,clear sky,SUR,0,37.9,1.9,0.02,Low
33.0,4.6,Snack,scooter,25.01,73.0,0.0,mist,Moderate,15.45,36.3,COIMB,3,46.35,0,mist,COIMB,0,35.6,0.7,0.0,Low
37.0,4.9,Meal,motorcycle,19.23,65.0,0.0,clear sky,Moderate,12.37,27.21666667,PUNE,3,37.11,0,clear sky,PUNE,0,27.2,0.0,0.0,Low
37.0,4.6,Drinks,motorcycle,22.25,44.0,0.0,clear sky,High,16.69,46.88333333,INDO,4,66.76,0,clear sky,INDO,1,45.3,1.6,0.556,Medium
28.0,4.7,Snack,motorcycle,25.95,37.0,0.0,clear sky,High,8.24,38.56666667,AGR,4,32.96,0,clear sky,Other,0,36.6,2.0,0.008,Low
26.0,4.9,Meal,electric scooter,23.45,57.0,0.0,haze,Very High,28.04,57.73333333,HYD,5,140.2,0,haze,HYD,1,59.8,2.1,1.0,High
28.0,5.0,Drinks,motorcycle,19.08,65.0,0.0,few clouds,Low,5.03,24.56666667,PUNE,2,10.06,0,clouds,PUNE,0,25.7,1.1,0.0,Low
35.0,4.4,Snack,motorcycle,18.37,82.0,0.0,broken clouds,Moderate,18.24,35.36666667,MYS,3,54.72,0,clouds,MYS,0,33.1,2.3,0.0,Low
36.0,4.9,Meal,motorcycle,17.16,72.0,0.0,haze,Moderate,10.17,27.18333333,INDO,3,30.51,0,haze,INDO,0,25.7,1.5,0.0,Low
28.0,4.7,Meal,motorcycle,26.99,44.0,0.0,smoke,Low,3.81,18.71666667,MUM,2,7.62,0,smoke,MUM,0,20.4,1.7,0.0,Low
24.0,4.6,Meal,motorcycle,18.78,65.0,0.0,clear sky,Very High,29.35,60.4,PUNE,5,146.75,0,clear sky,PUNE,1,62.4,2.0,1.0,High
35.0,4.4,Meal,scooter,28.03,65.0,0.0,haze,Moderate,13.97,27.28333333,KOL,3,41.91,0,haze,Other,0,29.3,2.0,0.0,Low
38.0,4.4,Snack,scooter,17.75,68.0,0.0,clear sky,Moderate,17.1,29.28333333,RANCHI,3,51.3,0,clear sky,RANCHI,0,32.5,3.2,0.0,Low
25.0,4.8,Buffet,motorcycle,18.33,58.0,0.0,clear sky,Moderate,8.65,24.71666667,BHP,3,25.950000000000003,0,clear sky,Other,0,26.1,1.4,0.0,Low
23.0,4.9,Buffet,motorcycle,18.91,82.0,0.0,haze,High,27.44,42.16666667,VAD,4,109.76,0,haze,Other,0,48.7,6.5,0.68,Medium
25.0,4.8,Meal,motorcycle,18.25,81.0,0.0,broken clouds,Low,6.73,16.5,MYS,2,13.46,0,clouds,MYS,0,18.9,2.4,0.0,Low
32.0,4.9,Snack,electric scooter,22.9,43.0,0.0,clear sky,High,18.0,38.7,SUR,4,72.0,0,clear sky,SUR,0,40.6,1.9,0.055,Low
24.0,4.8,Meal,scooter,18.15,81.0,0.0,broken clouds,Very Low,3.15,10.98333333,MYS,1,3.15,0,clouds,MYS,0,10.4,0.6,0.0,Low
37.0,4.9,Buffet,scooter,19.56,68.0,0.0,haze,Low,6.46,17.46666667,JAP,2,12.92,0,haze,JAP,0,20.3,2.8,0.0,Low
23.0,5.0,Buffet,scooter,21.94,74.0,0.0,haze,Very High,22.56,57.85,BANG,5,112.8,0,haze,BANG,1,54.2,3.6,1.0,High
26.0,4.9,Drinks,motorcycle,23.61,47.0,0.0,clear sky,Very High,27.97,66.78333333,PUNE,5,139.85,0,clear sky,PUNE,1,65.2,1.6,1.0,High
30.0,4.8,Snack,motorcycle,28.86,70.0,0.0,broken clouds,High,12.36,42.25,GOA,4,49.44,0,clouds,Other,0,40.6,1.6,0.199,Low
35.0,4.8,Snack,scooter,23.46,47.0,0.0,clear sky,Very High,27.04,61.88333333,PUNE,5,135.2,0,clear sky,PUNE,1,62.2,0.3,1.0,High
24.0,4.8,Drinks,motorcycle,19.22,65.0,0.0,clear sky,Very Low,2.51,18.9,PUNE,1,2.51,1,clear sky,PUNE,0,17.6,1.3,0.0,Low
21.0,4.4,Snack,motorcycle,23.09,48.0,0.0,clear sky,Very High,16.78,50.53333333,PUNE,5,83.9,0,clear sky,PUNE,1,56.5,6.0,1.0,High
25.0,4.8,Buffet,electric scooter,22.69,60.0,0.0,haze,High,13.79,40.8,HYD,4,55.16,0,haze,HYD,0,39.5,1.3,0.033,Low
36.0,4.9,Snack,motorcycle,23.39,47.0,0.0,clear sky,Very High,19.12,58.66666667,PUNE,5,95.6,0,clear sky,PUNE,1,55.8,2.9,1.0,High
26.0,4.4,Snack,electric scooter,22.26,44.0,0.0,clear sky,High,16.74,42.03333333,INDO,4,66.96,0,clear sky,INDO,0,39.6,2.4,0.023,Low
25.0,4.9,Buffet,motorcycle,28.48,81.0,0.0,mist,High,14.76,38.66666667,CHEN,4,59.04,0,mist,CHEN,0,40.7,2.0,0.203,Low
22.0,4.5,Drinks,electric scooter,19.0,64.0,0.0,clear sky,Moderate,10.43,36.01666667,PUNE,3,31.29,0,clear sky,PUNE,0,36.0,0.0,0.0,Low
21.0,4.7,Drinks,scooter,24.99,73.0,0.0,mist,Low,7.31,28.5,SUR,2,14.62,0,mist,SUR,0,29.4,0.9,0.0,Low
29.0,4.6,Snack,scooter,17.23,69.0,0.0,clear sky,High,19.93,40.68333333,RANCHI,4,79.72,0,clear sky,RANCHI,0,41.1,0.4,0.487,Medium
26.0,4.9,Drinks,scooter,23.08,60.0,0.0,haze,Low,6.17,29.41666667,INDO,2,12.34,0,haze,INDO,0,27.1,2.3,0.0,Low
28.0,4.7,Meal,scooter,23.17,60.0,0.0,haze,Moderate,12.14,26.0,INDO,3,36.42,0,haze,INDO,0,28.0,2.0,0.0,Low
36.0,4.7,Drinks,motorcycle,21.39,65.0,0.0,broken clouds,Low,4.87,29.88333333,HYD,2,9.74,0,clouds,HYD,0,25.7,4.2,0.0,Low
30.0,4.6,Drinks,scooter,20.61,67.0,0.0,clear sky,Moderate,10.28,32.3,MYS,3,30.84,0,clear sky,MYS,0,33.9,1.6,0.0,Low
26.0,4.9,Buffet,motorcycle,24.94,73.0,0.0,mist,Low,3.79,17.78333333,SUR,2,7.58,0,mist,SUR,0,18.0,0.2,0.0,Low
38.0,4.8,Meal,electric scooter,28.59,81.0,0.0,mist,Very High,17.33,49.98333333,CHEN,5,86.64999999999999,0,mist,CHEN,1,57.1,7.1,1.0,High
24.0,4.8,Buffet,scooter,21.64,52.0,0.0,clear sky,Moderate,7.29,30.8,AGR,3,21.87,0,clear sky,Other,0,26.1,4.7,0.0,Low
28.0,4.6,Drinks,motorcycle,26.1,37.0,0.0,clear sky,Low,9.42,25.86666667,AGR,2,18.84,0,clear sky,Other,0,28.6,2.7,0.0,Low
29.0,4.6,Buffet,motorcycle,23.22,43.0,0.0,clear sky,Low,7.59,20.56666667,SUR,2,15.18,0,clear sky,SUR,0,20.0,0.6,0.0,Low
29.0,4.6,Meal,motorcycle,16.53,82.0,0.0,mist,Very High,21.75,54.88333333,AURG,5,108.75,0,mist,Other,1,62.2,7.3,1.0,High
28.0,4.8,Buffet,electric scooter,22.96,46.0,0.0,haze,Moderate,10.09,24.13333333,JAP,3,30.27,0,haze,JAP,0,27.7,3.6,0.0,Low
32.0,4.8,Meal,motorcycle,23.03,48.0,0.0,clear sky,High,17.55,36.26666667,PUNE,4,70.2,0,clear sky,PUNE,0,40.4,4.1,0.014,Low
20.0,4.9,Drinks,scooter,28.36,75.0,0.0,overcast clouds,Very High,27.41,78.91666667,CHEN,5,137.05,0,clouds,CHEN,1,76.4,2.5,1.0,High
29.0,4.6,Snack,motorcycle,28.43,82.0,0.0,overcast clouds,Very High,22.1,53.46666667,CHEN,5,110.5,0,clouds,CHEN,1,63.7,10.2,1.0,High
35.0,4.6,Snack,motorcycle,23.04,72.0,0.0,broken clouds,High,21.3,38.48333333,GOA,4,85.2,0,clouds,Other,0,45.1,6.6,0.34,Medium
27.0,4.8,Snack,scooter,23.11,43.0,0.0,clear sky,Low,9.13,23.41666667,SUR,2,18.26,0,clear sky,SUR,0,22.7,0.7,0.0,Low
20.0,4.8,Meal,motorcycle,22.65,73.0,0.0,haze,Moderate,11.89,30.56666667,BANG,3,35.67,0,haze,BANG,0,28.5,2.1,0.0,Low
23.0,4.6,Meal,scooter,21.92,60.0,0.0,haze,Low,6.04,20.16666667,AURG,2,12.08,0,haze,Other,0,18.1,2.1,0.0,Low
33.0,4.0,Snack,scooter,22.46,42.0,0.0,clear sky,Moderate,7.69,26.95,BHP,3,23.07,0,clear sky,Other,0,27.7,0.8,0.0,Low
23.0,4.9,Snack,motorcycle,19.2,65.0,0.0,clear sky,Low,6.27,22.98333333,PUNE,2,12.54,0,clear sky,PUNE,0,21.1,1.9,0.0,Low
39.0,4.8,Buffet,motorcycle,17.32,53.0,0.0,clear sky,High,25.48,47.16666667,INDO,4,101.92,0,clear sky,INDO,1,44.9,2.3,0.808,High
36.0,4.9,Drinks,motorcycle,22.66,43.0,0.0,clear sky,Moderate,13.66,37.78333333,VAD,3,40.98,0,clear sky,Other,0,36.8,1.0,0.0,Low
38.0,4.8,Buffet,motorcycle,23.58,47.0,0.0,clear sky,Very High,25.07,56.61666667,PUNE,5,125.35,0,clear sky,PUNE,1,56.4,0.2,1.0,High
33.0,3.0,Buffet,motorcycle,22.6,60.0,0.0,haze,Very High,26.32,54.23333333,HYD,5,131.6,0,haze,HYD,1,56.4,2.2,1.0,High
31.0,4.0,Buffet,motorcycle,20.51,67.0,0.0,clear sky,High,23.28,35.11666667,MYS,4,93.12,0,clear sky,MYS,0,39.0,3.9,0.062,Low
37.0,4.8,Meal,motorcycle,17.67,68.0,0.0,clear sky,Moderate,3.94,21.48333333,RANCHI,3,11.82,0,clear sky,RANCHI,0,21.0,0.5,0.0,Low
37.0,4.7,Buffet,motorcycle,19.55,92.0,0.0,mist,Very High,18.21,51.03333333,BANG,5,91.05,0,mist,BANG,1,53.1,2.1,1.0,High
39.0,4.8,Snack,motorcycle,25.0,73.0,0.0,mist,High,16.82,45.26666667,COIMB,4,67.28,0,mist,COIMB,1,43.5,1.8,0.173,Low
29.0,4.5,Buffet,motorcycle,19.26,65.0,0.0,clear sky,Very High,16.89,49.56666667,PUNE,5,84.45,0,clear sky,PUNE,1,52.6,3.0,1.0,High
21.0,4.7,Buffet,motorcycle,21.36,67.0,0.0,broken clouds,Moderate,8.47,24.2,HYD,3,25.410000000000004,0,clouds,HYD,0,27.3,3.1,0.0,Low
29.0,4.6,Buffet,scooter,22.96,48.0,0.0,clear sky,High,15.99,40.78333333,PUNE,4,63.96,0,clear sky,PUNE,0,42.1,1.3,0.031,Low
32.0,4.8,Drinks,scooter,26.99,44.0,0.0,smoke,Low,3.81,32.01666667,MUM,2,7.62,0,smoke,MUM,0,27.9,4.1,0.0,Low
24.0,4.6,Drinks,motorcycle,19.58,68.0,0.0,haze,Moderate,6.14,35.7,JAP,3,18.42,0,haze,JAP,0,34.1,1.6,0.0,Low
39.0,4.8,Buffet,motorcycle,20.05,83.0,0.0,mist,Moderate,8.76,27.06666667,RANCHI,3,26.28,0,mist,RANCHI,0,29.4,2.3,0.0,Low
25.0,4.9,Buffet,motorcycle,19.04,68.0,0.0,haze,Moderate,11.66,29.41666667,JAP,3,34.980000000000004,0,haze,JAP,0,29.6,0.2,0.0,Low
25.0,4.5,Snack,scooter,20.79,68.0,0.0,clear sky,High,18.74,37.68333333,MYS,4,74.96,0,clear sky,MYS,0,38.1,0.4,0.032,Low
25.0,4.8,Snack,motorcycle,26.52,87.0,0.0,mist,Low,4.63,18.63333333,CHEN,2,9.26,0,mist,CHEN,0,22.2,3.6,0.0,Low
32.0,4.7,Buffet,electric scooter,18.05,81.0,0.0,scattered clouds,Very Low,2.66,12.68333333,MYS,1,2.66,1,clouds,MYS,0,12.1,0.6,0.0,Low
20.0,4.8,Snack,scooter,18.17,81.0,0.0,scattered clouds,Moderate,8.24,33.38333333,MYS,3,24.72,0,clouds,MYS,0,29.9,3.5,0.0,Low
25.0,4.7,Snack,motorcycle,25.06,73.0,0.0,mist,High,14.51,38.16666667,COIMB,4,58.04,0,mist,COIMB,0,41.7,3.5,0.073,Low
31.0,5.0,Snack,motorcycle,19.01,82.0,0.0,haze,Low,10.23,23.91666667,VAD,2,20.46,0,haze,Other,0,23.6,0.3,0.0,Low
29.0,4.6,Buffet,motorcycle,22.98,48.0,0.0,clear sky,High,16.68,43.18333333,PUNE,4,66.72,0,clear sky,PUNE,0,42.5,0.7,0.036,Low
22.0,4.8,Buffet,scooter,23.54,44.0,0.0,clear sky,Very Low,3.3,10.73333333,SUR,1,3.3,0,clear sky,SUR,0,11.4,0.7,0.0,Low
22.0,2.6,Meal,scooter,25.89,60.0,0.0,scattered clouds,High,18.36,34.21666667,GOA,4,73.44,0,clouds,Other,0,39.2,5.0,0.03,Low
38.0,4.7,Meal,motorcycle,23.03,48.0,0.0,clear sky,High,12.63,34.35,PUNE,4,50.52,0,clear sky,PUNE,0,35.8,1.4,0.005,Low
34.0,4.5,Snack,motorcycle,26.48,87.0,0.0,scattered clouds,Very High,26.54,73.5,CHEN,5,132.7,0,clouds,CHEN,1,75.4,1.9,1.0,High
31.0,4.1,Meal,motorcycle,28.0,65.0,0.0,haze,High,23.22,39.96666667,KOL,4,92.88,0,haze,Other,0,41.7,1.7,0.049,Low
31.0,4.0,Snack,scooter,22.74,60.0,0.0,haze,High,22.23,46.21666667,HYD,4,88.92,0,haze,HYD,1,48.0,1.8,0.712,High
30.0,4.2,Meal,scooter,25.02,73.0,0.0,mist,High,15.95,36.31666667,COIMB,4,63.8,0,mist,COIMB,0,38.8,2.5,0.037,Low
39.0,5.0,Buffet,motorcycle,27.01,44.0,0.0,smoke,Moderate,10.81,34.98333333,MUM,3,32.43,0,smoke,MUM,0,34.3,0.7,0.0,Low
38.0,4.9,Buffet,motorcycle,19.03,65.0,0.0,clear sky,Moderate,9.99,24.45,PUNE,3,29.97,0,clear sky,PUNE,0,27.1,2.7,0.0,Low
31.0,4.9,Buffet,electric scooter,22.47,44.0,0.0,clear sky,High,24.65,41.0,VAD,4,98.6,0,clear sky,Other,0,41.3,0.3,0.032,Low
36.0,4.8,Buffet,motorcycle,19.25,68.0,0.0,haze,High,12.02,36.41666667,JAP,4,48.08,0,haze,JAP,0,37.5,1.1,0.01,Low
29.0,4.6,Meal,bicycle,28.81,54.0,0.0,smoke,High,14.37,42.11666667,MUM,4,57.48,0,smoke,MUM,0,42.1,0.0,0.135,Low
26.0,4.5,Buffet,electric scooter,23.83,57.0,0.0,haze,Moderate,9.36,25.73333333,HYD,3,28.08,0,haze,HYD,0,27.9,2.2,0.0,Low
24.0,4.9,Meal,motorcycle,27.05,44.0,0.0,smoke,High,25.07,48.58333333,MUM,4,100.28,0,smoke,MUM,1,48.7,0.1,0.854,High
24.0,4.8,Buffet,motorcycle,25.01,73.0,0.0,mist,Low,8.08,22.46666667,SUR,2,16.16,0,mist,SUR,0,23.4,0.9,0.0,Low
35.0,4.7,Drinks,motorcycle,21.25,78.0,0.0,mist,High,23.65,57.75,RANCHI,4,94.6,0,mist,RANCHI,1,52.1,5.6,0.962,High
25.0,4.9,Meal,scooter,22.85,43.0,0.0,clear sky,Low,6.97,14.4,VAD,2,13.94,0,clear sky,Other,0,16.5,2.1,0.0,Low
26.0,4.7,Snack,electric scooter,23.01,83.0,0.0,haze,High,18.44,47.73333333,KOL,4,73.76,0,haze,Other,1,42.5,5.2,0.667,Medium
26.0,4.8,Buffet,scooter,26.06,73.0,0.0,haze,High,14.32,37.9,COIMB,4,57.28,0,haze,COIMB,0,37.8,0.1,0.043,Low
31.0,3.5,Buffet,scooter,19.07,93.0,0.0,fog,High,26.16,45.06666667,BANG,4,104.64,0,other,BANG,1,46.4,1.3,0.82,High
32.0,4.6,Meal,motorcycle,25.48,43.0,0.0,clear sky,High,16.35,36.76666667,ALH,4,65.4,0,clear sky,Other,0,36.3,0.5,0.007,Low
31.0,4.7,Snack,motorcycle,17.12,72.0,0.0,haze,Moderate,12.03,33.35,INDO,3,36.09,0,haze,INDO,0,31.6,1.8,0.0,Low
20.0,5.0,Snack,scooter,22.05,74.0,0.0,haze,Very High,28.45,54.66666667,BANG,5,142.25,0,haze,BANG,1,61.5,6.8,1.0,High
23.0,4.5,Drinks,scooter,23.96,30.0,0.0,clear sky,High,17.04,46.1,JAP,4,68.16,0,clear sky,JAP,1,48.0,1.9,0.635,Medium
28.0,5.0,Buffet,scooter,25.08,73.0,0.0,mist,High,19.16,41.71666667,COIMB,4,76.64,0,mist,COIMB,0,44.5,2.8,0.306,Medium
22.0,3.5,Drinks,motorcycle,19.6,68.0,0.0,haze,Very Low,1.92,18.26666667,JAP,1,1.92,1,haze,JAP,0,17.7,0.6,0.0,Low
27.0,4.7,Meal,scooter,24.94,73.0,0.0,mist,Low,7.59,21.4,SUR,2,15.18,0,mist,SUR,0,21.2,0.2,0.0,Low
23.0,4.6,Meal,motorcycle,19.41,65.0,0.0,clear sky,High,22.85,40.1,PUNE,4,91.4,0,clear sky,PUNE,0,42.2,2.1,0.129,Low
32.0,4.7,Meal,motorcycle,21.79,51.0,0.0,clear sky,Moderate,10.06,27.25,AGR,3,30.18,0,clear sky,Other,0,25.3,1.9,0.0,Low
38.0,4.6,Snack,electric scooter,24.93,44.0,0.0,clear sky,Moderate,12.01,34.83333333,SUR,3,36.03,0,clear sky,SUR,0,30.9,3.9,0.0,Low
35.0,5.0,Buffet,motorcycle,24.24,91.0,0.0,scattered clouds,Very High,32.22,56.1,KOC,5,161.1,0,clouds,Other,1,54.1,2.0,1.0,High
39.0,4.1,Meal,motorcycle,23.1,43.0,0.0,clear sky,Low,6.97,16.83333333,SUR,2,13.94,0,clear sky,SUR,0,16.8,0.0,0.0,Low
31.0,4.0,Drinks,motorcycle,19.65,93.0,0.0,mist,Very High,15.48,63.75,BANG,5,77.4,0,mist,BANG,1,65.2,1.5,1.0,High
23.0,5.0,Drinks,motorcycle,20.7,68.0,0.0,clear sky,High,15.76,50.36666667,MYS,4,63.04,0,clear sky,MYS,1,44.6,5.8,0.634,Medium
36.0,4.8,Buffet,scooter,20.4,68.0,0.0,clear sky,High,22.23,36.68333333,MYS,4,88.92,0,clear sky,MYS,0,39.3,2.6,0.11,Low
29.0,4.5,Buffet,electric scooter,23.95,46.0,0.0,haze,Moderate,12.74,27.21666667,JAP,3,38.22,0,haze,JAP,0,30.4,3.2,0.0,Low
31.0,4.4,Buffet,scooter,22.68,49.0,0.0,clear sky,High,15.81,37.16666667,PUNE,4,63.24,0,clear sky,PUNE,0,39.8,2.6,0.021,Low
32.0,4.6,Meal,scooter,23.1,43.0,0.0,clear sky,Low,7.0,17.36666667,SUR,2,14.0,0,clear sky,SUR,0,17.0,0.4,0.0,Low
36.0,4.6,Snack,motorcycle,24.74,47.0,0.0,clear sky,Very High,22.23,56.68333333,MUM,5,111.15,0,clear sky,MUM,1,61.5,4.8,1.0,High
25.0,4.7,Meal,motorcycle,25.27,73.0,0.0,mist,Very High,32.94,56.25,COIMB,5,164.7,0,mist,COIMB,1,51.9,4.4,1.0,High
36.0,4.9,Buffet,electric scooter,22.74,60.0,0.0,haze,High,22.01,48.2,HYD,4,88.04,0,haze,HYD,1,46.5,1.7,0.65,Medium
26.0,4.7,Drinks,electric scooter,19.2,65.0,0.0,clear sky,Low,6.27,26.51666667,PUNE,2,12.54,0,clear sky,PUNE,0,26.2,0.3,0.0,Low
34.0,4.1,Drinks,electric scooter,20.22,63.0,0.0,scattered clouds,Low,14.22,30.71666667,RANCHI,2,28.44,0,clouds,RANCHI,0,30.5,0.2,0.0,Low
27.0,4.1,Meal,motorcycle,27.05,48.0,0.0,clear sky,Moderate,8.85,23.96666667,MUM,3,26.55,0,clear sky,MUM,0,25.9,1.9,0.0,Low
30.0,4.6,Snack,motorcycle,29.04,51.0,0.0,clear sky,Very High,23.41,56.78333333,MUM,5,117.05,0,clear sky,MUM,1,61.6,4.8,1.0,High
29.0,4.5,Snack,electric scooter,22.44,50.0,0.0,clear sky,Very High,20.02,50.18333333,PUNE,5,100.1,0,clear sky,PUNE,1,57.1,6.9,1.0,High
23.0,4.7,Drinks,motorcycle,20.0,46.0,0.0,clear sky,Very High,24.64,67.0,JAP,5,123.2,0,clear sky,JAP,1,60.8,6.2,1.0,High
29.0,4.9,Drinks,scooter,22.75,49.0,0.0,clear sky,High,15.88,45.08333333,PUNE,4,63.52,0,clear sky,PUNE,1,47.7,2.6,0.69,Medium
22.0,5.0,Snack,motorcycle,25.0,73.0,0.0,mist,High,16.76,41.25,COIMB,4,67.04,0,mist,COIMB,0,43.8,2.5,0.124,Low
27.0,5.0,Drinks,scooter,28.46,81.0,0.0,mist,Low,6.98,31.63333333,CHEN,2,13.96,0,mist,CHEN,0,29.5,2.1,0.0,Low
24.0,4.6,Meal,scooter,24.07,46.0,0.0,haze,Very High,38.54,47.1,JAP,5,192.7,0,haze,JAP,1,59.4,12.3,1.0,High
21.0,4.2,Buffet,motorcycle,19.59,92.0,0.0,mist,Very High,13.11,54.08333333,BANG,5,65.55,0,mist,BANG,1,53.7,0.4,0.999,High
36.0,4.9,Drinks,motorcycle,22.64,73.0,0.0,haze,High,12.82,46.35,BANG,4,51.28,0,haze,BANG,1,45.3,1.1,0.797,High
23.0,4.8,Snack,motorcycle,26.26,44.0,0.0,smoke,Very High,18.18,61.16666667,MUM,5,90.9,0,smoke,MUM,1,62.1,0.9,1.0,High
38.0,4.6,Snack,motorcycle,21.2,66.0,0.0,broken clouds,Low,7.2,17.5,HYD,2,14.4,0,clouds,HYD,0,23.2,5.7,0.0,Low
37.0,4.8,Buffet,motorcycle,19.58,68.0,0.0,haze,Low,4.25,20.48333333,JAP,2,8.5,0,haze,JAP,0,17.7,2.8,0.0,Low
28.0,4.2,Buffet,motorcycle,22.1,60.0,0.0,haze,Very Low,2.11,12.43333333,INDO,1,2.11,1,haze,INDO,0,12.1,0.3,0.0,Low
21.0,4.9,Snack,motorcycle,22.99,83.0,0.0,haze,High,13.85,41.96666667,KOL,4,55.4,0,haze,Other,0,40.1,1.9,0.143,Low
34.0,4.6,Buffet,scooter,28.05,49.0,0.0,clear sky,Low,4.74,16.3,MUM,2,9.48,0,clear sky,MUM,0,17.1,0.8,0.0,Low
38.0,4.8,Snack,motorcycle,19.34,64.0,0.0,clear sky,Low,2.79,16.96666667,PUNE,2,5.58,1,clear sky,PUNE,0,16.3,0.7,0.0,Low
29.0,4.6,Snack,motorcycle,23.46,47.0,0.0,clear sky,Very High,25.88,65.76666667,PUNE,5,129.4,0,clear sky,PUNE,1,61.5,4.3,1.0,High
30.0,4.9,Drinks,electric scooter,23.94,57.0,0.0,haze,Moderate,8.03,35.78333333,HYD,3,24.09,0,haze,HYD,0,34.3,1.5,0.0,Low
35.0,4.5,Snack,motorcycle,25.45,43.0,0.0,clear sky,Low,7.03,24.91666667,ALH,2,14.06,0,clear sky,Other,0,20.7,4.2,0.0,Low
29.0,4.8,Drinks,motorcycle,27.0,44.0,0.0,smoke,High,14.32,48.76666667,MUM,4,57.28,0,smoke,MUM,1,52.1,3.3,0.996,High
28.0,4.7,Meal,motorcycle,26.35,88.0,0.0,mist,High,17.95,46.98333333,CHEN,4,71.8,0,mist,CHEN,1,41.7,5.3,0.129,Low
30.0,4.3,Meal,motorcycle,18.45,58.0,0.0,clear sky,Very High,31.39,59.11666667,BHP,5,156.95,0,clear sky,Other,1,59.8,0.7,1.0,High
20.0,4.5,Drinks,motorcycle,18.99,65.0,0.0,few clouds,Moderate,9.33,34.65,PUNE,3,27.99,0,clouds,PUNE,0,35.5,0.9,0.0,Low
23.0,4.8,Meal,motorcycle,22.86,74.0,0.0,haze,Very High,24.77,75.71666667,BANG,5,123.85,0,haze,BANG,1,60.9,14.8,1.0,High
37.0,4.2,Meal,scooter,22.83,60.0,0.0,haze,Low,4.82,15.85,HYD,2,9.64,0,haze,HYD,0,16.3,0.5,0.0,Low
35.0,4.7,Drinks,motorcycle,22.14,45.0,0.0,clear sky,High,22.28,47.23333333,INDO,4,89.12,0,clear sky,INDO,1,48.5,1.3,0.932,High
34.0,4.2,Snack,motorcycle,28.6,69.0,0.0,scattered clouds,Moderate,7.41,27.76666667,GOA,3,22.23,0,clouds,Other,0,31.0,3.2,0.0,Low
29.0,4.6,Snack,scooter,25.0,73.0,0.0,mist,Low,8.56,27.55,SUR,2,17.12,0,mist,SUR,0,25.4,2.2,0.0,Low
28.0,4.9,Meal,motorcycle,20.61,67.0,0.0,clear sky,Moderate,14.61,28.45,MYS,3,43.83,0,clear sky,MYS,0,28.3,0.1,0.0,Low
33.0,4.9,Snack,motorcycle,22.97,83.0,0.0,haze,Low,4.25,24.26666667,KOL,2,8.5,0,haze,Other,0,19.6,4.7,0.0,Low
23.0,4.5,Buffet,motorcycle,20.61,67.0,0.0,clear sky,High,10.91,33.46666667,MYS,4,43.64,0,clear sky,MYS,0,35.9,2.4,0.011,Low
39.0,4.1,Snack,motorcycle,28.48,82.0,0.36,mist,Low,8.25,25.23333333,CHEN,2,16.5,0,mist,CHEN,0,26.2,1.0,0.0,Low
39.0,4.2,Snack,scooter,23.27,73.0,0.0,haze,High,16.86,42.05,BANG,4,67.44,0,haze,BANG,0,45.9,3.9,0.397,Medium
25.0,4.7,Buffet,motorcycle,23.89,44.0,0.0,clear sky,Very Low,1.95,10.0,SUR,1,1.95,1,clear sky,SUR,0,9.5,0.5,0.0,Low
38.0,5.0,Meal,scooter,17.74,82.0,0.0,mist,Moderate,12.01,32.78333333,AURG,3,36.03,0,mist,Other,0,29.2,3.6,0.0,Low
22.0,4.8,Snack,scooter,17.16,72.0,0.0,haze,Very Low,2.16,13.3,INDO,1,2.16,1,haze,INDO,0,13.5,0.2,0.0,Low
28.0,5.0,Drinks,motorcycle,24.02,46.0,0.0,haze,High,18.91,47.16666667,JAP,4,75.64,0,haze,JAP,1,48.0,0.8,0.797,High
20.0,4.7,Meal,motorcycle,22.83,74.0,0.0,haze,Moderate,7.62,25.18333333,BANG,3,22.86,0,haze,BANG,0,25.6,0.4,0.0,Low
33.0,4.2,Buffet,motorcycle,22.04,60.0,0.0,haze,Moderate,13.48,29.5,INDO,3,40.44,0,haze,INDO,0,30.9,1.4,0.0,Low
33.0,5.0,Drinks,scooter,26.88,44.0,0.0,smoke,Low,4.64,33.6,MUM,2,9.28,0,smoke,MUM,0,30.7,2.9,0.0,Low
34.0,4.5,Meal,scooter,23.67,39.0,0.0,clear sky,High,19.9,38.11666667,LUDH,4,79.6,0,clear sky,Other,0,37.3,0.8,0.014,Low
34.0,4.6,Meal,electric scooter,24.83,88.0,0.0,mist,Moderate,9.82,26.28333333,GOA,3,29.46,0,mist,Other,0,28.1,1.8,0.0,Low
25.0,4.7,Buffet,scooter,22.98,43.0,0.0,clear sky,Moderate,12.33,30.48333333,SUR,3,36.99,0,clear sky,SUR,0,28.7,1.8,0.0,Low
27.0,4.8,Snack,scooter,23.13,73.0,0.0,haze,Very Low,2.12,13.81666667,BANG,1,2.12,1,haze,BANG,0,14.1,0.3,0.0,Low
21.0,4.4,Snack,motorcycle,28.37,81.0,0.0,mist,Very Low,2.29,17.78333333,CHEN,1,2.29,1,mist,CHEN,0,15.4,2.4,0.0,Low
21.0,4.6,Drinks,scooter,19.7,68.0,0.0,haze,Low,6.51,26.2,JAP,2,13.02,0,haze,JAP,0,27.1,0.9,0.0,Low
38.0,4.8,Drinks,motorcycle,23.23,44.0,0.0,clear sky,Moderate,15.1,33.68333333,INDO,3,45.3,0,clear sky,INDO,0,37.2,3.5,0.0,Low
36.0,4.7,Drinks,scooter,25.84,37.0,0.0,clear sky,Moderate,18.31,36.86666667,AGR,3,54.92999999999999,0,clear sky,Other,0,36.9,0.0,0.0,Low
22.0,4.8,Drinks,motorcycle,23.32,47.0,0.0,clear sky,Very High,23.93,71.7,PUNE,5,119.65,0,clear sky,PUNE,1,64.8,6.9,1.0,High
22.0,4.9,Snack,motorcycle,19.17,64.0,0.0,clear sky,Low,4.37,19.6,PUNE,2,8.74,0,clear sky,PUNE,0,18.4,1.2,0.0,Low
36.0,4.9,Meal,motorcycle,24.86,73.0,0.0,mist,Moderate,11.24,29.41666667,COIMB,3,33.72,0,mist,COIMB,0,30.0,0.6,0.0,Low
27.0,4.6,Meal,scooter,26.84,44.0,0.0,smoke,High,19.4,45.23333333,MUM,4,77.6,0,smoke,MUM,1,44.0,1.2,0.621,Medium
29.0,4.7,Buffet,motorcycle,22.27,54.0,0.0,clear sky,Moderate,6.82,23.43333333,ALH,3,20.46,0,clear sky,Other,0,25.4,2.0,0.0,Low
39.0,4.1,Drinks,motorcycle,27.77,57.0,0.0,smoke,Low,2.58,25.03333333,MUM,2,5.16,1,smoke,MUM,0,27.0,2.0,0.0,Low
25.0,4.8,Drinks,scooter,25.97,73.0,0.0,haze,Moderate,11.43,32.63333333,COIMB,3,34.29,0,haze,COIMB,0,35.5,2.9,0.0,Low
27.0,4.7,Meal,motorcycle,20.54,68.0,0.0,clear sky,High,12.35,31.76666667,MYS,4,49.4,0,clear sky,MYS,0,34.3,2.5,0.004,Low
26.0,4.8,Drinks,motorcycle,26.39,87.0,0.0,scattered clouds,Very High,21.52,66.23333333,CHEN,5,107.6,0,clouds,CHEN,1,69.6,3.4,1.0,High
27.0,4.6,Drinks,motorcycle,19.63,68.0,0.0,haze,Moderate,8.18,37.36666667,JAP,3,24.54,0,haze,JAP,0,34.4,3.0,0.0,Low
34.0,4.6,Meal,motorcycle,22.31,43.0,0.0,clear sky,Very High,27.79,52.7,INDO,5,138.95,0,clear sky,INDO,1,52.0,0.7,1.0,High
21.0,4.9,Snack,motorcycle,23.37,39.0,0.0,clear sky,Very High,43.46,54.98333333,LUDH,5,217.3,0,clear sky,Other,1,57.0,2.0,1.0,High
29.0,4.6,Meal,scooter,22.87,43.0,0.0,clear sky,High,17.58,35.48333333,SUR,4,70.32,0,clear sky,SUR,0,36.1,0.6,0.006,Low
23.0,4.5,Snack,motorcycle,19.71,47.0,0.0,clear sky,Very High,29.44,52.55,JAP,5,147.20000000000002,0,clear sky,JAP,1,58.8,6.2,1.0,High
38.0,4.3,Drinks,motorcycle,20.29,63.0,0.0,scattered clouds,High,18.86,46.28333333,RANCHI,4,75.44,0,clouds,RANCHI,1,47.6,1.3,0.796,High
20.0,5.0,Buffet,scooter,19.97,56.0,0.0,clear sky,Very High,32.81,63.56666667,KNP,5,164.05,0,clear sky,Other,1,58.0,5.6,1.0,High
26.0,4.7,Snack,motorcycle,20.22,83.0,0.0,mist,High,10.01,44.0,RANCHI,4,40.04,0,mist,RANCHI,0,40.8,3.2,0.02,Low
26.0,4.8,Snack,motorcycle,23.57,46.0,0.0,haze,High,13.52,45.2,JAP,4,54.08,0,haze,JAP,1,40.8,4.4,0.03,Low
38.0,4.4,Drinks,scooter,17.77,68.0,0.0,clear sky,High,12.24,44.51666667,RANCHI,4,48.96,0,clear sky,RANCHI,0,45.0,0.5,0.637,Medium
34.0,4.6,Snack,scooter,18.99,82.0,0.0,haze,Low,8.57,21.16666667,VAD,2,17.14,0,haze,Other,0,23.1,1.9,0.0,Low
27.0,4.6,Drinks,scooter,23.34,46.0,0.0,haze,Moderate,10.75,39.73333333,JAP,3,32.25,0,haze,JAP,0,35.8,3.9,0.0,Low
31.0,4.7,Meal,motorcycle,23.46,43.0,0.0,clear sky,Very Low,1.75,6.233333333,SUR,1,1.75,1,clear sky,SUR,0,6.8,0.6,0.0,Low
23.0,4.9,Meal,motorcycle,22.99,43.0,0.0,clear sky,Very High,25.56,56.5,KNP,5,127.8,0,clear sky,Other,1,53.4,3.1,1.0,High
21.0,2.8,Meal,electric scooter,28.56,54.0,0.0,smoke,Very High,17.65,54.48333333,MUM,5,88.25,0,smoke,MUM,1,57.8,3.3,1.0,High
38.0,4.6,Drinks,motorcycle,25.62,42.0,0.0,clear sky,High,19.1,54.73333333,KNP,4,76.4,0,clear sky,Other,1,47.4,7.3,0.556,Medium
36.0,4.2,Snack,motorcycle,12.44,77.0,0.0,clear sky,High,11.59,36.36666667,DEH,4,46.36,0,clear sky,Other,0,37.9,1.5,0.097,Low
29.0,5.0,Snack,motorcycle,25.9,73.0,0.0,haze,Low,2.99,16.11666667,COIMB,2,5.98,1,haze,COIMB,0,17.4,1.3,0.0,Low
25.0,4.9,Meal,motorcycle,20.71,68.0,0.0,clear sky,High,16.46,33.28333333,MYS,4,65.84,0,clear sky,MYS,0,35.9,2.6,0.03,Low
27.0,4.6,Buffet,scooter,25.01,73.0,0.0,mist,High,16.24,44.35,COIMB,4,64.96,0,mist,COIMB,0,40.8,3.6,0.046,Low
26.0,4.7,Drinks,scooter,26.86,44.0,0.0,smoke,Very High,27.92,73.96666667,MUM,5,139.60000000000002,0,smoke,MUM,1,72.7,1.3,1.0,High
23.0,4.8,Meal,scooter,24.02,46.0,0.0,haze,High,18.78,38.33333333,JAP,4,75.12,0,haze,JAP,0,39.7,1.4,0.055,Low
27.0,4.8,Buffet,electric scooter,10.93,79.0,0.0,clear sky,Very High,31.77,86.31666667,DEH,5,158.85,0,clear sky,Other,1,84.3,2.0,1.0,High
32.0,4.6,Snack,motorcycle,26.41,73.0,0.0,scattered clouds,Very High,28.49,69.23333333,CHEN,5,142.45,0,clouds,CHEN,1,71.4,2.2,1.0,High
25.0,4.9,Buffet,motorcycle,21.26,65.0,0.0,broken clouds,Very Low,3.48,13.3,HYD,1,3.48,0,clouds,HYD,0,13.1,0.2,0.0,Low
38.0,4.9,Drinks,motorcycle,22.19,60.0,0.0,haze,High,16.74,44.91666667,INDO,4,66.96,0,haze,INDO,0,46.1,1.2,0.825,High
24.0,4.8,Snack,motorcycle,20.58,68.0,0.0,clear sky,High,25.06,44.2,MYS,4,100.24,0,clear sky,MYS,0,42.3,1.9,0.197,Low
35.0,4.0,Buffet,motorcycle,25.26,73.0,0.0,mist,High,29.81,45.63333333,COIMB,4,119.24,0,mist,COIMB,1,48.1,2.5,0.972,High
22.0,4.8,Buffet,scooter,19.23,93.0,0.0,mist,Moderate,11.71,34.45,BANG,3,35.13,0,mist,BANG,0,33.2,1.2,0.0,Low
30.0,4.8,Meal,motorcycle,26.01,73.0,0.0,haze,High,19.24,46.2,COIMB,4,76.96,0,haze,COIMB,1,39.5,6.7,0.067,Low
33.0,4.8,Meal,motorcycle,23.96,28.0,0.0,clear sky,High,14.89,31.31666667,JAP,4,59.56,0,clear sky,JAP,0,37.6,6.3,0.093,Low
29.0,4.6,Meal,motorcycle,25.97,73.0,0.0,haze,High,15.72,36.91666667,COIMB,4,62.88,0,haze,COIMB,0,36.1,0.8,0.008,Low
30.0,4.7,Snack,motorcycle,19.63,68.0,0.0,haze,Moderate,7.52,32.36666667,JAP,3,22.56,0,haze,JAP,0,29.2,3.2,0.0,Low
26.0,4.8,Buffet,scooter,23.79,29.0,0.0,clear sky,Very High,31.02,68.33333333,JAP,5,155.1,0,clear sky,JAP,1,63.1,5.2,1.0,High
34.0,5.0,Drinks,motorcycle,21.4,64.0,0.0,broken clouds,Moderate,10.22,32.58333333,HYD,3,30.660000000000004,0,clouds,HYD,0,35.4,2.8,0.0,Low
37.0,4.6,Drinks,scooter,28.01,57.0,0.0,smoke,High,18.09,56.58333333,MUM,4,72.36,0,smoke,MUM,1,52.3,4.3,0.996,High
39.0,4.6,Buffet,scooter,24.93,42.0,0.0,clear sky,High,16.73,35.93333333,SUR,4,66.92,0,clear sky,SUR,0,38.0,2.1,0.019,Low
27.0,4.9,Drinks,motorcycle,22.87,42.0,0.0,clear sky,Moderate,13.32,36.1,SUR,3,39.96,0,clear sky,SUR,0,37.1,1.0,0.0,Low
22.0,4.6,Meal,electric scooter,28.27,82.0,0.0,overcast clouds,High,16.35,47.73333333,CHEN,4,65.4,0,clouds,CHEN,1,39.7,8.0,0.026,Low
32.0,4.5,Buffet,motorcycle,17.67,68.0,0.0,clear sky,Low,12.24,17.81666667,RANCHI,2,24.48,0,clear sky,RANCHI,0,22.6,4.8,0.0,Low
35.0,4.2,Drinks,motorcycle,23.1,49.0,0.0,clear sky,Very Low,2.3,18.71666667,PUNE,1,2.3,1,clear sky,PUNE,0,18.3,0.4,0.0,Low
36.0,4.1,Buffet,motorcycle,18.87,57.0,0.0,clear sky,Moderate,9.57,23.73333333,LUDH,3,28.71,0,clear sky,Other,0,26.1,2.4,0.0,Low
20.0,4.7,Buffet,motorcycle,22.77,73.0,0.0,haze,Very High,24.77,61.08333333,BANG,5,123.85,0,haze,BANG,1,57.5,3.6,1.0,High
20.0,4.9,Meal,motorcycle,22.17,60.0,0.0,haze,Low,5.86,21.63333333,INDO,2,11.72,0,haze,INDO,0,18.1,3.5,0.0,Low
27.0,4.5,Meal,motorcycle,26.4,92.0,0.0,scattered clouds,Very High,27.57,82.16666667,CHEN,5,137.85,0,clouds,CHEN,1,78.0,4.2,1.0,High
38.0,4.6,Buffet,scooter,22.91,46.0,0.0,haze,High,16.93,44.01666667,JAP,4,67.72,0,haze,JAP,0,41.3,2.7,0.126,Low
25.0,4.6,Snack,motorcycle,21.15,67.0,0.0,broken clouds,High,11.89,36.53333333,HYD,4,47.56,0,clouds,HYD,0,39.7,3.2,0.021,Low
29.0,4.7,Snack,scooter,23.01,83.0,0.0,haze,High,17.39,40.95,KOL,4,69.56,0,haze,Other,0,42.9,1.9,0.574,Medium
37.0,4.5,Buffet,scooter,21.38,64.0,0.0,broken clouds,Moderate,11.48,30.8,HYD,3,34.44,0,clouds,HYD,0,30.1,0.7,0.0,Low
33.0,4.8,Buffet,scooter,21.96,60.0,0.0,haze,Low,2.31,14.98333333,INDO,2,4.62,1,haze,INDO,0,15.6,0.6,0.0,Low
38.0,4.8,Drinks,scooter,28.53,81.0,0.0,mist,Very Low,2.61,21.21666667,CHEN,1,2.61,1,mist,CHEN,0,20.6,0.6,0.0,Low
24.0,4.5,Buffet,motorcycle,24.95,73.0,0.0,mist,Very Low,2.22,12.4,SUR,1,2.22,1,mist,SUR,0,13.0,0.6,0.0,Low
37.0,4.6,Meal,scooter,19.9,68.0,0.0,haze,Moderate,14.14,30.1,JAP,3,42.42,0,haze,JAP,0,29.6,0.5,0.0,Low
26.0,4.4,Buffet,motorcycle,22.88,42.0,0.0,clear sky,Very Low,5.03,12.6,VAD,1,5.03,0,clear sky,Other,0,11.5,1.1,0.0,Low
20.0,4.8,Drinks,scooter,18.96,68.0,0.0,haze,Moderate,10.08,33.48333333,JAP,3,30.24,0,haze,JAP,0,34.8,1.3,0.0,Low
30.0,4.2,Meal,motorcycle,19.95,46.0,0.0,clear sky,High,20.53,41.91666667,JAP,4,82.12,0,clear sky,JAP,0,42.0,0.1,0.064,Low
21.0,4.7,Drinks,scooter,24.94,43.0,0.0,clear sky,High,14.52,40.3,SUR,4,58.08,0,clear sky,SUR,0,42.7,2.4,0.032,Low
29.0,4.9,Buffet,scooter,19.22,65.0,0.0,clear sky,High,15.14,42.96666667,PUNE,4,60.56,0,clear sky,PUNE,0,39.5,3.5,0.042,Low
21.0,5.0,Snack,motorcycle,18.26,81.0,0.0,scattered clouds,Moderate,12.79,27.86666667,MYS,3,38.37,0,clouds,MYS,0,31.4,3.5,0.0,Low
35.0,4.5,Drinks,motorcycle,19.22,65.0,0.0,clear sky,High,17.64,51.03333333,PUNE,4,70.56,0,clear sky,PUNE,1,49.3,1.7,0.914,High
30.0,4.9,Drinks,scooter,21.2,65.0,0.0,broken clouds,Moderate,11.31,38.75,HYD,3,33.93,0,clouds,HYD,0,36.4,2.4,0.0,Low
29.0,4.8,Meal,motorcycle,23.92,64.0,0.0,haze,High,24.07,40.85,VAD,4,96.28,0,haze,Other,0,39.5,1.4,0.046,Low
32.0,4.7,Drinks,motorcycle,22.55,41.0,0.0,clear sky,Moderate,19.96,38.46666667,BHP,3,59.88,0,clear sky,Other,0,38.1,0.4,0.0,Low
34.0,4.2,Meal,motorcycle,22.97,43.0,0.0,clear sky,Moderate,13.57,27.33333333,SUR,3,40.71,0,clear sky,SUR,0,28.0,0.7,0.0,Low
22.0,4.9,Drinks,scooter,27.99,57.0,0.0,smoke,Moderate,12.48,39.78333333,MUM,3,37.44,0,smoke,MUM,0,41.6,1.8,0.0,Low
36.0,5.0,Snack,motorcycle,18.3,81.0,0.0,broken clouds,High,18.17,50.53333333,MYS,4,72.68,0,clouds,MYS,1,41.3,9.2,0.075,Low
30.0,4.6,Meal,motorcycle,28.33,81.0,0.0,mist,Low,7.31,20.73333333,CHEN,2,14.62,0,mist,CHEN,0,20.3,0.4,0.0,Low
38.0,4.3,Buffet,scooter,19.66,46.0,0.0,clear sky,Very High,28.3,49.83333333,JAP,5,141.5,0,clear sky,JAP,1,53.0,3.2,1.0,High
28.0,4.6,Snack,scooter,23.61,44.0,0.0,clear sky,Very Low,2.61,12.15,SUR,1,2.61,1,clear sky,SUR,0,12.1,0.1,0.0,Low
30.0,4.4,Buffet,electric scooter,22.79,43.0,0.0,clear sky,High,20.21,42.15,SUR,4,80.84,0,clear sky,SUR,0,42.3,0.1,0.145,Low
28.0,4.7,Meal,motorcycle,28.5,81.0,0.0,mist,Moderate,12.33,30.86666667,CHEN,3,36.99,0,mist,CHEN,0,30.2,0.7,0.0,Low
37.0,4.6,Meal,electric scooter,17.31,53.0,0.0,clear sky,Very High,29.59,47.9,INDO,5,147.95,0,clear sky,INDO,1,51.9,4.0,1.0,High
29.0,5.0,Drinks,scooter,23.92,88.0,0.0,mist,Very Low,2.89,21.7,KOC,1,2.89,1,mist,Other,0,21.3,0.4,0.0,Low
38.0,4.7,Buffet,scooter,17.08,72.0,0.0,haze,Low,6.16,22.25,INDO,2,12.32,0,haze,INDO,0,20.4,1.9,0.0,Low
27.0,4.2,Buffet,motorcycle,26.63,47.0,0.0,clear sky,Very High,22.94,55.65,MUM,5,114.7,0,clear sky,MUM,1,60.4,4.8,1.0,High
27.0,5.0,Meal,scooter,17.44,76.0,0.0,clear sky,Very Low,2.04,9.25,DEH,1,2.04,1,clear sky,Other,0,8.3,0.9,0.0,Low
32.0,4.8,Drinks,motorcycle,19.54,92.0,0.0,mist,Very Low,2.42,22.43333333,BANG,1,2.42,1,mist,BANG,0,20.5,1.9,0.0,Low
34.0,4.5,Meal,motorcycle,27.86,57.0,0.0,smoke,Very High,27.92,61.6,MUM,5,139.60000000000002,0,smoke,MUM,1,60.7,0.9,1.0,High
24.0,4.6,Snack,motorcycle,24.82,73.0,0.0,mist,Moderate,9.62,34.08333333,COIMB,3,28.86,0,mist,COIMB,0,31.9,2.2,0.0,Low
38.0,4.6,Buffet,motorcycle,20.14,83.0,0.0,mist,Moderate,15.26,35.76666667,RANCHI,3,45.78,0,mist,RANCHI,0,33.4,2.4,0.0,Low
23.0,4.8,Snack,motorcycle,22.13,43.0,0.0,clear sky,Moderate,9.0,27.01666667,BHP,3,27.0,0,clear sky,Other,0,28.6,1.6,0.0,Low
31.0,4.5,Buffet,scooter,19.6,92.0,0.0,mist,Very High,17.49,52.36666667,BANG,5,87.44999999999999,0,mist,BANG,1,54.9,2.5,1.0,High
25.0,4.7,Meal,motorcycle,26.18,73.0,0.0,haze,High,23.43,39.8,COIMB,4,93.72,0,haze,COIMB,0,44.4,4.6,0.146,Low
27.0,4.8,Buffet,motorcycle,22.35,43.0,0.0,clear sky,High,24.05,39.3,VAD,4,96.2,0,clear sky,Other,0,41.3,2.0,0.057,Low
37.0,4.1,Meal,motorcycle,25.93,73.0,0.0,haze,Very Low,2.07,6.75,COIMB,1,2.07,1,haze,COIMB,0,9.5,2.8,0.0,Low
34.0,4.0,Snack,motorcycle,25.73,44.0,0.0,smoke,Very High,30.57,74.86666667,MUM,5,152.85,0,smoke,MUM,1,75.0,0.1,1.0,High
29.0,5.0,Snack,scooter,23.97,64.0,0.0,haze,Moderate,18.12,35.05,VAD,3,54.36,0,haze,Other,0,33.5,1.5,0.0,Low
33.0,4.7,Buffet,scooter,22.29,43.0,0.0,clear sky,High,26.6,47.61666667,INDO,4,106.4,0,clear sky,INDO,1,45.4,2.2,0.956,High
27.0,5.0,Buffet,scooter,21.25,65.0,0.0,broken clouds,High,16.05,41.36666667,HYD,4,64.2,0,clouds,HYD,0,41.7,0.3,0.214,Low
23.0,4.7,Buffet,motorcycle,22.81,60.0,0.0,haze,Very High,19.99,51.23333333,HYD,5,99.95,0,haze,HYD,1,53.5,2.3,1.0,High
29.0,4.6,Drinks,scooter,21.79,54.0,0.0,clear sky,High,14.27,43.08333333,KNP,4,57.08,0,clear sky,Other,0,45.0,1.9,0.327,Medium
37.0,4.6,Snack,motorcycle,25.14,73.0,0.0,mist,Very High,27.2,53.81666667,COIMB,5,136.0,0,mist,COIMB,1,57.2,3.4,1.0,High
29.0,4.9,Snack,scooter,28.38,81.0,0.0,mist,Moderate,9.03,33.21666667,CHEN,3,27.09,0,mist,CHEN,0,32.0,1.2,0.0,Low
36.0,4.3,Snack,motorcycle,21.21,78.0,0.0,mist,High,17.3,44.11666667,RANCHI,4,69.2,0,mist,RANCHI,0,44.0,0.1,0.156,Low
27.0,4.6,Drinks,scooter,23.46,43.0,0.0,clear sky,Very Low,2.23,15.35,SUR,1,2.23,1,clear sky,SUR,0,16.8,1.5,0.0,Low
39.0,4.0,Meal,motorcycle,20.2,83.0,0.0,mist,High,11.38,38.6,RANCHI,4,45.52,0,mist,RANCHI,0,36.8,1.8,0.002,Low
38.0,4.9,Drinks,motorcycle,18.11,81.0,0.0,broken clouds,Low,7.04,25.71666667,MYS,2,14.08,0,clouds,MYS,0,28.5,2.8,0.0,Low
38.0,4.8,Buffet,scooter,21.18,46.0,0.0,clear sky,Very High,29.43,60.48333333,BHP,5,147.15,0,clear sky,Other,1,56.4,4.1,1.0,High
23.0,4.7,Buffet,motorcycle,17.15,72.0,0.0,haze,High,16.74,37.63333333,INDO,4,66.96,0,haze,INDO,0,38.8,1.2,0.027,Low
20.0,4.9,Buffet,motorcycle,26.37,88.0,0.0,mist,Low,11.34,25.3,CHEN,2,22.68,0,mist,CHEN,0,25.8,0.5,0.0,Low
34.0,4.2,Snack,motorcycle,18.3,81.0,0.0,broken clouds,High,13.89,45.15,MYS,4,55.56,0,clouds,MYS,1,39.9,5.2,0.038,Low
37.0,5.0,Meal,motorcycle,22.46,42.0,0.0,clear sky,Moderate,7.69,27.95,BHP,3,23.07,0,clear sky,Other,0,23.4,4.6,0.0,Low
22.0,4.6,Buffet,motorcycle,18.1,81.0,0.0,broken clouds,Low,7.95,20.71666667,MYS,2,15.9,0,clouds,MYS,0,22.7,2.0,0.0,Low
29.0,4.6,Buffet,scooter,26.92,44.0,0.0,smoke,High,9.93,38.61666667,MUM,4,39.72,0,smoke,MUM,0,43.3,4.7,0.078,Low
20.0,4.7,Meal,scooter,19.48,46.0,0.0,clear sky,Very High,25.07,52.43333333,JAP,5,125.35,0,clear sky,JAP,1,56.4,4.0,1.0,High
34.0,4.8,Drinks,scooter,19.08,65.0,0.0,clear sky,High,12.64,41.55,PUNE,4,50.56,0,clear sky,PUNE,0,43.9,2.4,0.35,Medium
20.0,4.1,Buffet,motorcycle,21.53,65.0,0.0,broken clouds,Low,5.97,22.15,HYD,2,11.94,0,clouds,HYD,0,20.4,1.8,0.0,Low
21.0,4.8,Meal,scooter,24.45,88.0,0.0,mist,Moderate,10.54,25.1,GOA,3,31.62,0,mist,Other,0,28.9,3.8,0.0,Low
33.0,4.7,Buffet,electric scooter,19.4,92.0,0.0,mist,Moderate,8.64,35.2,BANG,3,25.92,0,mist,BANG,0,30.6,4.6,0.0,Low
20.0,4.8,Snack,scooter,22.96,60.0,0.0,haze,Moderate,10.64,33.76666667,HYD,3,31.92,0,haze,HYD,0,30.9,2.9,0.0,Low
24.0,4.8,Drinks,electric scooter,25.97,73.0,0.0,haze,Very Low,2.76,20.18333333,COIMB,1,2.76,1,haze,COIMB,0,19.0,1.2,0.0,Low
25.0,4.6,Buffet,motorcycle,17.79,68.0,0.0,clear sky,High,11.5,41.18333333,RANCHI,4,46.0,0,clear sky,RANCHI,0,37.7,3.5,0.007,Low
31.0,4.8,Buffet,scooter,21.01,64.0,0.0,broken clouds,Very High,27.48,58.4,HYD,5,137.4,0,clouds,HYD,1,62.3,3.9,1.0,High
37.0,4.1,Drinks,electric scooter,18.3,82.0,0.0,broken clouds,High,22.4,52.95,MYS,4,89.6,0,clouds,MYS,1,46.6,6.4,0.884,High
21.0,4.6,Meal,scooter,23.87,88.0,0.0,mist,High,16.03,36.68333333,KOC,4,64.12,0,mist,Other,0,39.7,3.0,0.043,Low
26.0,4.8,Drinks,motorcycle,24.01,38.0,0.0,clear sky,Very Low,2.26,15.86666667,LUDH,1,2.26,1,clear sky,Other,0,17.1,1.2,0.0,Low
36.0,4.9,Meal,motorcycle,25.02,73.0,0.0,mist,Low,3.46,15.7,SUR,2,6.92,0,mist,SUR,0,16.0,0.3,0.0,Low
38.0,4.7,Snack,electric scooter,24.86,73.0,0.0,mist,Low,7.02,27.83333333,COIMB,2,14.04,0,mist,COIMB,0,24.6,3.2,0.0,Low
23.0,4.8,Drinks,scooter,23.0,83.0,0.0,haze,Moderate,7.29,33.53333333,KOL,3,21.87,0,haze,Other,0,34.1,0.6,0.0,Low
21.0,4.9,Snack,scooter,23.99,64.0,0.0,haze,Moderate,13.87,33.35,VAD,3,41.61,0,haze,Other,0,32.7,0.6,0.0,Low
31.0,4.0,Meal,motorcycle,18.38,81.0,0.0,broken clouds,Moderate,10.65,30.7,MYS,3,31.950000000000003,0,clouds,MYS,0,27.8,2.9,0.0,Low
32.0,4.9,Drinks,motorcycle,25.95,65.0,0.0,haze,Moderate,13.76,40.28333333,COIMB,3,41.28,0,haze,COIMB,0,37.6,2.7,0.0,Low
35.0,4.7,Meal,motorcycle,28.01,57.0,0.0,smoke,High,16.9,39.78333333,MUM,4,67.6,0,smoke,MUM,0,43.0,3.2,0.456,Medium
35.0,4.7,Snack,motorcycle,25.4,38.0,0.0,clear sky,Very High,30.7,54.56666667,AGR,5,153.5,0,clear sky,Other,1,56.4,1.8,1.0,High
36.0,4.2,Buffet,scooter,20.51,68.0,0.0,clear sky,High,13.86,41.6,MYS,4,55.44,0,clear sky,MYS,0,36.7,4.9,0.016,Low
24.0,4.7,Drinks,motorcycle,26.5,87.0,0.0,mist,High,18.56,55.73333333,CHEN,4,74.24,0,mist,CHEN,1,50.2,5.5,0.962,High
35.0,4.9,Drinks,scooter,20.98,60.0,0.0,haze,Very High,25.32,72.45,AURG,5,126.6,0,haze,Other,1,64.3,8.2,1.0,High
20.0,5.0,Meal,scooter,22.3,54.0,0.0,clear sky,High,13.97,31.71666667,ALH,4,55.88,0,clear sky,Other,0,36.0,4.3,0.003,Low
38.0,3.7,Meal,motorcycle,18.91,64.0,0.0,clear sky,Very High,20.33,61.16666667,PUNE,5,101.65,0,clear sky,PUNE,1,53.5,7.7,1.0,High
26.0,4.9,Buffet,motorcycle,17.75,68.0,0.0,clear sky,Moderate,16.28,30.28333333,RANCHI,3,48.84,0,clear sky,RANCHI,0,30.7,0.4,0.0,Low
21.0,4.8,Drinks,motorcycle,28.99,70.0,0.0,scattered clouds,High,13.39,44.45,GOA,4,53.56,0,clouds,Other,0,47.3,2.8,0.985,High
29.0,4.6,Meal,electric scooter,22.9,43.0,0.0,clear sky,Moderate,12.01,28.45,SUR,3,36.03,0,clear sky,SUR,0,26.5,1.9,0.0,Low
30.0,4.5,Drinks,scooter,23.29,27.0,0.0,clear sky,High,12.04,46.8,JAP,4,48.16,0,clear sky,JAP,1,43.9,2.9,0.041,Low
20.0,4.6,Drinks,motorcycle,17.14,72.0,0.0,haze,Moderate,11.75,36.61666667,INDO,3,35.25,0,haze,INDO,0,36.3,0.3,0.0,Low
26.0,4.9,Drinks,scooter,20.71,68.0,0.0,clear sky,Moderate,13.03,32.98333333,MYS,3,39.09,0,clear sky,MYS,0,34.7,1.7,0.0,Low
27.0,4.5,Buffet,motorcycle,22.23,53.0,0.0,clear sky,Very Low,1.89,9.3,ALH,1,1.89,1,clear sky,Other,0,10.0,0.7,0.0,Low
28.0,4.7,Meal,electric scooter,22.88,43.0,0.0,clear sky,High,22.71,42.31666667,SUR,4,90.84,0,clear sky,SUR,0,41.8,0.5,0.079,Low
32.0,4.8,Buffet,motorcycle,10.83,77.0,0.0,clear sky,Very High,27.89,84.85,DEH,5,139.45,0,clear sky,Other,1,74.3,10.5,1.0,High
26.0,4.9,Snack,scooter,25.02,44.0,0.0,clear sky,High,23.59,47.71666667,ALH,4,94.36,0,clear sky,Other,1,43.7,4.0,0.449,Medium
37.0,4.7,Snack,motorcycle,27.98,57.0,0.0,smoke,Moderate,6.5,34.31666667,MUM,3,19.5,0,smoke,MUM,0,33.7,0.6,0.0,Low
39.0,4.6,Meal,motorcycle,24.94,73.0,0.0,mist,Moderate,13.88,33.7,COIMB,3,41.64,0,mist,COIMB,0,30.8,2.9,0.0,Low
30.0,4.6,Snack,motorcycle,24.95,73.0,0.0,mist,Moderate,9.49,30.86666667,SUR,3,28.47,0,mist,SUR,0,31.4,0.5,0.0,Low
28.0,4.9,Meal,electric scooter,23.08,60.0,0.0,haze,Moderate,8.6,23.83333333,INDO,3,25.8,0,haze,INDO,0,25.2,1.4,0.0,Low
39.0,4.8,Snack,motorcycle,22.54,50.0,0.0,clear sky,Low,7.86,22.03333333,PUNE,2,15.72,0,clear sky,PUNE,0,23.6,1.6,0.0,Low
31.0,4.2,Buffet,electric scooter,23.99,64.0,0.0,haze,Moderate,13.04,27.53333333,VAD,3,39.12,0,haze,Other,0,29.7,2.2,0.0,Low
37.0,5.0,Buffet,motorcycle,22.99,83.0,0.0,haze,Moderate,8.32,27.83333333,KOL,3,24.96,0,haze,Other,0,26.8,1.0,0.0,Low
29.0,4.6,Meal,motorcycle,17.88,67.0,0.0,clear sky,High,19.08,37.21666667,RANCHI,4,76.32,0,clear sky,RANCHI,0,37.7,0.5,0.011,Low
31.0,4.9,Drinks,motorcycle,22.93,42.0,0.0,clear sky,Low,5.29,20.51666667,VAD,2,10.58,0,clear sky,Other,0,22.3,1.8,0.0,Low
26.0,4.5,Drinks,scooter,21.33,66.0,0.0,broken clouds,Moderate,12.79,38.33333333,HYD,3,38.37,0,clouds,HYD,0,37.4,0.9,0.0,Low
34.0,3.8,Buffet,scooter,20.22,62.0,0.0,scattered clouds,Very High,25.76,58.51666667,RANCHI,5,128.8,0,clouds,RANCHI,1,57.9,0.6,1.0,High
37.0,4.8,Snack,motorcycle,24.01,92.0,0.0,broken clouds,Very High,30.57,69.35,KOC,5,152.85,0,clouds,Other,1,61.2,8.1,1.0,High
21.0,4.8,Buffet,motorcycle,19.9,68.0,0.0,haze,Moderate,11.23,26.4,JAP,3,33.69,0,haze,JAP,0,29.3,2.9,0.0,Low
27.0,4.6,Snack,motorcycle,28.36,54.0,0.0,smoke,Very High,30.61,84.21666667,MUM,5,153.05,0,smoke,MUM,1,77.3,6.9,1.0,High
23.0,4.5,Meal,motorcycle,20.52,67.0,0.0,clear sky,Very Low,2.2,8.233333333,MYS,1,2.2,1,clear sky,MYS,0,8.6,0.4,0.0,Low
30.0,4.5,Buffet,scooter,17.14,72.0,0.0,haze,Moderate,11.78,30.13333333,INDO,3,35.34,0,haze,INDO,0,29.7,0.4,0.0,Low
30.0,4.8,Snack,scooter,26.99,44.0,0.0,smoke,Moderate,8.82,37.63333333,MUM,3,26.46,0,smoke,MUM,0,36.8,0.8,0.0,Low
33.0,4.8,Meal,motorcycle,22.61,60.0,0.0,haze,Moderate,7.93,23.45,HYD,3,23.79,0,haze,HYD,0,25.4,1.9,0.0,Low
37.0,4.3,Snack,motorcycle,23.78,57.0,0.0,haze,High,18.23,45.76666667,HYD,4,72.92,0,haze,HYD,1,45.0,0.8,0.407,Medium
36.0,5.0,Drinks,motorcycle,28.4,82.0,0.0,overcast clouds,Very High,29.9,84.35,CHEN,5,149.5,0,clouds,CHEN,1,74.0,10.3,1.0,High
36.0,4.7,Drinks,motorcycle,23.64,46.0,0.0,haze,Low,4.13,23.06666667,JAP,2,8.26,0,haze,JAP,0,23.9,0.8,0.0,Low
20.0,5.0,Drinks,motorcycle,23.42,73.0,0.0,haze,Moderate,6.2,34.85,BANG,3,18.6,0,haze,BANG,0,35.0,0.1,0.0,Low
31.0,4.9,Meal,motorcycle,17.11,72.0,0.0,haze,Low,4.18,13.15,INDO,2,8.36,0,haze,INDO,0,15.9,2.8,0.0,Low
22.0,4.6,Drinks,motorcycle,23.72,28.0,0.0,clear sky,High,17.09,45.21666667,JAP,4,68.36,0,clear sky,JAP,1,48.2,3.0,0.892,High
29.0,4.6,Drinks,scooter,22.23,44.0,0.0,clear sky,Moderate,17.06,39.9,INDO,3,51.17999999999999,0,clear sky,INDO,0,37.5,2.4,0.0,Low
21.0,4.9,Drinks,scooter,21.22,64.0,0.0,broken clouds,High,16.84,45.08333333,HYD,4,67.36,0,clouds,HYD,1,49.5,4.4,0.936,High
27.0,4.7,Drinks,electric scooter,28.27,82.0,0.0,overcast clouds,High,21.29,52.93333333,CHEN,4,85.16,0,clouds,CHEN,1,51.5,1.4,0.982,High
35.0,4.8,Meal,scooter,17.84,68.0,0.0,clear sky,High,11.46,41.81666667,RANCHI,4,45.84,0,clear sky,RANCHI,0,35.7,6.1,0.005,Low
22.0,4.9,Buffet,scooter,21.17,67.0,0.0,broken clouds,Very High,17.33,49.86666667,HYD,5,86.64999999999999,0,clouds,HYD,1,52.8,2.9,1.0,High
33.0,4.4,Snack,scooter,19.45,93.0,0.0,mist,Very High,26.52,54.06666667,BANG,5,132.6,0,mist,BANG,1,61.0,6.9,1.0,High
37.0,4.9,Meal,scooter,28.28,81.0,0.0,mist,Low,4.99,19.41666667,CHEN,2,9.98,0,mist,CHEN,0,17.9,1.5,0.0,Low
21.0,4.7,Meal,motorcycle,23.62,46.0,0.0,haze,Low,3.77,12.31666667,JAP,2,7.54,0,haze,JAP,0,14.1,1.8,0.0,Low
23.0,4.5,Drinks,motorcycle,22.47,73.0,0.0,haze,High,16.42,45.93333333,BANG,4,65.68,0,haze,BANG,1,48.5,2.6,0.799,High
25.0,4.6,Snack,motorcycle,17.08,72.0,0.0,haze,Low,5.67,21.23333333,INDO,2,11.34,0,haze,INDO,0,20.0,1.2,0.0,Low
32.0,4.0,Snack,motorcycle,19.56,93.0,0.0,mist,Very High,17.99,58.43333333,BANG,5,89.94999999999999,0,mist,BANG,1,57.6,0.8,1.0,High
24.0,4.3,Snack,motorcycle,18.29,81.0,0.0,scattered clouds,Moderate,14.88,30.3,MYS,3,44.64,0,clouds,MYS,0,32.3,2.0,0.0,Low
35.0,4.8,Buffet,motorcycle,21.91,43.0,0.0,clear sky,Very High,21.2,56.61666667,BHP,5,106.0,0,clear sky,Other,1,51.3,5.3,1.0,High
28.0,4.7,Meal,motorcycle,29.01,54.0,0.0,smoke,Moderate,14.28,34.45,MUM,3,42.84,0,smoke,MUM,0,32.9,1.6,0.0,Low
27.0,4.4,Snack,motorcycle,27.99,57.0,0.0,smoke,Low,6.37,26.75,MUM,2,12.74,0,smoke,MUM,0,26.9,0.1,0.0,Low
26.0,4.3,Buffet,motorcycle,24.66,59.0,0.0,scattered clouds,Moderate,12.29,34.78333333,GOA,3,36.87,0,clouds,Other,0,30.2,4.6,0.0,Low
24.0,4.8,Snack,scooter,28.29,54.0,0.0,smoke,Low,4.36,23.45,MUM,2,8.72,0,smoke,MUM,0,25.7,2.2,0.0,Low
29.0,4.6,Meal,motorcycle,26.53,87.0,0.0,mist,Moderate,8.99,29.36666667,CHEN,3,26.97,0,mist,CHEN,0,28.1,1.3,0.0,Low
22.0,4.6,Drinks,motorcycle,25.06,73.0,0.0,mist,Moderate,13.92,40.1,COIMB,3,41.76,0,mist,COIMB,0,39.6,0.5,0.0,Low
27.0,4.6,Snack,motorcycle,26.53,87.0,0.0,mist,Moderate,9.73,37.7,CHEN,3,29.19,0,mist,CHEN,0,32.7,5.0,0.0,Low
25.0,5.0,Snack,motorcycle,21.32,64.0,0.0,broken clouds,Very Low,2.13,12.2,HYD,1,2.13,1,clouds,HYD,0,13.4,1.2,0.0,Low
29.0,4.4,Buffet,motorcycle,19.33,65.0,0.0,clear sky,Moderate,9.63,29.45,PUNE,3,28.89,0,clear sky,PUNE,0,27.2,2.2,0.0,Low
25.0,4.7,Drinks,motorcycle,17.08,72.0,0.0,haze,Low,6.17,28.28333333,INDO,2,12.34,0,haze,INDO,0,27.2,1.1,0.0,Low
33.0,4.6,Buffet,scooter,18.4,82.0,0.0,broken clouds,Moderate,17.75,30.41666667,MYS,3,53.25,0,clouds,MYS,0,30.9,0.5,0.0,Low
28.0,4.8,Snack,motorcycle,26.42,88.0,0.0,mist,Moderate,6.03,30.96666667,CHEN,3,18.09,0,mist,CHEN,0,31.5,0.5,0.0,Low
29.0,4.5,Meal,scooter,23.68,46.0,0.0,haze,Very Low,2.06,7.766666667,JAP,1,2.06,1,haze,JAP,0,9.1,1.3,0.0,Low
26.0,4.8,Buffet,scooter,20.54,67.0,0.0,clear sky,Low,4.91,17.06666667,MYS,2,9.82,0,clear sky,MYS,0,16.5,0.6,0.0,Low
22.0,4.6,Snack,scooter,25.89,73.0,0.0,haze,Moderate,7.96,29.03333333,COIMB,3,23.88,0,haze,COIMB,0,29.4,0.4,0.0,Low
35.0,4.8,Buffet,motorcycle,19.58,93.0,0.0,mist,High,18.67,46.45,BANG,4,74.68,0,mist,BANG,1,42.4,4.1,0.798,High
26.0,4.8,Buffet,motorcycle,23.9,28.0,0.0,clear sky,High,18.36,35.9,JAP,4,73.44,0,clear sky,JAP,0,41.7,5.8,0.362,Medium
25.0,4.8,Meal,scooter,21.51,60.0,0.0,haze,High,14.24,41.56666667,AURG,4,56.96,0,haze,Other,0,37.5,4.1,0.069,Low
31.0,4.8,Meal,motorcycle,26.99,44.0,0.0,smoke,Moderate,8.82,33.8,MUM,3,26.46,0,smoke,MUM,0,32.1,1.7,0.0,Low
35.0,4.9,Snack,motorcycle,27.0,89.0,0.0,mist,High,16.03,43.55,KOC,4,64.12,0,mist,Other,0,42.5,1.0,0.218,Low
23.0,4.6,Buffet,motorcycle,27.26,57.0,0.0,smoke,Very High,18.25,60.65,MUM,5,91.25,0,smoke,MUM,1,60.5,0.1,1.0,High
36.0,4.6,Meal,electric scooter,23.61,44.0,0.0,clear sky,Very Low,5.52,10.86666667,SUR,1,5.52,0,clear sky,SUR,0,10.1,0.8,0.0,Low
36.0,4.1,Snack,motorcycle,23.63,46.0,0.0,haze,Low,6.11,25.96666667,JAP,2,12.22,0,haze,JAP,0,21.8,4.2,0.0,Low
24.0,5.0,Buffet,motorcycle,24.01,64.0,0.0,haze,Moderate,11.75,26.5,VAD,3,35.25,0,haze,Other,0,29.3,2.8,0.0,Low
33.0,5.0,Drinks,scooter,19.66,91.0,0.0,mist,Moderate,8.96,37.6,BANG,3,26.880000000000003,0,mist,BANG,0,36.7,0.9,0.0,Low
30.0,5.0,Buffet,motorcycle,26.9,44.0,0.0,smoke,Moderate,9.08,35.31666667,MUM,3,27.24,0,smoke,MUM,0,34.3,1.0,0.0,Low
32.0,4.7,Meal,scooter,25.87,73.0,0.0,haze,Very Low,2.29,8.466666667,COIMB,1,2.29,1,haze,COIMB,0,10.5,2.0,0.0,Low
36.0,4.9,Snack,scooter,16.2,94.0,0.0,mist,Moderate,9.38,30.68333333,RANCHI,3,28.14,0,mist,RANCHI,0,33.1,2.4,0.0,Low
36.0,4.6,Snack,motorcycle,18.29,77.0,0.0,scattered clouds,Moderate,13.53,28.76666667,MYS,3,40.59,0,clouds,MYS,0,31.3,2.5,0.0,Low
37.0,4.8,Buffet,motorcycle,23.9,28.0,0.0,clear sky,High,18.19,45.35,JAP,4,72.76,0,clear sky,JAP,1,41.5,3.9,0.364,Medium
31.0,4.5,Buffet,motorcycle,8.97,81.0,0.0,clear sky,Very High,33.83,87.16666667,DEH,5,169.14999999999998,0,clear sky,Other,1,82.5,4.7,1.0,High
20.0,4.1,Buffet,motorcycle,23.95,64.0,0.0,haze,Moderate,18.18,32.83333333,VAD,3,54.54,0,haze,Other,0,31.7,1.1,0.0,Low
30.0,4.6,Drinks,scooter,22.13,43.0,0.0,clear sky,Moderate,9.05,35.1,BHP,3,27.15,0,clear sky,Other,0,34.0,1.1,0.0,Low
35.0,4.6,Meal,motorcycle,18.25,58.0,0.0,clear sky,Very High,22.56,46.36666667,BHP,5,112.8,0,clear sky,Other,1,51.5,5.1,1.0,High
23.0,4.6,Snack,motorcycle,17.11,77.0,0.0,haze,Low,4.53,21.75,INDO,2,9.06,0,haze,INDO,0,19.7,2.1,0.0,Low
20.0,4.7,Snack,motorcycle,23.03,48.0,0.0,clear sky,Moderate,14.37,34.15,PUNE,3,43.11,0,clear sky,PUNE,0,34.3,0.1,0.0,Low
22.0,4.9,Drinks,motorcycle,23.47,47.0,0.0,clear sky,Very High,25.16,64.55,PUNE,5,125.8,0,clear sky,PUNE,1,62.7,1.8,1.0,High
38.0,4.6,Drinks,scooter,23.0,84.0,0.0,scattered clouds,Very Low,2.55,19.6,KOC,1,2.55,1,clouds,Other,0,19.3,0.3,0.0,Low
35.0,5.0,Meal,motorcycle,20.34,68.0,0.0,clear sky,Moderate,8.92,26.03333333,MYS,3,26.76,0,clear sky,MYS,0,24.7,1.3,0.0,Low
27.0,4.1,Meal,scooter,23.94,57.0,0.0,haze,High,15.45,39.45,HYD,4,61.8,0,haze,HYD,0,38.3,1.2,0.047,Low
21.0,5.0,Drinks,motorcycle,25.86,60.0,0.0,few clouds,Very High,27.01,56.26666667,GOA,5,135.05,0,clouds,Other,1,61.6,5.3,1.0,High
22.0,4.4,Meal,motorcycle,26.99,44.0,0.0,smoke,Low,3.81,23.1,MUM,2,7.62,0,smoke,MUM,0,20.3,2.8,0.0,Low
27.0,4.9,Snack,motorcycle,23.0,83.0,0.0,haze,Very Low,3.74,12.66666667,KOL,1,3.74,0,haze,Other,0,14.8,2.1,0.0,Low
30.0,4.7,Buffet,scooter,16.17,94.0,0.0,mist,Moderate,11.64,35.36666667,RANCHI,3,34.92,0,mist,RANCHI,0,32.6,2.8,0.0,Low
32.0,5.0,Buffet,scooter,22.45,44.0,0.0,clear sky,High,24.05,38.33333333,VAD,4,96.2,0,clear sky,Other,0,41.2,2.9,0.033,Low
33.0,5.0,Meal,motorcycle,16.97,72.0,0.0,haze,Low,11.52,21.33333333,INDO,2,23.04,0,haze,INDO,0,20.8,0.5,0.0,Low
22.0,4.6,Drinks,motorcycle,19.55,92.0,0.0,mist,Very High,18.77,61.21666667,BANG,5,93.85,0,mist,BANG,1,61.9,0.7,1.0,High
27.0,4.0,Drinks,scooter,23.9,46.0,0.0,haze,High,13.96,41.66666667,JAP,4,55.84,0,haze,JAP,0,45.8,4.1,0.043,Low
21.0,4.9,Drinks,motorcycle,22.43,50.0,0.0,clear sky,Very High,29.35,70.33333333,PUNE,5,146.75,0,clear sky,PUNE,1,73.1,2.8,1.0,High
30.0,4.7,Drinks,scooter,25.81,73.0,0.0,haze,Very Low,2.59,17.76666667,COIMB,1,2.59,1,haze,COIMB,0,18.7,0.9,0.0,Low
29.0,4.6,Drinks,motorcycle,20.06,83.0,0.0,mist,Very Low,2.37,19.28333333,RANCHI,1,2.37,1,mist,RANCHI,0,21.3,2.0,0.0,Low
36.0,4.9,Buffet,scooter,17.7,68.0,0.0,clear sky,Very Low,2.37,10.18333333,RANCHI,1,2.37,1,clear sky,RANCHI,0,11.4,1.2,0.0,Low
22.0,4.8,Buffet,scooter,19.52,92.0,0.0,mist,Moderate,8.02,34.16666667,BANG,3,24.06,0,mist,BANG,0,30.7,3.5,0.0,Low
30.0,3.9,Drinks,electric scooter,22.55,43.0,0.0,clear sky,Moderate,15.84,39.21666667,VAD,3,47.52,0,clear sky,Other,0,36.8,2.4,0.0,Low
34.0,4.8,Buffet,motorcycle,24.95,73.0,0.0,mist,High,16.42,37.8,SUR,4,65.68,0,mist,SUR,0,40.4,2.6,0.083,Low
30.0,5.0,Meal,electric scooter,26.66,64.0,0.0,scattered clouds,Low,6.32,21.15,GOA,2,12.64,0,clouds,Other,0,18.1,3.0,0.0,Low
32.0,4.6,Snack,motorcycle,23.93,29.0,0.0,clear sky,Very High,27.74,62.36666667,JAP,5,138.7,0,clear sky,JAP,1,57.2,5.2,1.0,High
33.0,4.7,Drinks,scooter,26.42,88.0,0.0,mist,Moderate,6.03,35.93333333,CHEN,3,18.09,0,mist,CHEN,0,37.1,1.2,0.0,Low
30.0,4.5,Snack,motorcycle,22.86,48.0,0.0,clear sky,High,15.09,49.31666667,PUNE,4,60.36,0,clear sky,PUNE,1,42.4,6.9,0.244,Low
37.0,4.8,Buffet,motorcycle,28.0,65.0,0.0,haze,Moderate,11.43,26.23333333,KOL,3,34.29,0,haze,Other,0,29.6,3.4,0.0,Low
25.0,4.2,Drinks,motorcycle,24.92,59.0,0.0,scattered clouds,Moderate,10.47,37.15,GOA,3,31.410000000000004,0,clouds,Other,0,36.2,0.9,0.0,Low
37.0,4.5,Meal,scooter,27.99,65.0,0.0,haze,Moderate,9.67,27.56666667,KOL,3,29.01,0,haze,Other,0,25.8,1.8,0.0,Low
30.0,4.7,Meal,scooter,23.59,44.0,0.0,clear sky,Low,5.83,14.28333333,SUR,2,11.66,0,clear sky,SUR,0,15.7,1.4,0.0,Low
24.0,4.8,Drinks,motorcycle,21.08,65.0,0.0,broken clouds,Very High,30.49,68.85,HYD,5,152.45,0,clouds,HYD,1,72.4,3.6,1.0,High
34.0,4.9,Meal,electric scooter,17.31,53.0,0.0,clear sky,High,24.02,39.45,INDO,4,96.08,0,clear sky,INDO,0,40.5,1.0,0.296,Low
32.0,4.0,Drinks,electric scooter,18.98,64.0,0.0,clear sky,Moderate,12.23,35.9,PUNE,3,36.69,0,clear sky,PUNE,0,37.6,1.7,0.0,Low
29.0,4.7,Drinks,motorcycle,28.44,82.0,0.0,overcast clouds,Very High,29.04,80.68333333,CHEN,5,145.2,0,clouds,CHEN,1,75.9,4.8,1.0,High
28.0,4.9,Snack,scooter,22.64,50.0,0.0,clear sky,Moderate,9.31,27.33333333,PUNE,3,27.93,0,clear sky,PUNE,0,29.1,1.8,0.0,Low
31.0,4.9,Drinks,motorcycle,22.33,73.0,0.0,haze,Very High,20.5,57.86666667,BANG,5,102.5,0,haze,BANG,1,60.6,2.7,1.0,High
30.0,4.6,Meal,motorcycle,6.91,80.0,0.0,clear sky,Very High,36.47,84.18333333,DEH,5,182.35,0,clear sky,Other,1,104.8,20.6,1.0,High
29.0,4.6,Drinks,scooter,21.26,63.0,0.0,scattered clouds,High,18.0,43.88333333,RANCHI,4,72.0,0,clouds,RANCHI,0,47.8,3.9,0.953,High
20.0,2.5,Snack,scooter,21.08,65.0,0.0,broken clouds,Very High,31.62,83.5,HYD,5,158.1,0,clouds,HYD,1,66.1,17.4,1.0,High
26.0,4.5,Snack,scooter,17.66,82.0,0.0,mist,Moderate,13.0,34.76666667,AURG,3,39.0,0,mist,Other,0,33.8,1.0,0.0,Low
38.0,4.8,Drinks,motorcycle,19.22,65.0,0.0,clear sky,High,13.0,44.13333333,PUNE,4,52.0,0,clear sky,PUNE,0,44.6,0.5,0.476,Medium
36.0,4.7,Meal,motorcycle,25.99,65.0,0.0,haze,High,14.95,38.53333333,COIMB,4,59.8,0,haze,COIMB,0,36.5,2.0,0.016,Low
24.0,4.2,Meal,motorcycle,20.54,67.0,0.0,clear sky,Very Low,3.28,7.566666667,MYS,1,3.28,0,clear sky,MYS,0,9.6,2.0,0.0,Low
30.0,4.6,Drinks,scooter,22.74,60.0,0.0,haze,Low,5.96,23.18333333,HYD,2,11.92,0,haze,HYD,0,27.3,4.1,0.0,Low
37.0,5.0,Buffet,motorcycle,22.47,44.0,0.0,clear sky,High,20.94,40.46666667,VAD,4,83.76,0,clear sky,Other,0,40.3,0.2,0.045,Low
23.0,4.9,Drinks,motorcycle,20.15,63.0,0.0,scattered clouds,High,19.73,50.26666667,RANCHI,4,78.92,0,clouds,RANCHI,1,49.7,0.6,0.906,High
23.0,4.8,Drinks,scooter,20.03,83.0,0.0,mist,Low,7.15,30.48333333,RANCHI,2,14.3,0,mist,RANCHI,0,30.2,0.3,0.0,Low
27.0,4.3,Drinks,scooter,20.7,68.0,0.0,clear sky,High,18.77,43.8,MYS,4,75.08,0,clear sky,MYS,0,43.9,0.1,0.178,Low
38.0,4.9,Buffet,motorcycle,28.03,65.0,0.0,haze,High,11.84,38.96666667,KOL,4,47.36,0,haze,Other,0,38.5,0.5,0.021,Low
37.0,4.8,Buffet,scooter,19.74,68.0,0.0,haze,Low,7.87,21.4,JAP,2,15.74,0,haze,JAP,0,21.9,0.5,0.0,Low
33.0,4.7,Buffet,motorcycle,23.93,28.0,0.0,clear sky,High,16.42,35.58333333,JAP,4,65.68,0,clear sky,JAP,0,40.3,4.7,0.275,Low
22.0,4.6,Meal,motorcycle,19.95,46.0,0.0,clear sky,Very High,20.5,52.5,JAP,5,102.5,0,clear sky,JAP,1,51.3,1.2,1.0,High
35.0,3.5,Meal,scooter,22.64,60.0,0.0,haze,Very High,25.29,56.03333333,HYD,5,126.45,0,haze,HYD,1,56.0,0.0,1.0,High
23.0,4.7,Buffet,scooter,20.18,83.0,0.0,mist,High,19.02,36.86666667,RANCHI,4,76.08,0,mist,RANCHI,0,42.6,5.7,0.397,Medium
30.0,4.5,Drinks,motorcycle,21.78,51.0,0.0,clear sky,Moderate,13.01,35.76666667,AGR,3,39.03,0,clear sky,Other,0,37.2,1.4,0.0,Low
24.0,4.6,Buffet,electric scooter,17.42,69.0,0.0,clear sky,Very High,22.87,52.6,RANCHI,5,114.35,0,clear sky,RANCHI,1,50.3,2.3,1.0,High
29.0,4.6,Drinks,scooter,19.22,93.0,0.0,fog,Very High,24.91,78.66666667,BANG,5,124.55,0,other,BANG,1,65.1,13.6,1.0,High
37.0,4.8,Snack,scooter,18.82,56.0,0.0,clear sky,Very High,17.55,55.3,LUDH,5,87.75,0,clear sky,Other,1,53.7,1.6,1.0,High
35.0,4.9,Buffet,motorcycle,21.84,55.0,0.0,clear sky,High,20.91,47.18333333,ALH,4,83.64,0,clear sky,Other,1,40.8,6.4,0.129,Low
20.0,4.4,Meal,motorcycle,19.64,68.0,0.0,haze,Low,4.13,14.05,JAP,2,8.26,0,haze,JAP,0,14.4,0.3,0.0,Low
38.0,4.7,Drinks,motorcycle,22.4,74.0,0.0,haze,Very High,29.57,92.8,BANG,5,147.85,0,haze,BANG,1,74.5,18.3,1.0,High
39.0,4.7,Buffet,scooter,28.33,67.0,0.0,scattered clouds,High,21.04,39.85,GOA,4,84.16,0,clouds,Other,0,44.0,4.1,0.049,Low
37.0,4.7,Drinks,motorcycle,19.64,93.0,0.0,mist,Very High,19.08,66.7,BANG,5,95.4,0,mist,BANG,1,64.9,1.8,1.0,High
32.0,4.9,Drinks,motorcycle,18.54,58.0,0.0,clear sky,Very High,43.08,58.5,LUDH,5,215.4,0,clear sky,Other,1,54.1,4.4,1.0,High
36.0,4.7,Meal,motorcycle,22.97,42.0,0.0,clear sky,Very High,28.86,65.95,KNP,5,144.3,0,clear sky,Other,1,55.2,10.8,1.0,High
26.0,4.6,Drinks,motorcycle,22.57,44.0,0.0,clear sky,Moderate,18.1,38.4,VAD,3,54.3,0,clear sky,Other,0,37.6,0.8,0.0,Low
22.0,4.7,Snack,motorcycle,19.9,93.0,0.0,mist,Very High,17.63,63.0,BANG,5,88.14999999999999,0,mist,BANG,1,64.0,1.0,1.0,High
23.0,4.8,Meal,motorcycle,19.58,68.0,0.0,haze,Low,4.25,15.01666667,JAP,2,8.5,0,haze,JAP,0,15.4,0.4,0.0,Low
22.0,4.7,Buffet,motorcycle,28.55,82.0,0.0,mist,Moderate,8.77,28.45,CHEN,3,26.31,0,mist,CHEN,0,29.8,1.4,0.0,Low
31.0,4.7,Buffet,electric scooter,19.35,45.0,0.0,clear sky,Moderate,10.56,30.86666667,JAP,3,31.68,0,clear sky,JAP,0,28.3,2.6,0.0,Low
21.0,4.7,Snack,scooter,22.79,43.0,0.0,clear sky,High,20.19,46.06666667,SUR,4,80.76,0,clear sky,SUR,1,44.3,1.8,0.363,Medium
21.0,4.8,Drinks,motorcycle,25.06,73.0,0.0,mist,Moderate,14.79,40.31666667,COIMB,3,44.37,0,mist,COIMB,0,39.9,0.4,0.0,Low
32.0,4.6,Snack,motorcycle,23.02,72.0,0.0,haze,Very High,14.4,52.15,BANG,5,72.0,0,haze,BANG,1,56.1,4.0,1.0,High
38.0,4.9,Snack,motorcycle,25.87,73.0,0.0,haze,Low,6.35,21.7,COIMB,2,12.7,0,haze,COIMB,0,22.0,0.3,0.0,Low
20.0,4.8,Drinks,electric scooter,22.52,60.0,0.0,haze,Very High,27.05,71.75,HYD,5,135.25,0,haze,HYD,1,69.4,2.3,1.0,High
25.0,5.0,Meal,motorcycle,19.97,68.0,0.0,haze,Very High,17.0,49.48333333,JAP,5,85.0,0,haze,JAP,1,50.0,0.5,1.0,High
36.0,4.8,Snack,motorcycle,24.01,64.0,0.0,haze,Moderate,12.86,30.73333333,VAD,3,38.58,0,haze,Other,0,31.4,0.7,0.0,Low
35.0,4.7,Snack,electric scooter,27.01,48.0,0.0,clear sky,Moderate,9.65,34.58333333,MUM,3,28.950000000000003,0,clear sky,MUM,0,29.9,4.7,0.0,Low
27.0,4.8,Drinks,motorcycle,25.97,37.0,0.0,clear sky,Moderate,8.63,33.73333333,AGR,3,25.89,0,clear sky,Other,0,33.6,0.1,0.0,Low
33.0,4.9,Buffet,motorcycle,28.03,57.0,0.0,smoke,Moderate,4.28,30.53333333,MUM,3,12.84,0,smoke,MUM,0,29.6,0.9,0.0,Low
35.0,4.7,Buffet,scooter,26.75,44.0,0.0,smoke,Very High,23.19,57.85,MUM,5,115.95,0,smoke,MUM,1,63.1,5.2,1.0,High
30.0,4.1,Meal,scooter,20.21,63.0,0.0,scattered clouds,High,21.11,39.4,RANCHI,4,84.44,0,clouds,RANCHI,0,42.5,3.1,0.447,Medium
23.0,4.8,Drinks,motorcycle,24.84,73.0,0.0,mist,High,15.4,49.61666667,COIMB,4,61.6,0,mist,COIMB,1,48.0,1.6,0.834,High
21.0,5.0,Buffet,motorcycle,17.25,53.0,0.0,clear sky,Moderate,18.49,32.33333333,INDO,3,55.47,0,clear sky,INDO,0,31.1,1.2,0.0,Low
37.0,4.4,Buffet,motorcycle,26.36,88.0,0.0,mist,High,14.47,38.91666667,CHEN,4,57.88,0,mist,CHEN,0,43.1,4.2,0.241,Low
27.0,4.7,Meal,motorcycle,20.15,83.0,0.0,mist,High,15.26,35.08333333,RANCHI,4,61.04,0,mist,RANCHI,0,38.4,3.3,0.07,Low
27.0,5.0,Snack,motorcycle,19.83,68.0,0.0,haze,Moderate,12.6,29.18333333,JAP,3,37.8,0,haze,JAP,0,31.6,2.4,0.0,Low
33.0,4.5,Meal,motorcycle,25.18,73.0,0.0,mist,High,26.96,48.91666667,COIMB,4,107.84,0,mist,COIMB,1,44.5,4.4,0.865,High
33.0,5.0,Meal,motorcycle,26.35,88.0,0.0,scattered clouds,Very High,14.2,51.08333333,CHEN,5,71.0,0,clouds,CHEN,1,58.7,7.6,0.999,High
23.0,4.6,Drinks,scooter,25.09,57.0,0.0,smoke,Very High,21.64,69.25,MUM,5,108.2,0,smoke,MUM,1,70.1,0.8,1.0,High
31.0,4.7,Meal,motorcycle,20.7,68.0,0.0,clear sky,Moderate,12.35,30.16666667,MYS,3,37.05,0,clear sky,MYS,0,26.5,3.7,0.0,Low
29.0,5.0,Snack,scooter,25.62,42.0,0.0,clear sky,High,15.68,43.51666667,KNP,4,62.72,0,clear sky,Other,0,39.6,3.9,0.024,Low
36.0,4.9,Snack,motorcycle,22.66,43.0,0.0,clear sky,Moderate,13.87,30.23333333,VAD,3,41.61,0,clear sky,Other,0,31.7,1.5,0.0,Low
24.0,4.5,Drinks,scooter,28.38,82.0,0.0,overcast clouds,Very High,22.66,75.13333333,CHEN,5,113.3,0,clouds,CHEN,1,70.5,4.6,1.0,High
32.0,3.5,Meal,scooter,26.43,88.0,0.0,scattered clouds,Very High,18.22,53.03333333,CHEN,5,91.1,0,clouds,CHEN,1,58.3,5.3,1.0,High
24.0,2.9,Meal,scooter,24.95,73.0,0.0,mist,High,14.57,41.05,SUR,4,58.28,0,mist,SUR,0,36.5,4.5,0.003,Low
28.0,4.6,Meal,scooter,24.94,73.0,0.0,mist,Low,3.79,17.25,SUR,2,7.58,0,mist,SUR,0,16.0,1.2,0.0,Low
38.0,4.7,Drinks,motorcycle,23.83,46.0,0.0,haze,High,14.29,48.78333333,JAP,4,57.16,0,haze,JAP,1,45.8,3.0,0.53,Medium
36.0,4.8,Snack,motorcycle,17.44,76.0,0.0,clear sky,Low,6.88,21.5,DEH,2,13.76,0,clear sky,Other,0,21.2,0.3,0.0,Low
39.0,5.0,Buffet,motorcycle,25.36,38.0,0.0,clear sky,Very High,33.81,58.06666667,AGR,5,169.05,0,clear sky,Other,1,51.5,6.6,1.0,High
30.0,5.0,Snack,scooter,23.39,44.0,0.0,clear sky,Low,3.79,16.8,SUR,2,7.58,0,clear sky,SUR,0,16.1,0.7,0.0,Low
36.0,5.0,Snack,scooter,28.01,57.0,0.0,smoke,Low,3.46,24.35,MUM,2,6.92,0,smoke,MUM,0,24.1,0.2,0.0,Low
35.0,4.9,Meal,motorcycle,23.54,44.0,0.0,clear sky,Low,8.01,19.1,SUR,2,16.02,0,clear sky,SUR,0,18.8,0.3,0.0,Low
31.0,4.7,Snack,electric scooter,21.81,55.0,0.0,clear sky,Moderate,7.6,32.01666667,KNP,3,22.8,0,clear sky,Other,0,28.3,3.7,0.0,Low
33.0,4.0,Snack,scooter,19.99,68.0,0.0,haze,Moderate,13.63,34.2,JAP,3,40.89,0,haze,JAP,0,33.1,1.1,0.0,Low
23.0,3.8,Drinks,motorcycle,22.79,74.0,0.0,haze,High,11.04,42.35,BANG,4,44.16,0,haze,BANG,0,44.6,2.2,0.418,Medium
37.0,4.6,Meal,scooter,21.5,65.0,0.0,broken clouds,Very Low,3.48,9.966666667,HYD,1,3.48,0,clouds,HYD,0,11.1,1.1,0.0,Low
37.0,4.9,Buffet,motorcycle,26.35,88.0,0.0,mist,Moderate,10.62,35.78333333,CHEN,3,31.86,0,mist,CHEN,0,32.7,3.1,0.0,Low
27.0,5.0,Meal,scooter,22.78,43.0,0.0,clear sky,Moderate,12.86,23.55,VAD,3,38.58,0,clear sky,Other,0,26.6,3.1,0.0,Low
29.0,4.9,Snack,scooter,26.53,87.0,0.0,mist,Moderate,8.36,34.21666667,CHEN,3,25.08,0,mist,CHEN,0,32.5,1.7,0.0,Low
34.0,4.6,Snack,scooter,20.06,83.0,0.0,mist,Low,12.24,23.06666667,RANCHI,2,24.48,0,mist,RANCHI,0,26.5,3.4,0.0,Low
20.0,4.8,Drinks,motorcycle,22.89,48.0,0.0,clear sky,Very High,21.42,66.48333333,PUNE,5,107.1,0,clear sky,PUNE,1,61.7,4.8,1.0,High
27.0,4.9,Drinks,motorcycle,17.54,69.0,0.0,clear sky,High,18.49,46.25,RANCHI,4,73.96,0,clear sky,RANCHI,1,45.1,1.1,0.208,Low
22.0,4.6,Buffet,motorcycle,17.13,72.0,0.0,haze,High,16.66,37.31666667,INDO,4,66.64,0,haze,INDO,0,38.9,1.6,0.011,Low
29.0,4.6,Buffet,scooter,19.58,92.0,0.0,mist,Moderate,10.03,27.6,BANG,3,30.09,0,mist,BANG,0,30.5,2.9,0.0,Low
31.0,4.0,Drinks,scooter,20.16,83.0,0.0,mist,High,18.5,48.15,RANCHI,4,74.0,0,mist,RANCHI,1,48.4,0.2,0.88,High
21.0,4.9,Buffet,motorcycle,18.31,57.0,0.0,clear sky,Moderate,11.87,26.4,BHP,3,35.61,0,clear sky,Other,0,29.0,2.6,0.0,Low
22.0,4.6,Snack,motorcycle,23.1,49.0,0.0,clear sky,High,9.82,36.51666667,PUNE,4,39.28,0,clear sky,PUNE,0,38.9,2.4,0.013,Low
22.0,4.9,Buffet,motorcycle,26.96,44.0,0.0,smoke,Very High,24.89,54.38333333,MUM,5,124.45,0,smoke,MUM,1,65.3,10.9,1.0,High
22.0,4.6,Buffet,scooter,17.74,82.0,0.0,mist,Moderate,11.84,32.11666667,AURG,3,35.52,0,mist,Other,0,31.6,0.5,0.0,Low
34.0,4.0,Meal,motorcycle,26.39,88.0,0.0,mist,Moderate,9.08,28.53333333,CHEN,3,27.24,0,mist,CHEN,0,29.3,0.8,0.0,Low
26.0,4.6,Drinks,motorcycle,19.22,65.0,0.0,clear sky,High,15.14,50.7,PUNE,4,60.56,0,clear sky,PUNE,1,47.0,3.7,0.691,Medium
39.0,4.9,Buffet,motorcycle,28.05,57.0,0.0,smoke,Low,4.2,23.6,MUM,2,8.4,0,smoke,MUM,0,23.5,0.1,0.0,Low
29.0,4.9,Snack,motorcycle,26.32,88.0,0.0,scattered clouds,Very High,37.64,59.5,CHEN,5,188.2,0,clouds,CHEN,1,85.5,26.0,1.0,High
22.0,4.6,Meal,scooter,28.0,65.0,0.0,haze,Very High,30.43,61.5,KOL,5,152.15,0,haze,Other,1,55.1,6.4,1.0,High
30.0,4.4,Drinks,motorcycle,26.11,73.0,0.0,haze,High,18.09,45.13333333,COIMB,4,72.36,0,haze,COIMB,1,46.3,1.2,0.558,Medium
35.0,4.8,Snack,electric scooter,24.91,73.0,0.0,mist,Moderate,9.48,29.63333333,SUR,3,28.44,0,mist,SUR,0,31.2,1.6,0.0,Low
37.0,4.7,Drinks,motorcycle,22.23,44.0,0.0,clear sky,High,19.18,46.91666667,INDO,4,76.72,0,clear sky,INDO,1,47.6,0.7,0.75,High
23.0,4.5,Snack,electric scooter,28.42,81.0,0.0,mist,Low,6.21,25.53333333,CHEN,2,12.42,0,mist,CHEN,0,24.3,1.2,0.0,Low
35.0,4.6,Drinks,motorcycle,23.1,49.0,0.0,clear sky,Low,2.41,24.38333333,PUNE,2,4.82,1,clear sky,PUNE,0,21.5,2.9,0.0,Low
26.0,4.6,Snack,motorcycle,19.49,93.0,0.0,mist,Very High,25.11,57.36666667,BANG,5,125.55,0,mist,BANG,1,62.7,5.3,1.0,High
37.0,3.6,Snack,scooter,28.35,82.0,0.0,overcast clouds,Very High,23.65,64.05,CHEN,5,118.25,0,clouds,CHEN,1,61.6,2.4,1.0,High
22.0,4.5,Buffet,scooter,20.18,83.0,0.0,mist,Moderate,16.82,35.9,RANCHI,3,50.46,0,mist,RANCHI,0,33.4,2.5,0.0,Low
32.0,4.3,Meal,motorcycle,22.13,43.0,0.0,clear sky,High,12.11,31.83333333,BHP,4,48.44,0,clear sky,Other,0,34.9,3.1,0.003,Low
32.0,4.7,Buffet,motorcycle,23.47,47.0,0.0,clear sky,Very High,28.56,64.35,PUNE,5,142.79999999999998,0,clear sky,PUNE,1,58.8,5.5,1.0,High
24.0,4.5,Snack,motorcycle,23.97,78.0,0.0,mist,High,16.18,46.3,COIMB,4,64.72,0,mist,COIMB,1,43.5,2.8,0.205,Low
37.0,4.8,Buffet,scooter,22.47,51.0,0.0,clear sky,Low,7.5,22.35,PUNE,2,15.0,0,clear sky,PUNE,0,21.5,0.9,0.0,Low
29.0,4.2,Buffet,motorcycle,23.01,60.0,0.0,haze,Very Low,3.31,12.0,HYD,1,3.31,0,haze,HYD,0,13.1,1.1,0.0,Low
29.0,4.6,Snack,motorcycle,20.27,63.0,0.0,scattered clouds,Low,10.95,23.11666667,RANCHI,2,21.9,0,clouds,RANCHI,0,24.8,1.7,0.0,Low
30.0,4.9,Meal,motorcycle,24.88,73.0,0.0,mist,Low,4.35,15.4,COIMB,2,8.7,0,mist,COIMB,0,17.5,2.1,0.0,Low
22.0,4.2,Meal,motorcycle,26.01,65.0,0.0,haze,Moderate,7.94,24.13333333,COIMB,3,23.82,0,haze,COIMB,0,25.1,1.0,0.0,Low
37.0,4.4,Snack,motorcycle,27.97,57.0,0.0,smoke,Moderate,13.18,39.35,MUM,3,39.54,0,smoke,MUM,0,37.4,2.0,0.0,Low
22.0,4.4,Meal,motorcycle,22.46,50.0,0.0,clear sky,Low,8.31,20.81666667,PUNE,2,16.62,0,clear sky,PUNE,0,19.7,1.1,0.0,Low
22.0,4.9,Snack,scooter,22.74,43.0,0.0,clear sky,Moderate,13.47,32.33333333,VAD,3,40.41,0,clear sky,Other,0,31.6,0.7,0.0,Low
36.0,4.8,Meal,scooter,23.62,46.0,0.0,haze,Low,3.76,12.05,JAP,2,7.52,0,haze,JAP,0,13.9,1.8,0.0,Low
30.0,4.7,Buffet,motorcycle,21.13,66.0,0.0,broken clouds,Low,10.27,18.7,HYD,2,20.54,0,clouds,HYD,0,22.7,4.0,0.0,Low
36.0,4.6,Drinks,scooter,24.12,48.0,0.0,clear sky,Moderate,7.8,35.71666667,MUM,3,23.4,0,clear sky,MUM,0,34.7,1.0,0.0,Low
29.0,4.4,Drinks,motorcycle,25.87,73.0,0.0,haze,Very Low,2.29,17.45,COIMB,1,2.29,1,haze,COIMB,0,18.7,1.2,0.0,Low
38.0,4.6,Drinks,electric scooter,28.28,81.0,0.0,mist,Low,4.59,26.53333333,CHEN,2,9.18,0,mist,CHEN,0,26.3,0.2,0.0,Low
22.0,3.3,Meal,electric scooter,23.88,57.0,0.0,haze,High,16.42,34.91666667,HYD,4,65.68,0,haze,HYD,0,38.8,3.9,0.065,Low
29.0,4.6,Buffet,bicycle,21.32,65.0,0.0,broken clouds,High,16.93,43.66666667,HYD,4,67.72,0,clouds,HYD,0,43.0,0.7,0.257,Low
34.0,5.0,Buffet,motorcycle,24.94,59.0,0.0,broken clouds,High,12.54,37.78333333,GOA,4,50.16,0,clouds,Other,0,37.5,0.3,0.015,Low
21.0,4.1,Drinks,scooter,17.78,68.0,0.0,clear sky,High,18.12,49.68333333,RANCHI,4,72.48,0,clear sky,RANCHI,1,46.6,3.1,0.555,Medium
22.0,4.8,Snack,scooter,22.77,60.0,0.0,haze,Moderate,16.2,31.7,HYD,3,48.6,0,haze,HYD,0,34.3,2.6,0.0,Low
37.0,4.8,Meal,motorcycle,21.25,66.0,0.0,broken clouds,Very High,25.6,50.18333333,HYD,5,128.0,0,clouds,HYD,1,54.9,4.7,1.0,High
27.0,4.1,Drinks,motorcycle,24.9,42.0,0.0,clear sky,High,21.59,52.46666667,SUR,4,86.36,0,clear sky,SUR,1,50.5,2.0,0.982,High
38.0,4.6,Meal,scooter,23.62,46.0,0.0,haze,Low,3.77,13.5,JAP,2,7.54,0,haze,JAP,0,14.1,0.6,0.0,Low
39.0,4.2,Snack,scooter,17.32,53.0,0.0,clear sky,High,24.35,49.11666667,INDO,4,97.4,0,clear sky,INDO,1,44.3,4.8,0.663,Medium
34.0,4.7,Buffet,scooter,20.16,83.0,0.0,mist,High,18.25,44.13333333,RANCHI,4,73.0,0,mist,RANCHI,0,42.3,1.8,0.374,Medium
36.0,5.0,Drinks,motorcycle,21.08,65.0,0.0,broken clouds,Very High,30.83,78.56666667,HYD,5,154.14999999999998,0,clouds,HYD,1,70.2,8.4,1.0,High
38.0,4.4,Buffet,motorcycle,26.96,44.0,0.0,smoke,Moderate,11.94,34.86666667,MUM,3,35.82,0,smoke,MUM,0,35.1,0.2,0.0,Low
34.0,4.1,Snack,motorcycle,23.02,43.0,0.0,clear sky,High,16.42,36.13333333,SUR,4,65.68,0,clear sky,SUR,0,39.8,3.7,0.027,Low
22.0,4.8,Buffet,motorcycle,21.43,65.0,0.0,broken clouds,Moderate,11.3,30.6,HYD,3,33.900000000000006,0,clouds,HYD,0,29.9,0.7,0.0,Low
23.0,4.7,Meal,scooter,26.36,88.0,0.0,mist,Low,6.72,21.9,CHEN,2,13.44,0,mist,CHEN,0,20.7,1.2,0.0,Low
38.0,4.8,Meal,motorcycle,21.69,56.0,0.0,clear sky,High,14.1,35.56666667,KNP,4,56.4,0,clear sky,Other,0,35.8,0.2,0.009,Low
24.0,4.8,Buffet,scooter,24.99,73.0,0.0,mist,Very Low,1.85,11.45,SUR,1,1.85,1,mist,SUR,0,12.1,0.7,0.0,Low
30.0,4.6,Drinks,motorcycle,17.65,82.0,0.0,broken clouds,High,27.2,54.9,MYS,4,108.8,0,clouds,MYS,1,49.4,5.5,0.996,High
20.0,4.8,Drinks,motorcycle,23.09,60.0,0.0,haze,Moderate,11.77,37.23333333,INDO,3,35.31,0,haze,INDO,0,36.6,0.6,0.0,Low
29.0,4.6,Drinks,motorcycle,16.03,76.0,0.0,clear sky,Very Low,4.4,19.18333333,DEH,1,4.4,0,clear sky,Other,0,18.9,0.3,0.0,Low
38.0,4.7,Snack,motorcycle,27.05,44.0,0.0,smoke,Very High,33.59,72.25,MUM,5,167.95000000000002,0,smoke,MUM,1,76.3,4.0,1.0,High
31.0,4.7,Snack,motorcycle,23.31,72.0,0.0,haze,Very Low,2.41,15.08333333,BANG,1,2.41,1,haze,BANG,0,14.4,0.7,0.0,Low
35.0,4.6,Snack,scooter,23.03,48.0,0.0,clear sky,High,15.37,40.51666667,PUNE,4,61.48,0,clear sky,PUNE,0,42.9,2.4,0.38,Medium
30.0,4.7,Snack,motorcycle,22.3,43.0,0.0,clear sky,Very High,26.88,54.9,INDO,5,134.4,0,clear sky,INDO,1,53.6,1.3,1.0,High
31.0,4.8,Buffet,motorcycle,19.37,68.0,0.0,haze,Moderate,6.03,29.18333333,JAP,3,18.09,0,haze,JAP,0,25.8,3.4,0.0,Low
31.0,4.6,Snack,motorcycle,27.99,51.0,0.0,clear sky,Very High,25.72,55.35,MUM,5,128.6,0,clear sky,MUM,1,61.5,6.1,1.0,High
21.0,4.6,Snack,scooter,25.05,44.0,0.0,clear sky,High,15.63,39.9,ALH,4,62.52,0,clear sky,Other,0,39.9,0.0,0.027,Low
28.0,4.9,Meal,motorcycle,21.02,65.0,0.0,broken clouds,Very High,33.29,58.43333333,HYD,5,166.45,0,clouds,HYD,1,58.2,0.2,1.0,High
33.0,4.2,Meal,scooter,26.5,87.0,0.0,mist,Low,5.02,18.53333333,CHEN,2,10.04,0,mist,CHEN,0,18.5,0.0,0.0,Low
32.0,4.9,Drinks,scooter,22.65,60.0,0.0,haze,High,14.28,48.13333333,HYD,4,57.12,0,haze,HYD,1,46.5,1.6,0.607,Medium
24.0,4.6,Meal,motorcycle,18.94,82.0,0.0,haze,High,23.45,39.35,VAD,4,93.8,0,haze,Other,0,44.1,4.8,0.145,Low
27.0,4.8,Buffet,scooter,17.64,69.0,0.0,clear sky,Moderate,12.82,23.58333333,RANCHI,3,38.46,0,clear sky,RANCHI,0,29.4,5.8,0.0,Low
30.0,4.6,Meal,electric scooter,20.61,67.0,0.0,clear sky,Moderate,9.8,21.13333333,MYS,3,29.4,0,clear sky,MYS,0,24.5,3.4,0.0,Low
24.0,4.6,Snack,scooter,27.99,65.0,0.0,haze,Low,3.72,17.91666667,KOL,2,7.44,0,haze,Other,0,18.0,0.1,0.0,Low
21.0,4.8,Drinks,motorcycle,28.42,82.0,0.0,overcast clouds,Very High,26.82,78.23333333,CHEN,5,134.1,0,clouds,CHEN,1,72.2,6.0,1.0,High
38.0,4.3,Drinks,motorcycle,26.06,65.0,0.0,haze,Low,9.16,30.53333333,COIMB,2,18.32,0,haze,COIMB,0,29.3,1.2,0.0,Low
30.0,4.6,Drinks,electric scooter,23.49,73.0,0.0,haze,Low,5.65,27.35,BANG,2,11.3,0,haze,BANG,0,26.0,1.4,0.0,Low
20.0,4.6,Snack,scooter,26.45,88.0,0.0,mist,High,13.7,52.81666667,CHEN,4,54.8,0,mist,CHEN,1,44.0,8.8,0.521,Medium
30.0,4.7,Drinks,scooter,25.97,73.0,0.0,haze,Moderate,12.12,37.03333333,COIMB,3,36.36,0,haze,COIMB,0,36.5,0.5,0.0,Low
25.0,4.8,Drinks,scooter,26.71,44.0,0.0,smoke,Very High,21.86,67.5,MUM,5,109.3,0,smoke,MUM,1,72.4,4.9,1.0,High
27.0,4.6,Meal,motorcycle,27.56,57.0,0.0,smoke,Very High,15.33,56.11666667,MUM,5,76.65,0,smoke,MUM,1,59.5,3.4,1.0,High
31.0,4.2,Meal,motorcycle,26.0,73.0,0.0,haze,High,16.82,35.3,COIMB,4,67.28,0,haze,COIMB,0,36.7,1.4,0.024,Low
27.0,4.4,Meal,motorcycle,19.5,64.0,0.0,haze,Low,5.41,20.2,JAP,2,10.82,0,haze,JAP,0,15.6,4.6,0.0,Low
34.0,4.7,Buffet,motorcycle,23.03,83.0,0.0,haze,Low,4.18,16.1,KOL,2,8.36,0,haze,Other,0,17.9,1.8,0.0,Low
33.0,4.9,Snack,motorcycle,19.05,65.0,0.0,clear sky,Very High,29.62,71.98333333,PUNE,5,148.1,0,clear sky,PUNE,1,62.1,9.9,1.0,High
24.0,4.7,Drinks,motorcycle,18.95,65.0,0.0,clear sky,High,13.24,42.48333333,PUNE,4,52.96,0,clear sky,PUNE,0,44.9,2.4,0.274,Low
25.0,4.6,Snack,scooter,27.83,57.0,0.0,smoke,High,13.16,49.25,MUM,4,52.64,0,smoke,MUM,1,46.2,3.0,0.864,High
22.0,4.9,Meal,scooter,20.43,68.0,0.0,clear sky,Moderate,9.91,21.31666667,MYS,3,29.73,0,clear sky,MYS,0,24.7,3.4,0.0,Low
36.0,4.5,Snack,motorcycle,23.29,27.0,0.0,clear sky,High,12.04,41.75,JAP,4,48.16,0,clear sky,JAP,0,39.1,2.6,0.087,Low
22.0,4.6,Drinks,scooter,23.02,48.0,0.0,clear sky,Very Low,2.25,16.16666667,PUNE,1,2.25,1,clear sky,PUNE,0,17.5,1.3,0.0,Low
25.0,4.7,Drinks,motorcycle,20.06,68.0,0.0,haze,High,23.52,55.85,JAP,4,94.08,0,haze,JAP,1,51.0,4.9,0.936,High
26.0,4.7,Snack,motorcycle,28.39,82.0,0.0,overcast clouds,Very High,18.65,61.96666667,CHEN,5,93.25,0,clouds,CHEN,1,58.9,3.1,1.0,High
37.0,4.6,Meal,scooter,28.88,54.0,0.0,smoke,Very Low,2.12,13.08333333,MUM,1,2.12,1,smoke,MUM,0,14.2,1.1,0.0,Low
34.0,4.6,Meal,electric scooter,19.51,68.0,0.0,haze,High,12.06,34.33333333,JAP,4,48.24,0,haze,JAP,0,35.8,1.5,0.002,Low
26.0,4.9,Meal,motorcycle,27.94,57.0,0.0,smoke,Moderate,7.26,26.16666667,MUM,3,21.78,0,smoke,MUM,0,29.1,2.9,0.0,Low
30.0,4.1,Meal,motorcycle,26.01,65.0,0.0,haze,Moderate,14.16,27.41666667,COIMB,3,42.48,0,haze,COIMB,0,29.5,2.1,0.0,Low
21.0,4.7,Meal,motorcycle,22.99,83.0,0.0,haze,Moderate,8.07,31.73333333,KOL,3,24.21,0,haze,Other,0,25.1,6.6,0.0,Low
36.0,4.7,Drinks,motorcycle,23.6,46.0,0.0,haze,Very Low,3.58,20.68333333,JAP,1,3.58,0,haze,JAP,0,19.5,1.2,0.0,Low
24.0,4.7,Drinks,electric scooter,21.5,65.0,0.0,broken clouds,Low,3.48,21.98333333,HYD,2,6.96,0,clouds,HYD,0,23.4,1.4,0.0,Low
25.0,4.6,Buffet,scooter,25.86,73.0,0.0,haze,Moderate,11.62,31.28333333,COIMB,3,34.86,0,haze,COIMB,0,29.6,1.7,0.0,Low
22.0,4.9,Snack,motorcycle,24.94,73.0,0.0,mist,Moderate,10.37,28.76666667,COIMB,3,31.11,0,mist,COIMB,0,32.0,3.2,0.0,Low
27.0,4.5,Snack,scooter,23.58,47.0,0.0,clear sky,High,22.85,47.98333333,PUNE,4,91.4,0,clear sky,PUNE,1,45.6,2.4,0.532,Medium
29.0,4.5,Snack,motorcycle,19.52,92.0,0.0,mist,Moderate,6.82,34.01666667,BANG,3,20.46,0,mist,BANG,0,31.5,2.5,0.0,Low
38.0,5.0,Meal,scooter,21.86,60.0,0.0,haze,Low,6.37,18.91666667,AURG,2,12.74,0,haze,Other,0,18.0,0.9,0.0,Low
36.0,4.3,Drinks,motorcycle,23.84,44.0,0.0,clear sky,Low,4.05,20.3,SUR,2,8.1,0,clear sky,SUR,0,22.3,2.0,0.0,Low
20.0,4.8,Drinks,motorcycle,18.93,57.0,0.0,clear sky,Low,3.85,20.43333333,LUDH,2,7.7,0,clear sky,Other,0,21.9,1.5,0.0,Low
38.0,4.7,Drinks,motorcycle,23.99,64.0,0.0,haze,Moderate,13.04,34.16666667,VAD,3,39.12,0,haze,Other,0,36.6,2.4,0.0,Low
32.0,4.9,Buffet,scooter,24.98,73.0,0.0,mist,Very Low,2.41,12.33333333,SUR,1,2.41,1,mist,SUR,0,13.4,1.1,0.0,Low
30.0,4.8,Snack,motorcycle,23.18,72.0,0.0,haze,Moderate,11.02,34.23333333,BANG,3,33.06,0,haze,BANG,0,32.1,2.1,0.0,Low
30.0,4.9,Meal,motorcycle,21.23,66.0,0.0,broken clouds,Very High,22.07,57.28333333,HYD,5,110.35,0,clouds,HYD,1,51.6,5.7,1.0,High
37.0,4.4,Meal,motorcycle,27.05,44.0,0.0,smoke,Moderate,7.77,26.63333333,MUM,3,23.31,0,smoke,MUM,0,30.1,3.5,0.0,Low
24.0,4.9,Drinks,scooter,26.51,87.0,0.0,mist,High,18.82,54.9,CHEN,4,75.28,0,mist,CHEN,1,50.5,4.4,0.947,High
26.0,4.9,Snack,motorcycle,23.95,88.0,0.0,mist,High,21.12,45.4,KOC,4,84.48,0,mist,Other,1,46.3,0.9,0.704,High
22.0,4.9,Meal,motorcycle,19.6,92.0,0.0,mist,High,15.21,42.2,BANG,4,60.84,0,mist,BANG,0,40.2,2.0,0.088,Low
23.0,4.9,Snack,motorcycle,20.55,67.0,0.0,clear sky,Low,5.01,19.05,MYS,2,10.02,0,clear sky,MYS,0,18.2,0.9,0.0,Low
26.0,4.8,Meal,electric scooter,22.81,60.0,0.0,haze,Very High,21.38,53.85,HYD,5,106.9,0,haze,HYD,1,51.8,2.1,1.0,High
29.0,4.6,Snack,motorcycle,21.83,60.0,0.0,haze,Moderate,7.23,31.21666667,AURG,3,21.69,0,haze,Other,0,29.1,2.1,0.0,Low
21.0,4.9,Snack,electric scooter,23.8,57.0,0.0,haze,Low,5.78,23.76666667,HYD,2,11.56,0,haze,HYD,0,20.9,2.9,0.0,Low
26.0,4.9,Meal,motorcycle,28.56,81.0,0.0,mist,Low,3.21,14.41666667,CHEN,2,6.42,0,mist,CHEN,0,15.9,1.5,0.0,Low
30.0,4.2,Snack,motorcycle,26.4,88.0,0.0,broken clouds,Very High,20.07,58.41666667,CHEN,5,100.35,0,clouds,CHEN,1,66.7,8.3,1.0,High
27.0,4.7,Snack,electric scooter,17.22,53.0,0.0,clear sky,Very High,31.11,53.45,INDO,5,155.55,0,clear sky,INDO,1,58.3,4.8,1.0,High
22.0,4.7,Snack,motorcycle,19.77,91.0,0.0,mist,Moderate,8.09,30.91666667,BANG,3,24.27,0,mist,BANG,0,32.7,1.8,0.0,Low
29.0,4.7,Meal,motorcycle,23.58,47.0,0.0,clear sky,High,22.85,43.58333333,PUNE,4,91.4,0,clear sky,PUNE,0,42.1,1.5,0.033,Low
32.0,4.5,Buffet,motorcycle,25.8,59.0,0.0,scattered clouds,High,17.43,40.1,GOA,4,69.72,0,clouds,Other,0,40.7,0.6,0.036,Low
22.0,4.1,Buffet,motorcycle,27.93,57.0,0.0,smoke,Low,5.54,25.88333333,MUM,2,11.08,0,smoke,MUM,0,24.7,1.2,0.0,Low
31.0,4.1,Buffet,motorcycle,26.4,88.0,0.0,scattered clouds,Very High,21.6,64.31666667,CHEN,5,108.0,0,clouds,CHEN,1,67.0,2.7,1.0,High
24.0,4.5,Drinks,motorcycle,18.37,81.0,0.0,broken clouds,Moderate,15.01,38.15,MYS,3,45.03,0,clouds,MYS,0,37.7,0.4,0.0,Low
36.0,5.0,Drinks,motorcycle,22.88,43.0,0.0,clear sky,Very High,22.71,55.16666667,SUR,5,113.55,0,clear sky,SUR,1,57.2,2.0,1.0,High
36.0,4.5,Meal,motorcycle,18.25,57.0,0.0,clear sky,Moderate,13.84,28.28333333,BHP,3,41.52,0,clear sky,Other,0,28.1,0.2,0.0,Low
20.0,4.9,Buffet,motorcycle,19.8,91.0,0.0,mist,Low,6.35,24.53333333,BANG,2,12.7,0,mist,BANG,0,23.7,0.8,0.0,Low
33.0,4.9,Snack,motorcycle,26.01,73.0,0.0,haze,High,17.11,41.38333333,COIMB,4,68.44,0,haze,COIMB,0,42.1,0.7,0.197,Low
33.0,4.5,Meal,scooter,22.88,43.0,0.0,clear sky,High,22.71,43.23333333,SUR,4,90.84,0,clear sky,SUR,0,41.9,1.3,0.067,Low
21.0,4.6,Meal,motorcycle,24.95,73.0,0.0,mist,Moderate,11.01,28.93333333,SUR,3,33.03,0,mist,SUR,0,29.3,0.4,0.0,Low
23.0,4.9,Buffet,scooter,17.53,69.0,0.0,clear sky,Low,4.96,15.93333333,RANCHI,2,9.92,0,clear sky,RANCHI,0,17.3,1.4,0.0,Low
32.0,4.8,Drinks,motorcycle,23.97,88.0,0.0,mist,High,12.13,46.36666667,KOC,4,48.52,0,mist,Other,1,47.2,0.8,0.383,Medium
28.0,4.9,Meal,motorcycle,21.25,63.0,0.0,scattered clouds,High,19.08,36.98333333,RANCHI,4,76.32,0,clouds,RANCHI,0,39.0,2.0,0.044,Low
21.0,4.9,Snack,scooter,23.1,60.0,0.0,haze,Very Low,2.11,12.65,INDO,1,2.11,1,haze,INDO,0,13.5,0.8,0.0,Low
27.0,4.6,Snack,motorcycle,22.84,60.0,0.0,haze,Low,8.98,24.03333333,HYD,2,17.96,0,haze,HYD,0,24.4,0.4,0.0,Low
26.0,4.7,Meal,scooter,26.99,44.0,0.0,smoke,Moderate,10.81,33.33333333,MUM,3,32.43,0,smoke,MUM,0,32.7,0.6,0.0,Low
38.0,4.3,Snack,motorcycle,26.39,87.0,0.0,scattered clouds,Very High,19.45,60.85,CHEN,5,97.25,0,clouds,CHEN,1,64.6,3.7,1.0,High
21.0,4.4,Snack,motorcycle,20.64,67.0,0.0,clear sky,Moderate,15.36,33.73333333,MYS,3,46.08,0,clear sky,MYS,0,30.5,3.2,0.0,Low
38.0,4.8,Snack,motorcycle,26.62,57.0,0.0,smoke,Very High,22.94,68.65,MUM,5,114.7,0,smoke,MUM,1,67.7,1.0,1.0,High
31.0,5.0,Buffet,motorcycle,28.47,81.0,0.0,mist,Low,2.78,16.83333333,CHEN,2,5.56,1,mist,CHEN,0,17.3,0.5,0.0,Low
34.0,4.9,Buffet,motorcycle,22.96,48.0,0.0,clear sky,Moderate,8.28,25.81666667,PUNE,3,24.84,0,clear sky,PUNE,0,26.7,0.9,0.0,Low
35.0,4.9,Snack,scooter,25.84,37.0,0.0,clear sky,Moderate,20.37,34.28333333,AGR,3,61.11,0,clear sky,Other,0,32.6,1.7,0.0,Low
34.0,4.7,Buffet,motorcycle,19.66,91.0,0.0,mist,High,10.68,38.13333333,BANG,4,42.72,0,mist,BANG,0,39.3,1.2,0.02,Low
20.0,4.5,Meal,motorcycle,23.62,46.0,0.0,haze,Low,4.05,14.23333333,JAP,2,8.1,0,haze,JAP,0,14.4,0.2,0.0,Low
22.0,4.7,Snack,motorcycle,25.62,42.0,0.0,clear sky,High,14.19,36.1,KNP,4,56.76,0,clear sky,Other,0,38.4,2.3,0.013,Low
35.0,4.8,Snack,motorcycle,23.72,29.0,0.0,clear sky,Very High,28.64,54.75,JAP,5,143.2,0,clear sky,JAP,1,61.6,6.9,1.0,High
24.0,5.0,Buffet,motorcycle,21.29,64.0,0.0,overcast clouds,High,18.18,42.4,HYD,4,72.72,0,clouds,HYD,0,43.7,1.3,0.567,Medium
31.0,4.7,Buffet,motorcycle,24.86,73.0,0.0,mist,Low,3.77,19.41666667,COIMB,2,7.54,0,mist,COIMB,0,18.4,1.0,0.0,Low
29.0,4.6,Snack,motorcycle,18.4,82.0,0.0,broken clouds,High,25.83,43.58333333,MYS,4,103.32,0,clouds,MYS,0,45.6,2.0,0.512,Medium
22.0,4.7,Buffet,motorcycle,22.62,46.0,0.0,haze,High,14.98,40.88333333,JAP,4,59.92,0,haze,JAP,0,40.0,0.9,0.057,Low
34.0,4.6,Snack,motorcycle,20.46,68.0,0.0,clear sky,Low,7.01,22.5,MYS,2,14.02,0,clear sky,MYS,0,21.3,1.2,0.0,Low
31.0,4.7,Snack,motorcycle,25.94,73.0,0.0,haze,Moderate,12.2,32.08333333,COIMB,3,36.6,0,haze,COIMB,0,31.5,0.6,0.0,Low
21.0,4.9,Meal,motorcycle,26.86,48.0,0.0,clear sky,Very High,36.62,80.56666667,MUM,5,183.1,0,clear sky,MUM,1,87.2,6.6,1.0,High
28.0,4.6,Drinks,motorcycle,21.25,65.0,0.0,broken clouds,Moderate,8.95,36.2,HYD,3,26.85,0,clouds,HYD,0,35.4,0.8,0.0,Low
35.0,4.0,Drinks,motorcycle,25.0,73.0,0.0,mist,Moderate,13.85,39.76666667,COIMB,3,41.55,0,mist,COIMB,0,39.7,0.1,0.0,Low
21.0,4.6,Snack,scooter,22.22,42.0,0.0,clear sky,Moderate,11.87,34.05,BHP,3,35.61,0,clear sky,Other,0,31.1,2.9,0.0,Low
38.0,4.7,Meal,motorcycle,22.92,60.0,0.0,haze,High,12.65,32.63333333,HYD,4,50.6,0,haze,HYD,0,36.0,3.4,0.002,Low
27.0,4.8,Drinks,scooter,24.0,64.0,0.0,haze,Very Low,2.92,19.96666667,VAD,1,2.92,1,haze,Other,0,18.9,1.1,0.0,Low
27.0,4.6,Drinks,motorcycle,19.74,93.0,0.0,mist,Very High,19.35,64.63333333,BANG,5,96.75,0,mist,BANG,1,69.7,5.1,1.0,High
22.0,4.7,Snack,motorcycle,28.51,81.0,0.0,mist,Very High,17.33,53.5,CHEN,5,86.64999999999999,0,mist,CHEN,1,59.2,5.7,1.0,High
31.0,5.0,Snack,motorcycle,23.61,44.0,0.0,clear sky,Very Low,1.6,9.183333333,SUR,1,1.6,1,clear sky,SUR,0,10.2,1.0,0.0,Low
24.0,4.8,Drinks,motorcycle,25.12,73.0,0.0,mist,Very High,21.62,58.65,COIMB,5,108.1,0,mist,COIMB,1,60.6,2.0,1.0,High
20.0,4.9,Drinks,motorcycle,18.37,81.0,0.0,broken clouds,Moderate,9.16,34.23333333,MYS,3,27.48,0,clouds,MYS,0,35.4,1.2,0.0,Low
23.0,4.6,Snack,scooter,23.12,73.0,0.0,haze,High,18.36,43.76666667,BANG,4,73.44,0,haze,BANG,0,46.7,2.9,0.373,Medium
28.0,4.6,Buffet,motorcycle,18.01,81.0,0.0,scattered clouds,Moderate,9.99,26.8,MYS,3,29.97,0,clouds,MYS,0,27.8,1.0,0.0,Low
39.0,4.1,Snack,motorcycle,17.77,68.0,0.0,clear sky,High,18.75,38.91666667,RANCHI,4,75.0,0,clear sky,RANCHI,0,41.2,2.3,0.118,Low
33.0,4.3,Meal,motorcycle,23.99,49.0,0.0,clear sky,Very High,31.21,69.65,MUM,5,156.05,0,clear sky,MUM,1,69.1,0.6,1.0,High
31.0,4.6,Snack,scooter,16.01,94.0,0.0,mist,Low,7.96,24.81666667,RANCHI,2,15.92,0,mist,RANCHI,0,26.3,1.5,0.0,Low
32.0,4.6,Meal,motorcycle,26.95,89.0,0.0,mist,Low,9.07,23.9,KOC,2,18.14,0,mist,Other,0,20.4,3.5,0.0,Low
23.0,4.3,Meal,scooter,26.21,48.0,0.0,clear sky,Very High,21.47,48.4,MUM,5,107.35,0,clear sky,MUM,1,56.7,8.3,1.0,High
35.0,4.9,Meal,motorcycle,20.54,67.0,0.0,clear sky,Very Low,3.28,7.7,MYS,1,3.28,0,clear sky,MYS,0,9.6,1.9,0.0,Low
21.0,4.9,Buffet,scooter,17.16,72.0,0.0,haze,Very Low,2.22,13.26666667,INDO,1,2.22,1,haze,INDO,0,12.1,1.2,0.0,Low
32.0,4.7,Snack,motorcycle,20.81,67.0,0.0,clear sky,Moderate,14.52,32.73333333,MYS,3,43.56,0,clear sky,MYS,0,31.2,1.5,0.0,Low
39.0,4.4,Meal,electric scooter,25.03,73.0,0.0,mist,Low,9.89,23.95,COIMB,2,19.78,0,mist,COIMB,0,22.4,1.6,0.0,Low
25.0,4.6,Snack,scooter,23.53,73.0,0.0,haze,Moderate,11.81,32.6,BANG,3,35.43,0,haze,BANG,0,32.3,0.3,0.0,Low
36.0,4.6,Drinks,motorcycle,23.92,64.0,0.0,haze,High,20.91,49.25,VAD,4,83.64,0,haze,Other,1,49.3,0.0,0.976,High
31.0,4.5,Snack,motorcycle,22.74,60.0,0.0,haze,High,19.43,45.25,HYD,4,77.72,0,haze,HYD,1,46.3,1.0,0.595,Medium
37.0,4.5,Snack,motorcycle,20.8,67.0,0.0,clear sky,High,17.24,35.55,MYS,4,68.96,0,clear sky,MYS,0,38.4,2.9,0.029,Low
30.0,4.8,Buffet,motorcycle,21.96,43.0,0.0,clear sky,Low,7.32,21.91666667,BHP,2,14.64,0,clear sky,Other,0,19.4,2.5,0.0,Low
34.0,4.6,Meal,motorcycle,28.81,69.0,0.0,scattered clouds,High,17.48,39.75,GOA,4,69.92,0,clouds,Other,0,39.6,0.1,0.031,Low
25.0,4.6,Snack,scooter,24.98,88.0,0.0,mist,Low,7.48,25.51666667,GOA,2,14.96,0,mist,Other,0,25.1,0.4,0.0,Low
39.0,4.3,Buffet,motorcycle,24.09,44.0,0.0,smoke,Very High,18.92,63.26666667,MUM,5,94.6,0,smoke,MUM,1,61.1,2.2,1.0,High
37.0,4.0,Drinks,motorcycle,26.39,88.0,0.0,scattered clouds,High,12.17,42.85,CHEN,4,48.68,0,clouds,CHEN,0,48.3,5.4,0.751,High
28.0,4.8,Snack,scooter,19.56,68.0,0.0,haze,Moderate,10.19,31.73333333,JAP,3,30.57,0,haze,JAP,0,29.7,2.0,0.0,Low
36.0,4.1,Buffet,motorcycle,13.4,77.0,0.0,clear sky,High,14.44,39.33333333,DEH,4,57.76,0,clear sky,Other,0,38.1,1.2,0.159,Low
29.0,4.7,Meal,scooter,28.35,82.0,0.0,overcast clouds,Very High,27.0,63.86666667,CHEN,5,135.0,0,clouds,CHEN,1,63.9,0.0,1.0,High
36.0,4.8,Buffet,scooter,25.66,42.0,0.0,clear sky,Moderate,10.63,25.61666667,KNP,3,31.89,0,clear sky,Other,0,27.6,2.0,0.0,Low
33.0,4.8,Snack,motorcycle,28.54,81.0,0.0,mist,Moderate,9.26,31.83333333,CHEN,3,27.78,0,mist,CHEN,0,31.9,0.1,0.0,Low
20.0,4.6,Snack,electric scooter,27.88,57.0,0.0,smoke,Low,4.64,26.28333333,MUM,2,9.28,0,smoke,MUM,0,27.0,0.7,0.0,Low
29.0,4.0,Meal,scooter,21.29,64.0,0.0,overcast clouds,High,18.95,42.4,HYD,4,75.8,0,clouds,HYD,0,41.5,0.9,0.31,Medium
29.0,4.6,Drinks,motorcycle,22.49,50.0,0.0,clear sky,Moderate,9.65,35.1,PUNE,3,28.950000000000003,0,clear sky,PUNE,0,35.3,0.2,0.0,Low
21.0,4.1,Buffet,motorcycle,18.34,81.0,0.0,broken clouds,Low,8.87,21.33333333,MYS,2,17.74,0,clouds,MYS,0,22.5,1.2,0.0,Low
25.0,4.2,Drinks,motorcycle,22.88,48.0,0.0,clear sky,High,12.02,44.96666667,PUNE,4,48.08,0,clear sky,PUNE,0,44.4,0.6,0.135,Low
31.0,4.1,Meal,scooter,22.54,44.0,0.0,clear sky,Moderate,17.36,26.6,VAD,3,52.08,0,clear sky,Other,0,28.7,2.1,0.0,Low
23.0,4.6,Snack,scooter,28.38,81.0,0.0,mist,Low,6.1,24.63333333,CHEN,2,12.2,0,mist,CHEN,0,24.0,0.6,0.0,Low
37.0,4.6,Meal,motorcycle,25.35,43.0,0.0,clear sky,Low,7.26,20.06666667,ALH,2,14.52,0,clear sky,Other,0,17.3,2.8,0.0,Low
36.0,5.0,Snack,scooter,25.95,73.0,0.0,haze,High,13.76,36.25,COIMB,4,55.04,0,haze,COIMB,0,40.1,3.9,0.117,Low
37.0,4.8,Meal,motorcycle,23.17,72.0,0.0,haze,Moderate,12.71,31.53333333,BANG,3,38.13,0,haze,BANG,0,28.6,2.9,0.0,Low
30.0,4.8,Snack,motorcycle,24.92,73.0,0.0,mist,Low,7.8,25.18333333,SUR,2,15.6,0,mist,SUR,0,25.1,0.1,0.0,Low
28.0,4.6,Snack,motorcycle,23.04,83.0,0.0,scattered clouds,Moderate,5.78,33.1,KOC,3,17.34,0,clouds,Other,0,28.7,4.4,0.0,Low
28.0,5.0,Drinks,motorcycle,19.53,68.0,0.0,haze,Low,4.08,23.8,JAP,2,8.16,0,haze,JAP,0,23.9,0.1,0.0,Low
33.0,4.8,Snack,motorcycle,23.96,88.0,0.0,mist,High,14.37,38.83333333,KOC,4,57.48,0,mist,Other,0,42.1,3.3,0.198,Low
37.0,4.7,Snack,motorcycle,25.48,83.0,0.0,clear sky,Moderate,11.9,34.78333333,KOC,3,35.7,0,clear sky,Other,0,31.2,3.6,0.0,Low
29.0,4.6,Snack,motorcycle,24.87,73.0,0.0,mist,High,14.7,40.61666667,COIMB,4,58.8,0,mist,COIMB,0,41.9,1.3,0.158,Low
39.0,4.0,Snack,motorcycle,18.3,77.0,0.0,scattered clouds,Moderate,16.33,36.51666667,MYS,3,48.99,0,clouds,MYS,0,32.6,3.9,0.0,Low
39.0,4.8,Buffet,motorcycle,26.08,65.0,0.0,haze,Very High,24.44,49.9,COIMB,5,122.2,0,haze,COIMB,1,50.9,1.0,1.0,High
21.0,4.8,Snack,scooter,22.98,48.0,0.0,clear sky,Low,4.34,18.23333333,PUNE,2,8.68,0,clear sky,PUNE,0,18.2,0.0,0.0,Low
22.0,4.7,Meal,motorcycle,23.31,71.0,0.0,haze,Very Low,2.41,10.38333333,BANG,1,2.41,1,haze,BANG,0,11.3,0.9,0.0,Low
31.0,4.9,Drinks,motorcycle,21.77,56.0,0.0,clear sky,High,17.86,53.16666667,KNP,4,71.44,0,clear sky,Other,1,46.3,6.9,0.853,High
20.0,4.2,Snack,motorcycle,19.01,65.0,0.0,clear sky,High,18.15,47.9,PUNE,4,72.6,0,clear sky,PUNE,1,44.6,3.3,0.243,Low
30.0,4.8,Buffet,motorcycle,23.67,39.0,0.0,clear sky,High,23.44,44.01666667,LUDH,4,93.76,0,clear sky,Other,0,40.7,3.3,0.072,Low
21.0,4.8,Snack,motorcycle,23.67,46.0,0.0,haze,Moderate,8.53,33.43333333,JAP,3,25.59,0,haze,JAP,0,29.5,3.9,0.0,Low
25.0,4.5,Meal,motorcycle,20.61,67.0,0.0,clear sky,Low,6.85,19.55,MYS,2,13.7,0,clear sky,MYS,0,17.7,1.9,0.0,Low
25.0,4.9,Drinks,motorcycle,27.98,65.0,0.0,haze,High,15.13,46.91666667,KOL,4,60.52,0,haze,Other,1,47.0,0.1,0.858,High
31.0,4.5,Drinks,electric scooter,22.81,60.0,0.0,haze,High,21.38,55.7,HYD,4,85.52,0,haze,HYD,1,51.9,3.8,0.954,High
27.0,4.8,Meal,motorcycle,28.49,81.0,0.0,mist,Moderate,10.9,28.35,CHEN,3,32.7,0,mist,CHEN,0,29.6,1.2,0.0,Low
38.0,4.7,Meal,electric scooter,21.06,78.0,0.0,mist,Very Low,2.37,10.0,RANCHI,1,2.37,1,mist,RANCHI,0,11.6,1.6,0.0,Low
28.0,4.9,Buffet,scooter,27.92,57.0,0.0,smoke,Low,4.99,25.2,MUM,2,9.98,0,smoke,MUM,0,24.7,0.5,0.0,Low
24.0,4.6,Snack,scooter,17.6,69.0,0.0,clear sky,Very High,21.4,56.01666667,RANCHI,5,107.0,0,clear sky,RANCHI,1,54.2,1.8,1.0,High
36.0,4.2,Snack,motorcycle,24.06,46.0,0.0,haze,Very High,23.37,53.08333333,JAP,5,116.85,0,haze,JAP,1,56.3,3.2,1.0,High
26.0,4.7,Buffet,motorcycle,19.04,93.0,0.0,fog,High,29.24,49.23333333,BANG,4,116.96,0,other,BANG,1,48.4,0.8,0.771,High
27.0,4.7,Snack,motorcycle,24.88,73.0,0.0,mist,Low,4.35,19.41666667,COIMB,2,8.7,0,mist,COIMB,0,21.6,2.2,0.0,Low
26.0,4.7,Meal,motorcycle,23.36,47.0,0.0,clear sky,Very High,24.84,74.81666667,PUNE,5,124.2,0,clear sky,PUNE,1,59.5,15.3,1.0,High
33.0,5.0,Meal,scooter,25.95,37.0,0.0,clear sky,High,15.07,38.66666667,AGR,4,60.28,0,clear sky,Other,0,35.7,3.0,0.004,Low
26.0,4.9,Snack,scooter,23.12,43.0,0.0,clear sky,Moderate,12.47,32.83333333,SUR,3,37.41,0,clear sky,SUR,0,30.7,2.1,0.0,Low
25.0,4.9,Meal,scooter,22.75,49.0,0.0,clear sky,High,18.69,42.38333333,PUNE,4,74.76,0,clear sky,PUNE,0,40.1,2.3,0.021,Low
37.0,4.0,Drinks,motorcycle,23.06,60.0,0.0,haze,Low,5.27,24.35,HYD,2,10.54,0,haze,HYD,0,25.7,1.3,0.0,Low
20.0,4.5,Meal,scooter,26.12,73.0,0.0,haze,Very High,20.42,47.6,COIMB,5,102.1,0,haze,COIMB,1,49.1,1.5,1.0,High
28.0,4.9,Meal,motorcycle,29.05,54.0,0.0,smoke,Very High,48.72,55.3,MUM,5,243.6,0,smoke,MUM,1,81.5,26.2,1.0,High
38.0,4.3,Buffet,motorcycle,22.98,83.0,0.0,haze,High,23.61,47.03333333,KOL,4,94.44,0,haze,Other,1,44.0,3.0,0.223,Low
32.0,5.0,Snack,motorcycle,23.35,27.0,0.0,clear sky,Moderate,10.34,31.38333333,JAP,3,31.02,0,clear sky,JAP,0,29.3,2.1,0.0,Low
37.0,4.6,Meal,scooter,22.68,49.0,0.0,clear sky,High,19.17,42.91666667,PUNE,4,76.68,0,clear sky,PUNE,0,40.6,2.3,0.033,Low
22.0,4.6,Meal,scooter,17.83,67.0,0.0,clear sky,High,15.58,31.51666667,RANCHI,4,62.32,0,clear sky,RANCHI,0,38.0,6.5,0.015,Low
30.0,4.9,Meal,scooter,19.53,68.0,0.0,haze,Low,4.38,13.31666667,JAP,2,8.76,0,haze,JAP,0,15.4,2.1,0.0,Low
34.0,4.8,Snack,scooter,17.18,72.0,0.0,haze,Moderate,13.4,31.03333333,INDO,3,40.2,0,haze,INDO,0,32.8,1.8,0.0,Low
34.0,4.6,Drinks,motorcycle,17.25,53.0,0.0,clear sky,High,19.16,43.93333333,INDO,4,76.64,0,clear sky,INDO,0,46.5,2.6,0.144,Low
39.0,4.7,Drinks,scooter,26.01,57.0,0.0,haze,Very Low,2.39,18.46666667,VAD,1,2.39,1,haze,Other,0,18.8,0.3,0.0,Low
24.0,4.9,Buffet,motorcycle,23.77,46.0,0.0,haze,High,13.58,36.86666667,JAP,4,54.32,0,haze,JAP,0,38.8,1.9,0.011,Low
22.0,4.0,Meal,motorcycle,21.98,50.0,0.0,clear sky,Low,7.04,19.4,AGR,2,14.08,0,clear sky,Other,0,17.9,1.5,0.0,Low
38.0,4.4,Drinks,electric scooter,22.83,43.0,0.0,clear sky,Very High,24.11,57.33333333,SUR,5,120.55,0,clear sky,SUR,1,57.3,0.0,1.0,High
23.0,4.9,Buffet,motorcycle,22.94,60.0,0.0,haze,High,15.02,40.0,HYD,4,60.08,0,haze,HYD,0,40.7,0.7,0.14,Low
35.0,4.9,Meal,scooter,17.31,53.0,0.0,clear sky,High,24.02,39.75,INDO,4,96.08,0,clear sky,INDO,0,41.1,1.4,0.361,Medium
38.0,4.6,Drinks,motorcycle,23.77,46.0,0.0,haze,Moderate,8.01,39.23333333,JAP,3,24.03,0,haze,JAP,0,34.6,4.6,0.0,Low
25.0,4.6,Meal,motorcycle,19.01,65.0,0.0,clear sky,High,20.95,45.75,PUNE,4,83.8,0,clear sky,PUNE,1,42.7,3.0,0.065,Low
21.0,4.5,Buffet,motorcycle,24.9,42.0,0.0,clear sky,Very High,24.36,54.96666667,SUR,5,121.8,0,clear sky,SUR,1,51.3,3.7,1.0,High
30.0,4.6,Buffet,motorcycle,28.43,83.0,0.0,overcast clouds,Very High,30.58,76.46666667,CHEN,5,152.89999999999998,0,clouds,CHEN,1,76.9,0.4,1.0,High
20.0,4.1,Meal,scooter,23.83,29.0,0.0,clear sky,Very High,29.44,46.73333333,JAP,5,147.20000000000002,0,clear sky,JAP,1,54.2,7.5,1.0,High
35.0,4.5,Buffet,motorcycle,28.86,66.0,0.0,broken clouds,Very High,27.01,52.03333333,GOA,5,135.05,0,clouds,Other,1,58.1,6.1,1.0,High
20.0,4.5,Snack,motorcycle,22.97,83.0,0.0,haze,Low,5.99,19.96666667,KOL,2,11.98,0,haze,Other,0,21.6,1.6,0.0,Low
36.0,4.9,Buffet,scooter,26.4,88.0,0.0,mist,Moderate,6.87,30.1,CHEN,3,20.61,0,mist,CHEN,0,29.6,0.5,0.0,Low
25.0,4.8,Drinks,electric scooter,18.53,58.0,0.0,clear sky,High,35.24,54.7,LUDH,4,140.96,0,clear sky,Other,1,54.0,0.7,0.999,High
29.0,4.7,Snack,motorcycle,19.07,93.0,0.0,fog,High,20.94,45.75,BANG,4,83.76,0,other,BANG,1,47.7,2.0,0.589,Medium
39.0,4.6,Drinks,motorcycle,25.75,73.0,0.0,haze,High,14.21,43.86666667,COIMB,4,56.84,0,haze,COIMB,0,44.4,0.5,0.214,Low
33.0,4.1,Buffet,scooter,19.83,47.0,0.0,clear sky,High,27.46,46.38333333,JAP,4,109.84,0,clear sky,JAP,1,45.8,0.6,0.966,High
20.0,4.8,Snack,motorcycle,23.99,64.0,0.0,haze,Moderate,11.19,28.31666667,VAD,3,33.57,0,haze,Other,0,30.6,2.3,0.0,Low
34.0,3.8,Meal,scooter,19.42,65.0,0.0,clear sky,High,22.85,42.83333333,PUNE,4,91.4,0,clear sky,PUNE,0,43.2,0.4,0.099,Low
34.0,4.8,Meal,electric scooter,25.0,73.0,0.0,mist,High,16.69,34.35,COIMB,4,66.76,0,mist,COIMB,0,38.7,4.4,0.02,Low
28.0,4.6,Drinks,motorcycle,25.06,73.0,0.0,mist,Moderate,13.97,40.38333333,COIMB,3,41.91,0,mist,COIMB,0,39.6,0.8,0.0,Low
29.0,4.6,Buffet,electric scooter,19.2,93.0,0.0,mist,Very High,29.57,72.56666667,BANG,5,147.85,0,mist,BANG,1,66.1,6.5,1.0,High
33.0,4.9,Buffet,motorcycle,18.1,81.0,0.0,broken clouds,Low,7.95,18.28333333,MYS,2,15.9,0,clouds,MYS,0,22.6,4.3,0.0,Low
39.0,4.8,Meal,scooter,19.98,46.0,0.0,clear sky,High,16.4,35.53333333,JAP,4,65.6,0,clear sky,JAP,0,38.5,3.0,0.029,Low
21.0,4.6,Snack,motorcycle,26.69,44.0,0.0,smoke,Very Low,2.48,19.18333333,MUM,1,2.48,1,smoke,MUM,0,18.0,1.2,0.0,Low
31.0,4.8,Meal,motorcycle,23.12,71.0,0.0,haze,Very Low,2.12,9.95,BANG,1,2.12,1,haze,BANG,0,10.8,0.9,0.0,Low
25.0,4.5,Drinks,motorcycle,26.4,92.0,0.0,scattered clouds,Very High,27.98,77.9,CHEN,5,139.9,0,clouds,CHEN,1,79.3,1.4,1.0,High
37.0,4.7,Meal,scooter,28.01,57.0,0.0,smoke,High,11.59,38.65,MUM,4,46.36,0,smoke,MUM,0,39.9,1.2,0.019,Low
39.0,3.7,Meal,electric scooter,23.37,39.0,0.0,clear sky,Very High,42.21,52.35,LUDH,5,211.05,0,clear sky,Other,1,57.4,5.0,1.0,High
26.0,4.7,Buffet,motorcycle,25.01,73.0,0.0,mist,Very Low,3.42,12.96666667,SUR,1,3.42,0,mist,SUR,0,14.3,1.3,0.0,Low
38.0,4.8,Snack,motorcycle,23.01,43.0,0.0,clear sky,Moderate,11.71,30.98333333,SUR,3,35.13,0,clear sky,SUR,0,30.5,0.5,0.0,Low
25.0,4.8,Drinks,scooter,28.34,82.0,0.0,overcast clouds,Very High,21.52,71.16666667,CHEN,5,107.6,0,clouds,CHEN,1,70.8,0.4,1.0,High
26.0,4.5,Drinks,motorcycle,28.38,82.0,0.0,mist,Very High,16.28,61.03333333,CHEN,5,81.4,0,mist,CHEN,1,63.5,2.5,1.0,High
33.0,3.6,Drinks,motorcycle,27.04,44.0,0.0,smoke,High,19.06,51.98333333,MUM,4,76.24,0,smoke,MUM,1,53.2,1.2,0.993,High
21.0,4.2,Buffet,motorcycle,25.14,73.0,0.0,mist,High,17.58,38.81666667,COIMB,4,70.32,0,mist,COIMB,0,42.9,4.1,0.114,Low
28.0,4.4,Meal,motorcycle,21.93,50.0,0.0,clear sky,Low,4.46,13.13333333,AGR,2,8.92,0,clear sky,Other,0,14.3,1.2,0.0,Low
21.0,4.7,Buffet,motorcycle,17.12,72.0,0.0,haze,Moderate,9.33,25.9,INDO,3,27.99,0,haze,INDO,0,27.3,1.4,0.0,Low
28.0,4.7,Meal,motorcycle,26.36,88.0,0.0,mist,Moderate,11.34,27.9,CHEN,3,34.02,0,mist,CHEN,0,31.0,3.1,0.0,Low
20.0,4.5,Drinks,motorcycle,25.02,73.0,0.0,mist,Very Low,2.41,21.16666667,SUR,1,2.41,1,mist,SUR,0,20.5,0.7,0.0,Low
31.0,4.9,Drinks,motorcycle,28.48,81.0,0.0,mist,Low,3.19,23.33333333,CHEN,2,6.38,0,mist,CHEN,0,24.0,0.7,0.0,Low
27.0,4.4,Snack,motorcycle,26.71,44.0,0.0,smoke,Very High,20.7,62.9,MUM,5,103.5,0,smoke,MUM,1,64.4,1.5,1.0,High
38.0,4.6,Meal,motorcycle,22.52,60.0,0.0,haze,Very High,26.98,62.96666667,HYD,5,134.9,0,haze,HYD,1,57.7,5.3,1.0,High
34.0,4.2,Meal,scooter,19.07,93.0,0.0,fog,High,23.84,46.43333333,BANG,4,95.36,0,other,BANG,1,44.0,2.4,0.574,Medium
33.0,4.7,Meal,scooter,17.51,69.0,0.0,clear sky,High,19.11,38.16666667,RANCHI,4,76.44,0,clear sky,RANCHI,0,37.0,1.2,0.049,Low
27.0,4.9,Snack,scooter,28.47,81.0,0.0,mist,Very Low,1.88,12.16666667,CHEN,1,1.88,1,mist,CHEN,0,13.9,1.7,0.0,Low
31.0,4.8,Meal,motorcycle,17.67,68.0,0.0,clear sky,Moderate,6.0,21.66666667,RANCHI,3,18.0,0,clear sky,RANCHI,0,24.0,2.3,0.0,Low
29.0,4.9,Meal,scooter,17.44,76.0,0.0,clear sky,Very Low,2.25,6.633333333,DEH,1,2.25,1,clear sky,Other,0,8.8,2.2,0.0,Low
21.0,4.9,Meal,electric scooter,23.02,48.0,0.0,clear sky,Low,7.86,18.33333333,PUNE,2,15.72,0,clear sky,PUNE,0,19.3,1.0,0.0,Low
33.0,4.5,Drinks,motorcycle,21.74,60.0,0.0,haze,Moderate,11.84,40.08333333,AURG,3,35.52,0,haze,Other,0,36.8,3.3,0.0,Low
31.0,4.5,Drinks,scooter,26.94,44.0,0.0,smoke,High,11.13,47.7,MUM,4,44.52,0,smoke,MUM,1,50.3,2.6,0.982,High
28.0,4.7,Buffet,scooter,25.15,73.0,0.0,mist,Very High,24.89,57.05,COIMB,5,124.45,0,mist,COIMB,1,54.6,2.4,1.0,High
29.0,4.6,Snack,motorcycle,19.97,83.0,0.0,mist,Low,4.12,18.6,RANCHI,2,8.24,0,mist,RANCHI,0,21.3,2.7,0.0,Low
34.0,3.9,Drinks,electric scooter,19.37,93.0,0.0,mist,High,17.09,45.5,BANG,4,68.36,0,mist,BANG,1,48.3,2.8,0.846,High
36.0,4.8,Meal,motorcycle,19.19,93.0,0.0,fog,Very High,21.79,51.4,BANG,5,108.95,0,other,BANG,1,54.3,2.9,1.0,High
37.0,4.9,Buffet,scooter,28.42,81.0,0.0,mist,Low,6.21,23.4,CHEN,2,12.42,0,mist,CHEN,0,21.9,1.5,0.0,Low
23.0,5.0,Buffet,motorcycle,16.27,94.0,0.0,mist,High,12.12,36.2,RANCHI,4,48.48,0,mist,RANCHI,0,39.8,3.6,0.12,Low
38.0,5.0,Buffet,motorcycle,23.0,72.0,0.0,haze,High,14.88,39.55,BANG,4,59.52,0,haze,BANG,0,41.1,1.6,0.139,Low
38.0,4.6,Drinks,scooter,22.73,60.0,0.0,haze,High,20.84,44.3,HYD,4,83.36,0,haze,HYD,0,51.5,7.2,0.914,High
26.0,5.0,Meal,motorcycle,20.7,67.0,0.0,clear sky,High,17.89,32.13333333,MYS,4,71.56,0,clear sky,MYS,0,35.7,3.6,0.021,Low
32.0,4.4,Snack,scooter,22.79,43.0,0.0,clear sky,Very High,28.79,63.03333333,SUR,5,143.95,0,clear sky,SUR,1,60.3,2.7,1.0,High
25.0,4.8,Drinks,motorcycle,21.21,78.0,0.0,mist,High,18.52,44.9,RANCHI,4,74.08,0,mist,RANCHI,0,48.2,3.3,0.925,High
39.0,4.4,Drinks,motorcycle,19.99,68.0,0.0,haze,Moderate,14.46,40.51666667,JAP,3,43.38,0,haze,JAP,0,38.5,2.0,0.0,Low
38.0,4.5,Buffet,motorcycle,25.36,38.0,0.0,clear sky,Very High,33.04,54.03333333,AGR,5,165.2,0,clear sky,Other,1,50.5,3.5,1.0,High
23.0,4.9,Snack,scooter,26.99,44.0,0.0,smoke,Low,2.98,20.5,MUM,2,5.96,1,smoke,MUM,0,23.2,2.7,0.0,Low
36.0,4.9,Buffet,motorcycle,28.26,82.0,0.0,mist,High,9.22,37.58333333,CHEN,4,36.88,0,mist,CHEN,0,38.4,0.8,0.016,Low
33.0,4.7,Meal,motorcycle,26.2,73.0,0.0,haze,Very High,24.96,53.45,COIMB,5,124.8,0,haze,COIMB,1,52.4,1.1,1.0,High
20.0,4.8,Snack,scooter,24.9,43.0,0.0,clear sky,Very High,24.01,52.36666667,SUR,5,120.05,0,clear sky,SUR,1,54.0,1.6,1.0,High
32.0,4.9,Buffet,electric scooter,22.6,60.0,0.0,haze,Very High,26.46,55.75,HYD,5,132.3,0,haze,HYD,1,57.8,2.0,1.0,High
34.0,4.7,Meal,scooter,19.54,93.0,0.0,mist,High,11.19,43.33333333,BANG,4,44.76,0,mist,BANG,0,36.4,6.9,0.002,Low
21.0,4.5,Snack,motorcycle,20.23,67.0,0.0,clear sky,High,25.51,45.08333333,MYS,4,102.04,0,clear sky,MYS,1,44.2,0.9,0.554,Medium
24.0,4.8,Drinks,motorcycle,18.3,81.0,0.0,broken clouds,Moderate,9.7,40.56666667,MYS,3,29.1,0,clouds,MYS,0,35.3,5.3,0.0,Low
22.0,4.9,Drinks,motorcycle,22.24,44.0,0.0,clear sky,Very High,31.62,59.5,INDO,5,158.1,0,clear sky,INDO,1,61.6,2.1,1.0,High
21.0,4.6,Drinks,scooter,28.01,65.0,0.0,haze,Very High,28.16,73.65,KOL,5,140.8,0,haze,Other,1,68.0,5.7,1.0,High
22.0,4.7,Drinks,motorcycle,28.53,82.0,0.0,overcast clouds,Very High,20.37,72.96666667,CHEN,5,101.85,0,clouds,CHEN,1,69.2,3.8,1.0,High
38.0,4.3,Drinks,motorcycle,28.46,81.0,0.0,mist,Moderate,9.26,41.31666667,CHEN,3,27.78,0,mist,CHEN,0,36.9,4.4,0.0,Low
29.0,5.0,Snack,scooter,23.54,57.0,0.0,haze,Very High,32.22,67.61666667,HYD,5,161.1,0,haze,HYD,1,65.4,2.2,1.0,High
29.0,4.6,Drinks,motorcycle,22.77,60.0,0.0,haze,Low,3.22,24.03333333,HYD,2,6.44,0,haze,HYD,0,23.4,0.6,0.0,Low
20.0,5.0,Snack,scooter,22.96,48.0,0.0,clear sky,Moderate,10.05,29.71666667,PUNE,3,30.15,0,clear sky,PUNE,0,29.9,0.2,0.0,Low
30.0,4.8,Buffet,scooter,17.9,68.0,0.0,clear sky,High,15.62,36.55,RANCHI,4,62.48,0,clear sky,RANCHI,0,39.3,2.8,0.173,Low
38.0,4.8,Buffet,scooter,28.01,65.0,0.0,haze,High,17.29,39.93333333,KOL,4,69.16,0,haze,Other,0,41.6,1.7,0.141,Low
24.0,4.4,Snack,motorcycle,25.95,65.0,0.0,haze,High,17.37,37.5,COIMB,4,69.48,0,haze,COIMB,0,42.0,4.5,0.124,Low
32.0,4.5,Buffet,motorcycle,17.77,82.0,0.0,mist,Moderate,8.95,30.0,AURG,3,26.85,0,mist,Other,0,29.1,0.9,0.0,Low
30.0,4.8,Drinks,scooter,20.61,67.0,0.0,clear sky,Moderate,10.37,37.73333333,MYS,3,31.11,0,clear sky,MYS,0,34.5,3.2,0.0,Low
29.0,4.9,Buffet,scooter,22.14,73.0,0.0,haze,Very High,22.12,49.55,BANG,5,110.6,0,haze,BANG,1,52.6,3.1,1.0,High
31.0,5.0,Meal,motorcycle,25.78,73.0,0.0,haze,Low,4.6,16.28333333,COIMB,2,9.2,0,haze,COIMB,0,15.5,0.8,0.0,Low
30.0,4.6,Drinks,motorcycle,23.91,64.0,0.0,haze,High,24.3,50.25,VAD,4,97.2,0,haze,Other,1,49.9,0.4,0.964,High
20.0,4.8,Snack,scooter,28.21,82.0,0.0,mist,Low,2.56,19.86666667,CHEN,2,5.12,1,mist,CHEN,0,19.6,0.3,0.0,Low
26.0,4.8,Buffet,scooter,17.08,72.0,0.0,haze,Low,5.67,19.18333333,INDO,2,11.34,0,haze,INDO,0,18.6,0.6,0.0,Low
26.0,5.0,Drinks,motorcycle,21.92,54.0,0.0,clear sky,Low,8.66,27.3,KNP,2,17.32,0,clear sky,Other,0,28.6,1.3,0.0,Low
32.0,4.4,Meal,scooter,20.81,60.0,0.0,haze,Very High,21.22,48.73333333,AURG,5,106.1,0,haze,Other,1,53.9,5.2,1.0,High
28.0,4.4,Buffet,motorcycle,19.7,68.0,0.0,haze,Moderate,7.27,27.6,JAP,3,21.81,0,haze,JAP,0,26.6,1.0,0.0,Low
23.0,5.0,Buffet,motorcycle,22.64,60.0,0.0,haze,Low,6.42,19.6,HYD,2,12.84,0,haze,HYD,0,20.6,1.0,0.0,Low
32.0,4.7,Snack,motorcycle,24.84,73.0,0.0,mist,High,15.4,38.25,COIMB,4,61.6,0,mist,COIMB,0,42.5,4.2,0.202,Low
34.0,4.9,Meal,electric scooter,19.75,68.0,0.0,haze,Low,6.06,17.83333333,JAP,2,12.12,0,haze,JAP,0,18.1,0.3,0.0,Low
36.0,4.5,Buffet,motorcycle,27.9,50.0,0.0,clear sky,Moderate,11.67,32.55,MUM,3,35.01,0,clear sky,MUM,0,29.5,3.0,0.0,Low
23.0,4.2,Snack,motorcycle,24.93,73.0,0.0,mist,High,14.18,43.55,SUR,4,56.72,0,mist,SUR,0,41.2,2.3,0.04,Low
29.0,4.5,Snack,motorcycle,20.7,68.0,0.0,clear sky,High,15.76,45.36666667,MYS,4,63.04,0,clear sky,MYS,1,38.3,7.1,0.068,Low
21.0,4.9,Snack,motorcycle,22.96,46.0,0.0,haze,Moderate,10.08,26.73333333,JAP,3,30.24,0,haze,JAP,0,29.8,3.1,0.0,Low
25.0,4.6,Buffet,motorcycle,19.53,47.0,0.0,clear sky,Very High,31.54,68.16666667,JAP,5,157.7,0,clear sky,JAP,1,60.3,7.9,1.0,High
38.0,4.6,Drinks,scooter,25.93,65.0,0.0,haze,Very Low,3.04,19.96666667,COIMB,1,3.04,0,haze,COIMB,0,19.1,0.9,0.0,Low
39.0,4.6,Snack,scooter,25.86,59.0,0.0,scattered clouds,Moderate,10.72,30.88333333,GOA,3,32.160000000000004,0,clouds,Other,0,31.3,0.4,0.0,Low
20.0,5.0,Drinks,motorcycle,27.05,47.0,0.0,clear sky,Moderate,7.8,34.16666667,MUM,3,23.4,0,clear sky,MUM,0,36.2,2.0,0.0,Low
28.0,4.9,Drinks,scooter,23.15,60.0,0.0,haze,High,16.74,45.33333333,INDO,4,66.96,0,haze,INDO,1,46.0,0.7,0.635,Medium
31.0,4.8,Drinks,motorcycle,26.02,44.0,0.0,smoke,High,13.83,53.25,MUM,4,55.32,0,smoke,MUM,1,52.7,0.5,0.969,High
25.0,4.1,Buffet,scooter,19.12,65.0,0.0,clear sky,Very High,21.42,53.35,PUNE,5,107.1,0,clear sky,PUNE,1,54.7,1.4,1.0,High
22.0,4.7,Drinks,scooter,22.87,43.0,0.0,clear sky,High,21.89,47.85,SUR,4,87.56,0,clear sky,SUR,1,50.6,2.8,0.968,High
31.0,4.7,Buffet,scooter,15.26,77.0,0.0,clear sky,Low,5.07,14.53333333,DEH,2,10.14,0,clear sky,Other,0,17.0,2.5,0.0,Low
25.0,4.8,Buffet,electric scooter,23.53,73.0,0.0,haze,High,12.86,34.16666667,BANG,4,51.44,0,haze,BANG,0,38.1,3.9,0.02,Low
33.0,4.5,Drinks,scooter,19.97,68.0,0.0,haze,High,16.37,42.53333333,JAP,4,65.48,0,haze,JAP,0,47.7,5.2,0.897,High
35.0,4.8,Buffet,motorcycle,24.97,73.0,0.0,mist,High,17.5,47.88333333,COIMB,4,70.0,0,mist,COIMB,1,42.3,5.6,0.15,Low
34.0,4.9,Drinks,motorcycle,22.92,94.0,0.0,mist,Low,6.56,26.25,KOC,2,13.12,0,mist,Other,0,28.9,2.6,0.0,Low
35.0,4.2,Drinks,motorcycle,21.74,56.0,0.0,clear sky,High,24.75,54.76666667,ALH,4,99.0,0,clear sky,Other,1,49.0,5.8,0.988,High
37.0,3.5,Meal,motorcycle,19.76,69.0,0.0,clear sky,High,25.55,40.18333333,MYS,4,102.2,0,clear sky,MYS,0,41.5,1.3,0.485,Medium
24.0,5.0,Snack,scooter,26.69,44.0,0.0,smoke,Very High,20.12,68.03333333,MUM,5,100.6,0,smoke,MUM,1,64.4,3.6,1.0,High
25.0,4.8,Meal,electric scooter,22.13,43.0,0.0,clear sky,Moderate,10.29,29.3,BHP,3,30.87,0,clear sky,Other,0,24.8,4.5,0.0,Low
20.0,4.8,Drinks,electric scooter,26.34,88.0,0.0,mist,High,8.72,46.5,CHEN,4,34.88,0,mist,CHEN,1,46.5,0.0,0.97,High
38.0,4.6,Buffet,motorcycle,22.23,44.0,0.0,clear sky,Moderate,15.81,27.4,INDO,3,47.43,0,clear sky,INDO,0,30.4,3.0,0.0,Low
23.0,4.8,Buffet,scooter,23.92,88.0,0.0,mist,High,16.75,43.21666667,KOC,4,67.0,0,mist,Other,0,42.8,0.4,0.405,Medium
27.0,4.8,Snack,scooter,27.99,57.0,0.0,smoke,Low,6.26,25.25,MUM,2,12.52,0,smoke,MUM,0,26.8,1.6,0.0,Low
35.0,4.8,Buffet,motorcycle,25.54,38.0,0.0,clear sky,Very High,31.68,50.3,AGR,5,158.4,0,clear sky,Other,1,51.1,0.8,1.0,High
35.0,4.9,Snack,scooter,15.19,77.0,0.0,clear sky,Low,4.55,15.6,DEH,2,9.1,0,clear sky,Other,0,17.2,1.6,0.0,Low
29.0,4.6,Buffet,electric scooter,22.87,60.0,0.0,haze,Moderate,8.47,24.5,HYD,3,25.410000000000004,0,haze,HYD,0,27.5,3.0,0.0,Low
31.0,4.9,Buffet,motorcycle,19.44,68.0,0.0,haze,Low,6.97,15.5,JAP,2,13.94,0,haze,JAP,0,20.8,5.3,0.0,Low
26.0,4.9,Meal,motorcycle,20.19,83.0,0.0,mist,Moderate,9.38,30.13333333,RANCHI,3,28.14,0,mist,RANCHI,0,27.7,2.4,0.0,Low
21.0,4.9,Meal,scooter,23.71,57.0,0.0,haze,Very High,53.49,56.48333333,HYD,5,267.45,0,haze,HYD,1,60.7,4.2,1.0,High
20.0,4.8,Meal,electric scooter,23.9,57.0,0.0,haze,Moderate,11.17,25.15,HYD,3,33.51,0,haze,HYD,0,28.1,3.0,0.0,Low
26.0,4.5,Buffet,scooter,17.74,68.0,0.0,clear sky,Very Low,1.91,11.86666667,RANCHI,1,1.91,1,clear sky,RANCHI,0,10.4,1.5,0.0,Low
32.0,5.0,Drinks,scooter,17.16,72.0,0.0,haze,Moderate,7.21,35.18333333,INDO,3,21.63,0,haze,INDO,0,34.5,0.7,0.0,Low
29.0,4.9,Snack,motorcycle,25.0,73.0,0.0,mist,High,18.48,47.31666667,COIMB,4,73.92,0,mist,COIMB,1,44.8,2.5,0.356,Medium
36.0,4.3,Meal,scooter,18.05,77.0,0.0,scattered clouds,High,25.16,42.73333333,MYS,4,100.64,0,clouds,MYS,0,41.6,1.1,0.158,Low
29.0,4.8,Drinks,scooter,28.42,81.0,0.0,mist,Low,5.08,24.36666667,CHEN,2,10.16,0,mist,CHEN,0,27.0,2.6,0.0,Low
21.0,4.1,Snack,motorcycle,24.93,41.0,0.0,clear sky,High,16.73,37.5,SUR,4,66.92,0,clear sky,SUR,0,40.6,3.1,0.059,Low
20.0,4.5,Buffet,motorcycle,23.17,60.0,0.0,haze,Moderate,12.44,26.2,INDO,3,37.32,0,haze,INDO,0,29.7,3.5,0.0,Low
24.0,4.9,Meal,scooter,22.63,60.0,0.0,haze,Very High,21.45,55.2,HYD,5,107.25,0,haze,HYD,1,51.9,3.3,1.0,High
29.0,4.6,Buffet,scooter,19.91,93.0,0.0,mist,Very High,27.25,77.95,BANG,5,136.25,0,mist,BANG,1,69.5,8.5,1.0,High
35.0,4.7,Drinks,motorcycle,25.99,65.0,0.0,haze,High,17.97,43.63333333,COIMB,4,71.88,0,haze,COIMB,0,46.4,2.8,0.743,High
37.0,4.8,Drinks,scooter,18.32,81.0,0.0,broken clouds,Moderate,9.16,34.86666667,MYS,3,27.48,0,clouds,MYS,0,35.4,0.5,0.0,Low
30.0,4.9,Buffet,motorcycle,17.73,68.0,0.0,clear sky,Moderate,15.8,27.13333333,RANCHI,3,47.400000000000006,0,clear sky,RANCHI,0,30.8,3.7,0.0,Low
34.0,4.0,Meal,motorcycle,28.0,65.0,0.0,haze,High,15.8,42.15,KOL,4,63.2,0,haze,Other,0,37.2,4.9,0.058,Low
26.0,4.6,Drinks,motorcycle,27.0,44.0,0.0,smoke,Very High,16.16,60.96666667,MUM,5,80.8,0,smoke,MUM,1,67.0,6.0,1.0,High
38.0,3.8,Buffet,scooter,22.89,49.0,0.0,clear sky,Very High,21.35,54.03333333,PUNE,5,106.75,0,clear sky,PUNE,1,56.5,2.5,1.0,High
36.0,4.7,Drinks,motorcycle,24.94,73.0,0.0,mist,Very High,20.14,58.63333333,SUR,5,100.7,0,mist,SUR,1,60.3,1.7,1.0,High
30.0,4.3,Snack,motorcycle,25.18,73.0,0.0,mist,Very High,24.96,56.25,COIMB,5,124.8,0,mist,COIMB,1,57.1,0.9,1.0,High
38.0,5.0,Meal,scooter,17.08,72.0,0.0,haze,High,13.69,32.76666667,INDO,4,54.76,0,haze,INDO,0,36.0,3.2,0.003,Low
25.0,4.7,Buffet,motorcycle,28.86,54.0,0.0,smoke,Very High,29.59,63.13333333,MUM,5,147.95,0,smoke,MUM,1,73.3,10.2,1.0,High
26.0,4.6,Buffet,electric scooter,17.11,77.0,0.0,haze,Low,4.53,19.75,INDO,2,9.06,0,haze,INDO,0,18.0,1.8,0.0,Low
21.0,4.6,Meal,motorcycle,25.88,65.0,0.0,haze,Low,7.51,19.61666667,COIMB,2,15.02,0,haze,COIMB,0,19.8,0.2,0.0,Low
35.0,4.9,Drinks,motorcycle,18.35,77.0,0.0,scattered clouds,High,17.77,42.36666667,MYS,4,71.08,0,clouds,MYS,0,46.0,3.6,0.388,Medium
33.0,5.0,Buffet,motorcycle,17.41,69.0,0.0,clear sky,High,18.92,37.5,RANCHI,4,75.68,0,clear sky,RANCHI,0,39.0,1.5,0.065,Low
28.0,5.0,Snack,motorcycle,19.54,93.0,0.0,mist,Moderate,10.08,35.13333333,BANG,3,30.24,0,mist,BANG,0,32.3,2.8,0.0,Low
34.0,4.9,Snack,motorcycle,28.39,82.0,0.0,overcast clouds,Very High,20.12,62.71666667,CHEN,5,100.6,0,clouds,CHEN,1,63.8,1.1,1.0,High
33.0,4.2,Buffet,motorcycle,24.01,38.0,0.0,clear sky,Very Low,2.08,9.816666667,LUDH,1,2.08,1,clear sky,Other,0,10.0,0.2,0.0,Low
30.0,3.5,Meal,motorcycle,21.54,44.0,0.0,clear sky,High,14.05,32.35,BHP,4,56.2,0,clear sky,Other,0,35.9,3.5,0.009,Low
35.0,4.9,Meal,scooter,28.48,81.0,0.0,mist,Low,3.19,14.56666667,CHEN,2,6.38,0,mist,CHEN,0,15.7,1.1,0.0,Low
32.0,4.8,Meal,motorcycle,27.99,65.0,0.0,haze,High,17.67,42.41666667,KOL,4,70.68,0,haze,Other,0,38.5,3.9,0.016,Low
20.0,4.5,Buffet,scooter,26.73,44.0,0.0,smoke,High,11.2,41.71666667,MUM,4,44.8,0,smoke,MUM,0,44.3,2.6,0.123,Low
20.0,4.8,Meal,scooter,17.84,82.0,0.0,mist,Very Low,2.62,12.73333333,AURG,1,2.62,1,mist,Other,0,11.6,1.1,0.0,Low
26.0,4.9,Buffet,scooter,18.22,81.0,0.0,broken clouds,Moderate,14.53,31.75,MYS,3,43.59,0,clouds,MYS,0,32.2,0.5,0.0,Low
35.0,4.5,Buffet,motorcycle,26.42,88.0,0.0,mist,Moderate,6.71,28.2,CHEN,3,20.13,0,mist,CHEN,0,29.7,1.5,0.0,Low
34.0,3.6,Snack,scooter,23.37,39.0,0.0,clear sky,Very High,43.47,58.26666667,LUDH,5,217.35,0,clear sky,Other,1,65.7,7.4,1.0,High
35.0,4.9,Drinks,scooter,22.05,60.0,0.0,haze,Low,5.85,27.06666667,INDO,2,11.7,0,haze,INDO,0,27.1,0.0,0.0,Low
37.0,4.5,Snack,motorcycle,16.29,67.0,0.0,clear sky,High,19.03,38.41666667,RANCHI,4,76.12,0,clear sky,RANCHI,0,39.9,1.5,0.075,Low
29.0,4.6,Drinks,motorcycle,26.32,79.0,0.0,clear sky,Low,4.81,24.18333333,KOC,2,9.62,0,clear sky,Other,0,23.9,0.3,0.0,Low
28.0,5.0,Buffet,motorcycle,20.01,83.0,0.0,mist,Moderate,10.0,27.88333333,RANCHI,3,30.0,0,mist,RANCHI,0,29.9,2.0,0.0,Low
28.0,4.7,Drinks,electric scooter,26.48,87.0,0.0,scattered clouds,Very High,30.52,84.36666667,CHEN,5,152.6,0,clouds,CHEN,1,87.5,3.1,1.0,High
31.0,4.9,Meal,motorcycle,20.23,67.0,0.0,clear sky,High,25.51,42.85,MYS,4,102.04,0,clear sky,MYS,0,40.2,2.6,0.032,Low
31.0,4.7,Snack,motorcycle,17.27,53.0,0.0,clear sky,High,16.93,38.01666667,INDO,4,67.72,0,clear sky,INDO,0,40.6,2.6,0.014,Low
29.0,4.6,Drinks,scooter,22.11,60.0,0.0,haze,Very Low,2.31,18.35,INDO,1,2.31,1,haze,INDO,0,19.1,0.8,0.0,Low
23.0,5.0,Snack,scooter,19.09,65.0,0.0,clear sky,Moderate,12.17,32.83333333,PUNE,3,36.51,0,clear sky,PUNE,0,31.1,1.7,0.0,Low
21.0,4.5,Meal,scooter,23.98,46.0,0.0,haze,High,17.93,41.61666667,JAP,4,71.72,0,haze,JAP,0,39.3,2.3,0.025,Low
31.0,4.7,Snack,scooter,22.58,73.0,0.0,haze,High,13.61,41.4,BANG,4,54.44,0,haze,BANG,0,42.3,0.9,0.19,Low
27.0,4.8,Drinks,motorcycle,23.72,29.0,0.0,clear sky,Very High,27.46,66.26666667,JAP,5,137.3,0,clear sky,JAP,1,64.3,2.0,1.0,High
22.0,4.8,Snack,motorcycle,21.75,55.0,0.0,clear sky,Moderate,12.7,32.15,KNP,3,38.1,0,clear sky,Other,0,31.4,0.8,0.0,Low
25.0,4.7,Drinks,motorcycle,19.68,91.0,0.0,mist,Moderate,9.56,37.36666667,BANG,3,28.68,0,mist,BANG,0,37.5,0.1,0.0,Low
20.0,4.8,Meal,scooter,18.4,81.0,0.0,scattered clouds,Moderate,11.89,27.36666667,MYS,3,35.67,0,clouds,MYS,0,27.5,0.1,0.0,Low
20.0,4.7,Drinks,motorcycle,26.36,88.0,0.0,mist,High,11.21,53.25,CHEN,4,44.84,0,mist,CHEN,1,48.1,5.1,0.948,High
26.0,4.6,Buffet,motorcycle,22.12,60.0,0.0,haze,Low,6.42,20.58333333,INDO,2,12.84,0,haze,INDO,0,20.7,0.1,0.0,Low
38.0,4.7,Snack,motorcycle,20.74,68.0,0.0,clear sky,High,15.19,35.26666667,MYS,4,60.76,0,clear sky,MYS,0,37.9,2.6,0.038,Low
31.0,4.8,Meal,motorcycle,24.9,73.0,0.0,mist,Very Low,2.99,13.65,COIMB,1,2.99,1,mist,COIMB,0,12.0,1.7,0.0,Low
27.0,4.6,Buffet,motorcycle,22.78,43.0,0.0,clear sky,Low,10.4,21.3,VAD,2,20.8,0,clear sky,Other,0,20.4,0.9,0.0,Low
38.0,5.0,Meal,scooter,25.48,83.0,0.0,clear sky,Moderate,12.7,29.83333333,KOC,3,38.1,0,clear sky,Other,0,27.4,2.4,0.0,Low
35.0,4.8,Meal,motorcycle,24.81,73.0,0.0,mist,Moderate,6.79,26.86666667,COIMB,3,20.37,0,mist,COIMB,0,26.7,0.2,0.0,Low
34.0,4.6,Drinks,scooter,20.7,66.0,0.0,clear sky,Very Low,2.66,17.05,MYS,1,2.66,1,clear sky,MYS,0,17.1,0.1,0.0,Low
22.0,4.8,Snack,motorcycle,26.42,44.0,0.0,smoke,High,14.61,46.63333333,MUM,4,58.44,0,smoke,MUM,1,48.7,2.1,0.837,High
37.0,4.3,Drinks,motorcycle,28.28,82.0,0.0,mist,Low,6.66,31.05,CHEN,2,13.32,0,mist,CHEN,0,29.2,1.9,0.0,Low
31.0,4.6,Buffet,scooter,21.88,60.0,0.0,haze,Low,6.7,18.2,AURG,2,13.4,0,haze,Other,0,20.8,2.6,0.0,Low
31.0,4.5,Buffet,motorcycle,28.0,65.0,0.0,haze,Moderate,15.29,33.85,KOL,3,45.87,0,haze,Other,0,32.3,1.6,0.0,Low
36.0,4.7,Meal,motorcycle,24.99,73.0,0.0,mist,Very Low,1.85,9.4,SUR,1,1.85,1,mist,SUR,0,10.1,0.7,0.0,Low
29.0,4.6,Meal,bicycle,24.98,58.0,0.0,scattered clouds,Low,8.33,20.06666667,GOA,2,16.66,0,clouds,Other,0,20.6,0.5,0.0,Low
39.0,4.8,Snack,motorcycle,22.89,42.0,0.0,clear sky,Low,7.47,19.36666667,VAD,2,14.94,0,clear sky,Other,0,21.5,2.1,0.0,Low
39.0,4.6,Snack,electric scooter,22.88,43.0,0.0,clear sky,High,19.68,41.25,SUR,4,78.72,0,clear sky,SUR,0,42.4,1.1,0.404,Medium
27.0,4.7,Snack,motorcycle,17.71,68.0,0.0,clear sky,Low,7.64,22.46666667,RANCHI,2,15.28,0,clear sky,RANCHI,0,23.0,0.5,0.0,Low
28.0,4.8,Snack,motorcycle,23.43,73.0,0.0,haze,High,13.98,41.71666667,BANG,4,55.92,0,haze,BANG,0,42.2,0.5,0.432,Medium
32.0,4.7,Snack,scooter,22.64,60.0,0.0,haze,Very High,25.29,54.48333333,HYD,5,126.45,0,haze,HYD,1,59.9,5.4,1.0,High
27.0,4.6,Meal,scooter,22.88,43.0,0.0,clear sky,High,17.94,36.51666667,SUR,4,71.76,0,clear sky,SUR,0,36.6,0.1,0.009,Low
27.0,4.9,Drinks,scooter,23.17,60.0,0.0,haze,Moderate,12.32,34.91666667,INDO,3,36.96,0,haze,INDO,0,36.7,1.8,0.0,Low
35.0,4.8,Buffet,electric scooter,19.62,68.0,0.0,haze,Low,4.61,18.83333333,JAP,2,9.22,0,haze,JAP,0,17.7,1.1,0.0,Low
37.0,4.8,Meal,scooter,17.65,68.0,0.0,clear sky,Moderate,14.22,26.23333333,RANCHI,3,42.66,0,clear sky,RANCHI,0,28.2,2.0,0.0,Low
36.0,4.9,Snack,motorcycle,16.97,72.0,0.0,haze,Low,11.52,25.36666667,INDO,2,23.04,0,haze,INDO,0,24.6,0.8,0.0,Low
21.0,4.8,Meal,motorcycle,28.8,69.0,0.0,scattered clouds,Moderate,9.2,27.43333333,GOA,3,27.6,0,clouds,Other,0,26.3,1.1,0.0,Low
39.0,4.8,Snack,scooter,25.75,83.0,0.0,mist,Low,8.6,25.9,GOA,2,17.2,0,mist,Other,0,24.8,1.1,0.0,Low
38.0,4.7,Buffet,scooter,23.43,73.0,0.0,haze,High,12.93,45.56666667,BANG,4,51.72,0,haze,BANG,1,38.4,7.2,0.045,Low
32.0,4.7,Drinks,motorcycle,25.19,43.0,0.0,clear sky,Moderate,12.27,38.5,KNP,3,36.81,0,clear sky,Other,0,36.1,2.4,0.0,Low
20.0,4.9,Meal,electric scooter,22.69,60.0,0.0,haze,High,13.79,42.63333333,HYD,4,55.16,0,haze,HYD,0,37.2,5.4,0.016,Low
31.0,4.3,Snack,scooter,22.45,50.0,0.0,clear sky,High,14.0,37.98333333,PUNE,4,56.0,0,clear sky,PUNE,0,40.1,2.1,0.028,Low
27.0,4.0,Meal,scooter,26.2,65.0,0.0,haze,High,21.79,42.83333333,COIMB,4,87.16,0,haze,COIMB,0,43.9,1.1,0.083,Low
22.0,4.9,Buffet,motorcycle,25.08,73.0,0.0,mist,Very High,26.09,51.26666667,COIMB,5,130.45,0,mist,COIMB,1,54.6,3.3,1.0,High
25.0,4.7,Drinks,scooter,27.0,44.0,0.0,smoke,High,14.32,46.05,MUM,4,57.28,0,smoke,MUM,1,52.5,6.5,0.99,High
39.0,4.6,Meal,motorcycle,24.97,73.0,0.0,mist,Low,4.05,15.0,SUR,2,8.1,0,mist,SUR,0,16.5,1.5,0.0,Low
31.0,4.8,Drinks,motorcycle,23.02,83.0,0.0,haze,High,16.57,50.7,KOL,4,66.28,0,haze,Other,1,47.7,3.0,0.838,High
23.0,4.7,Drinks,motorcycle,26.47,88.0,0.0,mist,Moderate,9.27,41.78333333,CHEN,3,27.81,0,mist,CHEN,0,38.0,3.8,0.0,Low
27.0,4.8,Snack,scooter,22.99,83.0,0.0,haze,Low,8.38,23.83333333,KOL,2,16.76,0,haze,Other,0,23.6,0.2,0.0,Low
20.0,4.6,Drinks,scooter,19.53,65.0,0.0,clear sky,Very High,30.42,64.18333333,PUNE,5,152.10000000000002,0,clear sky,PUNE,1,69.0,4.8,1.0,High
29.0,1.0,Buffet,bicycle,23.23,43.0,0.0,clear sky,Moderate,12.53,25.36666667,SUR,3,37.59,0,clear sky,SUR,0,28.6,3.2,0.0,Low
29.0,4.6,Snack,motorcycle,24.62,45.0,0.0,clear sky,High,22.66,43.63333333,ALH,4,90.64,0,clear sky,Other,0,43.3,0.3,0.338,Medium
31.0,4.9,Snack,motorcycle,26.54,88.0,0.0,mist,High,12.35,45.58333333,CHEN,4,49.4,0,mist,CHEN,1,42.9,2.7,0.195,Low
38.0,4.6,Snack,motorcycle,23.1,43.0,0.0,clear sky,Moderate,11.71,30.96666667,SUR,3,35.13,0,clear sky,SUR,0,30.5,0.5,0.0,Low
39.0,4.9,Meal,motorcycle,25.27,73.0,0.0,mist,Very High,31.98,52.93333333,COIMB,5,159.9,0,mist,COIMB,1,54.5,1.6,1.0,High
20.0,4.7,Buffet,motorcycle,23.08,60.0,0.0,haze,Moderate,9.15,28.66666667,HYD,3,27.450000000000003,0,haze,HYD,0,27.5,1.2,0.0,Low
39.0,4.8,Buffet,motorcycle,26.92,44.0,0.0,smoke,High,9.93,38.55,MUM,4,39.72,0,smoke,MUM,0,43.3,4.8,0.107,Low
35.0,4.8,Meal,motorcycle,17.1,72.0,0.0,haze,Moderate,8.77,24.63333333,INDO,3,26.31,0,haze,INDO,0,25.7,1.1,0.0,Low
29.0,4.6,Drinks,scooter,28.02,65.0,0.0,haze,Very High,23.71,57.93333333,KOL,5,118.55,0,haze,Other,1,63.7,5.8,1.0,High
30.0,4.3,Snack,motorcycle,28.99,70.0,0.0,broken clouds,High,19.0,49.83333333,GOA,4,76.0,0,clouds,Other,1,45.6,4.2,0.326,Medium
29.0,4.7,Snack,motorcycle,28.39,82.0,0.0,mist,Very High,19.89,63.75,CHEN,5,99.45,0,mist,CHEN,1,61.6,2.1,1.0,High
33.0,4.8,Buffet,motorcycle,23.12,46.0,0.0,haze,Moderate,10.19,28.85,JAP,3,30.57,0,haze,JAP,0,27.5,1.4,0.0,Low
32.0,3.9,Drinks,motorcycle,25.15,73.0,0.0,mist,Very High,24.96,65.03333333,COIMB,5,124.8,0,mist,COIMB,1,62.7,2.3,1.0,High
32.0,4.7,Buffet,motorcycle,20.48,68.0,0.0,clear sky,Moderate,10.28,25.23333333,MYS,3,30.84,0,clear sky,MYS,0,26.3,1.1,0.0,Low
29.0,4.7,Snack,motorcycle,18.02,82.0,0.0,broken clouds,High,25.47,42.96666667,MYS,4,101.88,0,clouds,MYS,0,44.5,1.5,0.24,Low
25.0,4.8,Snack,motorcycle,20.58,68.0,0.0,clear sky,High,19.34,45.33333333,MYS,4,77.36,0,clear sky,MYS,1,39.0,6.3,0.106,Low
31.0,4.9,Meal,scooter,23.67,46.0,0.0,haze,Moderate,8.53,24.03333333,JAP,3,25.59,0,haze,JAP,0,25.2,1.2,0.0,Low
29.0,4.9,Drinks,scooter,25.06,44.0,0.0,clear sky,High,29.05,49.48333333,ALH,4,116.2,0,clear sky,Other,1,52.0,2.5,0.992,High
30.0,4.2,Buffet,motorcycle,23.51,43.0,0.0,clear sky,Low,6.65,17.83333333,SUR,2,13.3,0,clear sky,SUR,0,18.3,0.5,0.0,Low
34.0,4.4,Buffet,scooter,25.86,73.0,0.0,haze,Low,7.57,23.43333333,COIMB,2,15.14,0,haze,COIMB,0,21.9,1.5,0.0,Low
33.0,4.9,Meal,electric scooter,20.76,68.0,0.0,clear sky,High,17.61,33.86666667,MYS,4,70.44,0,clear sky,MYS,0,35.6,1.7,0.007,Low
25.0,4.7,Meal,motorcycle,25.49,44.0,0.0,smoke,Very High,17.73,52.16666667,MUM,5,88.65,0,smoke,MUM,1,57.9,5.7,1.0,High
25.0,5.0,Drinks,motorcycle,22.63,50.0,0.0,clear sky,Very Low,2.41,18.26666667,PUNE,1,2.41,1,clear sky,PUNE,0,17.9,0.4,0.0,Low
28.0,4.7,Buffet,motorcycle,27.98,57.0,0.0,smoke,Moderate,6.5,30.0,MUM,3,19.5,0,smoke,MUM,0,31.1,1.1,0.0,Low
38.0,4.2,Buffet,motorcycle,20.61,67.0,0.0,clear sky,Moderate,9.92,26.11666667,MYS,3,29.76,0,clear sky,MYS,0,26.2,0.1,0.0,Low
29.0,4.7,Drinks,scooter,28.36,81.0,0.0,mist,Moderate,6.51,34.11666667,CHEN,3,19.53,0,mist,CHEN,0,36.2,2.1,0.0,Low
25.0,4.7,Drinks,motorcycle,25.5,44.0,0.0,smoke,Very High,24.72,77.18333333,MUM,5,123.6,0,smoke,MUM,1,70.5,6.7,1.0,High
23.0,4.9,Snack,motorcycle,22.77,72.0,0.0,haze,Moderate,7.0,34.98333333,BANG,3,21.0,0,haze,BANG,0,29.5,5.5,0.0,Low
33.0,4.3,Meal,motorcycle,12.95,78.0,0.0,clear sky,High,16.01,43.96666667,DEH,4,64.04,0,clear sky,Other,0,39.3,4.7,0.604,Medium
38.0,4.6,Snack,scooter,22.75,60.0,0.0,haze,Low,2.32,16.88333333,HYD,2,4.64,1,haze,HYD,0,17.3,0.4,0.0,Low
34.0,5.0,Snack,electric scooter,24.99,73.0,0.0,mist,Low,6.51,23.91666667,COIMB,2,13.02,0,mist,COIMB,0,23.7,0.2,0.0,Low
23.0,4.6,Meal,motorcycle,20.09,83.0,0.0,mist,Moderate,7.87,32.81666667,RANCHI,3,23.61,0,mist,RANCHI,0,27.3,5.5,0.0,Low
20.0,4.8,Buffet,motorcycle,23.95,28.0,0.0,clear sky,Very High,20.38,52.91666667,JAP,5,101.9,0,clear sky,JAP,1,54.6,1.7,1.0,High
29.0,4.6,Buffet,motorcycle,25.38,38.0,0.0,clear sky,Very Low,2.52,10.55,AGR,1,2.52,1,clear sky,Other,0,10.9,0.3,0.0,Low
29.0,4.8,Snack,motorcycle,19.29,65.0,0.0,clear sky,Low,4.68,16.81666667,PUNE,2,9.36,0,clear sky,PUNE,0,18.9,2.1,0.0,Low
39.0,4.9,Drinks,scooter,23.64,46.0,0.0,haze,Very Low,1.82,17.96666667,JAP,1,1.82,1,haze,JAP,0,16.8,1.2,0.0,Low
32.0,4.1,Buffet,scooter,25.95,65.0,0.0,haze,High,17.81,38.53333333,COIMB,4,71.24,0,haze,COIMB,0,40.2,1.7,0.084,Low
29.0,4.6,Drinks,scooter,24.42,49.0,0.0,clear sky,High,19.19,46.25,MUM,4,76.76,0,clear sky,MUM,1,49.2,3.0,0.866,High
30.0,4.9,Drinks,scooter,10.07,79.0,0.0,clear sky,Very High,29.92,91.03333333,DEH,5,149.60000000000002,0,clear sky,Other,1,83.2,7.8,1.0,High
22.0,4.9,Meal,scooter,24.95,73.0,0.0,mist,Low,7.64,20.96666667,SUR,2,15.28,0,mist,SUR,0,21.1,0.1,0.0,Low
36.0,4.7,Snack,scooter,17.08,72.0,0.0,haze,High,19.59,44.46666667,INDO,4,78.36,0,haze,INDO,0,43.4,1.1,0.35,Medium
25.0,4.9,Snack,motorcycle,28.35,86.0,0.0,overcast clouds,Very High,26.31,71.96666667,CHEN,5,131.54999999999998,0,clouds,CHEN,1,63.1,8.9,1.0,High
30.0,4.7,Meal,motorcycle,19.81,91.0,0.0,mist,Moderate,6.35,29.91666667,BANG,3,19.05,0,mist,BANG,0,26.9,3.0,0.0,Low
35.0,4.1,Buffet,motorcycle,19.93,47.0,0.0,clear sky,High,27.31,43.93333333,JAP,4,109.24,0,clear sky,JAP,0,45.6,1.7,0.968,High
34.0,4.7,Buffet,electric scooter,23.99,64.0,0.0,haze,High,15.47,35.26666667,VAD,4,61.88,0,haze,Other,0,38.4,3.1,0.106,Low
26.0,4.7,Meal,motorcycle,16.23,94.0,0.0,mist,High,13.3,35.48333333,RANCHI,4,53.2,0,mist,RANCHI,0,37.7,2.2,0.066,Low
23.0,4.6,Snack,scooter,19.77,91.0,0.0,mist,Moderate,8.23,31.91666667,BANG,3,24.69,0,mist,BANG,0,33.0,1.1,0.0,Low
22.0,4.8,Drinks,scooter,17.58,69.0,0.0,clear sky,High,14.99,45.43333333,RANCHI,4,59.96,0,clear sky,RANCHI,1,46.9,1.5,0.581,Medium
39.0,4.8,Drinks,motorcycle,18.26,81.0,0.0,scattered clouds,Moderate,12.79,32.76666667,MYS,3,38.37,0,clouds,MYS,0,37.5,4.7,0.0,Low
21.0,4.8,Snack,scooter,19.39,92.0,0.0,mist,Low,7.03,25.43333333,BANG,2,14.06,0,mist,BANG,0,24.6,0.8,0.0,Low
31.0,4.1,Snack,scooter,25.01,73.0,0.0,mist,Very Low,3.42,15.8,SUR,1,3.42,0,mist,SUR,0,15.8,0.0,0.0,Low
35.0,4.1,Buffet,motorcycle,21.18,65.0,0.0,broken clouds,High,13.79,36.76666667,HYD,4,55.16,0,clouds,HYD,0,40.1,3.3,0.019,Low
35.0,4.2,Meal,motorcycle,22.81,60.0,0.0,haze,Very High,21.21,54.4,HYD,5,106.05,0,haze,HYD,1,52.2,2.2,1.0,High
31.0,4.6,Meal,scooter,22.44,50.0,0.0,clear sky,Moderate,9.99,21.33333333,PUNE,3,29.97,0,clear sky,PUNE,0,25.8,4.5,0.0,Low
29.0,4.6,Meal,electric scooter,17.11,77.0,0.0,haze,Low,4.38,17.53333333,INDO,2,8.76,0,haze,INDO,0,16.3,1.2,0.0,Low
39.0,4.0,Drinks,scooter,25.65,42.0,0.0,clear sky,Moderate,11.99,35.03333333,KNP,3,35.97,0,clear sky,Other,0,36.2,1.2,0.0,Low
22.0,4.2,Meal,scooter,19.19,93.0,0.0,mist,Very High,29.5,55.6,BANG,5,147.5,0,mist,BANG,1,67.0,11.4,1.0,High
37.0,4.4,Snack,motorcycle,26.01,57.0,0.0,haze,Moderate,11.09,28.75,VAD,3,33.27,0,haze,Other,0,30.8,2.1,0.0,Low
33.0,3.8,Buffet,motorcycle,20.8,67.0,0.0,clear sky,Moderate,16.31,29.21666667,MYS,3,48.92999999999999,0,clear sky,MYS,0,29.0,0.2,0.0,Low
20.0,4.8,Drinks,scooter,26.87,44.0,0.0,smoke,High,18.4,49.73333333,MUM,4,73.6,0,smoke,MUM,1,53.4,3.7,0.994,High
30.0,5.0,Snack,motorcycle,23.45,43.0,0.0,clear sky,Low,7.87,21.6,SUR,2,15.74,0,clear sky,SUR,0,21.9,0.3,0.0,Low
39.0,4.8,Meal,scooter,23.61,46.0,0.0,haze,Low,8.25,19.95,JAP,2,16.5,0,haze,JAP,0,20.0,0.1,0.0,Low
31.0,3.7,Snack,scooter,22.25,44.0,0.0,clear sky,High,19.59,43.66666667,INDO,4,78.36,0,clear sky,INDO,0,41.1,2.6,0.051,Low
29.0,4.9,Drinks,motorcycle,24.0,64.0,0.0,haze,Low,8.42,26.13333333,VAD,2,16.84,0,haze,Other,0,28.2,2.1,0.0,Low
21.0,4.4,Snack,motorcycle,20.7,68.0,0.0,clear sky,High,16.88,36.06666667,MYS,4,67.52,0,clear sky,MYS,0,39.3,3.2,0.039,Low
27.0,4.8,Buffet,motorcycle,22.89,43.0,0.0,clear sky,High,24.21,47.18333333,SUR,4,96.84,0,clear sky,SUR,1,44.9,2.3,0.835,High
38.0,4.3,Snack,scooter,19.49,93.0,0.0,mist,Very High,22.27,69.36666667,BANG,5,111.35,0,mist,BANG,1,58.1,11.3,1.0,High
39.0,4.7,Drinks,electric scooter,15.89,78.0,0.0,clear sky,Moderate,11.05,35.36666667,DEH,3,33.150000000000006,0,clear sky,Other,0,35.8,0.4,0.0,Low
29.0,5.0,Drinks,motorcycle,20.23,67.0,0.0,clear sky,High,25.0,50.75,MYS,4,100.0,0,clear sky,MYS,1,47.9,2.9,0.984,High
35.0,4.6,Drinks,motorcycle,26.96,44.0,0.0,smoke,Very High,25.01,61.71666667,MUM,5,125.05,0,smoke,MUM,1,70.5,8.8,1.0,High
31.0,4.5,Buffet,motorcycle,18.99,65.0,0.0,few clouds,Moderate,9.33,27.11666667,PUNE,3,27.99,0,clouds,PUNE,0,27.7,0.6,0.0,Low
25.0,4.9,Buffet,motorcycle,18.32,77.0,0.0,scattered clouds,Moderate,16.09,33.66666667,MYS,3,48.27,0,clouds,MYS,0,31.9,1.8,0.0,Low
38.0,4.9,Snack,scooter,24.84,73.0,0.0,mist,Moderate,7.68,31.93333333,COIMB,3,23.04,0,mist,COIMB,0,31.3,0.6,0.0,Low
32.0,4.0,Snack,motorcycle,23.26,43.0,0.0,clear sky,Moderate,10.36,26.78333333,SUR,3,31.08,0,clear sky,SUR,0,28.6,1.8,0.0,Low
24.0,4.6,Meal,motorcycle,17.07,72.0,0.0,haze,Moderate,9.69,23.83333333,INDO,3,29.07,0,haze,INDO,0,26.6,2.8,0.0,Low
22.0,4.7,Meal,motorcycle,21.36,64.0,0.0,broken clouds,Moderate,11.03,28.6,HYD,3,33.09,0,clouds,HYD,0,28.1,0.5,0.0,Low
29.0,4.6,Buffet,scooter,20.61,67.0,0.0,clear sky,Moderate,10.51,28.55,MYS,3,31.53,0,clear sky,MYS,0,27.0,1.6,0.0,Low
21.0,4.6,Buffet,motorcycle,28.01,57.0,0.0,smoke,High,12.44,39.63333333,MUM,4,49.76,0,smoke,MUM,0,43.3,3.7,0.054,Low
31.0,4.6,Buffet,motorcycle,11.16,87.0,0.0,clear sky,Very High,36.47,96.05,DEH,5,182.35,0,clear sky,Other,1,109.1,13.0,1.0,High
26.0,5.0,Buffet,motorcycle,23.55,57.0,0.0,haze,Very High,25.61,53.95,HYD,5,128.05,0,haze,HYD,1,58.5,4.5,1.0,High
22.0,4.8,Drinks,electric scooter,28.33,81.0,0.0,mist,Low,7.31,29.68333333,CHEN,2,14.62,0,mist,CHEN,0,29.6,0.1,0.0,Low
22.0,5.0,Drinks,scooter,23.78,57.0,0.0,haze,Low,4.88,22.58333333,HYD,2,9.76,0,haze,HYD,0,25.5,2.9,0.0,Low
31.0,5.0,Meal,motorcycle,19.92,68.0,0.0,clear sky,Very Low,3.09,6.766666667,MYS,1,3.09,0,clear sky,MYS,0,9.1,2.3,0.0,Low
22.0,4.8,Meal,motorcycle,19.14,65.0,0.0,clear sky,Moderate,9.62,26.9,PUNE,3,28.86,0,clear sky,PUNE,0,25.3,1.6,0.0,Low
30.0,4.3,Drinks,motorcycle,23.72,28.0,0.0,clear sky,High,18.31,50.21666667,JAP,4,73.24,0,clear sky,JAP,1,47.4,2.8,0.861,High
33.0,4.9,Meal,motorcycle,23.9,38.0,0.0,clear sky,Low,4.43,13.0,LUDH,2,8.86,0,clear sky,Other,0,13.5,0.5,0.0,Low
24.0,4.9,Snack,motorcycle,22.71,48.0,0.0,clear sky,High,14.16,37.61666667,PUNE,4,56.64,0,clear sky,PUNE,0,40.5,2.9,0.153,Low
24.0,4.9,Snack,electric scooter,23.22,43.0,0.0,clear sky,Very High,26.83,54.46666667,INDO,5,134.14999999999998,0,clear sky,INDO,1,54.7,0.2,1.0,High
39.0,5.0,Drinks,scooter,23.27,73.0,0.0,haze,High,17.1,49.55,BANG,4,68.4,0,haze,BANG,1,50.0,0.5,0.922,High
38.0,4.1,Drinks,motorcycle,26.34,88.0,0.0,mist,Very Low,2.33,21.18333333,CHEN,1,2.33,1,mist,CHEN,0,21.3,0.1,0.0,Low
22.0,4.7,Buffet,motorcycle,22.88,60.0,0.0,haze,Moderate,8.92,31.28333333,HYD,3,26.76,0,haze,HYD,0,27.6,3.7,0.0,Low
35.0,4.5,Buffet,motorcycle,28.05,57.0,0.0,smoke,High,18.91,43.21666667,MUM,4,75.64,0,smoke,MUM,0,45.5,2.3,0.313,Medium
21.0,4.6,Drinks,motorcycle,19.01,68.0,0.0,haze,Very High,17.48,62.56666667,JAP,5,87.4,0,haze,JAP,1,58.8,3.8,1.0,High
37.0,4.7,Drinks,motorcycle,27.34,57.0,0.0,smoke,Very High,22.96,77.78333333,MUM,5,114.8,0,smoke,MUM,1,70.0,7.8,1.0,High
25.0,4.3,Drinks,motorcycle,22.99,72.0,0.0,haze,Low,4.96,25.81666667,BANG,2,9.92,0,haze,BANG,0,26.5,0.7,0.0,Low
27.0,4.7,Snack,motorcycle,23.53,73.0,0.0,haze,High,11.22,47.08333333,BANG,4,44.88,0,haze,BANG,1,39.5,7.6,0.029,Low
22.0,4.9,Snack,motorcycle,19.02,65.0,0.0,clear sky,Low,8.39,23.36666667,PUNE,2,16.78,0,clear sky,PUNE,0,23.2,0.2,0.0,Low
21.0,4.7,Drinks,motorcycle,24.95,73.0,0.0,mist,Moderate,10.37,38.73333333,SUR,3,31.11,0,mist,SUR,0,36.7,2.0,0.0,Low
23.0,4.8,Snack,motorcycle,22.14,60.0,0.0,haze,Moderate,11.78,33.45,INDO,3,35.34,0,haze,INDO,0,31.4,2.1,0.0,Low
21.0,5.0,Snack,motorcycle,18.95,65.0,0.0,clear sky,High,13.24,37.38333333,PUNE,4,52.96,0,clear sky,PUNE,0,39.8,2.4,0.194,Low
25.0,4.7,Snack,motorcycle,22.87,43.0,0.0,clear sky,High,18.48,40.95,SUR,4,73.92,0,clear sky,SUR,0,41.1,0.1,0.081,Low
23.0,4.7,Drinks,motorcycle,19.13,65.0,0.0,clear sky,Very High,21.42,58.43333333,PUNE,5,107.1,0,clear sky,PUNE,1,60.9,2.5,1.0,High
32.0,5.0,Meal,scooter,27.05,44.0,0.0,smoke,Very High,32.41,75.76666667,MUM,5,162.04999999999998,0,smoke,MUM,1,70.7,5.1,1.0,High
24.0,4.7,Buffet,scooter,24.92,73.0,0.0,mist,Low,7.63,24.26666667,SUR,2,15.26,0,mist,SUR,0,23.3,1.0,0.0,Low
39.0,3.6,Snack,motorcycle,25.18,73.0,0.0,mist,Very High,22.23,61.0,COIMB,5,111.15,0,mist,COIMB,1,55.3,5.7,1.0,High
33.0,3.8,Buffet,scooter,26.21,44.0,0.0,smoke,Very High,32.73,94.6,MUM,5,163.64999999999998,0,smoke,MUM,1,70.2,24.4,1.0,High
28.0,4.7,Snack,electric scooter,19.77,91.0,0.0,mist,Low,8.88,21.06666667,BANG,2,17.76,0,mist,BANG,0,25.9,4.8,0.0,Low
38.0,4.8,Drinks,motorcycle,21.74,60.0,0.0,haze,Moderate,9.44,32.63333333,AURG,3,28.32,0,haze,Other,0,34.8,2.2,0.0,Low
22.0,4.9,Snack,motorcycle,17.79,68.0,0.0,clear sky,High,17.81,44.36666667,RANCHI,4,71.24,0,clear sky,RANCHI,0,41.5,2.9,0.391,Medium
31.0,4.6,Buffet,scooter,26.89,47.0,0.0,clear sky,Very High,33.8,78.31666667,MUM,5,169.0,0,clear sky,MUM,1,77.8,0.5,1.0,High
28.0,4.6,Meal,electric scooter,19.25,68.0,0.0,haze,High,12.21,34.83333333,JAP,4,48.84,0,haze,JAP,0,35.7,0.9,0.002,Low
28.0,4.2,Snack,motorcycle,26.99,44.0,0.0,smoke,Low,5.08,23.98333333,MUM,2,10.16,0,smoke,MUM,0,26.5,2.5,0.0,Low
21.0,5.0,Snack,motorcycle,25.86,73.0,0.0,haze,Low,7.57,23.6,COIMB,2,15.14,0,haze,COIMB,0,23.5,0.1,0.0,Low
27.0,4.6,Snack,scooter,18.12,81.0,0.0,scattered clouds,Low,7.48,26.36666667,MYS,2,14.96,0,clouds,MYS,0,24.1,2.3,0.0,Low
29.0,4.8,Meal,scooter,19.2,65.0,0.0,clear sky,Low,6.21,18.06666667,PUNE,2,12.42,0,clear sky,PUNE,0,17.6,0.5,0.0,Low
29.0,4.6,Meal,motorcycle,25.96,44.0,0.0,smoke,Very High,24.34,72.68333333,MUM,5,121.7,0,smoke,MUM,1,63.9,8.8,1.0,High
38.0,4.7,Drinks,scooter,19.22,65.0,0.0,clear sky,Very Low,1.57,14.4,PUNE,1,1.57,1,clear sky,PUNE,0,15.9,1.5,0.0,Low
35.0,4.6,Buffet,motorcycle,19.7,91.0,0.0,mist,Low,6.93,23.6,BANG,2,13.86,0,mist,BANG,0,24.2,0.6,0.0,Low
27.0,4.8,Buffet,scooter,20.55,67.0,0.0,clear sky,Low,7.18,20.55,MYS,2,14.36,0,clear sky,MYS,0,19.6,0.9,0.0,Low
33.0,4.6,Snack,motorcycle,25.26,73.0,0.0,mist,High,29.81,48.78333333,COIMB,4,119.24,0,mist,COIMB,1,50.5,1.7,0.982,High
35.0,5.0,Snack,motorcycle,20.1,93.0,0.0,mist,Low,3.81,21.48333333,BANG,2,7.62,0,mist,BANG,0,21.4,0.1,0.0,Low
29.0,4.2,Buffet,motorcycle,17.08,72.0,0.0,haze,Low,5.67,19.23333333,INDO,2,11.34,0,haze,INDO,0,18.7,0.5,0.0,Low
21.0,4.9,Drinks,motorcycle,22.37,74.0,0.0,haze,Moderate,9.38,37.83333333,BANG,3,28.14,0,haze,BANG,0,35.5,2.3,0.0,Low
31.0,4.3,Snack,electric scooter,23.93,64.0,0.0,haze,High,20.24,43.85,VAD,4,80.96,0,haze,Other,0,44.2,0.4,0.234,Low
22.0,4.8,Meal,scooter,20.81,67.0,0.0,clear sky,High,12.3,37.31666667,MYS,4,49.2,0,clear sky,MYS,0,35.2,2.1,0.006,Low
24.0,4.2,Drinks,motorcycle,19.01,82.0,0.0,haze,Low,11.76,29.96666667,VAD,2,23.52,0,haze,Other,0,28.7,1.3,0.0,Low
34.0,4.9,Buffet,scooter,25.99,57.0,0.0,haze,Moderate,13.91,32.48333333,VAD,3,41.73,0,haze,Other,0,31.0,1.5,0.0,Low
33.0,4.5,Snack,scooter,19.8,68.0,0.0,haze,Very High,16.38,51.86666667,JAP,5,81.89999999999999,0,haze,JAP,1,54.9,3.0,1.0,High
24.0,4.8,Meal,motorcycle,22.99,83.0,0.0,haze,High,21.14,43.81666667,KOL,4,84.56,0,haze,Other,0,40.6,3.2,0.168,Low
22.0,4.8,Meal,scooter,22.46,42.0,0.0,clear sky,High,12.2,31.41666667,BHP,4,48.8,0,clear sky,Other,0,34.0,2.6,0.006,Low
37.0,4.6,Drinks,scooter,19.64,68.0,0.0,haze,Low,4.13,22.61666667,JAP,2,8.26,0,haze,JAP,0,23.9,1.3,0.0,Low
27.0,4.6,Meal,motorcycle,17.17,72.0,0.0,haze,High,14.82,32.01666667,INDO,4,59.28,0,haze,INDO,0,36.1,4.1,0.006,Low
33.0,3.9,Meal,scooter,23.46,39.0,0.0,clear sky,Very High,44.75,54.91666667,LUDH,5,223.75,0,clear sky,Other,1,64.1,9.2,1.0,High
22.0,4.8,Snack,electric scooter,19.02,57.0,0.0,clear sky,Low,5.26,15.21666667,LUDH,2,10.52,0,clear sky,Other,0,17.2,2.0,0.0,Low
31.0,4.6,Meal,scooter,19.68,93.0,0.0,mist,Low,8.04,20.3,BANG,2,16.08,0,mist,BANG,0,21.7,1.4,0.0,Low
30.0,4.8,Buffet,scooter,24.99,73.0,0.0,mist,Moderate,8.82,26.3,SUR,3,26.46,0,mist,SUR,0,29.1,2.8,0.0,Low
29.0,4.6,Drinks,scooter,27.04,44.0,0.0,smoke,High,17.77,51.66666667,MUM,4,71.08,0,smoke,MUM,1,53.2,1.5,0.996,High
25.0,4.8,Drinks,scooter,19.27,93.0,0.0,fog,Very High,24.47,72.26666667,BANG,5,122.35,0,other,BANG,1,63.5,8.8,1.0,High
25.0,4.9,Drinks,motorcycle,22.22,43.0,0.0,clear sky,Very High,26.83,58.9,INDO,5,134.14999999999998,0,clear sky,INDO,1,58.8,0.1,1.0,High
21.0,4.5,Buffet,electric scooter,22.75,60.0,0.0,haze,Very High,22.65,51.43333333,HYD,5,113.25,0,haze,HYD,1,54.8,3.4,1.0,High
32.0,4.8,Snack,motorcycle,28.51,81.0,0.0,mist,Low,4.22,21.25,CHEN,2,8.44,0,mist,CHEN,0,21.3,0.1,0.0,Low
35.0,4.5,Drinks,scooter,21.2,65.0,0.0,broken clouds,Moderate,11.6,39.11666667,HYD,3,34.8,0,clouds,HYD,0,37.2,1.9,0.0,Low
20.0,4.9,Drinks,motorcycle,24.87,73.0,0.0,mist,Very Low,2.29,20.6,COIMB,1,2.29,1,mist,COIMB,0,20.8,0.2,0.0,Low
38.0,4.3,Buffet,scooter,20.26,83.0,0.0,mist,Very High,23.34,57.76666667,RANCHI,5,116.7,0,mist,RANCHI,1,54.9,2.9,1.0,High
32.0,4.6,Drinks,scooter,23.91,88.0,0.0,mist,High,16.75,56.41666667,KOC,4,67.0,0,mist,Other,1,49.9,6.5,0.871,High
33.0,4.7,Meal,motorcycle,24.44,88.0,0.0,scattered clouds,Moderate,13.34,28.96666667,KOC,3,40.02,0,clouds,Other,0,30.6,1.6,0.0,Low
30.0,4.6,Meal,scooter,26.06,73.0,0.0,haze,High,12.88,34.08333333,COIMB,4,51.52,0,haze,COIMB,0,36.4,2.3,0.002,Low
23.0,4.7,Buffet,scooter,20.61,67.0,0.0,clear sky,Moderate,11.3,29.13333333,MYS,3,33.900000000000006,0,clear sky,MYS,0,28.4,0.7,0.0,Low
23.0,4.6,Meal,motorcycle,22.27,44.0,0.0,clear sky,High,22.02,40.5,INDO,4,88.08,0,clear sky,INDO,0,40.8,0.3,0.141,Low
27.0,4.5,Snack,motorcycle,19.64,68.0,0.0,haze,Low,4.13,18.1,JAP,2,8.26,0,haze,JAP,0,18.5,0.4,0.0,Low
30.0,4.8,Snack,motorcycle,24.84,73.0,0.0,mist,Moderate,8.14,29.56666667,COIMB,3,24.42,0,mist,COIMB,0,31.4,1.8,0.0,Low
30.0,4.6,Buffet,motorcycle,20.16,63.0,0.0,scattered clouds,Moderate,18.5,34.7,RANCHI,3,55.5,0,clouds,RANCHI,0,31.8,2.9,0.0,Low
28.0,4.5,Buffet,scooter,23.39,47.0,0.0,clear sky,Very High,16.89,55.75,PUNE,5,84.45,0,clear sky,PUNE,1,53.0,2.8,1.0,High
29.0,4.6,Snack,motorcycle,18.2,58.0,0.0,clear sky,High,17.02,37.61666667,BHP,4,68.08,0,clear sky,Other,0,42.6,5.0,0.617,Medium
38.0,4.7,Buffet,motorcycle,23.92,88.0,0.0,mist,Moderate,12.64,30.43333333,KOC,3,37.92,0,mist,Other,0,33.5,3.1,0.0,Low
31.0,4.9,Snack,motorcycle,22.86,74.0,0.0,haze,Low,6.04,25.75,BANG,2,12.08,0,haze,BANG,0,22.7,3.1,0.0,Low
30.0,4.9,Buffet,motorcycle,22.57,60.0,0.0,haze,Very High,26.82,62.93333333,HYD,5,134.1,0,haze,HYD,1,59.5,3.4,1.0,High
30.0,4.6,Meal,motorcycle,23.44,44.0,0.0,clear sky,Low,7.74,18.26666667,SUR,2,15.48,0,clear sky,SUR,0,18.8,0.5,0.0,Low
27.0,4.8,Drinks,motorcycle,23.39,43.0,0.0,clear sky,Very Low,3.09,16.06666667,SUR,1,3.09,0,clear sky,SUR,0,17.5,1.4,0.0,Low
38.0,4.3,Meal,motorcycle,18.43,82.0,0.0,broken clouds,High,19.64,40.68333333,MYS,4,78.56,0,clouds,MYS,0,38.4,2.3,0.058,Low
36.0,4.7,Buffet,scooter,21.06,64.0,0.0,broken clouds,Very High,23.15,52.15,HYD,5,115.75,0,clouds,HYD,1,53.6,1.5,1.0,High
21.0,4.8,Drinks,motorcycle,24.0,64.0,0.0,haze,Low,9.99,29.53333333,VAD,2,19.98,0,haze,Other,0,28.5,1.0,0.0,Low
25.0,4.6,Meal,scooter,19.02,65.0,0.0,clear sky,High,14.99,34.61666667,PUNE,4,59.96,0,clear sky,PUNE,0,37.4,2.8,0.013,Low
24.0,4.9,Buffet,scooter,24.92,73.0,0.0,mist,Low,9.13,25.1,SUR,2,18.26,0,mist,SUR,0,23.8,1.3,0.0,Low
38.0,4.9,Buffet,motorcycle,22.98,42.0,0.0,clear sky,Very Low,3.98,10.6,VAD,1,3.98,0,clear sky,Other,0,11.2,0.6,0.0,Low
35.0,4.7,Meal,scooter,24.14,46.0,0.0,haze,Low,7.08,17.61666667,JAP,2,14.16,0,haze,JAP,0,18.8,1.2,0.0,Low
25.0,4.9,Snack,scooter,25.94,73.0,0.0,haze,High,17.81,46.25,COIMB,4,71.24,0,haze,COIMB,1,42.3,4.0,0.191,Low
33.0,5.0,Buffet,motorcycle,17.12,72.0,0.0,haze,Low,6.42,20.55,INDO,2,12.84,0,haze,INDO,0,20.7,0.1,0.0,Low
20.0,4.8,Buffet,scooter,19.77,91.0,0.0,mist,Moderate,7.17,32.81666667,BANG,3,21.51,0,mist,BANG,0,29.8,3.0,0.0,Low
29.0,4.6,Drinks,scooter,19.7,91.0,0.0,mist,Moderate,6.93,36.13333333,BANG,3,20.79,0,mist,BANG,0,37.2,1.1,0.0,Low
38.0,4.8,Buffet,scooter,23.99,64.0,0.0,haze,Low,6.62,15.58333333,VAD,2,13.24,0,haze,Other,0,19.9,4.3,0.0,Low
20.0,4.8,Drinks,scooter,22.14,60.0,0.0,haze,Very High,23.47,56.36666667,INDO,5,117.35,0,haze,INDO,1,60.7,4.3,1.0,High
28.0,3.3,Buffet,motorcycle,27.04,48.0,0.0,clear sky,Very High,33.46,78.78333333,MUM,5,167.3,0,clear sky,MUM,1,79.7,0.9,1.0,High
25.0,4.7,Buffet,motorcycle,24.95,57.0,0.0,scattered clouds,Low,2.81,18.15,GOA,2,5.62,1,clouds,Other,0,15.8,2.3,0.0,Low
31.0,4.6,Snack,motorcycle,27.05,44.0,0.0,smoke,Low,4.2,23.88333333,MUM,2,8.4,0,smoke,MUM,0,25.7,1.8,0.0,Low
37.0,4.2,Buffet,motorcycle,26.98,89.0,0.0,mist,Moderate,12.46,35.45,KOC,3,37.38,0,mist,Other,0,32.1,3.4,0.0,Low
21.0,4.8,Drinks,motorcycle,23.46,47.0,0.0,clear sky,Very High,23.24,68.63333333,PUNE,5,116.2,0,clear sky,PUNE,1,61.1,7.5,1.0,High
22.0,4.9,Drinks,scooter,24.92,43.0,0.0,clear sky,High,22.71,54.35,SUR,4,90.84,0,clear sky,SUR,1,50.9,3.5,0.946,High
22.0,4.9,Snack,motorcycle,25.98,60.0,0.0,scattered clouds,High,10.51,37.8,GOA,4,42.04,0,clouds,Other,0,39.5,1.7,0.179,Low
30.0,4.7,Drinks,scooter,21.25,65.0,0.0,broken clouds,Moderate,8.95,36.35,HYD,3,26.85,0,clouds,HYD,0,35.4,1.0,0.0,Low
34.0,4.7,Buffet,motorcycle,24.05,38.0,0.0,clear sky,Very Low,3.67,9.166666667,LUDH,1,3.67,0,clear sky,Other,0,11.7,2.5,0.0,Low
26.0,4.7,Drinks,scooter,21.3,64.0,0.0,broken clouds,High,14.76,46.98333333,HYD,4,59.04,0,clouds,HYD,1,48.0,1.0,0.635,Medium
39.0,4.9,Snack,scooter,24.31,88.0,0.0,mist,Moderate,12.89,29.85,GOA,3,38.67,0,mist,Other,0,34.3,4.4,0.0,Low
37.0,4.3,Meal,motorcycle,19.23,46.0,0.0,clear sky,High,16.54,36.28333333,JAP,4,66.16,0,clear sky,JAP,0,39.3,3.0,0.095,Low
28.0,4.5,Buffet,electric scooter,25.06,73.0,0.0,mist,High,14.51,37.03333333,COIMB,4,58.04,0,mist,COIMB,0,40.2,3.2,0.026,Low
33.0,4.2,Drinks,motorcycle,21.93,60.0,0.0,haze,Low,4.1,27.11666667,AURG,2,8.2,0,haze,Other,0,24.0,3.1,0.0,Low
28.0,4.6,Meal,motorcycle,23.91,44.0,0.0,clear sky,Very Low,2.41,6.983333333,SUR,1,2.41,1,clear sky,SUR,0,8.7,1.7,0.0,Low
20.0,4.2,Snack,motorcycle,16.42,82.0,0.0,mist,High,15.53,41.05,AURG,4,62.12,0,mist,Other,0,42.1,1.1,0.117,Low
35.0,4.1,Drinks,scooter,22.04,52.0,0.0,clear sky,Low,5.89,27.28333333,PUNE,2,11.78,0,clear sky,PUNE,0,26.1,1.2,0.0,Low
24.0,4.6,Snack,motorcycle,24.97,73.0,0.0,mist,High,17.5,49.86666667,COIMB,4,70.0,0,mist,COIMB,1,44.5,5.4,0.138,Low
35.0,4.1,Snack,motorcycle,17.85,68.0,0.0,clear sky,Very High,17.05,51.46666667,RANCHI,5,85.25,0,clear sky,RANCHI,1,53.0,1.5,1.0,High
25.0,4.9,Snack,motorcycle,18.28,77.0,0.0,scattered clouds,Moderate,18.24,36.56666667,MYS,3,54.72,0,clouds,MYS,0,33.4,3.2,0.0,Low
21.0,4.9,Buffet,motorcycle,19.17,65.0,0.0,clear sky,Very High,23.53,48.51666667,PUNE,5,117.65,0,clear sky,PUNE,1,54.5,6.0,1.0,High
29.0,4.8,Buffet,electric scooter,17.08,72.0,0.0,haze,High,13.17,34.11666667,INDO,4,52.68,0,haze,INDO,0,37.7,3.6,0.01,Low
22.0,4.6,Meal,scooter,17.16,72.0,0.0,haze,Moderate,10.95,23.76666667,INDO,3,32.849999999999994,0,haze,INDO,0,27.0,3.2,0.0,Low
38.0,5.0,Drinks,scooter,26.17,73.0,0.0,haze,Very High,24.97,57.73333333,COIMB,5,124.85,0,haze,COIMB,1,61.0,3.3,1.0,High
28.0,5.0,Buffet,scooter,26.18,73.0,0.0,haze,Very High,24.89,51.43333333,COIMB,5,124.45,0,haze,COIMB,1,52.4,1.0,1.0,High
25.0,4.7,Drinks,scooter,27.97,57.0,0.0,smoke,Moderate,13.18,43.95,MUM,3,39.54,0,smoke,MUM,0,42.8,1.2,0.0,Low
30.0,4.7,Drinks,motorcycle,22.9,60.0,0.0,haze,Low,6.6,30.68333333,HYD,2,13.2,0,haze,HYD,0,27.4,3.3,0.0,Low
38.0,4.9,Drinks,motorcycle,22.95,60.0,0.0,haze,Moderate,8.47,34.21666667,HYD,3,25.410000000000004,0,haze,HYD,0,34.6,0.4,0.0,Low
38.0,4.5,Drinks,motorcycle,18.74,64.0,0.0,haze,Very High,21.01,68.41666667,JAP,5,105.05,0,haze,JAP,1,60.3,8.1,1.0,High
38.0,4.7,Buffet,motorcycle,24.6,45.0,0.0,clear sky,Very High,28.06,57.95,ALH,5,140.29999999999998,0,clear sky,Other,1,53.5,4.5,1.0,High
25.0,4.9,Meal,motorcycle,27.05,48.0,0.0,clear sky,High,23.45,45.0,MUM,4,93.8,0,clear sky,MUM,0,45.5,0.5,0.603,Medium
29.0,4.2,Drinks,motorcycle,19.98,46.0,0.0,clear sky,High,16.57,43.7,JAP,4,66.28,0,clear sky,JAP,0,48.2,4.5,0.811,High
26.0,4.7,Meal,motorcycle,18.86,57.0,0.0,clear sky,High,12.96,35.03333333,LUDH,4,51.84,0,clear sky,Other,0,35.1,0.1,0.008,Low
34.0,4.4,Meal,motorcycle,21.67,56.0,0.0,clear sky,High,20.69,42.2,KNP,4,82.76,0,clear sky,Other,0,38.9,3.3,0.072,Low
31.0,4.9,Buffet,scooter,9.18,82.0,0.0,clear sky,Very High,59.31,157.5333333,DEH,5,296.55,0,clear sky,Other,1,128.0,29.5,1.0,High
34.0,4.7,Meal,motorcycle,28.42,81.0,0.0,mist,Low,2.55,14.28333333,CHEN,2,5.1,1,mist,CHEN,0,15.7,1.4,0.0,Low
38.0,4.6,Snack,motorcycle,24.92,73.0,0.0,mist,Moderate,13.46,36.71666667,SUR,3,40.38,0,mist,SUR,0,35.6,1.1,0.0,Low
22.0,4.0,Meal,motorcycle,22.92,42.0,0.0,clear sky,Low,5.41,11.5,VAD,2,10.82,0,clear sky,Other,0,13.8,2.3,0.0,Low
30.0,4.7,Drinks,scooter,17.86,82.0,0.0,mist,Low,5.73,28.23333333,AURG,2,11.46,0,mist,Other,0,26.7,1.5,0.0,Low
30.0,4.9,Drinks,motorcycle,23.38,46.0,0.0,haze,Low,8.44,28.46666667,JAP,2,16.88,0,haze,JAP,0,29.1,0.6,0.0,Low
39.0,4.7,Buffet,motorcycle,28.31,81.0,0.0,mist,Low,5.09,21.11666667,CHEN,2,10.18,0,mist,CHEN,0,20.7,0.4,0.0,Low
33.0,4.0,Buffet,scooter,26.43,87.0,0.0,scattered clouds,Very High,16.3,63.7,CHEN,5,81.5,0,clouds,CHEN,1,61.1,2.6,1.0,High
32.0,4.7,Meal,motorcycle,21.26,65.0,0.0,broken clouds,Very High,23.38,59.81666667,HYD,5,116.9,0,clouds,HYD,1,52.1,7.7,1.0,High
29.0,4.6,Drinks,scooter,28.0,65.0,0.0,haze,Moderate,10.29,36.03333333,KOL,3,30.87,0,haze,Other,0,34.6,1.4,0.0,Low
24.0,4.8,Snack,motorcycle,27.86,57.0,0.0,smoke,Very High,31.33,66.6,MUM,5,156.64999999999998,0,smoke,MUM,1,76.1,9.5,1.0,High
26.0,4.5,Buffet,motorcycle,23.23,43.0,0.0,clear sky,Low,7.47,20.56666667,SUR,2,14.94,0,clear sky,SUR,0,20.0,0.6,0.0,Low
24.0,4.7,Drinks,scooter,17.07,72.0,0.0,haze,Moderate,16.29,39.98333333,INDO,3,48.87,0,haze,INDO,0,38.0,2.0,0.0,Low
36.0,4.5,Snack,electric scooter,22.78,60.0,0.0,haze,High,17.74,47.18333333,HYD,4,70.96,0,haze,HYD,1,45.6,1.6,0.687,Medium
27.0,4.5,Snack,motorcycle,21.93,43.0,0.0,clear sky,High,19.93,44.1,BHP,4,79.72,0,clear sky,Other,0,42.2,1.9,0.104,Low
29.0,4.6,Meal,motorcycle,25.91,57.0,0.0,haze,High,24.93,40.63333333,VAD,4,99.72,0,haze,Other,0,40.3,0.3,0.064,Low
36.0,4.2,Snack,motorcycle,23.93,32.0,0.0,clear sky,Very High,29.49,52.45,JAP,5,147.45,0,clear sky,JAP,1,55.0,2.5,1.0,High
31.0,4.5,Buffet,scooter,25.16,73.0,0.0,mist,High,22.72,47.01666667,COIMB,4,90.88,0,mist,COIMB,1,47.3,0.3,0.872,High
33.0,4.7,Meal,scooter,25.93,73.0,0.0,haze,Very Low,2.09,7.9,COIMB,1,2.09,1,haze,COIMB,0,9.5,1.6,0.0,Low
22.0,4.6,Buffet,motorcycle,19.88,93.0,0.0,mist,High,11.61,36.58333333,BANG,4,46.44,0,mist,BANG,0,40.7,4.1,0.079,Low
38.0,4.8,Snack,scooter,26.47,88.0,0.0,mist,Moderate,9.27,36.81666667,CHEN,3,27.81,0,mist,CHEN,0,33.2,3.6,0.0,Low
31.0,4.8,Buffet,scooter,18.93,64.0,0.0,clear sky,High,15.49,40.05,PUNE,4,61.96,0,clear sky,PUNE,0,39.9,0.1,0.06,Low
25.0,4.8,Drinks,motorcycle,21.23,64.0,0.0,overcast clouds,Very High,21.64,58.56666667,HYD,5,108.2,0,clouds,HYD,1,61.4,2.8,1.0,High
29.0,4.6,Buffet,scooter,28.34,75.0,0.0,overcast clouds,Very High,30.99,73.58333333,CHEN,5,154.95,0,clouds,CHEN,1,76.3,2.7,1.0,High
36.0,4.8,Buffet,motorcycle,22.14,60.0,0.0,haze,Moderate,11.78,31.1,INDO,3,35.34,0,haze,INDO,0,29.6,1.5,0.0,Low
37.0,5.0,Buffet,motorcycle,17.56,68.0,0.0,clear sky,Low,5.45,15.51666667,RANCHI,2,10.9,0,clear sky,RANCHI,0,17.2,1.7,0.0,Low
23.0,5.0,Snack,scooter,28.46,81.0,0.0,mist,Moderate,9.26,36.28333333,CHEN,3,27.78,0,mist,CHEN,0,31.8,4.5,0.0,Low
28.0,4.6,Buffet,motorcycle,20.72,68.0,0.0,clear sky,Moderate,10.51,29.93333333,MYS,3,31.53,0,clear sky,MYS,0,26.7,3.2,0.0,Low
39.0,4.1,Meal,motorcycle,25.97,73.0,0.0,haze,High,17.5,38.53333333,COIMB,4,70.0,0,haze,COIMB,0,37.3,1.2,0.032,Low
31.0,4.6,Snack,motorcycle,26.51,87.0,0.0,mist,Moderate,8.21,30.25,CHEN,3,24.630000000000003,0,mist,CHEN,0,32.7,2.5,0.0,Low
29.0,4.6,Drinks,motorcycle,22.1,60.0,0.0,haze,Moderate,8.77,34.38333333,INDO,3,26.31,0,haze,INDO,0,35.0,0.6,0.0,Low
26.0,4.9,Drinks,scooter,23.99,88.0,0.0,mist,Very High,28.78,66.3,KOC,5,143.9,0,mist,Other,1,67.2,0.9,1.0,High
26.0,4.9,Buffet,motorcycle,23.91,64.0,0.0,haze,High,24.27,43.25,VAD,4,97.08,0,haze,Other,0,43.0,0.2,0.098,Low
32.0,4.1,Drinks,scooter,26.36,88.0,0.0,mist,High,12.24,52.8,CHEN,4,48.96,0,mist,CHEN,1,48.6,4.2,0.565,Medium
25.0,4.8,Snack,scooter,25.24,84.0,0.0,few clouds,Very Low,1.98,11.55,KOC,1,1.98,1,clouds,Other,0,13.0,1.4,0.0,Low
23.0,4.8,Buffet,motorcycle,24.93,43.0,0.0,clear sky,Very High,24.21,49.35,SUR,5,121.05,0,clear sky,SUR,1,50.3,0.9,1.0,High
29.0,4.8,Snack,motorcycle,23.72,29.0,0.0,clear sky,Very High,27.45,55.0,JAP,5,137.25,0,clear sky,JAP,1,60.9,5.9,1.0,High
30.0,4.7,Buffet,scooter,22.71,60.0,0.0,haze,Very High,53.86,53.91666667,HYD,5,269.3,0,haze,HYD,1,61.9,8.0,1.0,High
26.0,4.9,Drinks,scooter,19.42,93.0,0.0,mist,Very High,23.73,58.28333333,BANG,5,118.65,0,mist,BANG,1,65.1,6.8,1.0,High
39.0,4.0,Meal,scooter,22.91,49.0,0.0,clear sky,High,13.88,38.8,PUNE,4,55.52,0,clear sky,PUNE,0,37.3,1.5,0.01,Low
39.0,4.6,Drinks,scooter,25.64,43.0,0.0,clear sky,Low,7.18,27.63333333,ALH,2,14.36,0,clear sky,Other,0,26.3,1.3,0.0,Low
21.0,4.8,Meal,scooter,10.26,86.0,0.0,clear sky,Very High,24.98,72.3,DEH,5,124.9,0,clear sky,Other,1,78.0,5.7,1.0,High
33.0,3.5,Drinks,scooter,28.52,82.0,0.0,overcast clouds,Very High,26.98,80.21666667,CHEN,5,134.9,0,clouds,CHEN,1,75.4,4.8,1.0,High
21.0,4.5,Meal,motorcycle,22.63,43.0,0.0,clear sky,Moderate,15.98,30.91666667,VAD,3,47.94,0,clear sky,Other,0,28.7,2.2,0.0,Low
22.0,4.5,Snack,motorcycle,28.01,57.0,0.0,smoke,Moderate,9.58,39.61666667,MUM,3,28.74,0,smoke,MUM,0,36.7,2.9,0.0,Low
33.0,4.8,Snack,motorcycle,21.14,65.0,0.0,broken clouds,Very High,22.49,55.63333333,HYD,5,112.45,0,clouds,HYD,1,57.3,1.7,1.0,High
37.0,4.5,Snack,scooter,20.38,67.0,0.0,clear sky,Low,7.01,22.55,MYS,2,14.02,0,clear sky,MYS,0,21.4,1.2,0.0,Low
20.0,4.9,Meal,motorcycle,18.33,82.0,0.0,broken clouds,High,18.38,46.06666667,MYS,4,73.52,0,clouds,MYS,1,37.7,8.4,0.014,Low
37.0,3.5,Buffet,scooter,25.95,65.0,0.0,haze,High,13.62,34.08333333,COIMB,4,54.48,0,haze,COIMB,0,37.9,3.8,0.01,Low
23.0,4.9,Meal,scooter,22.46,42.0,0.0,clear sky,High,14.26,36.33333333,BHP,4,57.04,0,clear sky,Other,0,35.1,1.2,0.006,Low
28.0,4.7,Buffet,scooter,23.62,46.0,0.0,haze,Low,4.79,17.0,JAP,2,9.58,0,haze,JAP,0,18.5,1.5,0.0,Low
38.0,4.7,Buffet,motorcycle,23.97,44.0,0.0,clear sky,Very Low,3.13,11.75,SUR,1,3.13,0,clear sky,SUR,0,11.3,0.4,0.0,Low
35.0,4.6,Buffet,motorcycle,26.52,88.0,0.0,mist,Low,5.92,22.53333333,CHEN,2,11.84,0,mist,CHEN,0,22.5,0.0,0.0,Low
20.0,4.9,Snack,motorcycle,17.62,68.0,0.0,clear sky,Low,7.54,21.31666667,RANCHI,2,15.08,0,clear sky,RANCHI,0,23.2,1.9,0.0,Low
37.0,4.8,Drinks,motorcycle,24.94,73.0,0.0,mist,Low,6.97,29.05,SUR,2,13.94,0,mist,SUR,0,29.1,0.1,0.0,Low
32.0,5.0,Buffet,motorcycle,18.33,82.0,0.0,scattered clouds,Moderate,13.03,27.93333333,MYS,3,39.09,0,clouds,MYS,0,29.0,1.1,0.0,Low
20.0,5.0,Snack,motorcycle,28.02,57.0,0.0,smoke,Low,3.66,24.55,MUM,2,7.32,0,smoke,MUM,0,24.2,0.4,0.0,Low
23.0,5.0,Meal,scooter,18.37,81.0,0.0,broken clouds,Moderate,8.46,22.4,MYS,3,25.380000000000003,0,clouds,MYS,0,25.3,2.9,0.0,Low
32.0,5.0,Drinks,motorcycle,26.5,57.0,0.0,smoke,Very High,24.71,77.85,MUM,5,123.55,0,smoke,MUM,1,75.2,2.6,1.0,High
35.0,4.5,Snack,motorcycle,17.24,78.0,0.0,clear sky,Low,5.78,19.21666667,DEH,2,11.56,0,clear sky,Other,0,19.2,0.0,0.0,Low
29.0,4.5,Meal,motorcycle,23.72,28.0,0.0,clear sky,High,17.09,35.75,JAP,4,68.36,0,clear sky,JAP,0,38.8,3.0,0.056,Low
35.0,4.5,Buffet,motorcycle,23.77,46.0,0.0,haze,Moderate,9.22,32.81666667,JAP,3,27.660000000000004,0,haze,JAP,0,27.4,5.4,0.0,Low
20.0,5.0,Snack,motorcycle,19.19,65.0,0.0,clear sky,Low,3.7,16.96666667,PUNE,2,7.4,0,clear sky,PUNE,0,16.9,0.1,0.0,Low
22.0,4.6,Drinks,scooter,23.23,43.0,0.0,clear sky,Moderate,9.44,32.38333333,SUR,3,28.32,0,clear sky,SUR,0,33.3,0.9,0.0,Low
36.0,4.4,Meal,motorcycle,25.24,43.0,0.0,clear sky,High,17.86,43.06666667,KNP,4,71.44,0,clear sky,Other,0,37.2,5.9,0.009,Low
25.0,4.2,Snack,motorcycle,18.21,81.0,0.0,broken clouds,Low,5.19,20.3,MYS,2,10.38,0,clouds,MYS,0,20.1,0.2,0.0,Low
24.0,4.5,Buffet,scooter,21.23,63.0,0.0,overcast clouds,High,20.3,47.35,HYD,4,81.2,0,clouds,HYD,1,47.1,0.2,0.902,High
34.0,3.7,Buffet,scooter,19.42,65.0,0.0,clear sky,High,23.24,44.78333333,PUNE,4,92.96,0,clear sky,PUNE,0,44.4,0.4,0.309,Medium
29.0,4.0,Meal,motorcycle,20.42,68.0,0.0,clear sky,High,16.95,43.0,MYS,4,67.8,0,clear sky,MYS,0,36.8,6.2,0.039,Low
36.0,4.0,Meal,motorcycle,22.48,43.0,0.0,clear sky,High,18.92,31.73333333,VAD,4,75.68,0,clear sky,Other,0,37.1,5.4,0.02,Low
22.0,4.7,Drinks,scooter,19.27,65.0,0.0,clear sky,Low,6.78,27.85,PUNE,2,13.56,0,clear sky,PUNE,0,27.3,0.6,0.0,Low
33.0,4.8,Drinks,scooter,26.43,88.0,0.0,mist,Moderate,6.02,36.53333333,CHEN,3,18.06,0,mist,CHEN,0,37.0,0.5,0.0,Low
29.0,4.4,Meal,motorcycle,24.87,73.0,0.0,mist,Low,4.64,18.2,COIMB,2,9.28,0,mist,COIMB,0,18.4,0.2,0.0,Low
34.0,4.8,Meal,motorcycle,28.45,81.0,0.0,mist,Low,4.52,17.73333333,CHEN,2,9.04,0,mist,CHEN,0,17.1,0.6,0.0,Low
37.0,3.7,Buffet,scooter,21.33,53.0,0.0,clear sky,High,33.88,46.48333333,AGR,4,135.52,0,clear sky,Other,1,40.2,6.3,0.871,High
28.0,4.5,Buffet,scooter,24.91,42.0,0.0,clear sky,High,21.05,44.85,SUR,4,84.2,0,clear sky,SUR,0,44.0,0.9,0.65,Medium
38.0,4.6,Drinks,scooter,23.02,48.0,0.0,clear sky,Low,2.79,26.45,PUNE,2,5.58,1,clear sky,PUNE,0,21.5,4.9,0.0,Low
37.0,3.5,Drinks,scooter,26.44,57.0,0.0,smoke,Very High,17.22,61.46666667,MUM,5,86.1,0,smoke,MUM,1,68.1,6.6,1.0,High
35.0,4.6,Meal,motorcycle,22.05,73.0,0.0,haze,Very High,23.77,47.98333333,BANG,5,118.85,0,haze,BANG,1,50.1,2.1,1.0,High
30.0,4.7,Meal,motorcycle,24.91,86.0,0.0,clear sky,Low,2.97,15.2,KOC,2,5.94,1,clear sky,Other,0,13.3,1.9,0.0,Low
22.0,4.3,Buffet,electric scooter,24.0,64.0,0.0,haze,Low,7.4,18.7,VAD,2,14.8,0,haze,Other,0,20.6,1.9,0.0,Low
33.0,4.9,Meal,scooter,20.61,67.0,0.0,clear sky,High,16.95,39.1,MYS,4,67.8,0,clear sky,MYS,0,36.9,2.2,0.008,Low
27.0,4.9,Snack,motorcycle,23.26,44.0,0.0,clear sky,High,18.57,37.91666667,INDO,4,74.28,0,clear sky,INDO,0,40.3,2.4,0.019,Low
32.0,4.9,Buffet,motorcycle,22.12,60.0,0.0,haze,Moderate,10.55,25.95,INDO,3,31.65,0,haze,INDO,0,28.1,2.2,0.0,Low
23.0,4.8,Drinks,motorcycle,23.27,73.0,0.0,haze,High,16.86,47.13333333,BANG,4,67.44,0,haze,BANG,1,49.9,2.8,0.824,High
20.0,3.8,Snack,motorcycle,28.34,81.0,0.0,mist,Very Low,2.13,14.43333333,CHEN,1,2.13,1,mist,CHEN,0,15.2,0.8,0.0,Low
21.0,4.6,Buffet,motorcycle,19.4,92.0,0.0,mist,Moderate,9.83,29.55,BANG,3,29.49,0,mist,BANG,0,30.2,0.6,0.0,Low
31.0,4.9,Drinks,motorcycle,26.01,57.0,0.0,haze,Moderate,13.28,39.71666667,VAD,3,39.84,0,haze,Other,0,37.4,2.3,0.0,Low
25.0,4.9,Buffet,scooter,21.02,65.0,0.0,broken clouds,Very High,33.29,61.18333333,HYD,5,166.45,0,clouds,HYD,1,61.4,0.2,1.0,High
22.0,4.0,Drinks,motorcycle,24.95,73.0,0.0,mist,Low,4.82,25.21666667,COIMB,2,9.64,0,mist,COIMB,0,27.3,2.1,0.0,Low
25.0,4.9,Snack,electric scooter,18.05,77.0,0.0,scattered clouds,High,25.68,51.66666667,MYS,4,102.72,0,clouds,MYS,1,45.5,6.2,0.41,Medium
28.0,4.9,Drinks,electric scooter,21.98,55.0,0.0,clear sky,High,18.13,50.71666667,ALH,4,72.52,0,clear sky,Other,1,46.2,4.5,0.803,High
25.0,4.9,Snack,motorcycle,22.51,48.0,0.0,clear sky,Very High,33.1,73.23333333,PUNE,5,165.5,0,clear sky,PUNE,1,67.5,5.7,1.0,High
32.0,4.5,Buffet,scooter,25.56,47.0,0.0,clear sky,Very High,35.1,82.11666667,MUM,5,175.5,0,clear sky,MUM,1,84.2,2.1,1.0,High
21.0,5.0,Meal,motorcycle,21.79,55.0,0.0,clear sky,Moderate,7.23,30.53333333,KNP,3,21.69,0,clear sky,Other,0,24.2,6.3,0.0,Low
21.0,4.2,Drinks,motorcycle,23.68,46.0,0.0,haze,Low,3.98,22.3,JAP,2,7.96,0,haze,JAP,0,23.9,1.6,0.0,Low
23.0,4.8,Meal,scooter,21.08,65.0,0.0,broken clouds,Very High,25.63,54.55,HYD,5,128.15,0,clouds,HYD,1,57.4,2.9,1.0,High
32.0,3.9,Meal,scooter,13.72,89.0,0.0,clear sky,Very High,33.83,80.0,DEH,5,169.14999999999998,0,clear sky,Other,1,89.8,9.8,1.0,High
28.0,4.7,Meal,scooter,26.43,88.0,0.0,scattered clouds,Very High,18.22,55.18333333,CHEN,5,91.1,0,clouds,CHEN,1,60.0,4.8,1.0,High
26.0,4.3,Drinks,scooter,17.3,53.0,0.0,clear sky,Very High,26.88,58.56666667,INDO,5,134.4,0,clear sky,INDO,1,58.2,0.4,1.0,High
37.0,3.7,Drinks,scooter,21.05,65.0,0.0,broken clouds,Very High,35.51,68.01666667,HYD,5,177.54999999999998,0,clouds,HYD,1,66.1,1.9,1.0,High
34.0,4.9,Buffet,motorcycle,26.46,87.0,0.0,scattered clouds,Very High,24.31,81.75,CHEN,5,121.55,0,clouds,CHEN,1,78.6,3.2,1.0,High
29.0,4.6,Meal,motorcycle,18.31,57.0,0.0,clear sky,High,14.88,37.96666667,BHP,4,59.52,0,clear sky,Other,0,37.3,0.7,0.008,Low
29.0,4.7,Drinks,motorcycle,23.03,48.0,0.0,clear sky,High,17.55,50.68333333,PUNE,4,70.2,0,clear sky,PUNE,1,49.5,1.2,0.892,High
38.0,4.9,Meal,motorcycle,23.09,73.0,0.0,haze,High,19.58,41.11666667,BANG,4,78.32,0,haze,BANG,0,41.9,0.8,0.063,Low
35.0,4.5,Drinks,scooter,27.73,54.0,0.0,smoke,Very High,31.67,71.48333333,MUM,5,158.35000000000002,0,smoke,MUM,1,84.4,12.9,1.0,High
29.0,4.9,Buffet,motorcycle,19.65,92.0,0.0,mist,Low,3.67,17.1,BANG,2,7.34,0,mist,BANG,0,18.7,1.6,0.0,Low
24.0,4.6,Buffet,motorcycle,23.83,46.0,0.0,haze,High,14.49,39.11666667,JAP,4,57.96,0,haze,JAP,0,39.0,0.1,0.01,Low
23.0,4.7,Drinks,motorcycle,20.56,68.0,0.0,clear sky,Low,4.86,23.05,MYS,2,9.72,0,clear sky,MYS,0,23.4,0.3,0.0,Low
39.0,4.0,Buffet,motorcycle,19.47,65.0,0.0,clear sky,Very High,25.36,50.41666667,PUNE,5,126.8,0,clear sky,PUNE,1,58.7,8.3,1.0,High
35.0,4.4,Buffet,motorcycle,28.39,81.0,0.0,mist,Low,3.77,16.43333333,CHEN,2,7.54,0,mist,CHEN,0,18.2,1.8,0.0,Low
33.0,4.9,Buffet,scooter,17.08,72.0,0.0,haze,Very Low,2.03,12.23333333,INDO,1,2.03,1,haze,INDO,0,11.5,0.7,0.0,Low
27.0,4.6,Drinks,scooter,19.44,64.0,0.0,haze,Low,6.05,24.86666667,JAP,2,12.1,0,haze,JAP,0,27.0,2.1,0.0,Low
27.0,4.1,Drinks,scooter,10.63,80.0,0.0,clear sky,Very High,54.98,141.9166667,DEH,5,274.9,0,clear sky,Other,1,121.8,20.1,1.0,High
20.0,4.3,Drinks,scooter,21.16,65.0,0.0,broken clouds,Very High,20.65,63.88333333,HYD,5,103.25,0,clouds,HYD,1,62.2,1.7,1.0,High
27.0,4.6,Drinks,motorcycle,28.35,82.0,0.0,overcast clouds,Very High,23.8,60.81666667,CHEN,5,119.0,0,clouds,CHEN,1,68.0,7.2,1.0,High
21.0,5.0,Drinks,motorcycle,17.31,53.0,0.0,clear sky,Very High,27.88,57.98333333,INDO,5,139.4,0,clear sky,INDO,1,56.8,1.2,1.0,High
28.0,4.3,Meal,motorcycle,25.06,73.0,0.0,mist,Moderate,9.87,28.76666667,COIMB,3,29.61,0,mist,COIMB,0,28.5,0.3,0.0,Low
38.0,4.8,Buffet,motorcycle,22.14,60.0,0.0,haze,Very High,23.47,49.93333333,INDO,5,117.35,0,haze,INDO,1,52.3,2.4,1.0,High
31.0,4.3,Snack,motorcycle,24.96,73.0,0.0,mist,Moderate,11.45,33.38333333,COIMB,3,34.349999999999994,0,mist,COIMB,0,33.2,0.2,0.0,Low
25.0,4.9,Drinks,electric scooter,23.02,83.0,0.0,haze,Very High,25.57,57.5,KOL,5,127.85,0,haze,Other,1,65.7,8.2,1.0,High
37.0,4.8,Snack,electric scooter,22.66,60.0,0.0,haze,Moderate,11.24,34.48333333,HYD,3,33.72,0,haze,HYD,0,31.1,3.4,0.0,Low
39.0,4.7,Drinks,scooter,22.76,43.0,0.0,clear sky,High,22.99,50.4,SUR,4,91.96,0,clear sky,SUR,1,50.1,0.3,0.972,High
33.0,4.6,Snack,motorcycle,17.54,69.0,0.0,clear sky,High,18.49,40.33333333,RANCHI,4,73.96,0,clear sky,RANCHI,0,40.8,0.5,0.143,Low
20.0,4.9,Meal,motorcycle,22.49,44.0,0.0,clear sky,High,19.95,34.78333333,VAD,4,79.8,0,clear sky,Other,0,37.8,3.0,0.008,Low
28.0,4.7,Drinks,motorcycle,19.83,47.0,0.0,clear sky,Very High,29.61,56.78333333,JAP,5,148.05,0,clear sky,JAP,1,63.2,6.4,1.0,High
35.0,4.7,Meal,scooter,24.95,73.0,0.0,mist,Very High,20.14,53.58333333,SUR,5,100.7,0,mist,SUR,1,50.9,2.7,1.0,High
39.0,4.6,Snack,motorcycle,21.19,65.0,0.0,broken clouds,Very High,21.71,54.8,HYD,5,108.55,0,clouds,HYD,1,57.0,2.2,1.0,High
38.0,3.9,Meal,motorcycle,17.19,72.0,0.0,haze,High,16.78,34.9,INDO,4,67.12,0,haze,INDO,0,36.8,1.9,0.136,Low
23.0,4.5,Snack,scooter,19.52,93.0,0.0,mist,Moderate,17.76,37.06666667,BANG,3,53.28,0,mist,BANG,0,35.0,2.1,0.0,Low
29.0,4.9,Snack,electric scooter,21.93,60.0,0.0,haze,Low,4.1,20.33333333,AURG,2,8.2,0,haze,Other,0,18.5,1.8,0.0,Low
20.0,4.6,Meal,scooter,23.2,40.0,0.0,clear sky,Moderate,8.93,21.8,LUDH,3,26.79,0,clear sky,Other,0,24.2,2.4,0.0,Low
38.0,4.8,Meal,scooter,21.16,65.0,0.0,broken clouds,High,20.31,46.11666667,HYD,4,81.24,0,clouds,HYD,1,43.6,2.5,0.235,Low
36.0,4.5,Meal,motorcycle,22.22,46.0,0.0,clear sky,High,22.38,37.63333333,INDO,4,89.52,0,clear sky,INDO,0,40.5,2.9,0.163,Low
36.0,4.7,Snack,motorcycle,24.0,64.0,0.0,haze,Low,6.97,19.23333333,VAD,2,13.94,0,haze,Other,0,22.2,3.0,0.0,Low
39.0,4.8,Buffet,scooter,19.7,68.0,0.0,haze,High,7.27,34.05,JAP,4,29.08,0,haze,JAP,0,35.6,1.6,0.007,Low
27.0,5.0,Meal,scooter,18.28,82.0,0.0,broken clouds,High,26.27,40.56666667,MYS,4,105.08,0,clouds,MYS,0,40.8,0.2,0.068,Low
28.0,4.8,Snack,motorcycle,17.77,68.0,0.0,clear sky,Moderate,12.24,31.46666667,RANCHI,3,36.72,0,clear sky,RANCHI,0,31.5,0.0,0.0,Low
38.0,4.5,Snack,motorcycle,23.67,39.0,0.0,clear sky,Very High,25.86,54.18333333,LUDH,5,129.3,0,clear sky,Other,1,57.9,3.7,1.0,High
21.0,4.9,Drinks,motorcycle,23.18,72.0,0.0,haze,Moderate,12.71,40.66666667,BANG,3,38.13,0,haze,BANG,0,37.7,3.0,0.0,Low
27.0,5.0,Meal,motorcycle,20.01,92.0,0.0,mist,Moderate,7.62,26.98333333,BANG,3,22.86,0,mist,BANG,0,27.2,0.2,0.0,Low
37.0,4.6,Buffet,scooter,21.22,65.0,0.0,broken clouds,Low,6.97,19.98333333,HYD,2,13.94,0,clouds,HYD,0,21.3,1.3,0.0,Low
31.0,4.7,Buffet,scooter,26.46,88.0,0.0,mist,Moderate,4.67,27.91666667,CHEN,3,14.01,0,mist,CHEN,0,28.1,0.2,0.0,Low
39.0,5.0,Snack,motorcycle,24.94,73.0,0.0,mist,High,17.97,45.15,COIMB,4,71.88,0,mist,COIMB,1,44.1,1.0,0.468,Medium
28.0,3.8,Snack,motorcycle,26.69,44.0,0.0,smoke,Very High,15.62,59.66666667,MUM,5,78.1,0,smoke,MUM,1,62.0,2.3,1.0,High
27.0,4.8,Meal,motorcycle,22.61,49.0,0.0,clear sky,High,16.53,40.2,PUNE,4,66.12,0,clear sky,PUNE,0,40.1,0.1,0.018,Low
26.0,4.6,Meal,electric scooter,18.74,68.0,0.0,haze,Moderate,6.66,25.41666667,JAP,3,19.98,0,haze,JAP,0,24.8,0.6,0.0,Low
37.0,4.7,Snack,motorcycle,28.37,82.0,0.0,overcast clouds,Very High,14.83,58.61666667,CHEN,5,74.15,0,clouds,CHEN,1,57.7,0.9,1.0,High
29.0,4.7,Snack,motorcycle,24.95,73.0,0.0,mist,High,17.94,51.38333333,SUR,4,71.76,0,mist,SUR,1,44.3,7.1,0.321,Medium
21.0,4.6,Meal,motorcycle,25.02,73.0,0.0,mist,Very High,23.03,49.41666667,COIMB,5,115.15,0,mist,COIMB,1,50.6,1.2,1.0,High
34.0,4.5,Snack,motorcycle,18.25,81.0,0.0,broken clouds,Low,7.21,24.78333333,MYS,2,14.42,0,clouds,MYS,0,23.3,1.5,0.0,Low
35.0,3.6,Meal,motorcycle,17.77,68.0,0.0,clear sky,High,18.75,34.95,RANCHI,4,75.0,0,clear sky,RANCHI,0,37.6,2.6,0.018,Low
27.0,4.7,Buffet,motorcycle,23.9,38.0,0.0,clear sky,Low,4.43,16.86666667,LUDH,2,8.86,0,clear sky,Other,0,15.2,1.7,0.0,Low
27.0,4.7,Buffet,motorcycle,17.11,77.0,0.0,haze,Low,4.38,19.43333333,INDO,2,8.76,0,haze,INDO,0,18.0,1.4,0.0,Low
34.0,4.8,Drinks,scooter,23.89,88.0,0.0,mist,Very High,24.21,63.76666667,KOC,5,121.05,0,mist,Other,1,64.5,0.7,1.0,High
34.0,4.7,Buffet,scooter,22.14,60.0,0.0,haze,Low,9.11,22.7,INDO,2,18.22,0,haze,INDO,0,22.3,0.4,0.0,Low
33.0,4.9,Snack,motorcycle,28.2,82.0,0.0,mist,Low,2.56,19.86666667,CHEN,2,5.12,1,mist,CHEN,0,19.5,0.4,0.0,Low
32.0,4.9,Buffet,motorcycle,28.58,69.0,0.0,scattered clouds,High,14.38,35.66666667,GOA,4,57.52,0,clouds,Other,0,39.7,4.0,0.107,Low
35.0,4.7,Snack,scooter,27.99,57.0,0.0,smoke,Low,5.02,29.85,MUM,2,10.04,0,smoke,MUM,0,26.7,3.2,0.0,Low
24.0,4.7,Drinks,motorcycle,20.29,68.0,0.0,clear sky,High,25.38,46.33333333,MYS,4,101.52,0,clear sky,MYS,1,48.1,1.8,0.979,High
20.0,4.5,Meal,scooter,26.01,57.0,0.0,haze,Very Low,2.9,11.45,VAD,1,2.9,1,haze,Other,0,10.4,1.0,0.0,Low
36.0,4.5,Drinks,scooter,24.84,73.0,0.0,mist,Low,4.55,27.28333333,COIMB,2,9.1,0,mist,COIMB,0,26.6,0.7,0.0,Low
21.0,4.2,Meal,electric scooter,28.49,82.0,0.0,overcast clouds,Very High,30.86,75.31666667,CHEN,5,154.3,0,clouds,CHEN,1,72.4,2.9,1.0,High
29.0,4.6,Snack,motorcycle,24.9,42.0,0.0,clear sky,High,22.17,44.51666667,SUR,4,88.68,0,clear sky,SUR,0,46.0,1.5,0.855,High
23.0,4.9,Drinks,scooter,19.54,92.0,0.0,mist,Very Low,1.79,17.48333333,BANG,1,1.79,1,mist,BANG,0,19.1,1.6,0.0,Low
22.0,4.6,Meal,scooter,18.22,81.0,0.0,broken clouds,Low,6.85,20.46666667,MYS,2,13.7,0,clouds,MYS,0,19.0,1.5,0.0,Low
34.0,4.6,Meal,motorcycle,23.05,43.0,0.0,clear sky,Moderate,9.01,22.68333333,SUR,3,27.03,0,clear sky,SUR,0,24.2,1.5,0.0,Low
30.0,4.7,Meal,motorcycle,24.06,57.0,0.0,haze,Low,5.27,13.95,HYD,2,10.54,0,haze,HYD,0,16.1,2.2,0.0,Low
20.0,4.5,Buffet,scooter,26.49,44.0,0.0,smoke,High,16.18,51.43333333,MUM,4,64.72,0,smoke,MUM,1,47.4,4.0,0.779,High
29.0,4.9,Drinks,motorcycle,23.45,43.0,0.0,clear sky,Low,8.82,29.51666667,SUR,2,17.64,0,clear sky,SUR,0,27.5,2.0,0.0,Low
37.0,4.3,Meal,motorcycle,21.2,64.0,0.0,overcast clouds,High,21.52,47.11666667,HYD,4,86.08,0,clouds,HYD,1,43.8,3.3,0.707,High
34.0,4.6,Meal,motorcycle,17.83,67.0,0.0,clear sky,High,21.92,42.88333333,RANCHI,4,87.68,0,clear sky,RANCHI,0,41.1,1.8,0.176,Low
39.0,4.7,Buffet,motorcycle,17.84,68.0,0.0,clear sky,High,12.97,47.16666667,RANCHI,4,51.88,0,clear sky,RANCHI,1,37.9,9.3,0.07,Low
29.0,4.6,Drinks,motorcycle,26.29,88.0,0.0,mist,Low,4.92,29.68333333,CHEN,2,9.84,0,mist,CHEN,0,28.9,0.8,0.0,Low
22.0,4.6,Buffet,scooter,22.08,60.0,0.0,haze,Low,5.67,21.05,INDO,2,11.34,0,haze,INDO,0,18.7,2.4,0.0,Low
20.0,5.0,Snack,electric scooter,25.02,73.0,0.0,mist,Very High,24.44,59.23333333,COIMB,5,122.2,0,mist,COIMB,1,56.1,3.1,1.0,High
36.0,4.7,Snack,motorcycle,20.72,68.0,0.0,clear sky,High,16.75,43.86666667,MYS,4,67.0,0,clear sky,MYS,0,39.0,4.9,0.043,Low
34.0,3.1,Drinks,motorcycle,27.86,57.0,0.0,smoke,Very High,28.84,68.06666667,MUM,5,144.2,0,smoke,MUM,1,66.6,1.5,1.0,High
23.0,4.7,Buffet,scooter,19.41,93.0,0.0,mist,High,19.97,41.76666667,BANG,4,79.88,0,mist,BANG,0,44.0,2.2,0.617,Medium
29.0,4.7,Drinks,motorcycle,26.75,44.0,0.0,smoke,Very High,16.91,67.41666667,MUM,5,84.55,0,smoke,MUM,1,66.3,1.1,1.0,High
35.0,3.8,Meal,scooter,28.43,81.0,0.0,mist,High,20.42,42.58333333,CHEN,4,81.68,0,mist,CHEN,0,44.4,1.8,0.572,Medium
26.0,4.6,Drinks,motorcycle,22.46,42.0,0.0,clear sky,Moderate,13.78,39.65,BHP,3,41.34,0,clear sky,Other,0,36.9,2.8,0.0,Low
20.0,4.8,Snack,scooter,25.96,73.0,0.0,haze,High,15.77,38.55,COIMB,4,63.08,0,haze,COIMB,0,40.7,2.2,0.095,Low
23.0,4.8,Meal,motorcycle,24.92,73.0,0.0,mist,Low,10.18,23.98333333,SUR,2,20.36,0,mist,SUR,0,22.0,2.0,0.0,Low
24.0,4.4,Buffet,motorcycle,24.95,73.0,0.0,mist,Very Low,3.75,15.66666667,COIMB,1,3.75,0,mist,COIMB,0,14.6,1.1,0.0,Low
39.0,4.8,Drinks,motorcycle,15.19,77.0,0.0,clear sky,Low,8.12,29.21666667,DEH,2,16.24,0,clear sky,Other,0,29.2,0.0,0.0,Low
25.0,4.8,Meal,electric scooter,25.86,73.0,0.0,haze,Moderate,7.83,22.71666667,COIMB,3,23.49,0,haze,COIMB,0,25.2,2.5,0.0,Low
39.0,4.9,Meal,scooter,23.83,46.0,0.0,haze,Moderate,13.36,25.91666667,JAP,3,40.08,0,haze,JAP,0,29.4,3.5,0.0,Low
38.0,4.2,Buffet,motorcycle,20.03,83.0,0.0,mist,Low,4.36,19.9,RANCHI,2,8.72,0,mist,RANCHI,0,20.4,0.5,0.0,Low
39.0,4.4,Snack,scooter,23.04,42.0,0.0,clear sky,Very High,27.53,58.96666667,KNP,5,137.65,0,clear sky,Other,1,62.8,3.8,1.0,High
36.0,4.3,Snack,motorcycle,22.25,44.0,0.0,clear sky,High,22.02,48.31666667,INDO,4,88.08,0,clear sky,INDO,1,43.8,4.5,0.515,Medium
20.0,4.6,Meal,motorcycle,23.56,39.0,0.0,clear sky,Very High,42.11,51.86666667,LUDH,5,210.55,0,clear sky,Other,1,59.0,7.1,1.0,High
25.0,4.0,Meal,motorcycle,28.03,57.0,0.0,smoke,Low,3.78,18.2,MUM,2,7.56,0,smoke,MUM,0,20.6,2.4,0.0,Low
22.0,4.9,Drinks,motorcycle,26.54,88.0,0.0,mist,Moderate,11.72,38.41666667,CHEN,3,35.160000000000004,0,mist,CHEN,0,39.9,1.5,0.0,Low
28.0,4.6,Drinks,motorcycle,27.98,65.0,0.0,haze,High,15.31,44.16666667,KOL,4,61.24,0,haze,Other,0,47.1,2.9,0.911,High
25.0,2.7,Snack,motorcycle,19.95,46.0,0.0,clear sky,Very High,20.0,53.86666667,JAP,5,100.0,0,clear sky,JAP,1,55.4,1.5,1.0,High
23.0,4.8,Buffet,electric scooter,21.75,56.0,0.0,clear sky,Very High,27.29,57.68333333,ALH,5,136.45,0,clear sky,Other,1,54.4,3.3,1.0,High
27.0,4.7,Drinks,motorcycle,23.18,72.0,0.0,haze,High,12.65,42.75,BANG,4,50.6,0,haze,BANG,0,45.3,2.5,0.416,Medium
22.0,5.0,Buffet,scooter,22.98,72.0,0.0,haze,Very Low,1.79,11.9,BANG,1,1.79,1,haze,BANG,0,11.0,0.9,0.0,Low
32.0,4.5,Buffet,motorcycle,26.98,44.0,0.0,smoke,Low,7.3,27.06666667,MUM,2,14.6,0,smoke,MUM,0,25.6,1.5,0.0,Low
35.0,4.6,Snack,scooter,19.63,64.0,0.0,haze,Very Low,1.78,10.38333333,JAP,1,1.78,1,haze,JAP,0,11.2,0.8,0.0,Low
21.0,4.3,Snack,motorcycle,23.08,60.0,0.0,haze,Very Low,2.21,14.33333333,INDO,1,2.21,1,haze,INDO,0,13.6,0.7,0.0,Low
24.0,5.0,Meal,motorcycle,22.6,60.0,0.0,haze,Very High,22.59,57.68333333,HYD,5,112.95,0,haze,HYD,1,52.2,5.5,1.0,High
20.0,4.7,Drinks,scooter,26.48,87.0,0.0,mist,High,12.4,51.91666667,CHEN,4,49.6,0,mist,CHEN,1,48.0,3.9,0.837,High
21.0,4.7,Snack,electric scooter,22.99,83.0,0.0,haze,High,21.2,40.73333333,KOL,4,84.8,0,haze,Other,0,44.4,3.7,0.315,Medium
28.0,4.1,Snack,scooter,22.48,43.0,0.0,clear sky,Moderate,18.12,33.8,VAD,3,54.36,0,clear sky,Other,0,32.4,1.4,0.0,Low
38.0,3.6,Buffet,motorcycle,26.49,87.0,0.0,mist,High,13.34,40.05,CHEN,4,53.36,0,mist,CHEN,0,42.2,2.2,0.112,Low
27.0,5.0,Meal,motorcycle,19.9,46.0,0.0,clear sky,High,20.18,40.11666667,JAP,4,80.72,0,clear sky,JAP,0,41.5,1.4,0.048,Low
35.0,4.7,Buffet,motorcycle,21.03,78.0,0.0,mist,Low,7.64,23.46666667,RANCHI,2,15.28,0,mist,RANCHI,0,23.8,0.3,0.0,Low
32.0,4.4,Meal,scooter,23.94,28.0,0.0,clear sky,High,19.07,41.65,JAP,4,76.28,0,clear sky,JAP,0,39.0,2.6,0.01,Low
30.0,4.1,Drinks,motorcycle,23.26,73.0,0.0,haze,Moderate,10.27,33.85,BANG,3,30.81,0,haze,BANG,0,35.5,1.6,0.0,Low
22.0,4.5,Meal,scooter,22.91,49.0,0.0,clear sky,Moderate,10.6,26.93333333,PUNE,3,31.8,0,clear sky,PUNE,0,27.5,0.6,0.0,Low
31.0,3.9,Buffet,scooter,28.04,53.0,0.0,clear sky,Very High,42.6,103.5,MUM,5,213.0,0,clear sky,MUM,1,89.9,13.6,1.0,High
29.0,4.2,Drinks,scooter,22.01,43.0,0.0,clear sky,Moderate,9.05,34.91666667,BHP,3,27.15,0,clear sky,Other,0,34.0,0.9,0.0,Low
36.0,4.5,Snack,motorcycle,28.96,52.0,0.0,clear sky,High,18.24,37.8,MUM,4,72.96,0,clear sky,MUM,0,44.2,6.4,0.635,Medium
20.0,4.6,Snack,motorcycle,16.05,79.0,0.0,clear sky,Low,5.07,16.2,DEH,2,10.14,0,clear sky,Other,0,17.9,1.7,0.0,Low
22.0,4.5,Meal,scooter,28.01,65.0,0.0,haze,High,20.45,42.4,KOL,4,81.8,0,haze,Other,0,41.2,1.2,0.041,Low
33.0,4.1,Snack,motorcycle,17.75,67.0,0.0,clear sky,High,22.77,41.46666667,RANCHI,4,91.08,0,clear sky,RANCHI,0,44.6,3.1,0.615,Medium
33.0,4.6,Drinks,motorcycle,26.84,44.0,0.0,smoke,Moderate,8.18,39.38333333,MUM,3,24.54,0,smoke,MUM,0,39.9,0.5,0.0,Low
26.0,4.7,Meal,motorcycle,28.05,50.0,0.0,clear sky,High,20.97,44.31666667,MUM,4,83.88,0,clear sky,MUM,0,43.8,0.5,0.229,Low
29.0,4.6,Meal,scooter,24.96,73.0,0.0,mist,Moderate,11.74,26.4,COIMB,3,35.22,0,mist,COIMB,0,30.1,3.7,0.0,Low
27.0,4.6,Drinks,scooter,19.37,68.0,0.0,haze,Low,3.97,27.25,JAP,2,7.94,0,haze,JAP,0,23.9,3.4,0.0,Low
25.0,4.8,Drinks,motorcycle,22.63,74.0,0.0,haze,Low,2.7,21.71666667,BANG,2,5.4,1,haze,BANG,0,22.6,0.9,0.0,Low
31.0,4.6,Snack,scooter,26.49,44.0,0.0,smoke,High,16.26,51.1,MUM,4,65.04,0,smoke,MUM,1,50.2,0.9,0.906,High
32.0,4.6,Snack,scooter,21.38,65.0,0.0,broken clouds,Moderate,9.34,28.11666667,HYD,3,28.02,0,clouds,HYD,0,29.9,1.8,0.0,Low
39.0,4.8,Drinks,scooter,19.54,92.0,0.0,mist,Very Low,2.42,22.43333333,BANG,1,2.42,1,mist,BANG,0,20.2,2.2,0.0,Low
36.0,4.6,Snack,motorcycle,22.91,49.0,0.0,clear sky,High,14.96,43.05,PUNE,4,59.84,0,clear sky,PUNE,0,43.0,0.0,0.288,Low
28.0,4.7,Meal,motorcycle,27.02,44.0,0.0,smoke,Moderate,10.39,33.86666667,MUM,3,31.17,0,smoke,MUM,0,32.7,1.2,0.0,Low
26.0,4.8,Drinks,scooter,23.29,46.0,0.0,haze,High,13.2,43.46666667,JAP,4,52.8,0,haze,JAP,0,45.8,2.3,0.113,Low
